mtllib chessKitExport.mtl
v -0.334276 6.665733 -0.076635
v -0.304985 6.653829 -0.274655
v -0.352333 6.653829 -0.058765
v -0.293732 6.665733 -0.290549
v -0.193245 6.653829 -0.465354
v -0.307556 6.665733 0.143091
v -0.189888 6.665733 -0.477709
v -0.330650 6.653829 0.161190
v -0.028042 6.653829 -0.612184
v -0.216190 6.665733 0.347124
v -0.032917 6.665733 -0.619796
v -0.242054 6.653829 0.363684
v 0.161820 6.665733 -0.702900
v -0.095222 6.653829 0.528885
v 0.174450 6.653829 -0.700781
v -0.069120 6.665733 0.515488
v 0.375259 6.665733 -0.718892
v 0.095472 6.653829 0.640625
v 0.394405 6.653829 -0.722460
v 0.119263 6.665733 0.631706
v 0.586508 6.665733 -0.666196
v 0.311367 6.653829 0.687972
v 0.610298 6.653829 -0.675119
v 0.330513 6.665733 0.684401
v 0.774891 6.665733 -0.549978
v 0.531323 6.653829 0.666288
v 0.800993 6.653829 -0.563379
v 0.543949 6.665733 0.668410
v -0.335587 8.057882 -0.601311
v -0.353092 8.015365 -0.616163
v -0.490776 8.007460 -0.373832
v 0.921963 6.665733 -0.381612
v 0.733814 6.653829 0.577694
v 0.947825 6.653829 -0.398171
v 0.738688 6.665733 0.585306
v -0.487781 8.117256 -0.089901
v -0.458649 8.173138 -0.087389
v -0.398458 8.191139 -0.334816
v 1.036417 6.653829 -0.195681
v 0.895657 6.665733 0.443217
v 1.013329 6.665733 -0.177581
v 0.899017 6.653829 0.430863
v 1.058106 6.653829 0.024271
v 0.999502 6.665733 0.256059
v 1.040047 6.665733 0.042145
v 1.010757 6.653829 0.240166
v 0.382080 8.007460 -0.932707
v 0.104370 8.015365 -0.909067
v 0.110535 8.057882 -0.886954
v 0.378883 8.191139 -0.832533
v 0.628794 8.173138 -0.783657
v 0.638699 8.117256 -0.811165
v 0.112782 8.605263 -0.111192
v 0.115917 8.600323 -0.037727
v 0.095501 8.605263 -0.032398
v 0.129898 8.600323 -0.111495
v 0.153564 8.605263 -0.180792
v 0.125130 8.600323 0.038046
v 0.103416 8.605263 0.047880
v 0.165707 8.600323 -0.176040
v 0.213858 8.605263 -0.234382
v 0.156633 8.600323 0.108412
v 0.219839 8.600323 -0.225040
v 0.135748 8.605263 0.121785
v 0.286995 8.600323 -0.253698
v 0.189339 8.605263 0.182076
v 0.287762 8.605263 -0.266714
v 0.207356 8.600323 0.166468
v 0.360601 8.600323 -0.259209
v 0.258938 8.605263 0.222863
v 0.368042 8.605263 -0.274629
v 0.272320 8.600323 0.206547
v 0.433453 8.600323 -0.241041
v 0.337732 8.605263 0.240139
v 0.446835 8.605263 -0.257351
v 0.345169 8.600323 0.224719
v 0.498417 8.600323 -0.200962
v 0.418011 8.605263 0.232226
v 0.516432 8.605263 -0.216568
v 0.418774 8.600323 0.219208
v 0.549131 8.600323 -0.142896
v 0.491913 8.605263 0.199893
v 0.570023 8.605263 -0.156273
v 0.485931 8.600323 0.190548
v 0.540066 8.600323 0.141548
v 0.602356 8.605263 -0.082370
v 0.580643 8.600323 -0.072540
v 0.552208 8.605263 0.146303
v 0.575874 8.600323 0.077005
v 0.610271 8.605263 -0.002090
v 0.589853 8.600323 0.003234
v 0.592991 8.605263 0.076702
v 0.305422 9.023589 -0.035818
v 0.302004 9.023589 -0.020240
v 0.352886 9.026625 -0.017244
v 0.313484 9.023589 -0.049576
v 0.303570 9.023589 -0.004371
v 0.325399 9.023589 -0.060170
v 0.309963 9.023589 0.010239
v 0.340012 9.023589 -0.066559
v 0.320555 9.023589 0.022156
v 0.355881 9.023589 -0.068124
v 0.334312 9.023589 0.030218
v 0.349888 9.023589 0.033633
v 0.371456 9.023589 -0.064708
v 0.365761 9.023589 0.032069
v 0.385216 9.023589 -0.056646
v 0.380371 9.023589 0.025681
v 0.395809 9.023589 -0.044727
v 0.392288 9.023589 0.015084
v 0.402199 9.023589 -0.030121
v 0.400347 9.023589 0.001326
v 0.403763 9.023589 -0.014249
v -0.451836 5.886894 -0.332114
v -0.509750 5.886894 -0.068035
v -0.483223 5.886894 0.201025
v -0.315147 5.886894 -0.565378
v -0.384380 6.452332 -0.060655
v -0.334881 6.452332 -0.286357
v -0.361710 6.452332 0.169301
v -0.218061 6.452332 -0.485714
v -0.441090 6.531216 -0.063991
v -0.387783 6.531216 -0.307056
v -0.385712 6.546660 -0.306244
v -0.438869 6.546660 -0.063861
v -0.374855 5.886894 0.448712
v -0.113071 5.886894 -0.744985
v -0.416672 6.531216 0.183650
v -0.261974 6.531216 -0.521749
v -0.379616 6.561292 -0.303857
v -0.432331 6.561292 -0.063475
v -0.414520 6.546660 0.183091
v -0.260261 6.546660 -0.520338
v -0.411894 6.594458 -0.062271
v -0.360546 6.594458 -0.296398
v -0.269091 6.452332 0.380991
v -0.045353 6.452332 -0.639219
v -0.408184 6.561292 0.181433
v -0.255196 6.561292 -0.516184
v -0.388378 6.594458 0.176261
v -0.239368 6.594458 -0.503196
v -0.347832 6.612856 -0.291423
v -0.398258 6.612856 -0.061470
v -0.336704 6.631021 -0.287069
v -0.386333 6.631021 -0.060767
v -0.316931 6.531216 0.411623
v -0.075981 6.531216 -0.687057
v -0.375160 6.612856 0.172815
v -0.228809 6.612856 -0.494537
v -0.315058 6.546660 0.410424
v -0.074783 6.546660 -0.685184
v -0.219574 6.631021 -0.486955
v -0.363602 6.631021 0.169794
v -0.309542 6.561292 0.406892
v -0.071251 6.561292 -0.679668
v -0.195248 5.886894 0.650790
v 0.134621 5.886894 -0.853355
v -0.315575 6.681820 -0.299783
v -0.357490 6.681820 -0.078642
v -0.458649 6.786885 -0.087389
v -0.410765 6.786885 -0.340017
v -0.292299 6.594458 0.395855
v -0.060215 6.594458 -0.662429
v -0.540894 6.944657 -0.094494
v -0.488157 6.944657 -0.372726
v -0.208225 6.681820 -0.493267
v -0.288128 6.786885 -0.561054
v -0.115585 6.452332 0.553703
v 0.166338 6.452332 -0.731840
v -0.280796 6.612856 0.388491
v -0.052849 6.612856 -0.650928
v -0.329872 6.681820 0.148509
v -0.427093 6.786885 0.172114
v -0.353092 6.944657 -0.616163
v -0.270737 6.631021 0.382049
v -0.046410 6.631021 -0.640868
v -0.506144 6.944657 0.191302
v -0.601131 7.115612 -0.099702
v -0.544840 7.115612 -0.396687
v -0.151619 6.531216 0.597618
v 0.151993 6.531216 -0.786804
v -0.150207 6.546660 0.595900
v 0.152552 6.546660 -0.784654
v -0.045952 6.681820 -0.640151
v -0.400673 7.115612 -0.656528
v -0.102745 6.786885 -0.728857
v -0.146053 6.561292 0.590837
v 0.154209 6.561292 -0.778316
v -0.564037 7.115612 0.205357
v -0.235416 6.681820 0.359433
v -0.319193 6.786885 0.413075
v -0.148922 6.944657 -0.800975
v -0.133068 6.594458 0.575009
v 0.159376 6.594458 -0.758507
v -0.637876 7.295541 -0.102877
v -0.579414 7.295541 -0.411298
v -0.387302 6.944657 0.456684
v -0.124405 6.612856 0.564451
v 0.162830 6.612856 -0.745290
v 0.038014 5.886894 0.787478
v 0.403673 5.886894 -0.879880
v -0.116827 6.631021 0.555218
v 0.165848 6.631021 -0.733733
v -0.429695 7.295541 -0.681154
v 0.083778 6.452332 0.670525
v 0.396294 6.452332 -0.754512
v -0.599354 7.295541 0.213929
v -0.182741 7.115612 -0.853796
v 0.155365 6.681820 -0.726066
v -0.437191 7.115612 0.488625
v 0.127239 6.786885 -0.827005
v -0.083378 6.681820 0.533487
v 0.063078 6.531216 0.723426
v 0.399633 6.531216 -0.811220
v -0.145500 6.786885 0.611913
v -0.650227 7.480011 -0.103941
v -0.591040 7.480011 -0.416212
v 0.063889 6.546660 0.721355
v 0.399502 6.546660 -0.809000
v 0.104370 6.944657 -0.909067
v 0.066275 6.561292 0.715253
v 0.399115 6.561292 -0.802463
v -0.203371 7.295541 -0.886017
v -0.439455 7.480011 -0.689430
v 0.073734 6.594458 0.696188
v 0.397913 6.594458 -0.782026
v -0.611225 7.480011 0.216812
v -0.196011 6.944657 0.675671
v -0.467621 7.295541 0.508110
v 0.078713 6.612856 0.683470
v 0.397110 6.612856 -0.768387
v 0.302101 5.886894 0.845391
v 0.667755 5.886894 -0.821967
v 0.083063 6.631021 0.672347
v 0.396408 6.631021 -0.756466
v 0.087624 7.115612 -0.969173
v 0.376017 6.681820 -0.742595
v -0.637876 7.664481 -0.102877
v -0.579414 7.664481 -0.411298
v 0.309481 6.452332 0.720021
v 0.621994 6.452332 -0.705017
v -0.233002 7.115612 0.722372
v 0.379309 6.786885 -0.845886
v -0.210304 7.480011 -0.896847
v 0.111370 6.681820 0.653632
v -0.429695 7.664481 -0.681154
v -0.477848 7.480011 0.514658
v 0.076977 6.786885 0.749164
v -0.599354 7.664481 0.213929
v 0.306139 6.531216 0.776728
v 0.642693 6.531216 -0.757916
v 0.077404 7.295541 -1.005840
v 0.381989 6.944657 -0.929863
v 0.306271 6.546660 0.774512
v 0.641884 6.546660 -0.755846
v 0.306656 6.561292 0.767969
v 0.639496 6.561292 -0.749745
v -0.255568 7.295541 0.750859
v 0.307861 6.594458 0.747536
v 0.632038 6.594458 -0.730680
v 0.049015 6.944657 0.826834
v 0.308662 6.612856 0.733897
v 0.627060 6.612856 -0.717962
v 0.571152 5.886894 0.818865
v 0.901020 5.886894 -0.685280
v 0.309362 6.631021 0.721976
v 0.622709 6.631021 -0.706838
v -0.203371 7.664481 -0.886017
v -0.601131 7.844409 -0.099702
v -0.544840 7.844409 -0.396687
v 0.594400 6.681820 -0.688120
v -0.467621 7.664481 0.508110
v 0.383947 7.115612 -0.991371
v -0.400673 7.844409 -0.656528
v 0.073971 7.480011 -1.018163
v 0.329754 6.681820 0.708102
v -0.578503 7.844409 0.086397
v 0.539431 6.452332 0.697348
v 0.821356 6.452332 -0.588193
v 0.628794 6.786885 -0.783657
v 0.028536 7.115612 0.883725
v -0.263153 7.480011 0.760434
v 0.326462 6.786885 0.811394
v 0.553780 6.531216 0.752316
v 0.857391 6.531216 -0.632105
v 0.553217 6.546660 0.750161
v 0.855978 6.546660 -0.630388
v 0.385147 7.295541 -1.028888
v -0.182741 7.844409 -0.853796
v -0.574573 7.919779 -0.097406
v 0.551563 6.561292 0.743826
v 0.851826 6.561292 -0.625328
v 0.656757 6.944657 -0.861325
v 0.818840 5.886894 0.710496
v 1.080626 5.886894 -0.483202
v 0.546394 6.594458 0.724017
v 0.838839 6.594458 -0.609501
v -0.437191 7.844409 0.488625
v 0.542944 6.612856 0.710800
v 0.830175 6.612856 -0.598938
v 0.077404 7.664481 -1.005840
v 0.539925 6.631021 0.699245
v 0.822599 6.631021 -0.589706
v 0.016045 7.295541 0.918428
v 0.323782 6.944657 0.895373
v 0.789146 6.681820 -0.567975
v -0.255568 7.664481 0.750859
v 0.550407 6.681820 0.691574
v 0.751122 6.452332 0.604728
v 0.974857 6.452332 -0.415481
v 0.851275 6.786885 -0.646400
v 0.677239 7.115612 -0.918214
v 0.385548 7.480011 -1.041502
v 1.020920 5.886894 0.530888
v 1.188993 5.886894 -0.235512
v 0.578531 6.786885 0.792512
v 0.781754 6.531216 0.652569
v 1.022701 6.531216 -0.446113
v -0.148922 8.015365 -0.800975
v 0.321819 7.115612 0.956879
v 0.011845 7.480011 0.930085
v 0.780556 6.546660 0.650696
v 1.020828 6.546660 -0.444914
v 0.087624 7.844409 -0.969173
v 0.777023 6.561292 0.645178
v 1.015310 6.561292 -0.441382
v -0.387302 8.015365 0.456684
v -0.506144 8.015365 0.191302
v 0.765984 6.594458 0.627940
v 0.998068 6.594458 -0.430342
v 0.758621 6.612856 0.616438
v 0.986568 6.612856 -0.422979
v 0.752178 6.631021 0.606377
v 0.976509 6.631021 -0.416537
v -0.233002 7.844409 0.722372
v 0.941187 6.681820 -0.393922
v 0.901779 6.944657 -0.710165
v 1.157608 5.886894 0.297626
v 1.215523 5.886894 0.033542
v 0.923830 6.452332 0.451225
v 1.067482 6.452332 -0.203789
v 0.751720 6.681820 0.605662
v 0.689730 7.295541 -0.952917
v 0.385147 7.664481 -1.028888
v 0.601402 6.944657 0.874581
v -0.131632 8.074441 -0.773971
v 1.024963 6.786885 -0.447563
v 0.320625 7.295541 0.994400
v 0.967747 6.531216 0.487260
v 1.122444 6.531216 -0.218139
v 0.016045 7.664481 0.918428
v 0.966030 6.546660 0.485850
v 1.120293 6.546660 -0.217577
v 0.808516 6.786885 0.694365
v 0.960966 6.561292 0.481695
v 1.113956 6.561292 -0.215923
v 1.040653 6.452332 0.251865
v 1.090153 6.452332 0.026161
v 0.945141 6.594458 0.468708
v 1.094147 6.594458 -0.210753
v 0.934582 6.612856 0.460043
v 1.080933 6.612856 -0.207302
v 0.925345 6.631021 0.452465
v 1.069376 6.631021 -0.204284
v 1.035637 6.681820 -0.182997
v -0.319193 8.173138 0.413075
v -0.427093 8.173138 0.172114
v 0.938774 7.115612 -0.756862
v -0.196011 8.015365 0.675671
v 0.913998 6.681820 0.458776
v 0.693926 7.480011 -0.964578
v 1.093555 6.531216 0.272562
v 1.146862 6.531216 0.029500
v 0.383947 7.844409 -0.991371
v 0.618149 7.115612 0.934684
v 1.091484 6.546660 0.271756
v 1.144642 6.546660 0.029370
v 1.085383 6.561292 0.269366
v 1.138104 6.561292 0.028982
v 1.066319 6.594458 0.261908
v 1.117664 6.594458 0.027781
v 1.093075 6.944657 -0.491172
v -0.328842 8.313843 0.148259
v -0.356424 8.313843 -0.078550
v 0.320221 7.480011 1.007010
v 1.053600 6.612856 0.256929
v 1.104031 6.612856 0.026978
v 1.042477 6.631021 0.252575
v 1.092106 6.631021 0.026276
v 1.132866 6.786885 -0.206600
v 1.063259 6.681820 0.044152
v -0.314568 8.313843 -0.299357
v -0.207378 8.313843 -0.492551
v -0.254095 8.232440 -0.532180
v 0.028536 7.844409 0.883725
v 1.021343 6.681820 0.265292
v 0.993897 6.786885 0.526562
v 0.854691 6.944657 0.766484
v 0.961338 7.295541 -0.785352
v 0.689730 7.664481 -0.952917
v -0.145500 8.173138 0.611913
v -0.234531 8.313843 0.358868
v 1.164421 6.786885 0.052898
v 1.116535 6.786885 0.305525
v -0.045349 8.313843 -0.639215
v -0.073040 8.245961 -0.682460
v 0.628368 7.295541 0.971349
v 0.320625 7.664481 0.994400
v -0.236729 8.434018 -0.068205
v -0.201939 8.434018 -0.251754
v 1.142958 7.115612 -0.523111
v 0.049015 8.015365 0.826834
v 1.211912 6.944657 -0.225794
v -0.112841 8.434018 -0.412344
v -0.213806 8.434018 0.120327
v 1.058865 6.944657 0.581677
v 0.888512 7.115612 0.819306
v 0.968926 7.480011 -0.794923
v 0.677239 7.844409 -0.918214
v -0.082718 8.313843 0.532658
v 0.021851 8.434018 -0.534259
v 0.155663 8.313843 -0.725002
v 0.139217 8.232440 -0.784012
v 0.631800 7.480011 0.983671
v -0.135406 8.434018 0.295401
v 0.321819 7.844409 0.956879
v 1.246664 6.944657 0.060003
v 1.193928 6.944657 0.338236
v 0.076977 8.173138 0.749164
v 1.173391 7.295541 -0.542597
v 1.269808 7.115612 -0.239847
v 0.668211 7.919779 -0.893136
v -0.102518 8.530701 -0.056604
v -0.075645 8.530701 -0.198372
v 0.909142 7.295541 0.851525
v 0.961338 7.664481 -0.785352
v -0.006826 8.530701 -0.322412
v 1.106442 7.115612 0.622038
v -0.084808 8.530701 0.089016
v 0.188942 8.434018 -0.605570
v -0.009212 8.434018 0.439865
v 0.628368 7.664481 0.971349
v 0.323782 8.015365 0.895373
v 0.375982 8.313843 -0.741502
v 0.097202 8.530701 -0.416576
v 0.111733 8.313843 0.652623
v -0.024261 8.530701 0.224236
v 1.306906 7.115612 0.065211
v 1.183620 7.480011 -0.549146
v 1.250608 7.115612 0.362194
v -0.030338 8.560505 -0.050367
v -0.007730 8.560505 -0.169663
v 0.836569 7.844409 -0.819917
v 0.050182 8.560505 -0.274044
v 0.916077 7.480011 0.862355
v -0.015438 8.560505 0.072174
v 1.305126 7.295541 -0.248422
v 0.226259 8.530701 -0.471653
v 0.326462 8.173138 0.811394
v 0.372086 8.434018 -0.619288
v 1.135468 7.295541 0.646663
v 0.618149 7.844409 0.934684
v 0.010433 8.568156 -0.161988
v -0.011040 8.568156 -0.048701
v 0.073212 8.530701 0.335815
v 0.137726 8.560505 -0.353285
v 0.065430 8.568156 -0.261110
v 0.003109 8.568156 0.067669
v 0.152428 8.434018 0.539584
v 0.035515 8.560505 0.185963
v 0.028595 8.575808 -0.154312
v 0.008263 8.575808 -0.047031
v 0.080673 8.575808 -0.248175
v 0.021664 8.575808 0.063164
v 0.148563 8.568156 -0.336361
v 0.048304 8.591030 -0.043567
v 0.066277 8.591030 -0.138384
v 1.173391 7.664481 -0.542597
v 0.051498 8.568156 0.175729
v 0.112303 8.591030 -0.221344
v 0.060150 8.591030 0.053822
v 0.159397 8.575808 -0.319432
v 0.067482 8.575808 0.165493
v 0.246330 8.560505 -0.399633
v 0.068556 8.596663 -0.041821
v 0.085331 8.596663 -0.130332
v 1.343649 7.295541 0.068386
v 0.329792 8.313843 0.707011
v 0.128300 8.596663 -0.207773
v 0.909142 7.664481 0.851525
v 0.117535 8.560505 0.279859
v 0.079613 8.596663 0.049099
v 0.181881 8.591030 -0.284320
v 1.285189 7.295541 0.376810
v 0.367714 8.530701 -0.482246
v 0.089645 8.598566 -0.039998
v 0.105179 8.598566 -0.121944
v 0.601402 8.015365 0.874581
v 0.100647 8.591030 0.144260
v 0.144959 8.598566 -0.193640
v 1.316996 7.480011 -0.251304
v 0.099880 8.598566 0.044176
v 0.251696 8.568156 -0.380373
v 0.107216 8.598566 -0.038479
v 0.121712 8.598566 -0.114958
v 0.198055 8.530701 0.412837
v 0.193253 8.596663 -0.266563
v 0.158835 8.598566 -0.181869
v 0.116993 8.612446 -0.109541
v 0.100018 8.612446 -0.032133
v 0.129387 8.568156 0.264893
v 0.116764 8.598566 0.040078
v 0.257061 8.575808 -0.361113
v 0.117415 8.596663 0.133523
v 0.117287 8.620489 -0.109427
v 0.100334 8.620489 -0.032112
v 0.157063 8.612446 -0.177921
v 0.107796 8.612446 0.046738
v 1.145222 7.480011 0.654937
v 0.113609 8.627832 -0.110867
v 0.096386 8.627832 -0.032350
v 0.089756 8.635154 -0.032737
v 0.107420 8.635154 -0.113290
v 0.063091 8.668141 -0.034307
v 0.082546 8.668141 -0.123024
v 0.205090 8.598566 -0.248072
v 0.141245 8.575808 0.249930
v 0.157305 8.620489 -0.177722
v 0.108097 8.620489 0.046656
v 0.043558 8.703884 -0.035456
v 0.064327 8.703884 -0.130153
v 0.134882 8.598566 0.122340
v 0.154251 8.627832 -0.180227
v 0.104277 8.627832 0.047657
v 0.149117 8.635154 -0.184442
v 0.097847 8.635154 0.049333
v 0.128464 8.668141 -0.201387
v 0.071999 8.668141 0.056082
v 0.594040 8.313843 -0.687111
v 0.553345 8.434018 -0.574077
v 0.268198 8.591030 -0.321157
v 0.214954 8.598566 -0.232665
v 0.113340 8.703884 -0.213794
v 0.053070 8.703884 0.061022
v 0.031643 8.741505 -0.036156
v 0.053211 8.741505 -0.134501
v 0.149429 8.598566 0.113024
v 0.165836 8.591030 0.218885
v 0.216297 8.612446 -0.230570
v 0.139561 8.612446 0.119343
v 0.104115 8.741505 -0.221368
v 0.041523 8.741505 0.064034
v 0.365364 8.560505 -0.408548
v 0.216469 8.620489 -0.230303
v 0.139824 8.620489 0.119175
v 1.142958 7.844409 -0.523111
v 0.273827 8.596663 -0.300951
v 0.214336 8.627832 -0.233633
v 0.136498 8.627832 0.121305
v 0.210754 8.635154 -0.239227
v 0.130905 8.635154 0.124886
v 0.027641 8.780073 -0.036392
v 0.049477 8.780073 -0.135964
v 0.333687 8.434018 0.584799
v 0.196350 8.668141 -0.261724
v 0.108406 8.668141 0.139291
v 0.178272 8.596663 0.203183
v 0.279692 8.598566 -0.279911
v 0.222595 8.560505 0.344670
v 0.185803 8.703884 -0.278200
v 0.091929 8.703884 0.149842
v 0.101013 8.780073 -0.223911
v 0.037642 8.780073 0.065049
v 0.284576 8.598566 -0.262378
v 0.191223 8.598566 0.186837
v 0.364735 8.568156 -0.388840
v 0.578531 8.173138 0.792512
v 0.031643 8.818644 -0.036156
v 0.053211 8.818644 -0.134501
v 0.179365 8.741505 -0.288252
v 0.081879 8.741505 0.156277
v 0.202011 8.598566 0.173214
v 0.364109 8.575808 -0.369131
v 0.888512 7.844409 0.819306
v 0.288906 8.612446 -0.262337
v 0.192211 8.612446 0.178578
v 0.229157 8.568156 0.326444
v 0.288982 8.620489 -0.262032
v 0.192410 8.620489 0.178335
v 0.104115 8.818644 -0.221368
v 0.041523 8.818644 0.064034
v 0.287987 8.627832 -0.265855
v 0.189903 8.627832 0.181389
v 0.235718 8.575808 0.308216
v 0.286306 8.635154 -0.272283
v 0.185688 8.635154 0.186523
v 0.362804 8.591030 -0.328245
v 0.177204 8.780073 -0.291628
v 0.078503 8.780073 0.158438
v 0.507717 8.530701 -0.447323
v 0.279560 8.668141 -0.298132
v 0.168743 8.668141 0.207175
v 1.355999 7.480011 0.069451
v 0.249336 8.591030 0.270399
v 0.043558 8.856262 -0.035456
v 0.064327 8.856262 -0.130153
v 0.362143 8.596663 -0.307568
v 1.305126 7.664481 -0.248422
v 0.274620 8.703884 -0.317064
v 0.156334 8.703884 0.222304
v 1.296810 7.480011 0.381720
v 0.851275 8.173138 -0.646400
v 0.788492 8.313843 -0.567148
v 0.361458 8.598566 -0.286035
v 0.113340 8.856262 -0.213794
v 0.053070 8.856262 0.061022
v 0.256218 8.596663 0.251276
v 0.338059 8.530701 0.447758
v 0.360886 8.598566 -0.268097
v 0.179365 8.818644 -0.288252
v 0.081879 8.818644 0.156277
v 0.263390 8.598566 0.231361
v 0.271606 8.741505 -0.328609
v 0.148762 8.741505 0.231528
v 0.269363 8.598566 0.214765
v 1.135468 7.664481 0.646663
v 0.367775 8.612446 -0.270111
v 0.260588 8.612446 0.218646
v 0.367756 8.620489 -0.269798
v 0.260700 8.620489 0.218354
v 0.901779 8.015365 -0.710165
v 1.093075 8.015365 -0.491172
v 0.483175 8.560505 -0.379160
v 0.063091 8.892005 -0.034307
v 0.082546 8.892005 -0.123024
v 0.367985 8.627832 -0.273742
v 0.259262 8.627832 0.222032
v 0.550106 8.313843 0.690508
v 0.368376 8.635154 -0.280377
v 0.256840 8.635154 0.228220
v 0.270592 8.780073 -0.332489
v 0.146219 8.780073 0.234627
v 0.185803 8.856262 -0.278200
v 0.091929 8.856262 0.149842
v 0.128464 8.892005 -0.201387
v 0.071999 8.892005 0.056082
v 0.476616 8.568156 -0.360935
v 0.369946 8.668141 -0.307041
v 0.247109 8.668141 0.253095
v 0.340408 8.560505 0.374059
v 0.470053 8.575808 -0.342706
v 0.456436 8.591030 -0.304887
v 0.341034 8.568156 0.354351
v 0.854691 8.015365 0.766484
v 0.371098 8.703884 -0.326572
v 0.239979 8.703884 0.271315
v 0.271606 8.818644 -0.328609
v 0.148762 8.818644 0.231528
v 0.341663 8.575808 0.334643
v 0.449553 8.596663 -0.285766
v 0.714985 8.434018 -0.474357
v 0.442387 8.598566 -0.265851
v 0.436407 8.598566 -0.249255
v 0.089756 8.924993 -0.032737
v 0.107420 8.924993 -0.113290
v 0.342968 8.591030 0.293753
v 0.196350 8.892005 -0.261724
v 0.108406 8.892005 0.139291
v 0.343628 8.596663 0.273078
v 0.344315 8.598566 0.251543
v 0.344887 8.598566 0.233603
v 0.445185 8.612446 -0.253137
v 0.337996 8.612446 0.235623
v 0.149117 8.924993 -0.184442
v 0.097847 8.924993 0.049333
v 0.371800 8.741505 -0.338486
v 0.235626 8.741505 0.282428
v 0.445070 8.620489 -0.252842
v 0.338017 8.620489 0.235311
v 0.446508 8.627832 -0.256524
v 0.337786 8.627832 0.239251
v 0.516830 8.434018 0.571080
v 0.274620 8.856262 -0.317064
v 0.156334 8.856262 0.222304
v 0.337395 8.635154 0.245882
v 0.448931 8.635154 -0.262710
v 1.269808 7.844409 -0.239847
v 0.372036 8.780073 -0.342492
v 0.234169 8.780073 0.286166
v 1.024963 8.173138 -0.447563
v 0.335827 8.668141 0.272553
v 0.458664 8.668141 -0.287584
v 0.632561 8.530701 -0.370301
v 1.343649 7.664481 0.068386
v 0.210754 8.924993 -0.239227
v 0.130905 8.924993 0.124886
v 0.122902 8.954412 -0.030787
v 0.138342 8.954412 -0.101193
v 1.285189 7.664481 0.376810
v 0.174786 8.954412 -0.163381
v 0.129974 8.954412 0.040947
v 0.279560 8.892005 -0.298132
v 0.168743 8.892005 0.207175
v 0.503758 8.598566 -0.207705
v 1.106442 7.844409 0.622038
v 0.514549 8.598566 -0.221327
v 0.588234 8.560505 -0.314349
v 0.479511 8.530701 0.437163
v 0.576382 8.568156 -0.299385
v 0.371800 8.818644 -0.338486
v 0.235626 8.818644 0.282428
v 0.334675 8.703884 0.292082
v 0.465794 8.703884 -0.305809
v 0.527500 8.596663 -0.237674
v 0.564529 8.575808 -0.284422
v 0.539936 8.591030 -0.253376
v 0.421194 8.598566 0.227888
v 0.808516 8.173138 0.694365
v 0.426081 8.598566 0.245420
v 0.416866 8.612446 0.227846
v 0.513561 8.612446 -0.213068
v 0.431946 8.596663 0.266461
v 0.416790 8.620489 0.227543
v 0.513363 8.620489 -0.212827
v 0.437576 8.591030 0.286667
v 0.459442 8.560505 0.365141
v 0.454075 8.568156 0.345885
v 0.448708 8.575808 0.326624
v 0.228659 8.954412 -0.211265
v 0.158865 8.954412 0.106983
v 0.417786 8.627832 0.231366
v 0.515869 8.627832 -0.215880
v 0.333973 8.741505 0.303996
v 0.470142 8.741505 -0.316919
v 0.419464 8.635154 0.237791
v 0.520083 8.635154 -0.221016
v 0.286306 8.924993 -0.272283
v 0.185688 8.924993 0.186523
v 0.371098 8.856262 -0.326572
v 0.239979 8.856262 0.271315
v 0.161713 8.979538 -0.028501
v 0.174547 8.979538 -0.087028
v 0.940300 8.313843 -0.393354
v 0.204838 8.979538 -0.138720
v 0.167591 8.979538 0.031128
v 0.426212 8.668141 0.263642
v 0.537024 8.668141 -0.241665
v 0.556339 8.598566 -0.147512
v 0.333736 8.780073 0.308001
v 0.471607 8.780073 -0.320654
v 0.570889 8.598566 -0.156828
v 0.369946 8.892005 -0.307041
v 0.247109 8.892005 0.253095
v 0.490816 8.598566 0.198178
v 1.211912 8.015365 -0.225794
v 0.249622 8.979538 -0.178522
v 0.191608 8.979538 0.086019
v 0.294693 8.954412 -0.240157
v 0.206751 8.954412 0.160856
v 0.588356 8.596663 -0.168011
v 0.500681 8.598566 0.213583
v 0.751122 8.313843 0.604725
v 0.489473 8.612446 0.196080
v 0.566212 8.612446 -0.153833
v 0.605125 8.591030 -0.178748
v 0.489304 8.620489 0.195817
v 0.565945 8.620489 -0.153661
v 0.512520 8.596663 0.232075
v 0.431150 8.703884 0.282571
v 0.549435 8.703884 -0.256792
v 0.638289 8.575808 -0.199981
v 0.491432 8.627832 0.199142
v 0.569275 8.627832 -0.155793
v 0.841179 8.434018 -0.329889
v 0.205227 8.999752 -0.025940
v 0.215141 8.999752 -0.071142
v 0.333973 8.818644 0.303996
v 0.470142 8.818644 -0.316919
v 0.523891 8.591030 0.249832
v 0.654274 8.568156 -0.210216
v 0.495018 8.635154 0.204737
v 0.574867 8.635154 -0.159374
v 0.238537 8.999752 -0.111068
v 0.209770 8.999752 0.020115
v 0.670258 8.560505 -0.220451
v 1.058865 8.015365 0.581677
v 1.306906 7.844409 0.065211
v 0.368376 8.924993 -0.280377
v 0.256840 8.924993 0.228220
v 0.546373 8.575808 0.284947
v 0.730030 8.530701 -0.258722
v 0.589005 8.598566 -0.074569
v 0.557209 8.568156 0.301871
v 0.304514 8.979538 -0.202542
v 0.231411 8.979538 0.130802
v 0.568047 8.560505 0.318795
v 1.250608 7.844409 0.362194
v 0.546936 8.598566 0.147379
v 0.683920 8.434018 0.499770
v 0.605892 8.598566 -0.078667
v 0.434168 8.741505 0.294117
v 0.557009 8.741505 -0.266020
v 0.273129 8.999752 -0.141811
v 0.228317 8.999752 0.062515
v 0.509419 8.668141 0.227232
v 0.597363 8.668141 -0.173779
v 0.334675 8.856262 0.292082
v 0.465794 8.856262 -0.305809
v 0.608568 8.530701 0.382084
v 0.560814 8.598566 0.159151
v 0.597977 8.612446 -0.081226
v 0.548710 8.612446 0.143431
v 0.626160 8.596663 -0.083589
v 0.597675 8.620489 -0.081146
v 0.548466 8.620489 0.143234
v 0.366425 8.954412 -0.247229
v 0.268940 8.954412 0.197296
v 0.577473 8.596663 0.173281
v 0.601498 8.627832 -0.082144
v 0.551521 8.627832 0.145737
v 0.598557 8.598566 0.003990
v 0.645622 8.591030 -0.088315
v 0.584061 8.598566 0.080465
v 0.252380 9.014558 -0.023161
v 0.259129 9.014558 -0.053934
v 0.607922 8.635154 -0.083824
v 0.556656 8.635154 0.149949
v 1.132866 8.173138 -0.206600
v 0.275051 9.014558 -0.081110
v 0.255470 9.014558 0.008185
v 0.593468 8.591030 0.186854
v 0.335827 8.892005 0.272553
v 0.458664 8.892005 -0.287584
v 0.616125 8.598566 0.005508
v 0.435181 8.780073 0.297999
v 0.559551 8.780073 -0.269119
v 0.315525 8.999752 -0.160363
v 0.259060 8.999752 0.097103
v 0.684113 8.575808 -0.097658
v 0.600594 8.598566 0.087452
v 0.588779 8.612446 0.075053
v 0.605755 8.612446 -0.002355
v 0.519970 8.703884 0.243710
v 0.613838 8.703884 -0.184328
v 0.605438 8.620489 -0.002376
v 0.588486 8.620489 0.074940
v 0.625094 8.575808 0.213687
v 0.298595 9.014558 -0.102035
v 0.268097 9.014558 0.037045
v 0.364143 8.979538 -0.208421
v 0.283104 8.979538 0.161096
v 0.637215 8.596663 0.007329
v 0.702660 8.568156 -0.102163
v 0.609383 8.627832 -0.002145
v 0.592161 8.627832 0.076380
v 0.620438 8.596663 0.095842
v 0.993897 8.173138 0.526562
v 0.721211 8.560505 -0.106662
v 0.633770 8.668141 -0.090570
v 0.577309 8.668141 0.166897
v 0.640343 8.568156 0.226622
v 0.337395 8.924993 0.245882
v 0.448931 8.924993 -0.262710
v 0.616016 8.635154 -0.001751
v 0.598351 8.635154 0.078797
v 0.657467 8.591030 0.009081
v 0.434168 8.818644 0.294117
v 0.557009 8.818644 -0.266020
v 0.639496 8.591030 0.103894
v 0.655586 8.560505 0.239550
v 0.327454 9.014558 -0.114664
v 0.289021 9.014558 0.060587
v 0.790585 8.530701 -0.123504
v 0.361580 8.999752 -0.164905
v 0.298988 8.999752 0.120501
v 1.246664 8.015365 0.060003
v 0.526405 8.741505 0.253760
v 0.623890 8.741505 -0.190763
v 0.697510 8.575808 0.012539
v 1.034615 8.313843 -0.182748
v 0.339346 8.954412 0.212737
v 0.436831 8.954412 -0.231789
v 0.677174 8.575808 0.119822
v 0.712601 8.530701 0.287920
v 0.431150 8.856262 0.282571
v 0.549435 8.856262 -0.256792
v 1.193928 8.015365 0.338236
v 0.642681 8.668141 -0.000183
v 0.623226 8.668141 0.088536
v 0.716812 8.568156 0.014210
v 0.919575 8.434018 -0.154821
v 0.652700 8.703884 -0.095510
v 0.592434 8.703884 0.179305
v 0.695339 8.568156 0.127500
v 0.358803 9.014558 -0.117752
v 0.316200 9.014558 0.076514
v 0.913151 8.313843 0.458060
v 0.341633 8.979538 0.173930
v 0.422669 8.979538 -0.195587
v 0.736113 8.560505 0.015877
v 0.713501 8.560505 0.135176
v 0.528568 8.780073 0.257138
v 0.627268 8.780073 -0.192926
v 0.818611 8.434018 0.377856
v 0.426212 8.892005 0.263642
v 0.537024 8.892005 -0.241665
v 0.344193 8.999752 0.130413
v 0.406782 8.999752 -0.154991
v 0.808289 8.530701 0.022116
v 0.419464 8.924993 0.237791
v 0.520083 8.924993 -0.221016
v 0.346970 9.014558 0.083258
v 0.389572 9.014558 -0.111002
v 0.781418 8.530701 0.163884
v 0.662212 8.703884 0.000967
v 0.641445 8.703884 0.095661
v 0.664249 8.741505 -0.098526
v 0.601658 8.741505 0.186877
v 0.526405 8.818644 0.253760
v 0.623890 8.818644 -0.190763
v 1.164421 8.173138 0.052898
v 0.411079 8.954412 0.205666
v 0.499022 8.954412 -0.195347
v 1.116535 8.173138 0.305525
v 0.401257 8.979538 0.168050
v 0.474365 8.979538 -0.165292
v 0.378315 9.014558 0.080170
v 0.416752 9.014558 -0.095079
v 0.519970 8.856262 0.243710
v 0.613838 8.856262 -0.184328
v 0.942501 8.434018 0.033715
v 0.390247 8.999752 0.125872
v 0.446711 8.999752 -0.131593
v 0.668129 8.780073 -0.099540
v 0.604759 8.780073 0.189421
v 0.907709 8.434018 0.217264
v 0.674126 8.741505 0.001665
v 0.652559 8.741505 0.100011
v 1.062197 8.313843 0.044062
v 0.407173 9.014558 0.067543
v 0.437676 9.014558 -0.071533
v 0.509419 8.892005 0.227232
v 0.597363 8.892005 -0.173779
v 1.020340 8.313843 0.264867
v 0.430714 9.014558 0.046618
v 0.450302 9.014558 -0.042678
v 0.432644 8.999752 0.107323
v 0.477453 8.999752 -0.097002
v 0.495018 8.924993 0.204737
v 0.574867 8.924993 -0.159374
v 0.664249 8.818644 -0.098526
v 0.601658 8.818644 0.186877
v 0.446642 9.014558 0.019438
v 0.453392 9.014558 -0.011327
v 0.456150 8.979538 0.144034
v 0.514164 8.979538 -0.120507
v 0.477112 8.954412 0.176773
v 0.546906 8.954412 -0.141472
v 0.678129 8.780073 0.001902
v 0.656296 8.780073 0.101473
v 0.496002 8.999752 -0.054609
v 0.467234 8.999752 0.076578
v 0.652700 8.856262 -0.095510
v 0.592434 8.856262 0.179305
v 0.500546 8.999752 -0.008550
v 0.490631 8.999752 0.036650
v 0.538181 8.979538 -0.065616
v 0.500933 8.979538 0.104228
v 0.674126 8.818644 0.001665
v 0.652559 8.818644 0.100011
v 0.633770 8.892005 -0.090570
v 0.577309 8.892005 0.166897
v 0.575798 8.954412 -0.075438
v 0.530987 8.954412 0.128890
v 0.607922 8.924993 -0.083824
v 0.556656 8.924993 0.149949
v 0.544064 8.979538 -0.005989
v 0.531227 8.979538 0.052538
v 0.662212 8.856262 0.000967
v 0.641445 8.856262 0.095661
v 0.582867 8.954412 -0.003705
v 0.567429 8.954412 0.066701
v 0.642681 8.892005 -0.000183
v 0.623226 8.892005 0.088536
v 0.616016 8.924993 -0.001751
v 0.598351 8.924993 0.078797
v 0.129032 7.844409 -0.366760
v 0.197819 8.015365 -0.259432
v 0.370970 7.844409 -0.521721
v 0.438328 8.015365 -0.413425
v 0.570059 7.844409 -0.649236
v 0.636345 8.015365 -0.540211
v 0.730438 7.844409 -0.751943
v 0.796185 8.015365 -0.642555
v -0.013372 8.015365 -0.124210
v -0.083227 7.844409 -0.230816
v -0.210482 8.015365 0.001994
v -0.281338 7.844410 -0.103932
v -0.426588 7.844410 -0.010901
v -0.354980 8.015365 0.094513
v -0.441090 6.518796 -0.063990
v -0.437813 6.501016 -0.063795
v -0.428257 6.484757 -0.063239
v -0.413269 6.471433 -0.062355
v -0.361835 6.471433 -0.296901
v -0.375812 6.484757 -0.302370
v -0.384727 6.501016 -0.305857
v -0.387783 6.518796 -0.307052
v -0.416676 6.518796 0.183649
v -0.413500 6.501016 0.182822
v -0.404238 6.484757 0.180403
v -0.389713 6.471433 0.176608
v -0.240433 6.471433 -0.504074
v -0.252041 6.484757 -0.513599
v -0.259438 6.501016 -0.519665
v -0.261974 6.518796 -0.521749
v -0.316929 6.518796 0.411625
v -0.314167 6.501016 0.409853
v -0.306107 6.484757 0.404694
v -0.293465 6.471433 0.396598
v -0.060959 6.471433 -0.663592
v -0.069054 6.484757 -0.676239
v -0.074213 6.501016 -0.684295
v -0.075985 6.518796 -0.687061
v -0.151619 6.518796 0.597619
v -0.149536 6.501016 0.595078
v -0.143467 6.484757 0.587682
v -0.133942 6.471433 0.576076
v 0.159031 6.471433 -0.759844
v 0.155239 6.484757 -0.774366
v 0.152821 6.501016 -0.783628
v 0.151993 6.518796 -0.786804
v 0.063078 6.518796 0.723426
v 0.064274 6.501016 0.720366
v 0.067761 6.484757 0.711456
v 0.073231 6.471433 0.697474
v 0.397991 6.471433 -0.783401
v 0.398876 6.484757 -0.798391
v 0.399437 6.501016 -0.807944
v 0.399633 6.518796 -0.811220
v 0.306139 6.518796 0.776728
v 0.306334 6.501016 0.773452
v 0.306896 6.484757 0.763899
v 0.307777 6.471433 0.748913
v 0.632542 6.471433 -0.731966
v 0.638012 6.484757 -0.745948
v 0.641499 6.501016 -0.754858
v 0.642693 6.518796 -0.757916
v 0.553780 6.518796 0.752316
v 0.552952 6.501016 0.749140
v 0.550531 6.484757 0.739878
v 0.546742 6.471433 0.725353
v 0.839716 6.471433 -0.610568
v 0.849236 6.484757 -0.622171
v 0.855309 6.501016 -0.629572
v 0.857389 6.518796 -0.632106
v 0.781754 6.518796 0.652569
v 0.779984 6.501016 0.649806
v 0.774824 6.484757 0.641745
v 0.766727 6.471433 0.629101
v 0.999233 6.471433 -0.431087
v 1.011875 6.484757 -0.439182
v 1.019936 6.501016 -0.444343
v 1.022701 6.518796 -0.446113
v 0.967747 6.518796 0.487260
v 0.965210 6.501016 0.485177
v 0.957813 6.484757 0.479107
v 0.946205 6.471433 0.469582
v 1.095482 6.471433 -0.211100
v 1.110010 6.484757 -0.214889
v 1.119270 6.501016 -0.217310
v 1.122444 6.518796 -0.218139
v 1.093555 6.518796 0.272562
v 1.090496 6.501016 0.271367
v 1.081587 6.484757 0.267882
v 1.067604 6.471433 0.262411
v 1.119041 6.471433 0.027861
v 1.134029 6.484757 0.028745
v 1.143581 6.501016 0.029307
v 1.146862 6.518796 0.029500
v -0.555601 5.860785 -0.070734
v -0.494606 5.860785 -0.348853
v -0.527660 5.860785 0.212622
v -0.350655 5.860785 -0.594515
v -0.413532 5.860785 0.473477
v -0.137836 5.860785 -0.783664
v -0.224380 5.860785 0.686295
v 0.123020 5.860785 -0.897796
v 0.021278 5.860785 0.830246
v 0.406374 5.860785 -0.925731
v 0.299398 5.860785 0.891241
v 0.684492 5.860785 -0.864738
v 0.582752 5.860785 0.863303
v 0.930153 5.860785 -0.720785
v 0.843605 5.860785 0.749173
v 1.119303 5.860785 -0.507967
v 1.056427 5.860785 0.560021
v 1.233435 5.860785 -0.247112
v 1.200378 5.860785 0.314360
v 1.261372 5.860785 0.036242
v -0.576221 5.834676 -0.071949
v -0.513843 5.834676 -0.356378
v -0.547651 5.834676 0.217840
v -0.366623 5.834676 -0.607614
v -0.430933 5.834676 0.484617
v -0.148977 5.834676 -0.801061
v -0.237484 5.834676 0.702267
v 0.117800 5.834676 -0.917783
v 0.013752 5.834676 0.849484
v 0.407589 5.834676 -0.946354
v 0.298185 5.834676 0.911864
v 0.692020 5.834676 -0.883976
v 0.587971 5.834676 0.883292
v 0.943255 5.834676 -0.736757
v 0.854744 5.834676 0.766570
v 1.136704 5.834676 -0.519107
v 1.072395 5.834676 0.573126
v 1.253422 5.834676 -0.252330
v 1.219616 5.834676 0.321890
v 1.281992 5.834676 0.037457
v -0.583096 5.808568 -0.072353
v -0.520256 5.808568 -0.358888
v -0.554314 5.808568 0.219581
v -0.371948 5.808568 -0.611982
v -0.436729 5.808568 0.488328
v -0.152693 5.808568 -0.806861
v -0.241852 5.808568 0.707590
v 0.116062 5.808568 -0.924442
v 0.011242 5.808568 0.855898
v 0.407993 5.808568 -0.953228
v 0.297777 5.808568 0.918738
v 0.694529 5.808568 -0.890388
v 0.589710 5.808568 0.889953
v 0.947624 5.808568 -0.742080
v 0.858458 5.808568 0.772371
v 1.142502 5.808568 -0.522819
v 1.077721 5.808568 0.577494
v 1.260088 5.808568 -0.254070
v 1.226027 5.808568 0.324398
v 1.288868 5.808568 0.037863
v -0.583096 5.782458 -0.072353
v -0.520256 5.782458 -0.358888
v -0.554314 5.782458 0.219581
v -0.371948 5.782458 -0.611982
v -0.436729 5.782458 0.488328
v -0.152691 5.782458 -0.806863
v -0.241852 5.782458 0.707590
v 0.116060 5.782458 -0.924448
v 0.011242 5.782458 0.855898
v 0.407993 5.782458 -0.953228
v 0.297777 5.782458 0.918738
v 0.694529 5.782458 -0.890388
v 0.589710 5.782458 0.889953
v 0.947624 5.782458 -0.742080
v 0.858458 5.782458 0.772371
v 1.142502 5.782458 -0.522819
v 1.077721 5.782458 0.577494
v 1.260088 5.782458 -0.254070
v 1.226028 5.782458 0.324398
v 1.288870 5.782458 0.037861
v -0.583096 5.756350 -0.072353
v -0.520256 5.756350 -0.358888
v -0.554314 5.756350 0.219581
v -0.371950 5.756350 -0.611984
v -0.436733 5.756350 0.488329
v -0.152691 5.756350 -0.806863
v -0.241852 5.756350 0.707590
v 0.116060 5.756350 -0.924448
v 0.011242 5.756350 0.855898
v 0.407993 5.756350 -0.953228
v 0.297777 5.756350 0.918738
v 0.694529 5.756350 -0.890388
v 0.589710 5.756350 0.889953
v 0.947626 5.756350 -0.742081
v 0.858460 5.756350 0.772373
v 1.142502 5.756350 -0.522819
v 1.077721 5.756350 0.577494
v 1.260088 5.756350 -0.254070
v 1.226028 5.756350 0.324398
v 1.288870 5.756350 0.037861
v -0.569351 5.730241 -0.071542
v -0.507431 5.730241 -0.353871
v -0.540991 5.730241 0.216101
v -0.361301 5.730241 -0.603252
v -0.425133 5.730241 0.480906
v -0.145264 5.730241 -0.795267
v -0.233118 5.730241 0.696947
v 0.119539 5.730241 -0.911123
v 0.016254 5.730241 0.843073
v 0.407185 5.730241 -0.939481
v 0.298588 5.730241 0.904991
v 0.689512 5.730241 -0.877565
v 0.586231 5.730241 0.876631
v 0.938891 5.730241 -0.731435
v 0.851032 5.730241 0.760770
v 1.130905 5.730241 -0.515394
v 1.067074 5.730241 0.568760
v 1.246761 5.730241 -0.250591
v 1.213203 5.730241 0.319380
v 1.275122 5.730241 0.037051
v -0.534981 5.704132 -0.069522
v -0.475372 5.704132 -0.341324
v -0.507677 5.704132 0.207405
v -0.334686 5.704132 -0.581409
v -0.396141 5.704132 0.462340
v -0.126701 5.704132 -0.766272
v -0.211279 5.704132 0.670327
v 0.128235 5.704131 -0.877808
v 0.028805 5.704132 0.811013
v 0.405159 5.704131 -0.905110
v 0.300612 5.704132 0.870619
v 0.676970 5.704132 -0.845502
v 0.577534 5.704131 0.843316
v 0.917051 5.704132 -0.704818
v 0.832470 5.704131 0.731777
v 1.101910 5.704132 -0.496829
v 1.040459 5.704132 0.546919
v 1.213451 5.704132 -0.241893
v 1.181141 5.704132 0.306834
v 1.240747 5.704132 0.035029
v -0.409450 5.939111 -0.062126
v -0.399179 5.946587 -0.061525
v -0.391182 5.956954 -0.061050
v -0.386118 5.969378 -0.060756
v -0.384380 5.978828 -0.060655
v -0.358274 5.939111 -0.295507
v -0.348686 5.946587 -0.291759
v -0.341228 5.956954 -0.288837
v -0.336498 5.969378 -0.286990
v -0.334883 5.978828 -0.286358
v -0.361710 5.978828 0.169301
v -0.363392 5.969378 0.169741
v -0.368305 5.956954 0.171023
v -0.376053 5.946587 0.173041
v -0.386013 5.939111 0.175644
v -0.237476 5.939111 -0.501646
v -0.229519 5.946587 -0.495121
v -0.223331 5.956954 -0.490040
v -0.219406 5.969378 -0.486819
v -0.218061 5.978828 -0.485714
v -0.269091 5.978828 0.380991
v -0.270555 5.969378 0.381930
v -0.274830 5.956954 0.384668
v -0.281576 5.946587 0.388987
v -0.290241 5.939111 0.394535
v -0.058895 5.939111 -0.660373
v -0.053345 5.946587 -0.651703
v -0.049026 5.956954 -0.644956
v -0.046291 5.969378 -0.640683
v -0.045353 5.978828 -0.639221
v -0.115585 5.978828 0.553703
v -0.116688 5.969378 0.555044
v -0.119907 5.956954 0.558972
v -0.124989 5.946587 0.565164
v -0.131515 5.939111 0.573119
v 0.159996 5.939111 -0.756141
v 0.162598 5.946587 -0.746185
v 0.164619 5.956954 -0.738435
v 0.165899 5.969378 -0.733522
v 0.166340 5.978828 -0.731843
v 0.083777 5.978828 0.670525
v 0.083141 5.969378 0.672140
v 0.081291 5.956954 0.676867
v 0.078373 5.946587 0.684331
v 0.074623 5.939111 0.693911
v 0.397770 5.939111 -0.779586
v 0.397162 5.946587 -0.769312
v 0.396694 5.956954 -0.761315
v 0.396397 5.969378 -0.756245
v 0.396294 5.978828 -0.754514
v 0.309479 5.978828 0.720022
v 0.309376 5.969378 0.721757
v 0.309078 5.956954 0.726824
v 0.308609 5.946587 0.734822
v 0.308003 5.939111 0.745097
v 0.631146 5.939111 -0.728403
v 0.627396 5.946587 -0.718821
v 0.624481 5.956954 -0.711359
v 0.622631 5.969378 -0.706632
v 0.621994 5.978828 -0.705017
v 0.539433 5.978828 0.697350
v 0.539867 5.969378 0.699030
v 0.541153 5.956954 0.703942
v 0.543173 5.946587 0.711695
v 0.545773 5.939111 0.721650
v 0.837288 5.939111 -0.607610
v 0.830759 5.946587 -0.599654
v 0.825680 5.956954 -0.593462
v 0.822458 5.969378 -0.589534
v 0.821356 5.978828 -0.588193
v 0.751122 5.978828 0.604732
v 0.752060 5.969378 0.606194
v 0.754795 5.956954 0.610467
v 0.759117 5.946587 0.617213
v 0.764668 5.939111 0.625882
v 0.996010 5.939111 -0.429023
v 0.987343 5.946587 -0.423474
v 0.980598 5.956954 -0.419157
v 0.976322 5.969378 -0.416419
v 0.974861 5.978828 -0.415483
v 0.923830 5.978828 0.451225
v 0.925173 5.969378 0.452330
v 0.929102 5.956954 0.455551
v 0.935291 5.946587 0.460630
v 0.943249 5.939111 0.467158
v 1.091782 5.939111 -0.210136
v 1.081825 5.946587 -0.207534
v 1.074078 5.956954 -0.205513
v 1.069164 5.969378 -0.204229
v 1.067482 5.978828 -0.203789
v 1.064045 5.939111 0.261017
v 1.054459 5.946587 0.257267
v 1.047001 5.956954 0.254347
v 1.042271 5.969378 0.252502
v 1.040653 5.978828 0.251865
v 1.115223 5.939111 0.027636
v 1.104950 5.946587 0.027035
v 1.096954 5.956954 0.026558
v 1.091888 5.969378 0.026264
v 1.090153 5.978828 0.026161
v -0.391521 5.913003 -0.308513
v -0.445093 5.913003 -0.064228
v -0.420559 5.913003 0.184664
v -0.320309 5.913003 0.413786
v -0.154163 5.913003 0.600722
v 0.061615 5.913003 0.727162
v 0.305904 5.913003 0.780735
v 0.554792 5.913003 0.756196
v 0.783917 5.913003 0.655947
v 0.970848 5.913003 0.489804
v 1.097292 5.913003 0.274025
v 1.150866 5.913003 0.029737
v 1.126328 5.913003 -0.219152
v 1.026077 5.913003 -0.448276
v 0.859936 5.913003 -0.635210
v 0.644156 5.913003 -0.761652
v 0.399866 5.913003 -0.815223
v 0.150978 5.913003 -0.790688
v -0.078148 5.913003 -0.690439
v -0.265079 5.913003 -0.524295
v -0.740890 5.547741 -0.081643
v -0.746380 5.542315 -0.081966
v -0.750568 5.534285 -0.082214
v -0.753033 5.524465 -0.082361
v -0.753521 5.513854 -0.082387
v -0.751984 5.503521 -0.082302
v -0.748569 5.494514 -0.082097
v -0.743622 5.487737 -0.081808
v -0.737642 5.483876 -0.081453
v -0.667454 5.547746 -0.416488
v -0.672575 5.542318 -0.418489
v -0.676481 5.534288 -0.420019
v -0.678783 5.524468 -0.420921
v -0.679237 5.513858 -0.421098
v -0.677803 5.503525 -0.420536
v -0.674622 5.494516 -0.419290
v -0.670006 5.487741 -0.417485
v -0.664425 5.483878 -0.415300
v -0.707256 5.547741 0.259505
v -0.712574 5.542315 0.260893
v -0.716635 5.534285 0.261954
v -0.719025 5.524465 0.262577
v -0.719498 5.513854 0.262698
v -0.718010 5.503521 0.262309
v -0.714701 5.494514 0.261446
v -0.709904 5.487739 0.260197
v -0.704109 5.483876 0.258683
v -0.494141 5.547746 -0.712246
v -0.498394 5.542318 -0.715732
v -0.501636 5.534288 -0.718397
v -0.503546 5.524468 -0.719964
v -0.503925 5.513858 -0.720272
v -0.502735 5.503525 -0.719295
v -0.500090 5.494516 -0.717127
v -0.496258 5.487741 -0.713986
v -0.491627 5.483878 -0.710183
v -0.569847 5.547741 0.573561
v -0.574478 5.542315 0.576526
v -0.578014 5.534285 0.578787
v -0.580091 5.524465 0.580118
v -0.580505 5.513854 0.580383
v -0.579208 5.503521 0.579554
v -0.576326 5.494514 0.577707
v -0.572155 5.487737 0.575039
v -0.567112 5.483876 0.571806
v -0.237919 5.547736 -0.939979
v -0.240883 5.542309 -0.944607
v -0.243147 5.534279 -0.948140
v -0.244476 5.524460 -0.950220
v -0.244743 5.513846 -0.950633
v -0.243908 5.503513 -0.949333
v -0.242067 5.494507 -0.946454
v -0.239395 5.487731 -0.942282
v -0.236164 5.483868 -0.937238
v -0.342119 5.547741 0.829789
v -0.345604 5.542315 0.834034
v -0.348267 5.534285 0.837281
v -0.349834 5.524465 0.839190
v -0.350143 5.513854 0.839566
v -0.349163 5.503521 0.838376
v -0.346996 5.494514 0.835730
v -0.343855 5.487739 0.831900
v -0.340055 5.483876 0.827270
v 0.076138 5.547730 -1.077381
v 0.074747 5.542303 -1.082700
v 0.073689 5.534273 -1.086764
v 0.073063 5.524453 -1.089150
v 0.072941 5.513840 -1.089626
v 0.073330 5.503508 -1.088134
v 0.074196 5.494501 -1.084827
v 0.075443 5.487725 -1.080036
v 0.076958 5.483861 -1.074233
v -0.046354 5.547746 1.003095
v -0.048359 5.542318 1.008218
v -0.049885 5.534288 1.012125
v -0.050789 5.524468 1.014425
v -0.050964 5.513858 1.014881
v -0.050404 5.503525 1.013447
v -0.049156 5.494516 1.010260
v -0.047352 5.487741 1.005646
v -0.045170 5.483878 1.000067
v 0.417284 5.547730 -1.111019
v 0.417606 5.542303 -1.116507
v 0.417852 5.534273 -1.120697
v 0.417997 5.524453 -1.123161
v 0.418026 5.513840 -1.123650
v 0.417936 5.503508 -1.122112
v 0.417734 5.494501 -1.118698
v 0.417440 5.487725 -1.113750
v 0.417091 5.483861 -1.107769
v 0.288490 5.547744 1.076529
v 0.288166 5.542317 1.082016
v 0.287918 5.534286 1.086209
v 0.287775 5.524467 1.088675
v 0.287746 5.513856 1.089159
v 0.287836 5.503524 1.087625
v 0.288034 5.494516 1.084211
v 0.288326 5.487739 1.079264
v 0.288681 5.483878 1.073283
v 0.752127 5.547738 -1.037584
v 0.754129 5.542311 -1.042709
v 0.755661 5.534281 -1.046617
v 0.756558 5.524462 -1.048916
v 0.756737 5.513849 -1.049374
v 0.756176 5.503515 -1.047938
v 0.754929 5.494509 -1.044751
v 0.753124 5.487733 -1.040140
v 0.750942 5.483870 -1.034558
v 0.629635 5.547724 1.042895
v 0.631027 5.542297 1.048214
v 0.632084 5.534267 1.052276
v 0.632710 5.524447 1.054667
v 0.632832 5.513837 1.055138
v 0.632443 5.503504 1.053648
v 0.631580 5.494495 1.050339
v 0.630329 5.487719 1.045544
v 0.628815 5.483859 1.039751
v 1.047892 5.547741 -0.864275
v 1.051380 5.542315 -0.868522
v 1.054039 5.534285 -0.871771
v 1.055603 5.524465 -0.873679
v 1.055916 5.513854 -0.874054
v 1.054939 5.503521 -0.872865
v 1.052771 5.494514 -0.870222
v 1.049629 5.487739 -0.866392
v 1.045826 5.483876 -0.861758
v 0.943686 5.547728 0.905484
v 0.946652 5.542301 0.910112
v 0.948916 5.534269 0.913648
v 0.950245 5.524450 0.915725
v 0.950510 5.513839 0.916139
v 0.949678 5.503506 0.914840
v 0.947832 5.494496 0.911961
v 0.945160 5.487721 0.907790
v 0.941933 5.483860 0.902742
v 1.275620 5.547741 -0.608052
v 1.280251 5.542315 -0.611017
v 1.283783 5.534285 -0.613279
v 1.285860 5.524465 -0.614609
v 1.286274 5.513854 -0.614875
v 1.284977 5.503521 -0.614044
v 1.282095 5.494514 -0.612199
v 1.277926 5.487739 -0.609529
v 1.272879 5.483876 -0.606297
v 1.199913 5.547744 0.677758
v 1.204163 5.542317 0.681246
v 1.207409 5.534286 0.683909
v 1.209316 5.524467 0.685476
v 1.209698 5.513854 0.685787
v 1.208502 5.503521 0.684809
v 1.205864 5.494514 0.682638
v 1.202030 5.487739 0.679495
v 1.197399 5.483876 0.675697
v 1.413029 5.547741 -0.293995
v 1.418346 5.542315 -0.295379
v 1.422407 5.534285 -0.296446
v 1.424797 5.524465 -0.297066
v 1.425270 5.513852 -0.297188
v 1.423779 5.503519 -0.296801
v 1.420471 5.494512 -0.295936
v 1.415678 5.487737 -0.294685
v 1.409882 5.483874 -0.293173
v 1.373224 5.547741 0.381996
v 1.378346 5.542315 0.383996
v 1.382254 5.534285 0.385527
v 1.384554 5.524465 0.386429
v 1.385008 5.513854 0.386608
v 1.383575 5.503521 0.386046
v 1.380390 5.494514 0.384798
v 1.375778 5.487737 0.382997
v 1.370199 5.483876 0.380812
v 1.446661 5.547741 0.047153
v 1.452148 5.542315 0.047478
v 1.456337 5.534285 0.047720
v 1.458805 5.524465 0.047867
v 1.459290 5.513852 0.047898
v 1.457754 5.503519 0.047806
v 1.454342 5.494512 0.047608
v 1.449394 5.487737 0.047315
v 1.443413 5.483874 0.046963
v -0.471668 5.684091 -0.065792
v -0.461616 5.678856 -0.065201
v -0.454868 5.670888 -0.064804
v -0.452494 5.661443 -0.064663
v -0.416309 5.684091 -0.318216
v -0.406933 5.678856 -0.314544
v -0.400635 5.670888 -0.312082
v -0.398422 5.661443 -0.311216
v -0.446312 5.684091 0.191385
v -0.436569 5.678856 0.188841
v -0.430027 5.670888 0.187132
v -0.427731 5.661443 0.186529
v -0.285658 5.684091 -0.541180
v -0.277872 5.678856 -0.534793
v -0.272646 5.670888 -0.530504
v -0.270807 5.661443 -0.528994
v -0.342728 5.684091 0.428141
v -0.334249 5.678856 0.422713
v -0.328554 5.670888 0.419066
v -0.326549 5.661443 0.417782
v -0.092501 5.684090 -0.712859
v -0.087070 5.678855 -0.704379
v -0.083424 5.670887 -0.698686
v -0.082144 5.661442 -0.696685
v -0.171047 5.684091 0.621299
v -0.164665 5.678856 0.613514
v -0.160374 5.670888 0.608286
v -0.158867 5.661443 0.606449
v 0.144257 5.684090 -0.816446
v 0.146797 5.678855 -0.806699
v 0.148506 5.670887 -0.800159
v 0.149109 5.661442 -0.797858
v 0.051914 5.684091 0.751951
v 0.055584 5.678856 0.742574
v 0.058048 5.670888 0.736277
v 0.058914 5.661443 0.734065
v 0.401432 5.684090 -0.841800
v 0.400841 5.678855 -0.831747
v 0.400440 5.670887 -0.824996
v 0.400301 5.661442 -0.822626
v 0.304338 5.684091 0.807308
v 0.304932 5.678856 0.797255
v 0.305325 5.670888 0.790510
v 0.305470 5.661443 0.788132
v 0.653858 5.684091 -0.786441
v 0.650188 5.678856 -0.777065
v 0.647722 5.670888 -0.770767
v 0.646858 5.661443 -0.768553
v 0.561516 5.684090 0.781952
v 0.558971 5.678855 0.772209
v 0.557262 5.670887 0.765667
v 0.556664 5.661442 0.763368
v 0.876822 5.684091 -0.655789
v 0.870434 5.678856 -0.648001
v 0.866146 5.670888 -0.642774
v 0.864639 5.661443 -0.640938
v 0.798271 5.684090 0.678366
v 0.792839 5.678855 0.669887
v 0.789196 5.670887 0.664191
v 0.787914 5.661442 0.662190
v 1.048498 5.684091 -0.462631
v 1.040018 5.678856 -0.457201
v 1.034325 5.670888 -0.453556
v 1.032322 5.661443 -0.452274
v 0.991428 5.684091 0.506690
v 0.983643 5.678856 0.500301
v 0.978420 5.670888 0.496014
v 0.976582 5.661443 0.494505
v 1.152086 5.684091 -0.225874
v 1.142342 5.678856 -0.223330
v 1.135803 5.670888 -0.221624
v 1.133501 5.661443 -0.221023
v 1.122082 5.684091 0.283725
v 1.112705 5.678856 0.280056
v 1.106407 5.670888 0.277594
v 1.104195 5.661443 0.276728
v 1.177439 5.684091 0.031304
v 1.167387 5.678856 0.030709
v 1.160639 5.670888 0.030312
v 1.158266 5.661443 0.030172
v -0.452496 5.647195 -0.064664
v -0.454857 5.637753 -0.064804
v -0.461571 5.629773 -0.065197
v -0.559738 5.615355 -0.070979
v -0.398422 5.647195 -0.311216
v -0.400625 5.637753 -0.312080
v -0.406891 5.629774 -0.314531
v -0.498466 5.615357 -0.350362
v -0.427731 5.647195 0.186531
v -0.430019 5.637753 0.187132
v -0.436527 5.629773 0.188834
v -0.531673 5.615355 0.213669
v -0.270807 5.647195 -0.528994
v -0.272636 5.637753 -0.530496
v -0.277840 5.629773 -0.534765
v -0.353855 5.615355 -0.597140
v -0.326553 5.647195 0.417784
v -0.328545 5.637753 0.419060
v -0.334209 5.629773 0.422690
v -0.417023 5.615355 0.475713
v -0.082144 5.647194 -0.696685
v -0.083418 5.637752 -0.698677
v -0.087046 5.629772 -0.704343
v -0.140066 5.615355 -0.787156
v -0.158869 5.647195 0.606450
v -0.160370 5.637753 0.608280
v -0.164635 5.629773 0.613480
v -0.227009 5.615355 0.689499
v 0.149109 5.647194 -0.797858
v 0.148510 5.637752 -0.800145
v 0.146807 5.629772 -0.806659
v 0.121971 5.615355 -0.901802
v 0.058914 5.647195 0.734065
v 0.058048 5.637753 0.736267
v 0.055599 5.629774 0.742535
v 0.019768 5.615357 0.834111
v 0.400301 5.647194 -0.822626
v 0.400440 5.637752 -0.824987
v 0.400837 5.629772 -0.831703
v 0.406616 5.615355 -0.929866
v 0.305468 5.647195 0.788134
v 0.305327 5.637753 0.790496
v 0.304932 5.629773 0.797211
v 0.299152 5.615355 0.895377
v 0.646858 5.647195 -0.768553
v 0.647720 5.637753 -0.770759
v 0.650173 5.629773 -0.777025
v 0.686005 5.615355 -0.868601
v 0.556665 5.647194 0.763369
v 0.557262 5.637752 0.765657
v 0.558964 5.629772 0.772168
v 0.583797 5.615355 0.867312
v 0.864639 5.647195 -0.640938
v 0.866137 5.637753 -0.642769
v 0.870409 5.629773 -0.647972
v 0.932783 5.615355 -0.723989
v 0.787914 5.647194 0.662190
v 0.789188 5.637752 0.664182
v 0.792816 5.629772 0.669849
v 0.845840 5.615355 0.752662
v 1.032324 5.647195 -0.452274
v 1.034315 5.637753 -0.453550
v 1.039982 5.629773 -0.457178
v 1.122795 5.615355 -0.510202
v 0.976582 5.647195 0.494505
v 0.978411 5.637753 0.496007
v 0.983612 5.629773 0.500277
v 1.059629 5.615355 0.562651
v 1.133503 5.647195 -0.221022
v 1.135790 5.637753 -0.221622
v 1.142302 5.629773 -0.223320
v 1.237446 5.615355 -0.248157
v 1.104195 5.647195 0.276728
v 1.106396 5.637753 0.277592
v 1.112661 5.629773 0.280041
v 1.204239 5.615355 0.315874
v 1.158266 5.647195 0.030172
v 1.160627 5.637753 0.030314
v 1.167343 5.629773 0.030707
v 1.265511 5.615355 0.036486
v -0.628242 5.574790 -0.401143
v -0.698856 5.574787 -0.079168
v -0.666513 5.574787 0.248867
v -0.534389 5.574787 0.550855
v -0.315407 5.574787 0.797234
v -0.031010 5.574790 0.963883
v 0.290962 5.574789 1.034497
v 0.619000 5.574777 1.002156
v 0.920982 5.574778 0.870024
v 1.167362 5.574789 0.651049
v 1.334013 5.574787 0.366653
v 1.404625 5.574786 0.044676
v 1.372284 5.574786 -0.283357
v 1.240158 5.574786 -0.585347
v 1.021183 5.574786 -0.831722
v 0.736782 5.574784 -0.998377
v 0.414810 5.574780 -1.068985
v 0.086773 5.574780 -1.036638
v -0.215216 5.574782 -0.904517
v -0.461590 5.574790 -0.685535
v -0.635990 3.258317 -0.075491
v -0.569609 3.258319 -0.378225
v -0.605579 3.258318 0.232966
v -0.412922 3.258320 -0.645588
v -0.481346 3.258317 0.516913
v -0.181248 3.258316 -0.851452
v -0.275476 3.258317 0.748530
v 0.102692 3.258312 -0.975662
v -0.008047 3.258322 0.905262
v 0.411125 3.258312 -1.006094
v 0.294670 3.258321 0.971670
v 0.713842 3.258317 -0.939727
v 0.603008 3.258307 0.941202
v 0.981243 3.258318 -0.783037
v 0.887005 3.258311 0.816904
v 1.187130 3.258318 -0.551389
v 1.118721 3.258323 0.611071
v 1.311356 3.258318 -0.267456
v 1.275385 3.258320 0.343765
v 1.341759 3.258317 0.040970
v 0.469559 5.098239 0.429741
v 0.601986 5.098241 0.371796
v 0.710026 5.098248 0.275784
v 0.783094 5.098245 0.151093
v 0.814056 5.098245 0.009903
v 0.799877 5.098245 -0.133938
v 0.741940 5.098245 -0.266353
v 0.645924 5.098245 -0.374389
v 0.521217 5.098245 -0.447460
v 0.380039 5.098242 -0.478420
v 0.236198 5.098242 -0.464238
v 0.103779 5.098244 -0.406303
v -0.004257 5.098246 -0.310285
v -0.077335 5.098245 -0.185587
v -0.108295 5.098244 -0.044404
v -0.094110 5.098245 0.099438
v -0.036177 5.098245 0.231858
v 0.059845 5.098244 0.339890
v 0.184551 5.098246 0.412964
v 0.325731 5.098248 0.443930
v 0.049614 3.526835 0.757877
v 0.303972 3.526835 0.813674
v 0.563049 3.526823 0.788078
v 0.801674 3.526826 0.683640
v 0.996363 3.526837 0.510689
v 1.128002 3.526834 0.286082
v 1.183769 3.526832 0.031667
v 1.158222 3.526832 -0.227482
v 1.053844 3.526833 -0.466055
v 0.880852 3.526832 -0.660696
v 0.656174 3.526832 -0.792349
v 0.401817 3.526827 -0.848114
v 0.142662 3.526826 -0.822550
v -0.095917 3.526830 -0.718177
v -0.290577 3.526835 -0.545204
v -0.422230 3.526834 -0.320551
v -0.478004 3.526832 -0.066189
v -0.452452 3.526832 0.192990
v -0.348068 3.526832 0.431574
v -0.175087 3.526832 0.626185
v 0.084023 3.759513 0.669923
v 0.309521 3.759513 0.719385
v 0.539208 3.759502 0.696699
v 0.750752 3.759504 0.604115
v 0.923348 3.759515 0.450786
v 1.040051 3.759512 0.251657
v 1.089491 3.759511 0.026115
v 1.066841 3.759511 -0.203629
v 0.974308 3.759511 -0.415130
v 0.820944 3.759511 -0.587684
v 0.621759 3.759510 -0.704402
v 0.396261 3.759506 -0.753839
v 0.166512 3.759505 -0.731174
v -0.044990 3.759508 -0.638649
v -0.217562 3.759512 -0.485296
v -0.334278 3.759512 -0.286137
v -0.383728 3.759510 -0.060632
v -0.361072 3.759511 0.169133
v -0.268532 3.759511 0.380646
v -0.115177 3.759510 0.553175
v 0.112236 4.001616 0.597807
v 0.314068 4.001616 0.642078
v 0.519657 4.001605 0.621776
v 0.708996 4.001607 0.538914
v 0.863476 4.001617 0.401667
v 0.967934 4.001615 0.223433
v 1.012188 4.001614 0.021567
v 0.991917 4.001614 -0.184070
v 0.909092 4.001614 -0.373375
v 0.771824 4.001614 -0.527820
v 0.593542 4.001614 -0.632288
v 0.391712 4.001609 -0.676540
v 0.186070 4.001609 -0.656256
v -0.003239 4.001611 -0.573438
v -0.157696 4.001616 -0.436180
v -0.262165 4.001615 -0.257918
v -0.306423 4.001613 -0.056080
v -0.286148 4.001614 0.149573
v -0.203321 4.001614 0.338885
v -0.066057 4.001613 0.493313
v 0.143524 4.283898 0.517838
v 0.319115 4.283899 0.556349
v 0.497978 4.283889 0.538693
v 0.662697 4.283891 0.466606
v 0.797089 4.283900 0.347202
v 0.887964 4.283897 0.192135
v 0.926468 4.283896 0.016518
v 0.908829 4.283896 -0.162381
v 0.836777 4.283896 -0.327072
v 0.717354 4.283896 -0.461440
v 0.562252 4.283896 -0.552326
v 0.386660 4.283893 -0.590826
v 0.207760 4.283893 -0.573179
v 0.043060 4.283895 -0.501127
v -0.091312 4.283898 -0.381714
v -0.182198 4.283897 -0.226627
v -0.220705 4.283895 -0.051030
v -0.203064 4.283896 0.127882
v -0.131008 4.283896 0.292582
v -0.011589 4.283895 0.426933
v 0.175045 4.648851 0.437272
v 0.324196 4.648852 0.469984
v 0.476139 4.648842 0.454987
v 0.616051 4.648844 0.393762
v 0.730204 4.648853 0.292333
v 0.807400 4.648849 0.160606
v 0.840105 4.648849 0.011434
v 0.825127 4.648849 -0.140530
v 0.763920 4.648849 -0.280424
v 0.662476 4.648849 -0.394561
v 0.530727 4.648849 -0.471764
v 0.381573 4.648846 -0.504467
v 0.229607 4.648846 -0.489479
v 0.089706 4.648848 -0.428274
v -0.024433 4.648851 -0.326836
v -0.101635 4.648849 -0.195100
v -0.134344 4.648849 -0.045945
v -0.119362 4.648849 0.106029
v -0.058151 4.648849 0.245930
v 0.043289 4.648849 0.360056
v 0.186501 4.869407 0.407982
v 0.326046 4.869408 0.438587
v 0.468203 4.869399 0.424559
v 0.599098 4.869401 0.367282
v 0.705891 4.869408 0.272385
v 0.778114 4.869405 0.149142
v 0.808714 4.869405 0.009587
v 0.794697 4.869405 -0.132587
v 0.737433 4.869405 -0.263467
v 0.642529 4.869405 -0.370252
v 0.519268 4.869405 -0.442480
v 0.379723 4.869402 -0.473077
v 0.237547 4.869402 -0.459055
v 0.106663 4.869404 -0.401793
v -0.000118 4.869407 -0.306891
v -0.072348 4.869405 -0.183638
v -0.102951 4.869405 -0.044094
v -0.088934 4.869405 0.098086
v -0.031670 4.869405 0.228971
v 0.063236 4.869405 0.335747
v -0.677122 3.196369 -0.077914
v -0.693371 3.162456 -0.078869
v -0.698900 3.126383 -0.079199
v -0.607979 3.196371 -0.393238
v -0.623138 3.162458 -0.399171
v -0.628296 3.126385 -0.401190
v -0.645445 3.196370 0.243373
v -0.661194 3.162457 0.247486
v -0.666553 3.126384 0.248885
v -0.444778 3.196372 -0.671720
v -0.457359 3.162459 -0.682044
v -0.461645 3.126386 -0.685558
v -0.516048 3.196369 0.539133
v -0.529755 3.162456 0.547909
v -0.534420 3.126384 0.550899
v -0.203464 3.196368 -0.886148
v -0.212242 3.162455 -0.899852
v -0.215231 3.126382 -0.904516
v -0.301609 3.196369 0.780382
v -0.311935 3.162456 0.792963
v -0.315449 3.126383 0.797243
v 0.092285 3.196364 -1.015528
v 0.088175 3.162451 -1.031274
v 0.086777 3.126378 -1.036634
v -0.023060 3.196373 0.943638
v -0.028988 3.162460 0.958796
v -0.031006 3.126388 0.963955
v 0.413549 3.196365 -1.047224
v 0.414509 3.162452 -1.063471
v 0.414837 3.126379 -1.069002
v 0.292252 3.196372 1.012807
v 0.291292 3.162460 1.029061
v 0.290966 3.126387 1.034590
v 0.728861 3.196369 -0.978094
v 0.734795 3.162456 -0.993251
v 0.736813 3.126383 -0.998414
v 0.613405 3.196359 0.981072
v 0.617518 3.162446 0.996823
v 0.618914 3.126373 1.002178
v 1.007381 3.196370 -0.814889
v 1.017706 3.162457 -0.827472
v 1.021217 3.126384 -0.831754
v 0.909222 3.196363 0.851602
v 0.918003 3.162450 0.865306
v 0.920986 3.126377 0.869968
v 1.221832 3.196370 -0.573607
v 1.235540 3.162457 -0.582380
v 1.240204 3.126384 -0.585368
v 1.150581 3.196374 0.637204
v 1.163166 3.162461 0.647528
v 1.167448 3.126389 0.651043
v 1.351221 3.196370 -0.277861
v 1.366972 3.162457 -0.281971
v 1.372330 3.126384 -0.283374
v 1.313763 3.196371 0.358782
v 1.328919 3.162458 0.364714
v 1.334078 3.126385 0.366732
v 1.382891 3.196369 0.043392
v 1.399141 3.162456 0.044352
v 1.404669 3.126384 0.044676
v -0.698900 3.106717 -0.079199
v -0.691860 3.070645 -0.078785
v -0.671432 3.038039 -0.077581
v -0.628296 3.106719 -0.401190
v -0.621733 3.070647 -0.398620
v -0.602673 3.038041 -0.391164
v -0.666553 3.106718 0.248885
v -0.659731 3.070646 0.247101
v -0.639931 3.038040 0.241935
v -0.461643 3.106720 -0.685556
v -0.456192 3.070648 -0.681082
v -0.440374 3.038043 -0.668107
v -0.534420 3.106718 0.550899
v -0.528482 3.070645 0.547095
v -0.511251 3.038040 0.536063
v -0.215231 3.106716 -0.904516
v -0.211426 3.070643 -0.898580
v -0.200394 3.038038 -0.881347
v -0.315449 3.106717 0.797243
v -0.310974 3.070645 0.791796
v -0.297996 3.038039 0.775976
v 0.086777 3.106711 -1.036634
v 0.088556 3.070639 -1.029808
v 0.093725 3.038033 -1.010009
v -0.031006 3.106722 0.963955
v -0.028435 3.070649 0.957390
v -0.020981 3.038044 0.938332
v 0.414837 3.106713 -1.069002
v 0.414421 3.070640 -1.061962
v 0.413216 3.038034 -1.041534
v 0.290966 3.106722 1.034592
v 0.291382 3.070649 1.027549
v 0.292584 3.038043 1.007120
v 0.736813 3.106717 -0.998414
v 0.734242 3.070645 -0.991844
v 0.726784 3.038039 -0.972788
v 0.618912 3.106708 1.002179
v 0.617130 3.070636 0.995358
v 0.611961 3.038030 0.975558
v 1.021217 3.106718 -0.831754
v 1.016747 3.070646 -0.826301
v 1.003767 3.038040 -0.810484
v 0.920986 3.106711 0.869968
v 0.917185 3.070639 0.864030
v 0.906151 3.038033 0.846799
v 1.240204 3.106719 -0.585368
v 1.234266 3.070646 -0.581567
v 1.217033 3.038041 -0.570535
v 1.167446 3.106723 0.651041
v 1.161999 3.070651 0.646567
v 1.146179 3.038045 0.633584
v 1.372330 3.106718 -0.283374
v 1.365509 3.070646 -0.281593
v 1.345709 3.038040 -0.276421
v 1.334078 3.106720 0.366732
v 1.327511 3.070648 0.364166
v 1.308455 3.038042 0.356707
v 1.404669 3.106718 0.044676
v 1.397631 3.070645 0.044260
v 1.377199 3.038040 0.043061
v -0.587366 2.979392 -0.072632
v -0.624733 2.994813 -0.074834
v -0.654306 3.018844 -0.076572
v -0.524250 2.979394 -0.360478
v -0.559111 2.994815 -0.374119
v -0.586697 3.018847 -0.384911
v -0.558451 2.979392 0.220663
v -0.594669 2.994813 0.230119
v -0.623333 3.018845 0.237600
v -0.375273 2.979395 -0.614684
v -0.404209 2.994816 -0.638429
v -0.427111 3.018848 -0.657223
v -0.440327 2.979392 0.490649
v -0.471851 2.994813 0.510832
v -0.496799 3.018845 0.526809
v -0.154989 2.979391 -0.810424
v -0.175171 2.994812 -0.841951
v -0.191145 3.018844 -0.866899
v -0.244577 2.979392 0.710870
v -0.268322 2.994812 0.739807
v -0.287113 3.018844 0.762712
v 0.114994 2.979387 -0.928529
v 0.105541 2.994808 -0.964752
v 0.098061 3.018840 -0.993412
v 0.009705 2.979396 0.859907
v -0.003933 2.994817 0.894766
v -0.014729 3.018848 0.922353
v 0.408268 2.979388 -0.957466
v 0.410465 2.994808 -0.994835
v 0.412209 3.018840 -1.024404
v 0.297529 2.979395 0.923046
v 0.295332 2.994816 0.960417
v 0.293591 3.018847 0.989992
v 0.696098 2.979392 -0.894365
v 0.709736 2.994813 -0.929227
v 0.720532 3.018844 -0.956814
v 0.590683 2.979383 0.894076
v 0.600143 2.994803 0.930291
v 0.607628 3.018834 0.958954
v 0.950348 2.979392 -0.745378
v 0.974091 2.994813 -0.774320
v 0.992884 3.018845 -0.797218
v 0.860745 2.979386 0.775873
v 0.880928 2.994807 0.807403
v 0.896900 3.018838 0.832349
v 1.146107 2.979393 -0.525127
v 1.177635 2.994814 -0.545309
v 1.202583 3.018846 -0.561283
v 1.081078 2.979397 0.580159
v 1.110016 2.994818 0.603909
v 1.132914 3.018850 0.622701
v 1.264225 2.979392 -0.255153
v 1.300442 2.994813 -0.264610
v 1.329105 3.018845 -0.272090
v 1.230028 2.979394 0.326016
v 1.264889 2.994815 0.339661
v 1.292477 3.018846 0.350453
v 1.293133 2.979392 0.038111
v 1.330502 2.994813 0.040308
v 1.360075 3.018844 0.042051
v -0.127575 5.202975 -0.045540
v -0.095318 5.202976 -0.192625
v -0.019192 5.202977 -0.322540
v 0.093365 5.202975 -0.422571
v 0.231319 5.202973 -0.482927
v 0.381172 5.202973 -0.497701
v 0.528259 5.202976 -0.465452
v 0.658176 5.202976 -0.389321
v 0.758209 5.202976 -0.276767
v 0.818569 5.202976 -0.138817
v 0.833344 5.202976 0.011036
v 0.801086 5.202976 0.158127
v 0.724958 5.202979 0.288040
v 0.612400 5.202972 0.388068
v 0.474438 5.202971 0.448432
v 0.324596 5.202979 0.463213
v 0.177513 5.202977 0.430954
v 0.047592 5.202975 0.354824
v -0.052444 5.202976 0.242272
v -0.112801 5.202976 0.104316
v 0.467911 4.989532 0.423437
v 0.326113 4.989541 0.437431
v 0.186924 4.989539 0.406905
v 0.063971 4.989537 0.334851
v -0.030691 4.989537 0.228344
v -0.087810 4.989537 0.097794
v -0.101791 4.989537 -0.044023
v -0.071270 4.989537 -0.183218
v 0.000774 4.989539 -0.306158
v 0.107288 4.989537 -0.400819
v 0.237841 4.989535 -0.457935
v 0.379654 4.989535 -0.471922
v 0.518845 4.989537 -0.441397
v 0.641792 4.989537 -0.369354
v 0.736458 4.989537 -0.262844
v 0.793577 4.989537 -0.132291
v 0.807558 4.989537 0.009520
v 0.777035 4.989537 0.148718
v 0.704994 4.989541 0.271654
v 0.598471 4.989534 0.366311
v 0.159283 4.435879 0.477554
v 0.321657 4.435881 0.513167
v 0.487061 4.435870 0.496840
v 0.639374 4.435872 0.430184
v 0.763645 4.435882 0.319768
v 0.847683 4.435878 0.176373
v 0.883289 4.435878 0.013975
v 0.866980 4.435878 -0.151457
v 0.800346 4.435878 -0.303749
v 0.689915 4.435878 -0.428001
v 0.546490 4.435878 -0.512047
v 0.384117 4.435874 -0.547643
v 0.218683 4.435874 -0.531330
v 0.066383 4.435876 -0.464698
v -0.057873 4.435879 -0.354276
v -0.141916 4.435878 -0.210863
v -0.177523 4.435877 -0.048488
v -0.161213 4.435878 0.116955
v -0.094580 4.435878 0.269257
v 0.015848 4.435877 0.393495
v 0.000008 3.271750 0.884670
v 0.009186 3.278867 0.861213
v 0.014969 3.296155 0.846431
v 0.298382 3.296154 0.908606
v 0.297451 3.278866 0.924450
v 0.295971 3.271749 0.949598
v 0.587055 3.296142 0.880081
v 0.591064 3.278853 0.895439
v 0.597424 3.271735 0.919808
v 0.852943 3.296144 0.763708
v 0.861502 3.278855 0.777075
v 0.875084 3.271738 0.798287
v 1.069881 3.296156 0.571000
v 1.082151 3.278868 0.581070
v 1.101627 3.271751 0.597048
v 1.216557 3.296153 0.320738
v 1.231339 3.278865 0.326524
v 1.254795 3.271747 0.335703
v 1.278694 3.296151 0.037255
v 1.294540 3.278863 0.038188
v 1.319681 3.271746 0.039668
v 1.250229 3.296151 -0.251501
v 1.265587 3.278863 -0.255510
v 1.289961 3.271746 -0.261869
v 1.133926 3.296152 -0.517330
v 1.147293 3.278864 -0.525887
v 1.168507 3.271746 -0.539469
v 0.941170 3.296151 -0.734205
v 0.951237 3.278863 -0.746473
v 0.967218 3.271746 -0.765945
v 0.690826 3.296151 -0.880898
v 0.696608 3.278862 -0.895680
v 0.705788 3.271745 -0.919136
v 0.407410 3.296146 -0.943036
v 0.408344 3.278857 -0.958877
v 0.409824 3.271740 -0.984020
v 0.118649 3.296145 -0.914543
v 0.114637 3.278856 -0.929899
v 0.108276 3.271739 -0.954273
v -0.147186 3.296149 -0.798252
v -0.155745 3.278860 -0.811620
v -0.169327 3.271743 -0.832828
v -0.364086 3.296154 -0.605516
v -0.376358 3.278865 -0.615583
v -0.395828 3.271748 -0.631561
v -0.510780 3.296153 -0.355205
v -0.525562 3.278864 -0.360988
v -0.549019 3.271747 -0.370167
v -0.572929 3.296151 -0.071779
v -0.588774 3.278862 -0.072712
v -0.613918 3.271745 -0.074192
v -0.544458 3.296151 0.217009
v -0.559814 3.278863 0.221013
v -0.584183 3.271746 0.227381
v -0.428148 3.296151 0.482849
v -0.441513 3.278863 0.491408
v -0.462727 3.271745 0.504990
v -0.235401 3.296151 0.699692
v -0.245474 3.278862 0.711960
v -0.261448 3.271745 0.731432
v 0.013306 3.301072 0.850685
v 0.012346 3.306206 0.853128
v 0.012627 3.311722 0.852413
v -0.238298 3.301067 0.703223
v -0.239963 3.306201 0.705254
v -0.239479 3.311717 0.704659
v 0.298115 3.301071 0.913163
v 0.297958 3.306205 0.915785
v 0.298006 3.311721 0.915021
v 0.588209 3.301059 0.884497
v 0.588873 3.306192 0.887038
v 0.588680 3.311708 0.886296
v 0.855408 3.301061 0.767553
v 0.856821 3.306195 0.769764
v 0.856407 3.311711 0.769121
v 1.073410 3.301073 0.573899
v 1.075443 3.306206 0.575564
v 1.074848 3.311722 0.575075
v 1.220810 3.301069 0.322403
v 1.223255 3.306204 0.323363
v 1.222542 3.311720 0.323082
v 1.283253 3.301068 0.037523
v 1.285875 3.306202 0.037680
v 1.285111 3.311718 0.037632
v 1.254652 3.301068 -0.252652
v 1.257189 3.306202 -0.253317
v 1.256445 3.311718 -0.253126
v 1.137772 3.301068 -0.519791
v 1.139984 3.306202 -0.521208
v 1.139339 3.311718 -0.520794
v 0.944067 3.301068 -0.737735
v 0.945734 3.306202 -0.739765
v 0.945246 3.311718 -0.739168
v 0.692488 3.301067 -0.885150
v 0.693447 3.306201 -0.887598
v 0.693165 3.311717 -0.886885
v 0.407681 3.301063 -0.947591
v 0.407831 3.306197 -0.950212
v 0.407787 3.311713 -0.949449
v 0.117493 3.301062 -0.918964
v 0.116829 3.306196 -0.921500
v 0.117022 3.311712 -0.920763
v -0.149649 3.301065 -0.802097
v -0.151062 3.306200 -0.804308
v -0.150654 3.311716 -0.803665
v -0.367615 3.301070 -0.608412
v -0.369648 3.306204 -0.610077
v -0.369057 3.311720 -0.609594
v -0.515034 3.301069 -0.356867
v -0.517477 3.306203 -0.357828
v -0.516762 3.311719 -0.357546
v -0.577488 3.301067 -0.072048
v -0.580109 3.306201 -0.072200
v -0.579346 3.311717 -0.072155
v -0.548874 3.301068 0.218163
v -0.551414 3.306202 0.218825
v -0.550674 3.311718 0.218630
v -0.431992 3.301068 0.485312
v -0.434204 3.306202 0.486728
v -0.433559 3.311718 0.486315
v 0.014156 3.284423 0.848508
v 0.015572 3.287868 0.844889
v 0.015587 3.292516 0.844851
v 0.298481 3.292515 0.906910
v 0.298481 3.287867 0.906952
v 0.298252 3.284422 0.910830
v 0.586628 3.292502 0.878434
v 0.586639 3.287854 0.878479
v 0.587620 3.284409 0.882236
v 0.852028 3.292504 0.762281
v 0.852049 3.287857 0.762313
v 0.854145 3.284411 0.765586
v 1.068569 3.292517 0.569926
v 1.068604 3.287869 0.569950
v 1.071606 3.284424 0.572417
v 1.214977 3.292514 0.320119
v 1.215014 3.287866 0.320134
v 1.218632 3.284420 0.321550
v 1.277000 3.292512 0.037154
v 1.277042 3.287864 0.037154
v 1.280918 3.284419 0.037387
v 1.248585 3.292512 -0.251070
v 1.248631 3.287864 -0.251083
v 1.252386 3.284419 -0.252067
v 1.132494 3.292512 -0.516412
v 1.132530 3.287865 -0.516435
v 1.135801 3.284419 -0.518530
v 0.940094 3.292512 -0.732891
v 0.940117 3.287864 -0.732923
v 0.942585 3.284419 -0.735925
v 0.690207 3.292511 -0.879318
v 0.690224 3.287863 -0.879356
v 0.691639 3.284418 -0.882976
v 0.407311 3.292506 -0.941340
v 0.407314 3.287859 -0.941382
v 0.407543 3.284413 -0.945262
v 0.119074 3.292506 -0.912901
v 0.119064 3.287858 -0.912943
v 0.118084 3.284412 -0.916701
v -0.146271 3.292509 -0.796823
v -0.146294 3.287861 -0.796858
v -0.148388 3.284416 -0.800131
v -0.362774 3.292514 -0.604442
v -0.362806 3.287866 -0.604469
v -0.365808 3.284421 -0.606931
v -0.509199 3.292513 -0.354587
v -0.509239 3.287865 -0.354604
v -0.512857 3.284420 -0.356016
v -0.571232 3.292511 -0.071680
v -0.571276 3.287863 -0.071682
v -0.575153 3.284418 -0.071912
v -0.542816 3.292512 0.216578
v -0.542854 3.287864 0.216591
v -0.546612 3.284419 0.217570
v -0.426716 3.292511 0.481934
v -0.426754 3.287864 0.481959
v -0.430023 3.284418 0.484051
v -0.234325 3.292511 0.698379
v -0.234352 3.287863 0.698412
v -0.236816 3.284418 0.701413
v -1.372379 1.521111 -0.118858
v -1.256569 1.521113 -0.647030
v -1.319319 1.521111 0.419310
v -0.983200 1.521112 -1.113484
v -1.102577 1.521110 0.914703
v -0.578997 1.521108 -1.472638
v -0.743393 1.521111 1.318796
v -0.083603 1.521103 -1.689339
v -0.276817 1.521115 1.592264
v 0.454516 1.521104 -1.742434
v 0.251333 1.521113 1.708126
v 0.982651 1.521110 -1.626665
v 0.789249 1.521099 1.654939
v 1.449181 1.521111 -1.353286
v 1.284750 1.521102 1.438071
v 1.808386 1.521111 -0.949140
v 1.689060 1.521116 1.078966
v 2.025116 1.521111 -0.453764
v 1.962374 1.521113 0.612625
v 2.078163 1.521110 0.084347
v -0.669512 2.921962 -0.077467
v -0.689045 2.913191 -0.078617
v -0.703285 2.899266 -0.079454
v -0.710245 2.882128 -0.079863
v -0.708950 2.864156 -0.079786
v -0.600882 2.921965 -0.390464
v -0.619102 2.913193 -0.397592
v -0.632389 2.899269 -0.402792
v -0.638874 2.882130 -0.405328
v -0.637676 2.864158 -0.404859
v -0.638069 2.921963 0.241448
v -0.657003 2.913191 0.246388
v -0.670803 2.899267 0.249993
v -0.677547 2.882128 0.251751
v -0.676296 2.864157 0.251426
v -0.438881 2.921965 -0.666887
v -0.454010 2.913193 -0.679304
v -0.465034 2.899269 -0.688348
v -0.470425 2.882131 -0.692772
v -0.469421 2.864159 -0.691950
v -0.509628 2.921962 0.535021
v -0.526108 2.913191 0.545572
v -0.538116 2.899266 0.553261
v -0.543987 2.882128 0.557020
v -0.542900 2.864156 0.556323
v -0.199352 2.921961 -0.879726
v -0.209904 2.913189 -0.896209
v -0.217596 2.899265 -0.908220
v -0.221352 2.882126 -0.914091
v -0.220653 2.864154 -0.913002
v -0.296776 2.921963 0.774485
v -0.309189 2.913191 0.789615
v -0.318233 2.899267 0.800640
v -0.322655 2.882128 0.806027
v -0.321838 2.864156 0.805026
v 0.094212 2.921957 -1.008152
v 0.089270 2.913185 -1.027082
v 0.085667 2.899260 -1.040879
v 0.083904 2.882121 -1.047624
v 0.084232 2.864150 -1.046375
v -0.020283 2.921967 0.936535
v -0.027416 2.913195 0.954758
v -0.032614 2.899271 0.968039
v -0.035152 2.882133 0.974530
v -0.034683 2.864161 0.973328
v 0.413099 2.921957 -1.039610
v 0.414249 2.913186 -1.059145
v 0.415085 2.899261 -1.073385
v 0.415493 2.882123 -1.080345
v 0.415419 2.864151 -1.079050
v 0.292702 2.921966 1.005200
v 0.291550 2.913194 1.024733
v 0.290714 2.899269 1.038972
v 0.290306 2.882131 1.045927
v 0.290382 2.864159 1.044640
v 0.726078 2.921962 -0.970998
v 0.733212 2.913191 -0.989223
v 0.738407 2.899266 -1.002506
v 0.740948 2.882128 -1.008993
v 0.740473 2.864156 -1.007789
v 0.611485 2.921952 0.973688
v 0.616432 2.913181 0.992621
v 0.620033 2.899256 1.006420
v 0.621796 2.882117 1.013170
v 0.621466 2.864146 1.011914
v 1.002544 2.921963 -0.808999
v 1.014957 2.913191 -0.824125
v 1.024004 2.899267 -0.835150
v 1.028425 2.882128 -0.840537
v 1.027607 2.864157 -0.839538
v 0.905109 2.921956 0.845178
v 0.915657 2.913184 0.861657
v 0.923348 2.899260 0.873668
v 0.927105 2.882121 0.879536
v 0.926407 2.864149 0.878446
v 1.215412 2.921963 -0.569496
v 1.231890 2.913191 -0.580049
v 1.243897 2.899267 -0.587742
v 1.249769 2.882129 -0.591495
v 1.248682 2.864157 -0.590799
v 1.144684 2.921968 0.632371
v 1.159809 2.913196 0.644783
v 1.170832 2.899272 0.653834
v 1.176224 2.882133 0.658255
v 1.175224 2.864162 0.657433
v 1.343845 2.921963 -0.275939
v 1.362780 2.913191 -0.280881
v 1.376577 2.899267 -0.284483
v 1.383324 2.882128 -0.286243
v 1.382071 2.864157 -0.285918
v 1.306664 2.921965 0.356004
v 1.324886 2.913193 0.363135
v 1.338169 2.899269 0.368327
v 1.344654 2.882131 0.370872
v 1.343452 2.864159 0.370398
v 1.375279 2.921962 0.042941
v 1.394812 2.913191 0.044093
v 1.409054 2.899266 0.044930
v 1.416008 2.882128 0.045340
v 1.414719 2.864156 0.045262
v -0.555164 2.975267 -0.070737
v -0.548508 2.972260 -0.070347
v -0.545864 2.966496 -0.070189
v -0.494213 2.975268 -0.348724
v -0.488001 2.972262 -0.346293
v -0.485537 2.966498 -0.345330
v -0.527241 2.975267 0.212513
v -0.520786 2.972261 0.210829
v -0.518223 2.966496 0.210162
v -0.350338 2.975269 -0.594225
v -0.345180 2.972263 -0.589992
v -0.343136 2.966499 -0.588312
v -0.413164 2.975267 0.473255
v -0.407547 2.972260 0.469660
v -0.405317 2.966496 0.468232
v -0.137600 2.975265 -0.783262
v -0.133999 2.972259 -0.777643
v -0.132576 2.966495 -0.775415
v -0.224117 2.975267 0.685940
v -0.219887 2.972260 0.680781
v -0.218204 2.966496 0.678733
v 0.123142 2.975262 -0.897323
v 0.124828 2.972255 -0.890868
v 0.125496 2.966491 -0.888306
v 0.021462 2.975270 0.829871
v 0.023893 2.972264 0.823658
v 0.024857 2.966500 0.821194
v 0.406376 2.975263 -0.925268
v 0.405985 2.972256 -0.918608
v 0.405830 2.966492 -0.915968
v 0.299423 2.975270 0.890850
v 0.299814 2.972264 0.884190
v 0.299969 2.966499 0.881548
v 0.684347 2.975267 -0.864328
v 0.681913 2.972260 -0.858118
v 0.680950 2.966496 -0.855651
v 0.582535 2.975258 0.862870
v 0.580849 2.972252 0.856413
v 0.580177 2.966487 0.853854
v 0.929890 2.975267 -0.720446
v 0.925655 2.972261 -0.715289
v 0.923977 2.966496 -0.713243
v 0.843353 2.975261 0.748711
v 0.839760 2.972255 0.743094
v 0.838333 2.966490 0.740862
v 1.118944 2.975267 -0.507736
v 1.113325 2.972261 -0.504139
v 1.111097 2.966497 -0.502712
v 1.056145 2.975272 0.559697
v 1.050987 2.972265 0.555466
v 1.048943 2.966501 0.553786
v 1.233013 2.975267 -0.247009
v 1.226561 2.972261 -0.245323
v 1.223997 2.966496 -0.244653
v 1.199991 2.975269 0.314265
v 1.193779 2.972263 0.311835
v 1.191315 2.966498 0.310868
v 1.260937 2.975267 0.036214
v 1.254276 2.972260 0.035825
v 1.251633 2.966496 0.035672
v -0.545864 2.962232 -0.070189
v -0.548180 2.956468 -0.070327
v -0.554245 2.952878 -0.070682
v -0.485537 2.962234 -0.345330
v -0.487698 2.956469 -0.346174
v -0.493351 2.952880 -0.348388
v -0.518223 2.962232 0.210162
v -0.520470 2.956468 0.210747
v -0.526348 2.952878 0.212281
v -0.343136 2.962235 -0.588312
v -0.344927 2.956470 -0.589783
v -0.349623 2.952881 -0.593637
v -0.405317 2.962232 0.468232
v -0.407268 2.956468 0.469482
v -0.412384 2.952878 0.472758
v -0.132576 2.962231 -0.775415
v -0.133823 2.956466 -0.777366
v -0.137102 2.952877 -0.782482
v -0.218204 2.962232 0.678733
v -0.219677 2.956468 0.680525
v -0.223530 2.952878 0.685225
v 0.125496 2.962227 -0.888306
v 0.124912 2.956463 -0.890548
v 0.123375 2.952873 -0.896427
v 0.024857 2.962236 0.821194
v 0.024012 2.956471 0.823351
v 0.021797 2.952882 0.829008
v 0.405830 2.962228 -0.915968
v 0.405964 2.956464 -0.918281
v 0.406323 2.952874 -0.924346
v 0.299969 2.962235 0.881548
v 0.299831 2.956471 0.883860
v 0.299477 2.952881 0.889929
v 0.680950 2.962232 -0.855651
v 0.681795 2.956468 -0.857811
v 0.684010 2.952878 -0.863470
v 0.580177 2.962223 0.853854
v 0.580763 2.956459 0.856095
v 0.582298 2.952869 0.861972
v 0.923975 2.962232 -0.713245
v 0.925448 2.956468 -0.715037
v 0.929298 2.952878 -0.719730
v 0.838333 2.962226 0.740862
v 0.839579 2.956462 0.742817
v 0.842857 2.952872 0.747935
v 1.111097 2.962233 -0.502712
v 1.113049 2.956469 -0.503961
v 1.118162 2.952879 -0.507236
v 1.048943 2.962237 0.553786
v 1.050736 2.956473 0.555256
v 1.055431 2.952883 0.559109
v 1.223997 2.962232 -0.244653
v 1.226242 2.956468 -0.245238
v 1.232122 2.952878 -0.246774
v 1.191315 2.962234 0.310868
v 1.193470 2.956470 0.311714
v 1.199131 2.952880 0.313929
v 1.251633 2.962232 0.035672
v 1.253948 2.956468 0.035807
v 1.260014 2.952878 0.036162
v -0.710903 2.604132 -0.079907
v -0.695669 2.649282 -0.079009
v -0.686882 2.695551 -0.078489
v -0.684647 2.742331 -0.078357
v -0.689001 2.789005 -0.078615
v -0.699882 2.834964 -0.079256
v -0.639492 2.604134 -0.405573
v -0.625286 2.649284 -0.400012
v -0.617086 2.695554 -0.396805
v -0.615002 2.742333 -0.395986
v -0.619064 2.789008 -0.397576
v -0.629211 2.834967 -0.401552
v -0.678184 2.604132 0.251919
v -0.663422 2.649282 0.248066
v -0.654907 2.695552 0.245844
v -0.652739 2.742331 0.245278
v -0.656956 2.789006 0.246376
v -0.667503 2.834965 0.249131
v -0.470936 2.604135 -0.693186
v -0.459143 2.649284 -0.683508
v -0.452333 2.695554 -0.677925
v -0.450603 2.742333 -0.676504
v -0.453972 2.789008 -0.679271
v -0.462400 2.834967 -0.686186
v -0.544544 2.604131 0.557375
v -0.531696 2.649281 0.549151
v -0.524281 2.695551 0.544401
v -0.522396 2.742331 0.543196
v -0.526068 2.789005 0.545546
v -0.535248 2.834964 0.551424
v -0.221706 2.604130 -0.914642
v -0.213482 2.649280 -0.901794
v -0.208736 2.695549 -0.894380
v -0.207527 2.742329 -0.892494
v -0.209877 2.789003 -0.896166
v -0.215755 2.834962 -0.905349
v -0.323074 2.604131 0.806533
v -0.313396 2.649282 0.794741
v -0.307812 2.695551 0.787935
v -0.306393 2.742331 0.786206
v -0.309158 2.789005 0.789574
v -0.316071 2.834964 0.798003
v 0.083742 2.604125 -1.048258
v 0.087595 2.649275 -1.033500
v 0.089817 2.695545 -1.024979
v 0.090382 2.742324 -1.022819
v 0.089279 2.788999 -1.027036
v 0.086525 2.834957 -1.037584
v -0.035393 2.604136 0.975149
v -0.029831 2.649286 0.960944
v -0.026623 2.695556 0.952742
v -0.025808 2.742336 0.950657
v -0.027397 2.789010 0.954714
v -0.031368 2.834969 0.964865
v 0.415539 2.604126 -1.080997
v 0.414642 2.649277 -1.065769
v 0.414124 2.695546 -1.056982
v 0.413994 2.742326 -1.054744
v 0.414244 2.789000 -1.059095
v 0.414887 2.834959 -1.069980
v 0.290264 2.604135 1.046592
v 0.291161 2.649285 1.031359
v 0.291676 2.695555 1.022570
v 0.291807 2.742334 1.020337
v 0.291554 2.789009 1.024687
v 0.290911 2.834968 1.035570
v 0.741188 2.604132 -1.009609
v 0.735628 2.649282 -0.995402
v 0.732416 2.695551 -0.987201
v 0.731606 2.742331 -0.985119
v 0.733192 2.789005 -0.989177
v 0.737165 2.834964 -0.999330
v 0.621952 2.604121 1.013802
v 0.618095 2.649271 0.999039
v 0.615871 2.695541 0.990522
v 0.615307 2.742321 0.988358
v 0.616413 2.788995 0.992579
v 0.619167 2.834954 1.003122
v 1.028843 2.604132 -0.841049
v 1.019165 2.649282 -0.829254
v 1.013580 2.695552 -0.822448
v 1.012159 2.742331 -0.820716
v 1.014927 2.789006 -0.824089
v 1.021841 2.834965 -0.832515
v 0.927460 2.604124 0.880086
v 0.919235 2.649274 0.867238
v 0.914490 2.695544 0.859828
v 0.913281 2.742324 0.857942
v 0.915632 2.788998 0.861614
v 0.921509 2.834957 0.870795
v 1.250326 2.604133 -0.591852
v 1.237480 2.649282 -0.583626
v 1.230064 2.695552 -0.578878
v 1.228180 2.742332 -0.577672
v 1.231850 2.789006 -0.580022
v 1.241032 2.834965 -0.585901
v 1.176739 2.604137 0.658667
v 1.164948 2.649287 0.648985
v 1.158135 2.695557 0.643400
v 1.156406 2.742337 0.641982
v 1.159777 2.789011 0.644752
v 1.168201 2.834970 0.651667
v 1.383961 2.604132 -0.286409
v 1.369198 2.649282 -0.282558
v 1.360680 2.695552 -0.280332
v 1.358517 2.742331 -0.279768
v 1.362734 2.789006 -0.280866
v 1.373280 2.834965 -0.283622
v 1.345272 2.604135 0.371112
v 1.331066 2.649284 0.365555
v 1.322865 2.695554 0.362345
v 1.320782 2.742334 0.361527
v 1.324839 2.789008 0.363114
v 1.334991 2.834967 0.367087
v 1.416668 2.604132 0.045382
v 1.401440 2.649282 0.044485
v 1.392647 2.695551 0.043968
v 1.390413 2.742331 0.043835
v 1.394768 2.789005 0.044092
v 1.405647 2.834964 0.044733
v -1.354258 2.004860 -0.117786
v -1.405277 1.941720 -0.120789
v -1.440586 1.871832 -0.122866
v -1.458885 1.797776 -0.123949
v -1.459499 1.722277 -0.123983
v -1.442402 1.648107 -0.122980
v -1.408215 1.577983 -0.120968
v -1.239662 2.004862 -0.640413
v -1.287258 1.941722 -0.659036
v -1.320196 1.871835 -0.671925
v -1.337269 1.797778 -0.678604
v -1.337843 1.722279 -0.678828
v -1.321888 1.648109 -0.672587
v -1.289997 1.577986 -0.660108
v -1.301756 2.004860 0.414719
v -1.351204 1.941720 0.427630
v -1.385429 1.871832 0.436564
v -1.403168 1.797776 0.441195
v -1.403759 1.722277 0.441351
v -1.387184 1.648107 0.437025
v -1.354053 1.577984 0.428376
v -0.969160 2.004861 -1.101982
v -1.008663 1.941722 -1.134400
v -1.036011 1.871834 -1.156838
v -1.050182 1.797778 -1.168464
v -1.050663 1.722279 -1.168852
v -1.037420 1.648109 -1.157983
v -1.010952 1.577986 -1.136257
v -1.087292 2.004859 0.904915
v -1.130329 1.941720 0.932473
v -1.160118 1.871832 0.951546
v -1.175556 1.797776 0.961433
v -1.176075 1.722276 0.961766
v -1.161648 1.648106 0.952528
v -1.132809 1.577983 0.934061
v -0.569199 2.004858 -1.457370
v -0.596756 1.941718 -1.500407
v -0.615826 1.871830 -1.530193
v -0.625713 1.797774 -1.545631
v -0.626045 1.722275 -1.546148
v -0.616814 1.648105 -1.531715
v -0.598350 1.577982 -1.502874
v -0.731880 2.004860 1.304758
v -0.764297 1.941720 1.344267
v -0.786739 1.871832 1.371613
v -0.798365 1.797776 1.385786
v -0.798752 1.722277 1.386259
v -0.787888 1.648107 1.373019
v -0.766165 1.577984 1.346546
v -0.079025 2.004855 -1.671790
v -0.091934 1.941714 -1.721233
v -0.100868 1.871826 -1.755460
v -0.105495 1.797769 -1.773197
v -0.105652 1.722270 -1.773786
v -0.101322 1.648100 -1.757213
v -0.092672 1.577977 -1.724078
v -0.270222 2.004862 1.575347
v -0.288845 1.941723 1.622944
v -0.301731 1.871836 1.655886
v -0.308407 1.797780 1.672959
v -0.308628 1.722281 1.673531
v -0.302385 1.648110 1.657582
v -0.289902 1.577986 1.625696
v 0.453426 2.004855 -1.724329
v 0.456430 1.941714 -1.775343
v 0.458511 1.871826 -1.810653
v 0.459591 1.797770 -1.828952
v 0.459633 1.722270 -1.829565
v 0.458630 1.648101 -1.812463
v 0.456621 1.577978 -1.778278
v 0.252413 2.004860 1.690000
v 0.249411 1.941721 1.741022
v 0.247330 1.871834 1.776333
v 0.246252 1.797777 1.794636
v 0.246216 1.722278 1.795249
v 0.247219 1.648108 1.778147
v 0.249226 1.577985 1.743965
v 0.976028 2.004859 -1.609768
v 0.994650 1.941719 -1.657362
v 1.007538 1.871831 -1.690302
v 1.014221 1.797775 -1.707373
v 1.014444 1.722276 -1.707945
v 1.008204 1.648106 -1.691988
v 0.995729 1.577983 -1.660097
v 0.784718 2.004849 1.637375
v 0.797623 1.941709 1.686821
v 0.806555 1.871821 1.721047
v 0.811180 1.797764 1.738782
v 0.811325 1.722265 1.739376
v 0.806988 1.648095 1.722805
v 0.798328 1.577972 1.689675
v 1.437664 2.004860 -1.339262
v 1.470081 1.941720 -1.378769
v 1.492519 1.871832 -1.406117
v 1.504150 1.797776 -1.420280
v 1.504540 1.722277 -1.420757
v 1.493675 1.648107 -1.407516
v 1.471952 1.577983 -1.381041
v 1.274952 2.004853 1.422806
v 1.302506 1.941712 1.465842
v 1.321581 1.871825 1.495630
v 1.331465 1.797769 1.511068
v 1.331799 1.722269 1.511578
v 1.322563 1.648100 1.497151
v 1.304104 1.577976 1.468308
v 1.793097 2.004860 -0.939356
v 1.836138 1.941720 -0.966911
v 1.865927 1.871832 -0.985984
v 1.881367 1.797776 -0.995867
v 1.881882 1.722277 -0.996198
v 1.867458 1.648107 -0.986962
v 1.838619 1.577984 -0.968496
v 1.674992 2.004863 1.067490
v 1.714502 1.941724 1.099909
v 1.741852 1.871837 1.122345
v 1.756025 1.797781 1.133969
v 1.756504 1.722281 1.134350
v 1.743271 1.648111 1.123476
v 1.716805 1.577988 1.101746
v 2.007553 2.004859 -0.449180
v 2.057003 1.941720 -0.462089
v 2.091229 1.871832 -0.471025
v 2.108969 1.797776 -0.475654
v 2.109562 1.722276 -0.475807
v 2.092985 1.648107 -0.471477
v 2.059853 1.577983 -0.462833
v 1.945469 2.004861 0.605994
v 1.993061 1.941721 0.624621
v 2.026001 1.871834 0.637513
v 2.043074 1.797778 0.644196
v 2.043648 1.722279 0.644423
v 2.027697 1.648108 0.638180
v 1.995806 1.577985 0.625704
v 2.060040 2.004859 0.083266
v 2.111059 1.941719 0.086272
v 2.146368 1.871831 0.088351
v 2.164665 1.797775 0.089426
v 2.165283 1.722276 0.089466
v 2.148184 1.648106 0.088463
v 2.113997 1.577982 0.086457
v -0.973064 2.369751 -0.095340
v -1.089165 2.263812 -0.102177
v -1.202574 2.155997 -0.108855
v -1.313236 2.046354 -0.115369
v -0.884056 2.369752 -0.501268
v -0.992363 2.263814 -0.543649
v -1.098156 2.156000 -0.585041
v -1.201393 2.046357 -0.625437
v -0.932285 2.369750 0.318260
v -1.044815 2.263811 0.347643
v -1.154736 2.155998 0.376338
v -1.261997 2.046354 0.404337
v -0.673958 2.369753 -0.859769
v -0.763866 2.263814 -0.933539
v -0.851688 2.156000 -1.005595
v -0.937391 2.046357 -1.075916
v -0.765711 2.369749 0.698998
v -0.863651 2.263811 0.761717
v -0.959324 2.155997 0.822979
v -1.052685 2.046354 0.882757
v -0.363308 2.369751 -1.135793
v -0.426018 2.263810 -1.233736
v -0.487270 2.155995 -1.329408
v -0.547043 2.046350 -1.422764
v -0.489662 2.369749 1.009562
v -0.563435 2.263811 1.099470
v -0.635494 2.155998 1.187295
v -0.705814 2.046355 1.272991
v 0.017418 2.369747 -1.302341
v -0.011959 2.263805 -1.414867
v -0.040649 2.155989 -1.524780
v -0.068649 2.046343 -1.632041
v -0.131081 2.369751 1.219731
v -0.173458 2.263814 1.328041
v -0.214851 2.156003 1.433837
v -0.255245 2.046362 1.537073
v 0.430979 2.369748 -1.343149
v 0.437817 2.263806 -1.459247
v 0.444496 2.155990 -1.572653
v 0.451012 2.046344 -1.683313
v 0.274838 2.369750 1.308781
v 0.268005 2.263813 1.424886
v 0.261337 2.156001 1.538301
v 0.254826 2.046359 1.648976
v 0.836884 2.369751 -1.254169
v 0.879263 2.263812 -1.362474
v 0.920658 2.155997 -1.468265
v 0.961056 2.046353 -1.571500
v 0.688269 2.369741 1.267903
v 0.717646 2.263801 1.380434
v 0.746338 2.155985 1.490357
v 0.774338 2.046339 1.597618
v 1.195435 2.369751 -1.044069
v 1.269213 2.263812 -1.133973
v 1.341274 2.155998 -1.221794
v 1.411598 2.046354 -1.307495
v 1.069061 2.369743 1.101241
v 1.131773 2.263803 1.199181
v 1.193028 2.155989 1.294848
v 1.252798 2.046344 1.388204
v 1.471504 2.369750 -0.733459
v 1.569450 2.263812 -0.796165
v 1.665125 2.155998 -0.857422
v 1.758488 2.046355 -0.917196
v 1.379784 2.369751 0.825261
v 1.469692 2.263815 0.899034
v 1.557518 2.156004 0.971095
v 1.643223 2.046363 1.041419
v 1.638073 2.369749 -0.352739
v 1.750605 2.263811 -0.382112
v 1.860527 2.155998 -0.410803
v 1.967793 2.046355 -0.438801
v 1.589850 2.369750 0.466828
v 1.698162 2.263813 0.509213
v 1.803961 2.156001 0.550617
v 1.907196 2.046359 0.591017
v 1.678841 2.369748 0.060820
v 1.794941 2.263811 0.067659
v 1.908352 2.155998 0.074333
v 2.019018 2.046355 0.080851
v -1.431257 0.963555 -0.122327
v -1.311497 0.963557 -0.668520
v -1.376385 0.963555 0.434203
v -1.028797 0.963557 -1.150898
v -1.152248 0.963555 0.946508
v -0.610798 0.963552 -1.522307
v -0.780804 0.963555 1.364393
v -0.098501 0.963547 -1.746402
v -0.298313 0.963560 1.647193
v 0.457979 0.963548 -1.801315
v 0.247871 0.963558 1.767008
v 1.004141 0.963554 -1.681592
v 0.804144 0.963543 1.712005
v 1.486595 0.963555 -1.398885
v 1.316547 0.963546 1.487737
v 1.858059 0.963556 -0.980944
v 1.734657 0.963561 1.116383
v 2.082188 0.963555 -0.468662
v 2.017300 0.963558 0.634117
v 2.137041 0.963555 0.087815
v 0.184521 0.868801 -0.027149
v 0.195801 0.868801 -0.078750
v 0.352882 0.868801 -0.017245
v 0.222534 0.868801 -0.124214
v 0.189669 0.868801 0.025351
v 0.261940 0.868801 -0.159342
v 0.210791 0.868801 0.073670
v 0.245857 0.868801 0.113144
v 0.310303 0.868801 -0.180480
v 0.362852 0.868801 -0.185600
v 0.291433 0.868801 0.139918
v 0.414427 0.868801 -0.174245
v 0.342926 0.868801 0.151141
v 0.459890 0.868801 -0.147649
v 0.395474 0.868801 0.146015
v 0.495003 0.868801 -0.108102
v 0.443829 0.868801 0.124871
v 0.516117 0.868801 -0.059799
v 0.483276 0.868801 0.089800
v 0.509975 0.868801 0.044290
v 0.521294 0.868801 -0.007261
v -0.102379 0.868804 -0.195356
v -0.135174 0.868804 -0.045993
v -0.279076 0.868804 -0.054472
v -0.236643 0.868804 -0.247898
v -0.120121 0.868804 0.106295
v -0.259613 0.868804 0.142692
v -0.025066 0.868804 -0.327356
v -0.136522 0.868804 -0.418746
v -0.058880 0.868804 0.246477
v -0.180225 0.868804 0.324080
v 0.089275 0.868804 -0.428943
v 0.011543 0.868804 -0.550311
v 0.042793 0.868804 -0.138500
v 0.020466 0.868804 -0.036764
v 0.095425 0.868804 -0.228447
v 0.030682 0.868804 0.066887
v 0.072466 0.868804 0.162349
v 0.173328 0.868804 -0.297599
v 0.042728 0.868804 0.360783
v -0.048601 0.868804 0.472191
v 0.229406 0.868804 -0.490258
v 0.193008 0.868804 -0.629726
v 0.141819 0.868804 0.240040
v 0.268799 0.868804 -0.339458
v 0.174721 0.868804 0.438118
v 0.122269 0.868804 0.572370
v 0.381626 0.868804 -0.505260
v 0.390148 0.868804 -0.649145
v 0.231644 0.868804 0.292674
v 0.372513 0.868804 -0.349624
v 0.474300 0.868804 -0.327256
v 0.333336 0.868804 0.314972
v 0.324181 0.868804 0.470927
v 0.315525 0.868804 0.614687
v 0.531036 0.868804 -0.472497
v 0.583572 0.868804 -0.606741
v 0.436962 0.868804 0.304777
v 0.564116 0.868804 -0.274676
v 0.476418 0.868804 0.455893
v 0.663010 0.868804 -0.395160
v 0.532343 0.868804 0.263043
v 0.633141 0.868804 -0.196659
v 0.512672 0.868804 0.595123
v 0.754459 0.868804 -0.506591
v 0.610149 0.868804 0.193860
v 0.674875 0.868804 -0.101274
v 0.662787 0.868804 0.104035
v 0.685089 0.868804 0.002337
v 0.616560 0.868804 0.394549
v 0.764618 0.868804 -0.280841
v 0.694321 0.868804 0.515765
v 0.886019 0.868804 -0.358572
v 0.730885 0.868804 0.292933
v 0.826006 0.868804 -0.140736
v 0.808220 0.868804 0.160919
v 0.841045 0.868804 0.011565
v 0.842403 0.868804 0.384186
v 0.965389 0.868804 -0.177120
v 0.942429 0.868804 0.213549
v 0.984816 0.868804 0.019999
v -1.431259 0.868808 -0.122329
v -1.311497 0.868810 -0.668522
v -1.376385 0.868808 0.434205
v -1.028797 0.868810 -1.150898
v -1.152248 0.868808 0.946508
v -0.610798 0.868805 -1.522307
v -0.780804 0.868808 1.364393
v -0.098501 0.868800 -1.746402
v -0.298313 0.868812 1.647196
v 0.457985 0.868801 -1.801313
v 0.247868 0.868811 1.767007
v 1.004141 0.868807 -1.681592
v 0.804142 0.868796 1.712006
v 1.486595 0.868808 -1.398885
v 1.316546 0.868799 1.487736
v 1.858059 0.868809 -0.980944
v 1.734661 0.868814 1.116381
v 2.082188 0.868808 -0.468662
v 2.017302 0.868810 0.634119
v 2.137041 0.868808 0.087815
v -1.331161 1.487947 -0.116436
v -1.324724 1.478946 -0.116053
v -1.324724 1.468527 -0.116053
v -1.331161 1.459526 -0.116436
v -1.218119 1.487949 -0.631982
v -1.212109 1.478948 -0.629633
v -1.212109 1.468529 -0.629633
v -1.218121 1.459528 -0.631981
v -1.279369 1.487947 0.408879
v -1.273128 1.478946 0.407247
v -1.273128 1.468527 0.407247
v -1.279369 1.459526 0.408879
v -0.951284 1.487949 -1.087288
v -0.946297 1.478948 -1.083198
v -0.946297 1.468529 -1.083198
v -0.951288 1.459528 -1.087290
v -1.067806 1.487947 0.892440
v -1.062374 1.478945 0.888962
v -1.062374 1.468527 0.888962
v -1.067806 1.459526 0.892440
v -0.556738 1.487945 -1.437864
v -0.553261 1.478943 -1.432429
v -0.553261 1.468525 -1.432429
v -0.556738 1.459523 -1.437864
v -0.717205 1.487947 1.286879
v -0.713112 1.478946 1.281892
v -0.713112 1.468527 1.281892
v -0.717205 1.459526 1.286879
v -0.073177 1.487940 -1.649391
v -0.071545 1.478938 -1.643149
v -0.071545 1.468520 -1.643149
v -0.073177 1.459518 -1.649391
v -0.261770 1.487951 1.553819
v -0.259418 1.478950 1.547809
v -0.259418 1.468531 1.547809
v -0.261770 1.459530 1.553819
v 0.452091 1.487941 -1.701220
v 0.451714 1.478939 -1.694780
v 0.451714 1.468521 -1.694780
v 0.452091 1.459520 -1.701220
v 0.253754 1.487950 1.666910
v 0.254131 1.478948 1.660471
v 0.254131 1.468530 1.660471
v 0.253754 1.459529 1.666910
v 0.967608 1.487947 -1.588216
v 0.965258 1.478945 -1.582210
v 0.965258 1.468527 -1.582210
v 0.967608 1.459526 -1.588216
v 0.778812 1.487936 1.614997
v 0.777180 1.478935 1.608754
v 0.777180 1.468516 1.608754
v 0.778811 1.459515 1.614998
v 1.422993 1.487947 -1.321372
v 1.418901 1.478946 -1.316383
v 1.418901 1.468527 -1.316383
v 1.422993 1.459526 -1.321372
v 1.262491 1.487939 1.403300
v 1.259010 1.478938 1.397866
v 1.259010 1.468519 1.397866
v 1.262491 1.459518 1.403300
v 1.773617 1.487948 -0.926878
v 1.768185 1.478946 -0.923399
v 1.768185 1.468528 -0.923399
v 1.773617 1.459526 -0.926878
v 1.657146 1.487953 1.052771
v 1.652159 1.478951 1.048682
v 1.652159 1.468533 1.048682
v 1.657146 1.459531 1.052771
v 1.985169 1.487947 -0.443338
v 1.978928 1.478946 -0.441708
v 1.978928 1.468527 -0.441708
v 1.985169 1.459526 -0.443338
v 1.923927 1.487949 0.597582
v 1.917915 1.478948 0.595230
v 1.917915 1.468530 0.595230
v 1.923927 1.459528 0.597582
v 2.036949 1.487947 0.081923
v 2.030506 1.478945 0.081544
v 2.030506 1.468527 0.081544
v 2.036949 1.459526 0.081923
v -1.431255 1.344824 -0.122326
v -1.427761 1.366169 -0.122121
v -1.417515 1.386068 -0.121515
v -1.401230 1.403148 -0.120560
v -1.311491 1.344826 -0.668520
v -1.308235 1.366170 -0.667244
v -1.298672 1.386070 -0.663501
v -1.283482 1.403150 -0.657560
v -1.376385 1.344824 0.434205
v -1.372997 1.366169 0.433322
v -1.363064 1.386068 0.430727
v -1.347282 1.403148 0.426607
v -1.028793 1.344826 -1.150900
v -1.026085 1.366170 -1.148675
v -1.018154 1.386070 -1.142164
v -1.005547 1.403150 -1.131818
v -1.152248 1.344824 0.946508
v -1.149300 1.366168 0.944619
v -1.140655 1.386068 0.939083
v -1.126919 1.403148 0.930289
v -0.610794 1.344821 -1.522310
v -0.608906 1.366166 -1.519361
v -0.603373 1.386065 -1.510717
v -0.594585 1.403145 -1.496978
v -0.780807 1.344824 1.364387
v -0.778583 1.366169 1.361681
v -0.772072 1.386068 1.353749
v -0.761728 1.403148 1.341137
v -0.098499 1.344816 -1.746406
v -0.097614 1.366160 -1.743019
v -0.095026 1.386060 -1.733089
v -0.090904 1.403140 -1.717303
v -0.298313 1.344828 1.647191
v -0.297035 1.366173 1.643929
v -0.293297 1.386072 1.634370
v -0.287353 1.403152 1.619183
v 0.457977 1.344817 -1.801315
v 0.457771 1.366161 -1.797818
v 0.457169 1.386061 -1.787571
v 0.456211 1.403141 -1.771290
v 0.247871 1.344827 1.767005
v 0.248076 1.366171 1.763512
v 0.248680 1.386071 1.753264
v 0.249638 1.403151 1.736981
v 1.004139 1.344823 -1.681590
v 1.002861 1.366168 -1.678331
v 0.999123 1.386067 -1.668770
v 0.993179 1.403147 -1.653581
v 0.804150 1.344812 1.712006
v 0.803268 1.366157 1.708616
v 0.800674 1.386056 1.698685
v 0.796551 1.403136 1.682904
v 1.486591 1.344824 -1.398884
v 1.484373 1.366169 -1.396181
v 1.477861 1.386068 -1.388242
v 1.467514 1.403148 -1.375634
v 1.316544 1.344815 1.487740
v 1.314655 1.366160 1.484793
v 1.309124 1.386059 1.476149
v 1.300331 1.403139 1.462411
v 1.858059 1.344825 -0.980944
v 1.855110 1.366169 -0.979056
v 1.846464 1.386069 -0.973520
v 1.832727 1.403149 -0.964725
v 1.734650 1.344830 1.116388
v 1.731945 1.366174 1.114168
v 1.724012 1.386074 1.107654
v 1.711403 1.403154 1.097304
v 2.082186 1.344824 -0.468661
v 2.078795 1.366169 -0.467776
v 2.068865 1.386068 -0.465183
v 2.053082 1.403148 -0.461065
v 2.017300 1.344826 0.634117
v 2.014038 1.366171 0.632841
v 2.004482 1.386070 0.629099
v 1.989292 1.403151 0.623158
v 2.137043 1.344824 0.087815
v 2.133545 1.366168 0.087607
v 2.123299 1.386068 0.087004
v 2.107014 1.403148 0.086047
v -0.328075 5.350732 -0.283697
v -0.212410 5.350733 -0.481081
v -0.041408 5.350727 -0.633060
v 0.168186 5.350724 -0.724768
v 0.395865 5.350724 -0.747213
v 0.619335 5.350728 -0.698208
v 0.816721 5.350732 -0.582541
v 0.968706 5.350732 -0.411542
v 1.060411 5.350730 -0.201943
v 1.082855 5.350730 0.025734
v 1.033848 5.350732 0.249201
v 0.918182 5.350733 0.446590
v 0.747177 5.350723 0.598569
v 0.537581 5.350722 0.690278
v 0.309908 5.350734 0.712725
v 0.086437 5.350733 0.663714
v -0.110950 5.350731 0.548051
v -0.262938 5.350732 0.377050
v -0.354637 5.350732 0.167451
v -0.377087 5.350731 -0.060226
v -0.561146 5.441139 -0.374891
v -0.405889 5.441139 -0.639835
v -0.176361 5.441130 -0.843837
v 0.104971 5.441126 -0.966924
v 0.410576 5.441126 -0.997055
v 0.710527 5.441132 -0.931278
v 0.975477 5.441137 -0.776024
v 1.179478 5.441137 -0.546494
v 1.302568 5.441135 -0.265158
v 1.332699 5.441135 0.040446
v 1.266916 5.441137 0.340399
v 1.111660 5.441137 0.605345
v 0.882128 5.441124 0.809342
v 0.600800 5.441123 0.932440
v 0.295198 5.441139 0.962569
v -0.004759 5.441139 0.896785
v -0.269709 5.441136 0.741530
v -0.473709 5.441137 0.512003
v -0.596798 5.441137 0.230667
v -0.626926 5.441136 -0.074936
v -0.303684 5.326733 -0.055905
v -0.257252 5.312290 -0.053173
v -0.214272 5.292067 -0.050640
v -0.175873 5.266588 -0.048383
v -0.143009 5.236480 -0.046447
v -0.109718 5.236480 -0.198259
v -0.140373 5.266589 -0.210251
v -0.176195 5.292068 -0.224266
v -0.216288 5.312291 -0.239956
v -0.259602 5.326734 -0.256902
v -0.283493 5.326734 0.148876
v -0.238489 5.312291 0.137129
v -0.196831 5.292068 0.126253
v -0.159615 5.266589 0.116541
v -0.127762 5.236481 0.108223
v -0.031139 5.236481 -0.332345
v -0.056591 5.266590 -0.353225
v -0.086323 5.292068 -0.377625
v -0.119610 5.312292 -0.404936
v -0.155567 5.326735 -0.434438
v -0.201012 5.326734 0.337400
v -0.161842 5.312291 0.312320
v -0.125580 5.292068 0.289105
v -0.093185 5.266589 0.268364
v -0.065464 5.236481 0.250609
v 0.085026 5.236479 -0.435592
v 0.067276 5.266587 -0.463314
v 0.046536 5.292066 -0.495708
v 0.023319 5.312289 -0.531969
v -0.001762 5.326731 -0.571140
v -0.064310 5.326733 0.491206
v -0.034805 5.312290 0.455246
v -0.007492 5.292067 0.421965
v 0.016903 5.266589 0.392224
v 0.037785 5.236481 0.366776
v 0.227413 5.236478 -0.497887
v 0.219099 5.266586 -0.529739
v 0.209385 5.292065 -0.566959
v 0.198509 5.312288 -0.608616
v 0.186760 5.326730 -0.653621
v 0.113232 5.326735 0.595241
v 0.130180 5.312292 0.551924
v 0.145866 5.292068 0.511831
v 0.159882 5.266591 0.476012
v 0.171879 5.236483 0.445357
v 0.382082 5.236478 -0.513138
v 0.384018 5.266586 -0.546000
v 0.386280 5.292065 -0.584400
v 0.388809 5.312288 -0.627380
v 0.391541 5.326729 -0.673812
v 0.314228 5.326736 0.639323
v 0.316963 5.312293 0.592890
v 0.319492 5.292070 0.549909
v 0.321753 5.266592 0.511511
v 0.323685 5.236484 0.478649
v 0.533894 5.236480 -0.479847
v 0.545887 5.266588 -0.510503
v 0.559906 5.292067 -0.546322
v 0.575592 5.312290 -0.586420
v 0.592541 5.326732 -0.629737
v 0.519007 5.326726 0.619131
v 0.507259 5.312285 0.574124
v 0.496384 5.292063 0.532471
v 0.486664 5.266585 0.495245
v 0.478348 5.236478 0.463396
v 0.667982 5.236481 -0.401273
v 0.688868 5.266589 -0.426721
v 0.713263 5.292068 -0.456457
v 0.740578 5.312291 -0.489740
v 0.770081 5.326734 -0.525699
v 0.707527 5.326728 0.536640
v 0.682446 5.312287 0.497472
v 0.659229 5.292065 0.461212
v 0.638489 5.266587 0.428816
v 0.620739 5.236480 0.401093
v 0.771233 5.236481 -0.285106
v 0.798954 5.266589 -0.302856
v 0.831348 5.292068 -0.323595
v 0.867609 5.312291 -0.346811
v 0.906780 5.326734 -0.371892
v 0.861336 5.326735 0.399948
v 0.825378 5.312293 0.370440
v 0.792095 5.292070 0.343130
v 0.762356 5.266593 0.318728
v 0.736912 5.236485 0.297849
v 0.833530 5.236482 -0.142717
v 0.865383 5.266590 -0.151033
v 0.902599 5.292068 -0.160749
v 0.944258 5.312291 -0.171626
v 0.989262 5.326733 -0.183371
v 0.965368 5.326734 0.222408
v 0.922058 5.312291 0.205464
v 0.881960 5.292068 0.189772
v 0.846142 5.266590 0.175757
v 0.815487 5.236482 0.163762
v 0.848782 5.236482 0.011950
v 0.881641 5.266590 0.013884
v 0.920040 5.292068 0.016145
v 0.963020 5.312291 0.018675
v 1.009453 5.326733 0.021411
vt 0.244496 0.466881
vt 0.276407 0.466881
vt 0.273622 0.467824
vt 0.241760 0.467824
vt 0.212586 0.466881
vt 0.210919 0.467824
vt 0.306572 0.467824
vt 0.308318 0.466881
vt 0.180677 0.466881
vt 0.180678 0.467824
vt 0.340231 0.467824
vt 0.340232 0.466881
vt 0.150437 0.467824
vt 0.148769 0.466881
vt 0.372146 0.466881
vt 0.160160 0.838434
vt 0.158273 0.834244
vt 0.172437 0.830397
vt 0.157784 0.829681
vt 0.163242 0.841835
vt 0.373892 0.467824
vt 0.158716 0.825184
vt 0.167223 0.844116
vt 0.171719 0.845056
vt 0.160999 0.821200
vt 0.164405 0.818118
vt 0.176292 0.844564
vt 0.168597 0.816237
vt 0.180471 0.842678
vt 0.119597 0.467824
vt 0.116861 0.466881
vt 0.173153 0.815738
vt 0.183877 0.839596
vt 0.177657 0.816681
vt 0.186159 0.835612
vt 0.404061 0.466881
vt 0.181636 0.818961
vt 0.187097 0.831116
vt 0.406846 0.467824
vt 0.186604 0.826552
vt 0.184721 0.822364
vt 0.087737 0.467824
vt 0.084953 0.466881
vt 0.435977 0.466881
vt 0.438713 0.467824
vt 0.054791 0.467824
vt 0.053045 0.466881
vt 0.467892 0.466881
vt 0.469560 0.467824
vt 0.210921 0.578062
vt 0.210921 0.574695
vt 0.241763 0.574069
vt 0.021136 0.467824
vt 0.021135 0.466881
vt 0.499808 0.466881
vt 0.499808 0.467824
vt 0.273624 0.582763
vt 0.273624 0.587188
vt 0.241762 0.588614
vt 0.625716 0.467824
vt 0.530056 0.467824
vt 0.531723 0.466881
vt 0.595550 0.466881
vt 0.592766 0.467824
vt 0.560902 0.467824
vt 0.563637 0.466881
vt 0.119596 0.574069
vt 0.150437 0.574695
vt 0.150437 0.578062
vt 0.119596 0.588614
vt 0.087736 0.587188
vt 0.087736 0.582763
vt 0.273598 0.621015
vt 0.276385 0.621406
vt 0.244476 0.621406
vt 0.241739 0.621015
vt 0.212570 0.621406
vt 0.210902 0.621015
vt 0.306547 0.621015
vt 0.308297 0.621406
vt 0.180667 0.621406
vt 0.180666 0.621015
vt 0.340209 0.621015
vt 0.340213 0.621406
vt 0.150431 0.621015
vt 0.148765 0.621406
vt 0.372131 0.621406
vt 0.373875 0.621015
vt 0.119598 0.621015
vt 0.116864 0.621406
vt 0.404052 0.621406
vt 0.406835 0.621015
vt 0.087747 0.621015
vt 0.084962 0.621406
vt 0.435974 0.621406
vt 0.438710 0.621015
vt 0.054808 0.621015
vt 0.053060 0.621406
vt 0.467896 0.621406
vt 0.469565 0.621015
vt 0.021157 0.621015
vt 0.021154 0.621406
vt 0.499818 0.621406
vt 0.499819 0.621015
vt 0.530073 0.621015
vt 0.531739 0.621406
vt 0.627483 0.621406
vt 0.560924 0.621015
vt 0.563657 0.621406
vt 0.595571 0.621406
vt 0.592791 0.621015
vt 0.244497 0.458395
vt 0.244497 0.457172
vt 0.276408 0.457172
vt 0.276408 0.458395
vt 0.244497 0.459554
vt 0.276408 0.459554
vt 0.771278 0.497827
vt 0.308320 0.457172
vt 0.308320 0.458395
vt 0.212587 0.458395
vt 0.212587 0.457172
vt 0.276408 0.462180
vt 0.244497 0.462180
vt 0.308320 0.459554
vt 0.212587 0.459554
vt 0.308319 0.462180
vt 0.212587 0.462180
vt 0.244496 0.463637
vt 0.276407 0.463637
vt 0.244496 0.465075
vt 0.276407 0.465075
vt 0.308319 0.463637
vt 0.212587 0.463637
vt 0.340233 0.457172
vt 0.340233 0.458395
vt 0.180678 0.458395
vt 0.180678 0.457172
vt 0.212587 0.465075
vt 0.308319 0.465075
vt 0.340233 0.459554
vt 0.180678 0.459554
vt 0.131394 0.841556
vt 0.136847 0.853692
vt 0.241761 0.469098
vt 0.273623 0.469098
vt 0.273624 0.477417
vt 0.241762 0.477417
vt 0.145794 0.863552
vt 0.129953 0.828325
vt 0.340233 0.462180
vt 0.180678 0.462180
vt 0.273625 0.489911
vt 0.241763 0.489911
vt 0.210919 0.469098
vt 0.210920 0.477417
vt 0.340233 0.463637
vt 0.180678 0.463637
vt 0.306572 0.469098
vt 0.306574 0.477417
vt 0.210921 0.489911
vt 0.340232 0.465075
vt 0.157341 0.870171
vt 0.132675 0.815299
vt 0.180678 0.465075
vt 0.306575 0.489911
vt 0.273626 0.503448
vt 0.241764 0.503448
vt 0.372147 0.457172
vt 0.372147 0.458395
vt 0.148769 0.458395
vt 0.148769 0.457172
vt 0.144485 0.838002
vt 0.148200 0.846268
vt 0.180678 0.469098
vt 0.210922 0.503448
vt 0.143499 0.828989
vt 0.154287 0.852980
vt 0.180678 0.477417
vt 0.372147 0.459554
vt 0.148769 0.459554
vt 0.306576 0.503448
vt 0.340232 0.469098
vt 0.340233 0.477417
vt 0.180679 0.489911
vt 0.372146 0.462180
vt 0.148770 0.462180
vt 0.273626 0.517695
vt 0.162156 0.857484
vt 0.145357 0.820118
vt 0.170366 0.872890
vt 0.139287 0.803750
vt 0.241764 0.517695
vt 0.340234 0.489911
vt 0.372147 0.463637
vt 0.148769 0.463637
vt 0.372147 0.465075
vt 0.148769 0.465075
vt 0.210922 0.517695
vt 0.306576 0.517695
vt 0.180679 0.503448
vt 0.150437 0.469098
vt 0.340235 0.503448
vt 0.150437 0.477417
vt 0.373892 0.469098
vt 0.373893 0.477417
vt 0.273626 0.532303
vt 0.171029 0.859316
vt 0.149857 0.812244
vt 0.241764 0.532303
vt 0.404062 0.457172
vt 0.404062 0.458395
vt 0.116861 0.458395
vt 0.116861 0.457172
vt 0.150437 0.489911
vt 0.404062 0.459554
vt 0.116861 0.459554
vt 0.183597 0.871450
vt 0.149145 0.794810
vt 0.180679 0.517695
vt 0.210922 0.532303
vt 0.404061 0.462180
vt 0.116861 0.462180
vt 0.306576 0.532303
vt 0.180034 0.858337
vt 0.156576 0.806157
vt 0.373894 0.489911
vt 0.340235 0.517695
vt 0.404062 0.463637
vt 0.116861 0.463637
vt 0.404061 0.465075
vt 0.116861 0.465075
vt 0.150437 0.503448
vt 0.119596 0.469098
vt 0.273626 0.546910
vt 0.241764 0.546910
vt 0.373894 0.503448
vt 0.119596 0.477417
vt 0.180679 0.532303
vt 0.406846 0.469098
vt 0.210922 0.546910
vt 0.340235 0.532303
vt 0.406846 0.477417
vt 0.306576 0.546910
vt 0.164848 0.802442
vt 0.188295 0.854622
vt 0.195741 0.865993
vt 0.161282 0.789353
vt 0.150437 0.517695
vt 0.119596 0.489911
vt 0.435977 0.457172
vt 0.435977 0.458395
vt 0.084953 0.458395
vt 0.084953 0.457172
vt 0.435977 0.459554
vt 0.084953 0.459554
vt 0.373895 0.517695
vt 0.435977 0.462180
vt 0.195007 0.848538
vt 0.173849 0.801460
vt 0.084953 0.462180
vt 0.406847 0.489911
vt 0.435977 0.463637
vt 0.084953 0.463637
vt 0.205598 0.857050
vt 0.174512 0.787915
vt 0.435977 0.465075
vt 0.199507 0.840677
vt 0.182717 0.803332
vt 0.084953 0.465075
vt 0.180679 0.546910
vt 0.273626 0.561158
vt 0.241764 0.561158
vt 0.087737 0.469098
vt 0.175125 0.775388
vt 0.340235 0.546910
vt 0.119596 0.503448
vt 0.210922 0.561158
vt 0.150437 0.532303
vt 0.201357 0.831809
vt 0.190578 0.807833
vt 0.438712 0.469098
vt 0.293640 0.561158
vt 0.087736 0.477417
vt 0.406847 0.503448
vt 0.373895 0.532303
vt 0.438713 0.477417
vt 0.467892 0.457172
vt 0.467892 0.458395
vt 0.200377 0.822804
vt 0.196663 0.814543
vt 0.212210 0.845499
vt 0.187539 0.790634
vt 0.053044 0.458395
vt 0.053043 0.457172
vt 0.119596 0.517695
vt 0.180679 0.561158
vt 0.273625 0.567126
vt 0.467892 0.459554
vt 0.053044 0.459554
vt 0.087736 0.489911
vt 0.467892 0.462180
vt 0.053044 0.462180
vt 0.214929 0.832472
vt 0.199091 0.797240
vt 0.340235 0.561158
vt 0.467892 0.463637
vt 0.053044 0.463637
vt 0.213488 0.819239
vt 0.208038 0.807102
vt 0.150437 0.546910
vt 0.467892 0.465075
vt 0.053044 0.465075
vt 0.406847 0.517695
vt 0.438713 0.489911
vt 0.054791 0.469098
vt 0.373895 0.546910
vt 0.469560 0.469098
vt 0.054789 0.477417
vt 0.087736 0.503448
vt 0.119596 0.532303
vt 0.469560 0.477417
vt 0.180679 0.574695
vt 0.438713 0.503448
vt 0.406847 0.532303
vt 0.499807 0.457172
vt 0.499808 0.458395
vt 0.021134 0.458395
vt 0.021134 0.457172
vt 0.150437 0.561158
vt 0.499808 0.459554
vt 0.021134 0.459554
vt 0.340234 0.574695
vt 0.306575 0.574695
vt 0.499808 0.462180
vt 0.021134 0.462180
vt 0.499808 0.463637
vt 0.021134 0.463637
vt 0.499808 0.465075
vt 0.021135 0.465075
vt 0.373894 0.561158
vt 0.021135 0.469098
vt 0.054789 0.489911
vt 0.499808 0.469098
vt 0.087736 0.517695
vt 0.119596 0.546910
vt 0.469559 0.489911
vt 0.180679 0.579373
vt 0.021134 0.477417
vt 0.438713 0.517695
vt 0.406847 0.546910
vt 0.531722 0.457172
vt 0.531722 0.458395
vt 0.627460 0.458395
vt 0.499807 0.477417
vt 0.531722 0.459554
vt 0.627460 0.459554
vt 0.531722 0.462180
vt 0.627461 0.462180
vt 0.531723 0.463637
vt 0.627461 0.463637
vt 0.531723 0.465075
vt 0.627461 0.465075
vt 0.625716 0.469098
vt 0.340233 0.587188
vt 0.306574 0.587188
vt 0.054788 0.503448
vt 0.373894 0.574695
vt 0.530056 0.469098
vt 0.087736 0.532303
vt 0.119596 0.561158
vt 0.469559 0.503448
vt 0.563636 0.457172
vt 0.563636 0.458395
vt 0.595549 0.458395
vt 0.595549 0.457172
vt 0.563636 0.459554
vt 0.595549 0.459554
vt 0.563636 0.462180
vt 0.595549 0.462180
vt 0.021133 0.489911
vt 0.306572 0.598330
vt 0.273623 0.598330
vt 0.438713 0.532303
vt 0.563637 0.463637
vt 0.595549 0.463637
vt 0.563637 0.465075
vt 0.595550 0.465075
vt 0.625714 0.477417
vt 0.592766 0.469098
vt 0.241761 0.598330
vt 0.210919 0.598330
vt 0.210920 0.591884
vt 0.406847 0.561158
vt 0.560901 0.469098
vt 0.530054 0.477417
vt 0.499807 0.489911
vt 0.054788 0.517695
vt 0.087736 0.546910
vt 0.373893 0.587188
vt 0.340232 0.598330
vt 0.592764 0.477417
vt 0.560900 0.477417
vt 0.180678 0.598330
vt 0.180678 0.592955
vt 0.469559 0.517695
vt 0.438713 0.546910
vt 0.273620 0.607846
vt 0.241759 0.607846
vt 0.021132 0.503448
vt 0.406847 0.574695
vt 0.625713 0.489911
vt 0.210918 0.607846
vt 0.306569 0.607846
vt 0.530053 0.489911
vt 0.499806 0.503448
vt 0.054788 0.532303
vt 0.087736 0.561158
vt 0.373892 0.598330
vt 0.180677 0.607846
vt 0.150436 0.598330
vt 0.150437 0.591884
vt 0.469559 0.532303
vt 0.340230 0.607846
vt 0.438713 0.561158
vt 0.592764 0.489911
vt 0.560899 0.489911
vt 0.406846 0.587188
vt 0.021132 0.517695
vt 0.625713 0.503448
vt 0.087736 0.567126
vt 0.273616 0.615502
vt 0.241755 0.615502
vt 0.499806 0.517695
vt 0.054788 0.546910
vt 0.210914 0.615502
vt 0.530053 0.503448
vt 0.306565 0.615502
vt 0.150436 0.607846
vt 0.373890 0.607846
vt 0.469559 0.546910
vt 0.438713 0.574695
vt 0.119596 0.598330
vt 0.180675 0.615502
vt 0.406846 0.598330
vt 0.340225 0.615502
vt 0.592763 0.503448
vt 0.021132 0.532303
vt 0.560899 0.503448
vt 0.273612 0.617862
vt 0.241752 0.617862
vt 0.067750 0.561158
vt 0.210912 0.617862
vt 0.499806 0.532303
vt 0.306562 0.617862
vt 0.625712 0.517695
vt 0.150435 0.615502
vt 0.438713 0.587188
vt 0.119596 0.607846
vt 0.530053 0.517695
vt 0.469559 0.561158
vt 0.241751 0.618468
vt 0.273611 0.618468
vt 0.373888 0.615502
vt 0.180673 0.617862
vt 0.210911 0.618468
vt 0.306560 0.618468
vt 0.406845 0.607846
vt 0.340222 0.617862
vt 0.241749 0.619074
vt 0.273610 0.619074
vt 0.210911 0.619074
vt 0.306559 0.619074
vt 0.180672 0.618468
vt 0.273606 0.620279
vt 0.241746 0.620279
vt 0.021132 0.546910
vt 0.340221 0.618468
vt 0.210908 0.620279
vt 0.306556 0.620279
vt 0.180672 0.619074
vt 0.340220 0.619074
vt 0.150434 0.617862
vt 0.273604 0.620725
vt 0.241745 0.620725
vt 0.592762 0.517695
vt 0.438713 0.598330
vt 0.210907 0.620725
vt 0.499806 0.546910
vt 0.373885 0.617862
vt 0.306554 0.620725
vt 0.180671 0.620279
vt 0.560898 0.517695
vt 0.119597 0.615502
vt 0.273601 0.620876
vt 0.241742 0.620876
vt 0.469559 0.574695
vt 0.340217 0.620279
vt 0.210905 0.620876
vt 0.625712 0.532303
vt 0.306551 0.620876
vt 0.150434 0.618468
vt 0.273599 0.620876
vt 0.241740 0.620876
vt 0.406843 0.615502
vt 0.180669 0.620725
vt 0.210903 0.620876
vt 0.244476 0.621975
vt 0.276384 0.621975
vt 0.373883 0.618468
vt 0.306548 0.620876
vt 0.150434 0.619074
vt 0.340215 0.620725
vt 0.244476 0.622612
vt 0.276384 0.622612
vt 0.212570 0.621975
vt 0.308297 0.621975
vt 0.530053 0.532303
vt 0.244476 0.623193
vt 0.276384 0.623193
vt 0.276385 0.623773
vt 0.244477 0.623773
vt 0.276389 0.626385
vt 0.244480 0.626385
vt 0.180669 0.620876
vt 0.373884 0.619074
vt 0.212569 0.622612
vt 0.308296 0.622612
vt 0.276391 0.629216
vt 0.244481 0.629216
vt 0.340213 0.620876
vt 0.212570 0.623193
vt 0.308297 0.623193
vt 0.212571 0.623773
vt 0.308297 0.623773
vt 0.212573 0.626385
vt 0.308301 0.626385
vt 0.087737 0.598330
vt 0.087738 0.607846
vt 0.150432 0.620279
vt 0.180668 0.620876
vt 0.212574 0.629216
vt 0.308303 0.629216
vt 0.276392 0.632195
vt 0.244482 0.632195
vt 0.340211 0.620876
vt 0.373881 0.620279
vt 0.180667 0.621975
vt 0.340212 0.621975
vt 0.212575 0.632195
vt 0.308303 0.632195
vt 0.119597 0.617862
vt 0.180667 0.622612
vt 0.340212 0.622612
vt 0.021132 0.561158
vt 0.150433 0.620725
vt 0.180667 0.623193
vt 0.340213 0.623193
vt 0.180668 0.623773
vt 0.340214 0.623773
vt 0.276392 0.635249
vt 0.244482 0.635249
vt 0.438712 0.607846
vt 0.180669 0.626385
vt 0.340216 0.626385
vt 0.373879 0.620725
vt 0.150432 0.620876
vt 0.406841 0.617862
vt 0.180670 0.629216
vt 0.340218 0.629216
vt 0.212575 0.635249
vt 0.308304 0.635249
vt 0.150432 0.620876
vt 0.373878 0.620876
vt 0.119598 0.618468
vt 0.469560 0.587188
vt 0.276392 0.638303
vt 0.244482 0.638303
vt 0.180670 0.632195
vt 0.340219 0.632195
vt 0.373875 0.620876
vt 0.119597 0.619074
vt 0.499806 0.561158
vt 0.148765 0.621975
vt 0.372131 0.621975
vt 0.406841 0.618468
vt 0.148765 0.622612
vt 0.372131 0.622612
vt 0.212575 0.638303
vt 0.308303 0.638303
vt 0.148765 0.623193
vt 0.372131 0.623193
vt 0.406840 0.619074
vt 0.148765 0.623773
vt 0.372131 0.623773
vt 0.119598 0.620279
vt 0.180671 0.635249
vt 0.340219 0.635249
vt 0.087739 0.615502
vt 0.148766 0.626385
vt 0.372133 0.626385
vt 0.592762 0.532303
vt 0.406839 0.620279
vt 0.276391 0.641282
vt 0.244481 0.641282
vt 0.119599 0.620725
vt 0.625712 0.546910
vt 0.148766 0.629216
vt 0.372135 0.629216
vt 0.560898 0.532303
vt 0.054789 0.587188
vt 0.054790 0.598330
vt 0.119598 0.620876
vt 0.212574 0.641282
vt 0.308303 0.641282
vt 0.406838 0.620725
vt 0.438712 0.615502
vt 0.119599 0.620876
vt 0.180670 0.638303
vt 0.340219 0.638303
vt 0.406838 0.620876
vt 0.148766 0.632195
vt 0.372135 0.632195
vt 0.406837 0.620876
vt 0.530053 0.546910
vt 0.116864 0.621975
vt 0.404052 0.621975
vt 0.116864 0.622612
vt 0.404051 0.622612
vt 0.054789 0.574695
vt 0.021133 0.574695
vt 0.087741 0.617862
vt 0.276389 0.644112
vt 0.244480 0.644112
vt 0.116864 0.623193
vt 0.404052 0.623193
vt 0.469560 0.598330
vt 0.116864 0.623773
vt 0.404052 0.623773
vt 0.148766 0.635249
vt 0.372136 0.635249
vt 0.180670 0.641282
vt 0.340218 0.641282
vt 0.212573 0.644112
vt 0.308301 0.644112
vt 0.087742 0.618468
vt 0.116864 0.626385
vt 0.404054 0.626385
vt 0.438712 0.617862
vt 0.087743 0.619074
vt 0.087744 0.620279
vt 0.438711 0.618468
vt 0.499807 0.574695
vt 0.116863 0.629216
vt 0.404054 0.629216
vt 0.148766 0.638303
vt 0.372135 0.638303
vt 0.438711 0.619074
vt 0.087745 0.620725
vt 0.054793 0.607846
vt 0.087745 0.620876
vt 0.087747 0.620876
vt 0.276385 0.646724
vt 0.244477 0.646724
vt 0.438711 0.620279
vt 0.180669 0.644112
vt 0.340216 0.644112
vt 0.438711 0.620725
vt 0.438710 0.620876
vt 0.438710 0.620876
vt 0.084963 0.621975
vt 0.435973 0.621975
vt 0.212571 0.646724
vt 0.308297 0.646724
vt 0.116863 0.632195
vt 0.404054 0.632195
vt 0.084962 0.622612
vt 0.435974 0.622612
vt 0.084963 0.623193
vt 0.435974 0.623193
vt 0.469560 0.607846
vt 0.148766 0.641282
vt 0.372135 0.641282
vt 0.435974 0.623773
vt 0.084962 0.623773
vt 0.625713 0.561158
vt 0.116863 0.635249
vt 0.404055 0.635249
vt 0.021134 0.587188
vt 0.435975 0.626385
vt 0.084961 0.626385
vt 0.054795 0.615502
vt 0.592762 0.546910
vt 0.180668 0.646724
vt 0.340214 0.646724
vt 0.276380 0.649054
vt 0.244472 0.649054
vt 0.560898 0.546910
vt 0.212567 0.649054
vt 0.308293 0.649054
vt 0.148766 0.644112
vt 0.372133 0.644112
vt 0.054807 0.620876
vt 0.530053 0.561158
vt 0.054805 0.620876
vt 0.054798 0.617862
vt 0.469561 0.615502
vt 0.054799 0.618468
vt 0.116863 0.638303
vt 0.404054 0.638303
vt 0.435975 0.629216
vt 0.084960 0.629216
vt 0.054803 0.620725
vt 0.054800 0.619074
vt 0.054802 0.620279
vt 0.469565 0.620876
vt 0.499807 0.587188
vt 0.469564 0.620876
vt 0.467896 0.621975
vt 0.053060 0.621975
vt 0.469564 0.620725
vt 0.467897 0.622612
vt 0.053061 0.622612
vt 0.469564 0.620279
vt 0.469562 0.617862
vt 0.469562 0.618468
vt 0.469562 0.619074
vt 0.180665 0.649054
vt 0.340209 0.649054
vt 0.467896 0.623193
vt 0.053060 0.623193
vt 0.435975 0.632195
vt 0.084960 0.632195
vt 0.467897 0.623773
vt 0.053060 0.623773
vt 0.148765 0.646724
vt 0.372131 0.646724
vt 0.116863 0.641282
vt 0.404054 0.641282
vt 0.276373 0.651043
vt 0.244464 0.651043
vt 0.021135 0.598330
vt 0.212561 0.651043
vt 0.308286 0.651043
vt 0.467896 0.626385
vt 0.053057 0.626385
vt 0.021156 0.620876
vt 0.435975 0.635249
vt 0.084959 0.635249
vt 0.021154 0.620876
vt 0.116864 0.644112
vt 0.404054 0.644112
vt 0.499818 0.620876
vt 0.625713 0.574695
vt 0.180661 0.651043
vt 0.340203 0.651043
vt 0.148765 0.649054
vt 0.372128 0.649054
vt 0.021152 0.620725
vt 0.499818 0.620876
vt 0.499808 0.598330
vt 0.499819 0.621975
vt 0.021155 0.621975
vt 0.021150 0.620279
vt 0.499818 0.622612
vt 0.021155 0.622612
vt 0.499816 0.620725
vt 0.467895 0.629216
vt 0.053056 0.629216
vt 0.021147 0.619074
vt 0.499818 0.623193
vt 0.021154 0.623193
vt 0.021138 0.607846
vt 0.276359 0.652644
vt 0.244453 0.652644
vt 0.435975 0.638303
vt 0.084960 0.638303
vt 0.499816 0.620279
vt 0.021145 0.618468
vt 0.499818 0.623773
vt 0.021154 0.623773
vt 0.212552 0.652644
vt 0.308272 0.652644
vt 0.021145 0.617862
vt 0.530053 0.574695
vt 0.592763 0.561158
vt 0.116864 0.646724
vt 0.404052 0.646724
vt 0.499814 0.619074
vt 0.021142 0.615502
vt 0.625740 0.620876
vt 0.499813 0.618468
vt 0.148763 0.651043
vt 0.372123 0.651043
vt 0.499813 0.617862
vt 0.560899 0.561158
vt 0.530071 0.620876
vt 0.499809 0.607846
vt 0.625737 0.620876
vt 0.467895 0.632195
vt 0.053055 0.632195
vt 0.180655 0.652644
vt 0.340190 0.652644
vt 0.499816 0.626385
vt 0.021151 0.626385
vt 0.435975 0.641282
vt 0.084960 0.641282
vt 0.499811 0.615502
vt 0.530070 0.620876
vt 0.627484 0.621975
vt 0.531739 0.621975
vt 0.625735 0.620725
vt 0.627484 0.622612
vt 0.531739 0.622612
vt 0.116865 0.649054
vt 0.404050 0.649054
vt 0.530069 0.620725
vt 0.627484 0.623193
vt 0.531739 0.623193
vt 0.592789 0.620876
vt 0.625733 0.620279
vt 0.560922 0.620876
vt 0.276334 0.653816
vt 0.244426 0.653816
vt 0.627483 0.623773
vt 0.531739 0.623773
vt 0.625714 0.587188
vt 0.212531 0.653816
vt 0.308244 0.653816
vt 0.530067 0.620279
vt 0.435975 0.644112
vt 0.084961 0.644112
vt 0.592787 0.620876
vt 0.467895 0.635249
vt 0.053055 0.635249
vt 0.148760 0.652644
vt 0.372113 0.652644
vt 0.625729 0.619074
vt 0.560920 0.620876
vt 0.563658 0.621975
vt 0.595572 0.621975
vt 0.499816 0.629216
vt 0.021149 0.629216
vt 0.595572 0.622612
vt 0.563657 0.622612
vt 0.530064 0.619074
vt 0.180642 0.653816
vt 0.340167 0.653816
vt 0.116866 0.651043
vt 0.404047 0.651043
vt 0.592784 0.620725
vt 0.625728 0.618468
vt 0.595572 0.623193
vt 0.563657 0.623193
vt 0.560917 0.620725
vt 0.530054 0.587188
vt 0.625726 0.617862
vt 0.627480 0.626385
vt 0.531736 0.626385
vt 0.530063 0.618468
vt 0.435974 0.646724
vt 0.084962 0.646724
vt 0.595571 0.623773
vt 0.563657 0.623773
vt 0.592782 0.620279
vt 0.467895 0.638303
vt 0.053055 0.638303
vt 0.560916 0.620279
vt 0.530063 0.617862
vt 0.148757 0.653816
vt 0.372094 0.653816
vt 0.625722 0.615502
vt 0.116867 0.652644
vt 0.404042 0.652644
vt 0.592764 0.574695
vt 0.276245 0.654531
vt 0.244349 0.654531
vt 0.499815 0.632195
vt 0.021148 0.632195
vt 0.592779 0.619074
vt 0.625716 0.598330
vt 0.212468 0.654531
vt 0.308158 0.654531
vt 0.435973 0.649054
vt 0.084965 0.649054
vt 0.560913 0.619074
vt 0.530060 0.615502
vt 0.467895 0.641282
vt 0.053056 0.641282
vt 0.180603 0.654531
vt 0.340091 0.654531
vt 0.560899 0.574695
vt 0.595568 0.626385
vt 0.563653 0.626385
vt 0.592778 0.618468
vt 0.625719 0.607846
vt 0.627478 0.629216
vt 0.531735 0.629216
vt 0.560912 0.618468
vt 0.116871 0.653816
vt 0.404029 0.653816
vt 0.530055 0.598330
vt 0.435974 0.651043
vt 0.084967 0.651043
vt 0.148740 0.654531
vt 0.372034 0.654531
vt 0.592776 0.617862
vt 0.560910 0.617862
vt 0.499815 0.635249
vt 0.021148 0.635249
vt 0.530057 0.607846
vt 0.467896 0.644112
vt 0.053057 0.644112
vt 0.435970 0.652644
vt 0.084974 0.652644
vt 0.116883 0.654531
vt 0.403991 0.654531
vt 0.592773 0.615502
vt 0.467897 0.646724
vt 0.053060 0.646724
vt 0.435968 0.653816
vt 0.084985 0.653816
vt 0.560907 0.615502
vt 0.595566 0.629216
vt 0.563652 0.629216
vt 0.627477 0.632195
vt 0.531734 0.632195
vt 0.499815 0.638303
vt 0.021148 0.638303
vt 0.592764 0.587188
vt 0.435955 0.654531
vt 0.085025 0.654531
vt 0.467898 0.649054
vt 0.053062 0.649054
vt 0.560900 0.587188
vt 0.467898 0.651043
vt 0.053067 0.651043
vt 0.467905 0.653816
vt 0.467925 0.654531
vt 0.053096 0.653816
vt 0.053156 0.654531
vt 0.499816 0.641282
vt 0.021149 0.641282
vt 0.592768 0.607846
vt 0.467902 0.652644
vt 0.053077 0.652644
vt 0.627477 0.635249
vt 0.531734 0.635249
vt 0.560903 0.607846
vt 0.595566 0.632195
vt 0.563651 0.632195
vt 0.592766 0.598330
vt 0.499843 0.653816
vt 0.499885 0.654531
vt 0.021201 0.653816
vt 0.021275 0.654531
vt 0.499816 0.644112
vt 0.021151 0.644112
vt 0.560901 0.598330
vt 0.531777 0.653816
vt 0.531843 0.654531
vt 0.499830 0.652644
vt 0.021176 0.652644
vt 0.499818 0.646724
vt 0.021154 0.646724
vt 0.627477 0.638303
vt 0.531734 0.638303
vt 0.563706 0.653816
vt 0.563787 0.654531
vt 0.595625 0.653816
vt 0.595711 0.654531
vt 0.499824 0.651043
vt 0.021165 0.651043
vt 0.499820 0.649054
vt 0.021158 0.649054
vt 0.595565 0.635249
vt 0.563650 0.635249
vt 0.531758 0.652644
vt 0.627478 0.641282
vt 0.531735 0.641282
vt 0.595597 0.652644
vt 0.563682 0.652644
vt 0.627495 0.651043
vt 0.531748 0.651043
vt 0.595566 0.638303
vt 0.563651 0.638303
vt 0.627480 0.644112
vt 0.531736 0.644112
vt 0.627487 0.649054
vt 0.531742 0.649054
vt 0.627483 0.646724
vt 0.531739 0.646724
vt 0.595584 0.651043
vt 0.563667 0.651043
vt 0.595566 0.641282
vt 0.563652 0.641282
vt 0.595576 0.649054
vt 0.563661 0.649054
vt 0.595568 0.644112
vt 0.563653 0.644112
vt 0.595571 0.646724
vt 0.563657 0.646724
vt 0.276407 0.452438
vt 0.276407 0.453493
vt 0.244497 0.453493
vt 0.244497 0.452438
vt 0.276408 0.454781
vt 0.244497 0.454781
vt 0.276408 0.456189
vt 0.244497 0.456189
vt 0.244496 0.450926
vt 0.276407 0.450926
vt 0.308319 0.452438
vt 0.308319 0.450926
vt 0.212587 0.452438
vt 0.212587 0.450926
vt 0.308320 0.456189
vt 0.212587 0.456189
vt 0.340232 0.452438
vt 0.340232 0.450926
vt 0.180678 0.452438
vt 0.180678 0.450926
vt 0.340233 0.456189
vt 0.180678 0.456189
vt 0.372147 0.452438
vt 0.372146 0.450926
vt 0.148769 0.452438
vt 0.148769 0.450926
vt 0.613872 0.852137
vt 0.613872 0.814748
vt 0.867936 0.814748
vt 0.867936 0.852137
vt 0.372147 0.456189
vt 0.851940 0.877534
vt 0.820285 0.908169
vt 0.784737 0.925397
vt 0.741263 0.930499
vt 0.699345 0.925397
vt 0.661406 0.908169
vt 0.628835 0.877534
vt 0.628835 0.777655
vt 0.661406 0.751910
vt 0.699345 0.737862
vt 0.741263 0.733750
vt 0.784737 0.737862
vt 0.820285 0.751910
vt 0.851940 0.777655
vt 0.741263 0.852137
vt 0.741263 0.814748
vt 0.784737 0.852137
vt 0.784737 0.814748
vt 0.820285 0.852137
vt 0.820285 0.814748
vt 0.851940 0.852137
vt 0.851940 0.814748
vt 0.699345 0.814748
vt 0.699345 0.852137
vt 0.661406 0.814748
vt 0.661406 0.852137
vt 0.628835 0.852137
vt 0.628835 0.814748
vt 0.148769 0.456189
vt 0.404061 0.452438
vt 0.404062 0.450926
vt 0.116861 0.452438
vt 0.116861 0.450926
vt 0.404062 0.456189
vt 0.116861 0.456189
vt 0.435977 0.452438
vt 0.435977 0.450926
vt 0.084953 0.452438
vt 0.084953 0.450926
vt 0.435977 0.456189
vt 0.084953 0.456189
vt 0.467892 0.452438
vt 0.467892 0.450926
vt 0.053044 0.452438
vt 0.053044 0.450926
vt 0.467892 0.456189
vt 0.053043 0.456189
vt 0.499808 0.452438
vt 0.499808 0.450926
vt 0.021134 0.452438
vt 0.021135 0.450926
vt 0.499807 0.456189
vt 0.021134 0.456189
vt 0.531722 0.452438
vt 0.531722 0.450926
vt 0.531722 0.456189
vt 0.627460 0.456189
vt 0.563636 0.452438
vt 0.563637 0.450926
vt 0.595549 0.452438
vt 0.595550 0.450926
vt 0.563636 0.456189
vt 0.595549 0.456189
vt 0.308320 0.453493
vt 0.308320 0.454781
vt 0.212587 0.454781
vt 0.212587 0.453493
vt 0.340233 0.453493
vt 0.340233 0.454781
vt 0.180678 0.454781
vt 0.180678 0.453493
vt 0.372147 0.453493
vt 0.372147 0.454781
vt 0.148770 0.454781
vt 0.148769 0.453493
vt 0.404062 0.453493
vt 0.404062 0.454781
vt 0.116861 0.454781
vt 0.116861 0.453493
vt 0.435977 0.453493
vt 0.435977 0.454781
vt 0.084953 0.454781
vt 0.084953 0.453493
vt 0.467892 0.453493
vt 0.467892 0.454781
vt 0.053044 0.454781
vt 0.053044 0.453493
vt 0.499808 0.453493
vt 0.499807 0.454781
vt 0.021134 0.454781
vt 0.021134 0.453493
vt 0.531722 0.453493
vt 0.531722 0.454781
vt 0.627460 0.454781
vt 0.627460 0.453493
vt 0.563636 0.453493
vt 0.563636 0.454781
vt 0.595549 0.454781
vt 0.595549 0.453493
vt 0.276409 0.406151
vt 0.244498 0.406151
vt 0.244498 0.404084
vt 0.276409 0.404084
vt 0.308321 0.406151
vt 0.308321 0.404084
vt 0.212588 0.406151
vt 0.212588 0.404084
vt 0.340234 0.406151
vt 0.340234 0.404084
vt 0.180679 0.406151
vt 0.180679 0.404084
vt 0.372148 0.406151
vt 0.372148 0.404084
vt 0.148769 0.406151
vt 0.148769 0.404084
vt 0.404062 0.406151
vt 0.404062 0.404084
vt 0.116861 0.406151
vt 0.116861 0.404084
vt 0.435977 0.406151
vt 0.435977 0.404084
vt 0.084952 0.406151
vt 0.084952 0.404084
vt 0.467892 0.406151
vt 0.467892 0.404084
vt 0.053043 0.406151
vt 0.053043 0.404084
vt 0.499807 0.406151
vt 0.499807 0.404084
vt 0.021133 0.406151
vt 0.021133 0.404084
vt 0.531721 0.406151
vt 0.531721 0.404084
vt 0.627459 0.406151
vt 0.563635 0.406151
vt 0.563634 0.404084
vt 0.595548 0.406151
vt 0.595547 0.404084
vt 0.244499 0.402016
vt 0.276409 0.402016
vt 0.308321 0.402016
vt 0.212588 0.402016
vt 0.340234 0.402016
vt 0.180679 0.402016
vt 0.372148 0.402016
vt 0.148770 0.402016
vt 0.404062 0.402016
vt 0.116861 0.402016
vt 0.435977 0.402016
vt 0.084952 0.402016
vt 0.467892 0.402016
vt 0.053043 0.402016
vt 0.499806 0.402016
vt 0.021132 0.402016
vt 0.531721 0.402016
vt 0.563634 0.402016
vt 0.595547 0.402016
vt 0.244499 0.399949
vt 0.276409 0.399949
vt 0.308322 0.399949
vt 0.212588 0.399949
vt 0.340234 0.399949
vt 0.180679 0.399949
vt 0.372148 0.399949
vt 0.148770 0.399949
vt 0.404062 0.399949
vt 0.116861 0.399949
vt 0.435977 0.399949
vt 0.084952 0.399949
vt 0.467892 0.399949
vt 0.053042 0.399949
vt 0.499807 0.399949
vt 0.021132 0.399949
vt 0.531721 0.399949
vt 0.563634 0.399949
vt 0.595547 0.399949
vt 0.244499 0.397882
vt 0.276409 0.397882
vt 0.308322 0.397882
vt 0.212588 0.397882
vt 0.340234 0.397882
vt 0.180679 0.397882
vt 0.372148 0.397882
vt 0.148770 0.397882
vt 0.404062 0.397882
vt 0.116861 0.397882
vt 0.435977 0.397882
vt 0.084952 0.397882
vt 0.467892 0.397882
vt 0.053042 0.397882
vt 0.499807 0.397882
vt 0.021132 0.397882
vt 0.531721 0.397882
vt 0.563634 0.397882
vt 0.595547 0.397882
vt 0.244499 0.395814
vt 0.276409 0.395814
vt 0.308322 0.395814
vt 0.212588 0.395814
vt 0.340234 0.395814
vt 0.180679 0.395814
vt 0.372148 0.395814
vt 0.148770 0.395814
vt 0.404062 0.395814
vt 0.116861 0.395814
vt 0.435977 0.395814
vt 0.084952 0.395814
vt 0.467892 0.395814
vt 0.053042 0.395814
vt 0.499806 0.395814
vt 0.021132 0.395814
vt 0.531721 0.395814
vt 0.563634 0.395814
vt 0.595547 0.395814
vt 0.244498 0.393747
vt 0.276409 0.393747
vt 0.308321 0.393747
vt 0.212588 0.393747
vt 0.340234 0.393747
vt 0.180679 0.393747
vt 0.372148 0.393747
vt 0.148770 0.393747
vt 0.404062 0.393747
vt 0.116861 0.393747
vt 0.435977 0.393747
vt 0.084952 0.393747
vt 0.467892 0.393747
vt 0.053043 0.393747
vt 0.499806 0.393747
vt 0.021132 0.393747
vt 0.531721 0.393747
vt 0.563634 0.393747
vt 0.595547 0.393747
vt 0.244498 0.391679
vt 0.276409 0.391679
vt 0.308321 0.391679
vt 0.212588 0.391679
vt 0.340234 0.391679
vt 0.180678 0.391679
vt 0.372148 0.391679
vt 0.148770 0.391679
vt 0.404062 0.391679
vt 0.116861 0.391679
vt 0.435977 0.391679
vt 0.084952 0.391679
vt 0.467892 0.391679
vt 0.053043 0.391679
vt 0.499807 0.391679
vt 0.021133 0.391679
vt 0.531721 0.391679
vt 0.563635 0.391679
vt 0.595547 0.391679
vt 0.276407 0.413431
vt 0.276407 0.412683
vt 0.308319 0.412683
vt 0.308319 0.413431
vt 0.276407 0.411699
vt 0.308319 0.411699
vt 0.276407 0.410878
vt 0.308319 0.410878
vt 0.276407 0.410286
vt 0.308319 0.410286
vt 0.244496 0.410286
vt 0.244497 0.408219
vt 0.276408 0.408219
vt 0.308320 0.408219
vt 0.212587 0.410286
vt 0.212587 0.408219
vt 0.244496 0.413431
vt 0.212587 0.413431
vt 0.340232 0.410286
vt 0.340233 0.408219
vt 0.180678 0.410286
vt 0.180678 0.408219
vt 0.340232 0.413431
vt 0.180678 0.413431
vt 0.372147 0.410286
vt 0.372147 0.408219
vt 0.148769 0.410286
vt 0.148769 0.408219
vt 0.372146 0.413431
vt 0.148769 0.413431
vt 0.404061 0.410286
vt 0.404062 0.408219
vt 0.116861 0.410286
vt 0.116861 0.408219
vt 0.404061 0.413431
vt 0.116861 0.413431
vt 0.435977 0.410286
vt 0.435977 0.408219
vt 0.084953 0.410286
vt 0.084953 0.408219
vt 0.435977 0.413431
vt 0.084953 0.413431
vt 0.467892 0.410286
vt 0.467892 0.408219
vt 0.053044 0.410286
vt 0.053044 0.408219
vt 0.467892 0.413431
vt 0.053044 0.413431
vt 0.499808 0.410286
vt 0.499807 0.408219
vt 0.021134 0.410286
vt 0.021134 0.408219
vt 0.499808 0.413431
vt 0.021135 0.413431
vt 0.531722 0.410286
vt 0.531722 0.408219
vt 0.531722 0.413431
vt 0.627461 0.413431
vt 0.563636 0.410286
vt 0.563636 0.408219
vt 0.595549 0.410286
vt 0.595549 0.408219
vt 0.563637 0.413431
vt 0.595550 0.413431
vt 0.244496 0.412683
vt 0.244496 0.411699
vt 0.244496 0.410878
vt 0.212586 0.412683
vt 0.212587 0.411699
vt 0.212587 0.410878
vt 0.340232 0.410878
vt 0.340232 0.411699
vt 0.340232 0.412683
vt 0.180678 0.412683
vt 0.180678 0.411699
vt 0.180678 0.410878
vt 0.372147 0.410878
vt 0.372146 0.411699
vt 0.372146 0.412683
vt 0.148769 0.412683
vt 0.148769 0.411699
vt 0.148769 0.410878
vt 0.404061 0.410878
vt 0.404061 0.411699
vt 0.404061 0.412683
vt 0.116861 0.412683
vt 0.116861 0.411699
vt 0.116861 0.410878
vt 0.435977 0.410878
vt 0.435977 0.411699
vt 0.435977 0.412683
vt 0.084953 0.412683
vt 0.084953 0.411699
vt 0.084953 0.410878
vt 0.467892 0.410878
vt 0.467892 0.411699
vt 0.467892 0.412683
vt 0.053044 0.412683
vt 0.053044 0.411699
vt 0.053044 0.410878
vt 0.499808 0.410878
vt 0.499808 0.411699
vt 0.499808 0.412683
vt 0.021135 0.412683
vt 0.021135 0.411699
vt 0.021134 0.410878
vt 0.531722 0.410878
vt 0.531723 0.411699
vt 0.531722 0.412683
vt 0.627461 0.412683
vt 0.627461 0.411699
vt 0.627461 0.410878
vt 0.595550 0.412683
vt 0.595550 0.411699
vt 0.595549 0.410878
vt 0.563636 0.412683
vt 0.563637 0.411699
vt 0.563636 0.410878
vt 0.276410 0.374544
vt 0.276411 0.374238
vt 0.308323 0.374238
vt 0.308323 0.374544
vt 0.276411 0.375081
vt 0.308323 0.375081
vt 0.276411 0.375794
vt 0.308323 0.375794
vt 0.276411 0.376612
vt 0.308323 0.376612
vt 0.276411 0.377452
vt 0.308323 0.377452
vt 0.276411 0.378230
vt 0.308323 0.378230
vt 0.276411 0.379295
vt 0.276411 0.378866
vt 0.308323 0.378866
vt 0.308323 0.379295
vt 0.244500 0.374544
vt 0.244500 0.374238
vt 0.244500 0.375081
vt 0.244500 0.375794
vt 0.244500 0.376612
vt 0.244499 0.377453
vt 0.244500 0.378230
vt 0.244500 0.378866
vt 0.244499 0.379296
vt 0.340235 0.374238
vt 0.340235 0.374544
vt 0.340235 0.375081
vt 0.340235 0.375794
vt 0.340235 0.376612
vt 0.340235 0.377452
vt 0.340235 0.378230
vt 0.340235 0.378866
vt 0.340235 0.379295
vt 0.212589 0.374544
vt 0.212589 0.374238
vt 0.212589 0.375081
vt 0.212589 0.375794
vt 0.212589 0.376612
vt 0.212589 0.377453
vt 0.212589 0.378230
vt 0.212589 0.378866
vt 0.212589 0.379296
vt 0.372149 0.374238
vt 0.372149 0.374544
vt 0.372149 0.375081
vt 0.372149 0.375794
vt 0.372149 0.376612
vt 0.372149 0.377452
vt 0.372149 0.378230
vt 0.372149 0.378866
vt 0.372149 0.379295
vt 0.180679 0.374544
vt 0.180679 0.374237
vt 0.180679 0.375080
vt 0.180679 0.375793
vt 0.180679 0.376611
vt 0.180679 0.377452
vt 0.180679 0.378229
vt 0.180679 0.378865
vt 0.180679 0.379295
vt 0.404063 0.374238
vt 0.404063 0.374544
vt 0.404063 0.375081
vt 0.404063 0.375794
vt 0.404063 0.376612
vt 0.404063 0.377453
vt 0.404063 0.378230
vt 0.404063 0.378866
vt 0.404063 0.379296
vt 0.148770 0.374543
vt 0.148770 0.374237
vt 0.148770 0.375080
vt 0.148770 0.375793
vt 0.148770 0.376611
vt 0.148770 0.377451
vt 0.148770 0.378229
vt 0.148770 0.378865
vt 0.148770 0.379294
vt 0.435977 0.374238
vt 0.435977 0.374544
vt 0.435977 0.375081
vt 0.435977 0.375794
vt 0.435977 0.376612
vt 0.435977 0.377452
vt 0.435977 0.378230
vt 0.435977 0.378866
vt 0.435977 0.379296
vt 0.116861 0.374543
vt 0.116861 0.374237
vt 0.116861 0.375080
vt 0.116861 0.375793
vt 0.116861 0.376611
vt 0.116861 0.377451
vt 0.116861 0.378229
vt 0.116861 0.378865
vt 0.116861 0.379294
vt 0.467892 0.374237
vt 0.467892 0.374542
vt 0.467892 0.375079
vt 0.467892 0.375792
vt 0.467891 0.376611
vt 0.467892 0.377451
vt 0.467891 0.378228
vt 0.467892 0.378864
vt 0.467892 0.379294
vt 0.084951 0.374544
vt 0.084951 0.374238
vt 0.084951 0.375080
vt 0.084951 0.375793
vt 0.084951 0.376612
vt 0.084951 0.377452
vt 0.084951 0.378229
vt 0.084951 0.378865
vt 0.084951 0.379295
vt 0.499806 0.374237
vt 0.499806 0.374543
vt 0.499806 0.375079
vt 0.499806 0.375793
vt 0.499806 0.376611
vt 0.499806 0.377451
vt 0.499806 0.378229
vt 0.499806 0.378865
vt 0.499806 0.379294
vt 0.053041 0.374544
vt 0.053041 0.374238
vt 0.053041 0.375081
vt 0.053041 0.375794
vt 0.053041 0.376612
vt 0.053041 0.377452
vt 0.053041 0.378230
vt 0.053041 0.378866
vt 0.053041 0.379295
vt 0.531719 0.374238
vt 0.531719 0.374544
vt 0.531719 0.375081
vt 0.531719 0.375794
vt 0.531720 0.376612
vt 0.531719 0.377452
vt 0.531720 0.378230
vt 0.531720 0.378866
vt 0.531719 0.379296
vt 0.021131 0.374544
vt 0.021131 0.374238
vt 0.021131 0.375081
vt 0.021131 0.375794
vt 0.021131 0.376612
vt 0.021131 0.377452
vt 0.021131 0.378230
vt 0.021131 0.378866
vt 0.021131 0.379295
vt 0.563633 0.374238
vt 0.563633 0.374544
vt 0.563633 0.375081
vt 0.563633 0.375794
vt 0.563633 0.376612
vt 0.563633 0.377452
vt 0.563633 0.378230
vt 0.563633 0.378866
vt 0.563633 0.379295
vt 0.627457 0.374544
vt 0.627457 0.375080
vt 0.627457 0.375794
vt 0.627457 0.376612
vt 0.627457 0.377452
vt 0.627457 0.378230
vt 0.627457 0.378866
vt 0.627457 0.379295
vt 0.595546 0.374238
vt 0.595545 0.374544
vt 0.595545 0.375080
vt 0.595545 0.375794
vt 0.595545 0.376612
vt 0.595545 0.377452
vt 0.595545 0.378230
vt 0.595545 0.378866
vt 0.595545 0.379295
vt 0.244497 0.390092
vt 0.276408 0.390092
vt 0.308320 0.390092
vt 0.212587 0.390092
vt 0.340233 0.390092
vt 0.180678 0.390092
vt 0.372147 0.390092
vt 0.148770 0.390092
vt 0.404062 0.390092
vt 0.116861 0.390092
vt 0.435977 0.390092
vt 0.084952 0.390092
vt 0.467892 0.390092
vt 0.053043 0.390092
vt 0.499807 0.390092
vt 0.021134 0.390092
vt 0.531722 0.390092
vt 0.627459 0.390092
vt 0.563635 0.390092
vt 0.595548 0.390092
vt 0.276408 0.388299
vt 0.244497 0.388299
vt 0.244497 0.387171
vt 0.276408 0.387171
vt 0.308320 0.388299
vt 0.308320 0.387171
vt 0.212587 0.388299
vt 0.212587 0.387171
vt 0.340233 0.388299
vt 0.340233 0.387171
vt 0.180678 0.388299
vt 0.180678 0.387170
vt 0.372147 0.388299
vt 0.372147 0.387171
vt 0.148769 0.388299
vt 0.148769 0.387170
vt 0.404062 0.388299
vt 0.404062 0.387171
vt 0.116861 0.388299
vt 0.116861 0.387170
vt 0.435977 0.388299
vt 0.435977 0.387171
vt 0.084952 0.388299
vt 0.084952 0.387171
vt 0.467892 0.388299
vt 0.467892 0.387170
vt 0.053043 0.388299
vt 0.053043 0.387171
vt 0.499807 0.388299
vt 0.499807 0.387170
vt 0.021134 0.388299
vt 0.021134 0.387171
vt 0.531722 0.388299
vt 0.531722 0.387171
vt 0.627460 0.387171
vt 0.563636 0.388299
vt 0.563636 0.387171
vt 0.595548 0.388299
vt 0.595548 0.387171
vt 0.276409 0.384649
vt 0.244498 0.384650
vt 0.244499 0.381437
vt 0.276410 0.381437
vt 0.308321 0.384649
vt 0.308322 0.381437
vt 0.212588 0.384649
vt 0.212589 0.381437
vt 0.340234 0.384649
vt 0.340235 0.381437
vt 0.180678 0.384649
vt 0.180679 0.381437
vt 0.372148 0.384649
vt 0.372149 0.381437
vt 0.148770 0.384649
vt 0.148770 0.381436
vt 0.404062 0.384650
vt 0.404063 0.381437
vt 0.116861 0.384649
vt 0.116861 0.381436
vt 0.435977 0.384649
vt 0.435977 0.381437
vt 0.084952 0.384649
vt 0.084951 0.381437
vt 0.467892 0.384649
vt 0.467892 0.381436
vt 0.053042 0.384649
vt 0.053041 0.381437
vt 0.499807 0.384649
vt 0.499806 0.381436
vt 0.021133 0.384649
vt 0.021131 0.381437
vt 0.531721 0.384649
vt 0.531720 0.381437
vt 0.563634 0.384649
vt 0.563633 0.381437
vt 0.595547 0.384649
vt 0.595546 0.381437
vt 0.276408 0.389047
vt 0.308320 0.389047
vt 0.276408 0.389678
vt 0.308320 0.389678
vt 0.244497 0.389047
vt 0.244497 0.389678
vt 0.340233 0.389047
vt 0.340233 0.389678
vt 0.212587 0.389047
vt 0.212587 0.389678
vt 0.372147 0.389047
vt 0.372147 0.389678
vt 0.180678 0.389047
vt 0.180678 0.389678
vt 0.404062 0.389047
vt 0.404062 0.389678
vt 0.148769 0.389047
vt 0.148770 0.389678
vt 0.435977 0.389047
vt 0.435977 0.389678
vt 0.116861 0.389047
vt 0.116861 0.389678
vt 0.467892 0.389047
vt 0.467892 0.389678
vt 0.084953 0.389047
vt 0.084952 0.389678
vt 0.499807 0.389047
vt 0.499807 0.389678
vt 0.053043 0.389047
vt 0.053043 0.389678
vt 0.531722 0.389047
vt 0.531722 0.389678
vt 0.021134 0.389047
vt 0.021134 0.389678
vt 0.563636 0.389047
vt 0.563636 0.389678
vt 0.627460 0.389047
vt 0.627460 0.389678
vt 0.595548 0.389047
vt 0.595548 0.389678
vt 0.276408 0.385791
vt 0.308320 0.385791
vt 0.276408 0.386423
vt 0.308320 0.386423
vt 0.244497 0.385791
vt 0.244497 0.386423
vt 0.340233 0.385791
vt 0.340233 0.386423
vt 0.212587 0.385791
vt 0.212587 0.386423
vt 0.372147 0.385791
vt 0.372147 0.386423
vt 0.180678 0.385791
vt 0.180678 0.386423
vt 0.404062 0.385791
vt 0.404061 0.386423
vt 0.148770 0.385791
vt 0.148769 0.386423
vt 0.435977 0.385791
vt 0.435977 0.386423
vt 0.116861 0.385791
vt 0.116861 0.386423
vt 0.467892 0.385791
vt 0.467892 0.386423
vt 0.084952 0.385791
vt 0.084953 0.386423
vt 0.499807 0.385791
vt 0.499807 0.386423
vt 0.053043 0.385791
vt 0.053044 0.386423
vt 0.531722 0.385791
vt 0.531722 0.386423
vt 0.021134 0.385791
vt 0.021134 0.386423
vt 0.563635 0.385791
vt 0.563635 0.386423
vt 0.627460 0.385791
vt 0.627460 0.386423
vt 0.595548 0.385791
vt 0.595548 0.386423
vt 0.276399 0.351995
vt 0.244489 0.351995
vt 0.244489 0.343702
vt 0.276398 0.343702
vt 0.308311 0.351995
vt 0.308311 0.343702
vt 0.212582 0.351995
vt 0.212581 0.343702
vt 0.340225 0.351995
vt 0.340225 0.343702
vt 0.180675 0.351995
vt 0.180675 0.343702
vt 0.372141 0.351995
vt 0.372140 0.343702
vt 0.148768 0.351995
vt 0.148768 0.343702
vt 0.404058 0.351995
vt 0.404058 0.343702
vt 0.116862 0.351995
vt 0.116862 0.343702
vt 0.435975 0.351995
vt 0.435975 0.343702
vt 0.084956 0.351995
vt 0.084956 0.343702
vt 0.467891 0.351995
vt 0.467891 0.343701
vt 0.053049 0.351995
vt 0.053050 0.343702
vt 0.499811 0.351995
vt 0.499812 0.343702
vt 0.021141 0.351995
vt 0.021142 0.343702
vt 0.531729 0.351995
vt 0.531729 0.343702
vt 0.627468 0.351995
vt 0.627469 0.343702
vt 0.563642 0.351995
vt 0.563642 0.343702
vt 0.595557 0.351995
vt 0.595557 0.343702
vt 0.499812 0.335094
vt 0.467890 0.335093
vt 0.467890 0.325581
vt 0.499813 0.325581
vt 0.531730 0.335094
vt 0.531731 0.325581
vt 0.563643 0.335094
vt 0.563643 0.325581
vt 0.595558 0.335094
vt 0.595558 0.325581
vt 0.627469 0.335094
vt 0.627470 0.325581
vt 0.021142 0.335094
vt 0.021142 0.325581
vt 0.053050 0.335094
vt 0.053050 0.325581
vt 0.084957 0.335094
vt 0.084957 0.325581
vt 0.116862 0.335094
vt 0.116862 0.325581
vt 0.148768 0.335094
vt 0.148768 0.325581
vt 0.180675 0.335094
vt 0.180675 0.325581
vt 0.212581 0.335094
vt 0.212581 0.325581
vt 0.244488 0.335094
vt 0.244488 0.325581
vt 0.276398 0.335094
vt 0.276397 0.325581
vt 0.308311 0.335094
vt 0.308310 0.325581
vt 0.340224 0.335094
vt 0.340225 0.325581
vt 0.372139 0.335094
vt 0.372139 0.325581
vt 0.404058 0.335094
vt 0.404058 0.325581
vt 0.435975 0.335094
vt 0.435975 0.325581
vt 0.435977 0.237694
vt 0.404063 0.237694
vt 0.404064 0.219269
vt 0.435978 0.219269
vt 0.467885 0.237693
vt 0.467884 0.219268
vt 0.499810 0.237693
vt 0.499810 0.219269
vt 0.531727 0.237694
vt 0.531726 0.219270
vt 0.563633 0.237694
vt 0.563631 0.219269
vt 0.595551 0.237694
vt 0.595549 0.219269
vt 0.627462 0.237694
vt 0.021135 0.237694
vt 0.021134 0.219269
vt 0.053044 0.237694
vt 0.053043 0.219269
vt 0.084952 0.237694
vt 0.084952 0.219269
vt 0.116860 0.237694
vt 0.116859 0.219269
vt 0.148769 0.237694
vt 0.148769 0.219269
vt 0.180678 0.237694
vt 0.180679 0.219269
vt 0.212587 0.237694
vt 0.212589 0.219269
vt 0.244494 0.237694
vt 0.244495 0.219269
vt 0.276404 0.237694
vt 0.276405 0.219269
vt 0.308319 0.237694
vt 0.308320 0.219269
vt 0.340233 0.237694
vt 0.340235 0.219269
vt 0.372144 0.237694
vt 0.372145 0.219269
vt 0.435977 0.256865
vt 0.404062 0.256865
vt 0.467886 0.256864
vt 0.499810 0.256864
vt 0.531728 0.256865
vt 0.563635 0.256865
vt 0.595552 0.256865
vt 0.627464 0.256865
vt 0.021136 0.256865
vt 0.053045 0.256865
vt 0.084953 0.256865
vt 0.116860 0.256864
vt 0.148769 0.256864
vt 0.180678 0.256865
vt 0.212586 0.256865
vt 0.244493 0.256865
vt 0.276403 0.256865
vt 0.308317 0.256865
vt 0.340231 0.256865
vt 0.372143 0.256865
vt 0.435976 0.279218
vt 0.404061 0.279218
vt 0.467887 0.279217
vt 0.499811 0.279217
vt 0.531729 0.279218
vt 0.563637 0.279218
vt 0.595554 0.279218
vt 0.627466 0.279218
vt 0.021138 0.279218
vt 0.053047 0.279218
vt 0.084954 0.279218
vt 0.116861 0.279217
vt 0.148769 0.279217
vt 0.180677 0.279217
vt 0.212584 0.279218
vt 0.244491 0.279218
vt 0.276401 0.279217
vt 0.308315 0.279218
vt 0.340229 0.279218
vt 0.372141 0.279217
vt 0.435975 0.308117
vt 0.404059 0.308117
vt 0.404060 0.291252
vt 0.435976 0.291252
vt 0.467889 0.308116
vt 0.467888 0.291252
vt 0.499812 0.308116
vt 0.499812 0.291252
vt 0.531730 0.308117
vt 0.531729 0.291252
vt 0.563641 0.308116
vt 0.563638 0.291252
vt 0.595557 0.308116
vt 0.595556 0.291252
vt 0.627469 0.308116
vt 0.021141 0.308116
vt 0.021140 0.291252
vt 0.053049 0.308116
vt 0.053048 0.291252
vt 0.084956 0.308116
vt 0.084955 0.291252
vt 0.116861 0.308116
vt 0.116861 0.291252
vt 0.148769 0.308116
vt 0.148769 0.291252
vt 0.180675 0.308116
vt 0.180676 0.291252
vt 0.212582 0.308117
vt 0.212584 0.291252
vt 0.244489 0.308116
vt 0.244490 0.291252
vt 0.276398 0.308116
vt 0.276400 0.291252
vt 0.308311 0.308116
vt 0.308313 0.291252
vt 0.340226 0.308116
vt 0.340228 0.291252
vt 0.372140 0.308116
vt 0.372141 0.291252
vt 0.276407 0.198007
vt 0.244496 0.198007
vt 0.244497 0.193101
vt 0.276408 0.193101
vt 0.308322 0.198007
vt 0.308323 0.193101
vt 0.212590 0.198007
vt 0.212591 0.193102
vt 0.340236 0.198007
vt 0.340237 0.193101
vt 0.180680 0.198007
vt 0.180680 0.193101
vt 0.372146 0.198007
vt 0.372146 0.193101
vt 0.148770 0.198006
vt 0.148770 0.193101
vt 0.404065 0.198007
vt 0.404065 0.193102
vt 0.116859 0.198006
vt 0.116859 0.193101
vt 0.435978 0.198007
vt 0.435978 0.193102
vt 0.084951 0.198007
vt 0.084950 0.193101
vt 0.467884 0.198006
vt 0.467883 0.193101
vt 0.053041 0.198007
vt 0.053041 0.193101
vt 0.499809 0.198006
vt 0.499809 0.193101
vt 0.021132 0.198007
vt 0.021131 0.193101
vt 0.531725 0.198007
vt 0.531726 0.193102
vt 0.627458 0.198007
vt 0.627458 0.193101
vt 0.563629 0.198007
vt 0.563628 0.193101
vt 0.595547 0.198007
vt 0.595546 0.193101
vt 0.276408 0.187560
vt 0.244497 0.187560
vt 0.244497 0.186002
vt 0.276408 0.186002
vt 0.308323 0.187560
vt 0.308323 0.186002
vt 0.212591 0.187560
vt 0.212591 0.186002
vt 0.340237 0.187560
vt 0.340237 0.186002
vt 0.180680 0.187559
vt 0.180680 0.186002
vt 0.372146 0.187560
vt 0.372146 0.186002
vt 0.148770 0.187559
vt 0.148770 0.186002
vt 0.404066 0.187560
vt 0.404066 0.186003
vt 0.116858 0.187559
vt 0.116858 0.186002
vt 0.435978 0.187560
vt 0.435978 0.186003
vt 0.084950 0.187560
vt 0.084950 0.186002
vt 0.467883 0.187559
vt 0.467883 0.186002
vt 0.053041 0.187560
vt 0.053041 0.186002
vt 0.499809 0.187559
vt 0.499809 0.186002
vt 0.021131 0.187560
vt 0.021131 0.186002
vt 0.531725 0.187560
vt 0.531726 0.186003
vt 0.627458 0.186002
vt 0.563628 0.187560
vt 0.563628 0.186002
vt 0.595546 0.187560
vt 0.595546 0.186002
vt 0.276408 0.190416
vt 0.308323 0.190416
vt 0.244497 0.190416
vt 0.340237 0.190416
vt 0.212590 0.190416
vt 0.372146 0.190416
vt 0.180680 0.190416
vt 0.404066 0.190416
vt 0.148770 0.190416
vt 0.435978 0.190416
vt 0.116858 0.190416
vt 0.467883 0.190415
vt 0.084950 0.190416
vt 0.499809 0.190415
vt 0.053040 0.190416
vt 0.531726 0.190416
vt 0.021131 0.190416
vt 0.563628 0.190416
vt 0.627458 0.190416
vt 0.595546 0.190416
vt 0.276408 0.183146
vt 0.308323 0.183146
vt 0.276408 0.180564
vt 0.308323 0.180564
vt 0.244497 0.183146
vt 0.244497 0.180564
vt 0.340237 0.183146
vt 0.340237 0.180564
vt 0.212591 0.183146
vt 0.212591 0.180564
vt 0.372146 0.183146
vt 0.372146 0.180564
vt 0.180680 0.183146
vt 0.180680 0.180564
vt 0.404066 0.183146
vt 0.404066 0.180564
vt 0.148770 0.183145
vt 0.126353 0.860560
vt 0.137934 0.873327
vt 0.119290 0.844846
vt 0.152886 0.881884
vt 0.117427 0.827718
vt 0.169761 0.885408
vt 0.120951 0.810849
vt 0.186893 0.883549
vt 0.129513 0.795892
vt 0.202589 0.876486
vt 0.142280 0.784316
vt 0.215350 0.864898
vt 0.157993 0.777250
vt 0.223927 0.849936
vt 0.227452 0.833066
vt 0.191991 0.778909
vt 0.225593 0.815958
vt 0.206944 0.787472
vt 0.218520 0.800237
vt 0.148770 0.180564
vt 0.435978 0.183146
vt 0.435978 0.180564
vt 0.116858 0.183145
vt 0.116858 0.180564
vt 0.467883 0.183145
vt 0.467882 0.180563
vt 0.084950 0.183146
vt 0.084950 0.180564
vt 0.499809 0.183145
vt 0.499809 0.180564
vt 0.053040 0.183146
vt 0.053041 0.180564
vt 0.531726 0.183146
vt 0.531726 0.180564
vt 0.021131 0.183146
vt 0.021131 0.180564
vt 0.563628 0.183146
vt 0.563628 0.180564
vt 0.627458 0.183146
vt 0.595546 0.183146
vt 0.595546 0.180564
vt 0.244497 0.179044
vt 0.276407 0.179044
vt 0.308322 0.179044
vt 0.212591 0.179044
vt 0.340237 0.179044
vt 0.180680 0.179044
vt 0.372146 0.179044
vt 0.148770 0.179044
vt 0.404066 0.179044
vt 0.116858 0.179044
vt 0.435978 0.179044
vt 0.084951 0.179044
vt 0.467882 0.179043
vt 0.053041 0.179044
vt 0.499809 0.179044
vt 0.021131 0.179044
vt 0.531726 0.179044
vt 0.627458 0.179044
vt 0.563628 0.179044
vt 0.595546 0.179044
vt 0.276407 0.177141
vt 0.244496 0.177141
vt 0.276407 0.175920
vt 0.244496 0.175920
vt 0.212590 0.177141
vt 0.212590 0.175920
vt 0.308322 0.177141
vt 0.308322 0.175920
vt 0.180680 0.177141
vt 0.180680 0.175920
vt 0.340236 0.177141
vt 0.340236 0.175920
vt 0.148770 0.177141
vt 0.148770 0.175920
vt 0.372146 0.177141
vt 0.372145 0.175920
vt 0.116858 0.177141
vt 0.116858 0.175920
vt 0.404066 0.177141
vt 0.404066 0.175920
vt 0.084951 0.177141
vt 0.084951 0.175920
vt 0.435978 0.177141
vt 0.435977 0.175920
vt 0.053041 0.177141
vt 0.053041 0.175920
vt 0.467882 0.177140
vt 0.467881 0.175919
vt 0.021132 0.177141
vt 0.021132 0.175920
vt 0.499810 0.177141
vt 0.499810 0.175919
vt 0.627459 0.177141
vt 0.531727 0.177141
vt 0.531728 0.175920
vt 0.595547 0.177141
vt 0.595547 0.175920
vt 0.563628 0.177141
vt 0.563629 0.175920
vt 0.404065 0.199634
vt 0.404065 0.199070
vt 0.435978 0.199070
vt 0.435978 0.199634
vt 0.467884 0.199069
vt 0.499809 0.199069
vt 0.531726 0.199070
vt 0.563629 0.199070
vt 0.595547 0.199070
vt 0.021132 0.199070
vt 0.053041 0.199070
vt 0.084951 0.199070
vt 0.116859 0.199070
vt 0.148770 0.199070
vt 0.180680 0.199070
vt 0.212590 0.199070
vt 0.244496 0.199070
vt 0.276407 0.199070
vt 0.308322 0.199070
vt 0.340236 0.199070
vt 0.372146 0.199070
vt 0.467884 0.199633
vt 0.499809 0.199633
vt 0.531726 0.199634
vt 0.563629 0.199634
vt 0.595547 0.199634
vt 0.627459 0.199634
vt 0.021132 0.199634
vt 0.053042 0.199634
vt 0.084951 0.199634
vt 0.116859 0.199633
vt 0.148770 0.199633
vt 0.180680 0.199633
vt 0.212590 0.199634
vt 0.244496 0.199634
vt 0.276407 0.199634
vt 0.308321 0.199634
vt 0.340236 0.199634
vt 0.372145 0.199634
vt 0.404065 0.201392
vt 0.404065 0.201003
vt 0.435978 0.201003
vt 0.435978 0.201392
vt 0.404064 0.202236
vt 0.435978 0.202236
vt 0.467884 0.202235
vt 0.499809 0.202235
vt 0.531726 0.202236
vt 0.563629 0.202235
vt 0.595548 0.202235
vt 0.627459 0.202235
vt 0.021132 0.202235
vt 0.053041 0.202235
vt 0.084951 0.202235
vt 0.116859 0.202235
vt 0.148770 0.202235
vt 0.180680 0.202235
vt 0.212589 0.202235
vt 0.244496 0.202235
vt 0.276407 0.202235
vt 0.308322 0.202235
vt 0.340236 0.202235
vt 0.372145 0.202235
vt 0.467884 0.201002
vt 0.467884 0.201391
vt 0.499809 0.201002
vt 0.499809 0.201391
vt 0.531726 0.201003
vt 0.531726 0.201392
vt 0.563630 0.201003
vt 0.563629 0.201392
vt 0.595548 0.201003
vt 0.595548 0.201392
vt 0.021132 0.201003
vt 0.021132 0.201392
vt 0.053042 0.201003
vt 0.053042 0.201392
vt 0.084951 0.201003
vt 0.084951 0.201392
vt 0.116859 0.201002
vt 0.116859 0.201392
vt 0.148770 0.201002
vt 0.148770 0.201392
vt 0.180680 0.201002
vt 0.180680 0.201392
vt 0.212590 0.201003
vt 0.212590 0.201392
vt 0.244496 0.201003
vt 0.244496 0.201392
vt 0.276407 0.201003
vt 0.276407 0.201392
vt 0.308321 0.201003
vt 0.308322 0.201392
vt 0.340236 0.201003
vt 0.340236 0.201392
vt 0.372146 0.201003
vt 0.372146 0.201392
vt 0.404065 0.201799
vt 0.372146 0.201798
vt 0.340236 0.201798
vt 0.435978 0.201799
vt 0.467884 0.201798
vt 0.499809 0.201798
vt 0.531726 0.201799
vt 0.563629 0.201799
vt 0.595548 0.201798
vt 0.021132 0.201799
vt 0.053042 0.201798
vt 0.084951 0.201798
vt 0.116859 0.201798
vt 0.148770 0.201798
vt 0.180680 0.201798
vt 0.212590 0.201799
vt 0.244496 0.201799
vt 0.276407 0.201798
vt 0.308321 0.201798
vt 0.404065 0.200715
vt 0.404064 0.200347
vt 0.435978 0.200347
vt 0.435978 0.200715
vt 0.404065 0.200074
vt 0.435978 0.200074
vt 0.467884 0.200073
vt 0.467884 0.200714
vt 0.499809 0.200073
vt 0.499809 0.200714
vt 0.531726 0.200074
vt 0.531726 0.200715
vt 0.563630 0.200074
vt 0.563630 0.200715
vt 0.595548 0.200074
vt 0.595548 0.200714
vt 0.627459 0.200714
vt 0.021132 0.200074
vt 0.021133 0.200714
vt 0.053042 0.200074
vt 0.053042 0.200714
vt 0.084951 0.200074
vt 0.084951 0.200714
vt 0.116859 0.200073
vt 0.116859 0.200714
vt 0.148770 0.200073
vt 0.148770 0.200714
vt 0.180680 0.200073
vt 0.180680 0.200714
vt 0.212590 0.200074
vt 0.212589 0.200715
vt 0.244496 0.200074
vt 0.244496 0.200715
vt 0.276407 0.200074
vt 0.276407 0.200714
vt 0.308322 0.200074
vt 0.308321 0.200714
vt 0.340236 0.200074
vt 0.340236 0.200714
vt 0.372145 0.200074
vt 0.372145 0.200714
vt 0.467884 0.200346
vt 0.499809 0.200346
vt 0.531726 0.200347
vt 0.563630 0.200347
vt 0.595548 0.200346
vt 0.021133 0.200346
vt 0.053042 0.200346
vt 0.084951 0.200346
vt 0.116859 0.200346
vt 0.148770 0.200346
vt 0.180680 0.200346
vt 0.212589 0.200347
vt 0.244496 0.200347
vt 0.276407 0.200346
vt 0.308322 0.200346
vt 0.340236 0.200346
vt 0.372145 0.200346
vt 0.276408 0.168218
vt 0.276408 0.166795
vt 0.308323 0.166795
vt 0.308323 0.168218
vt 0.276408 0.169575
vt 0.308323 0.169575
vt 0.276408 0.171372
vt 0.276408 0.170678
vt 0.308323 0.170678
vt 0.308323 0.171372
vt 0.244497 0.168218
vt 0.244497 0.166795
vt 0.244497 0.169575
vt 0.244497 0.170678
vt 0.244497 0.171373
vt 0.340237 0.166795
vt 0.340237 0.168218
vt 0.340237 0.169575
vt 0.340236 0.170678
vt 0.340236 0.171372
vt 0.212590 0.168218
vt 0.212590 0.166795
vt 0.212590 0.169575
vt 0.212590 0.170678
vt 0.212590 0.171373
vt 0.372146 0.166795
vt 0.372146 0.168218
vt 0.372146 0.169575
vt 0.372146 0.170678
vt 0.372146 0.171372
vt 0.180680 0.168218
vt 0.180680 0.166795
vt 0.180680 0.169575
vt 0.180680 0.170678
vt 0.180680 0.171372
vt 0.404065 0.166795
vt 0.404065 0.168218
vt 0.404065 0.169576
vt 0.404065 0.170678
vt 0.404065 0.171373
vt 0.148770 0.168218
vt 0.148770 0.166794
vt 0.148770 0.169575
vt 0.148770 0.170677
vt 0.148770 0.171372
vt 0.435979 0.166795
vt 0.435979 0.168218
vt 0.435978 0.169575
vt 0.435978 0.170678
vt 0.435978 0.171373
vt 0.116859 0.168218
vt 0.116859 0.166795
vt 0.116859 0.169575
vt 0.116859 0.170677
vt 0.116859 0.171372
vt 0.467884 0.166794
vt 0.467884 0.168217
vt 0.467884 0.169574
vt 0.467884 0.170677
vt 0.467884 0.171372
vt 0.084950 0.168218
vt 0.084951 0.166795
vt 0.084951 0.169575
vt 0.084951 0.170678
vt 0.084951 0.171372
vt 0.499808 0.166794
vt 0.499808 0.168217
vt 0.499808 0.169575
vt 0.499808 0.170677
vt 0.499809 0.171372
vt 0.053041 0.168218
vt 0.053040 0.166795
vt 0.053041 0.169575
vt 0.053041 0.170678
vt 0.053041 0.171372
vt 0.531725 0.166795
vt 0.531724 0.168219
vt 0.531724 0.169576
vt 0.531725 0.170678
vt 0.531725 0.171373
vt 0.021131 0.168218
vt 0.021131 0.166795
vt 0.021131 0.169575
vt 0.021131 0.170678
vt 0.021131 0.171372
vt 0.563628 0.166795
vt 0.563628 0.168218
vt 0.563628 0.169575
vt 0.563628 0.170678
vt 0.563628 0.171373
vt 0.627458 0.168218
vt 0.627458 0.169575
vt 0.627458 0.170678
vt 0.627458 0.171372
vt 0.595547 0.166795
vt 0.595546 0.168218
vt 0.595547 0.169575
vt 0.595547 0.170678
vt 0.595547 0.171372
vt 0.276406 0.175593
vt 0.244496 0.175593
vt 0.212590 0.175594
vt 0.308321 0.175593
vt 0.180681 0.175593
vt 0.340236 0.175593
vt 0.148770 0.175593
vt 0.372145 0.175593
vt 0.116858 0.175593
vt 0.404066 0.175594
vt 0.084950 0.175593
vt 0.435977 0.175594
vt 0.053041 0.175593
vt 0.467881 0.175593
vt 0.021133 0.175593
vt 0.499811 0.175593
vt 0.627459 0.175593
vt 0.531729 0.175594
vt 0.595547 0.175593
vt 0.563629 0.175593
vt 0.276406 0.174899
vt 0.244495 0.174899
vt 0.244495 0.174561
vt 0.276406 0.174561
vt 0.308322 0.174899
vt 0.308322 0.174561
vt 0.212591 0.174899
vt 0.212591 0.174561
vt 0.340236 0.174899
vt 0.340236 0.174561
vt 0.180681 0.174899
vt 0.180681 0.174561
vt 0.372145 0.174899
vt 0.372145 0.174561
vt 0.148770 0.174898
vt 0.148770 0.174561
vt 0.404066 0.174899
vt 0.404066 0.174561
vt 0.116858 0.174898
vt 0.116858 0.174561
vt 0.435977 0.174899
vt 0.435977 0.174561
vt 0.084950 0.174899
vt 0.084950 0.174561
vt 0.467880 0.174898
vt 0.467880 0.174560
vt 0.053041 0.174899
vt 0.053042 0.174561
vt 0.499811 0.174898
vt 0.499811 0.174561
vt 0.021133 0.174899
vt 0.021133 0.174561
vt 0.531729 0.174899
vt 0.531729 0.174562
vt 0.627460 0.174561
vt 0.563629 0.174899
vt 0.563629 0.174561
vt 0.595547 0.174899
vt 0.595547 0.174561
vt 0.276406 0.173820
vt 0.244495 0.173821
vt 0.308321 0.173820
vt 0.212591 0.173821
vt 0.340236 0.173820
vt 0.180681 0.173820
vt 0.372145 0.173820
vt 0.148770 0.173820
vt 0.404066 0.173821
vt 0.116858 0.173820
vt 0.435977 0.173821
vt 0.084951 0.173820
vt 0.467880 0.173820
vt 0.053041 0.173820
vt 0.499811 0.173820
vt 0.021133 0.173820
vt 0.531729 0.173821
vt 0.563629 0.173821
vt 0.595547 0.173820
vt 0.276406 0.175355
vt 0.308321 0.175355
vt 0.244495 0.175355
vt 0.340235 0.175355
vt 0.212590 0.175355
vt 0.372145 0.175355
vt 0.180681 0.175355
vt 0.404066 0.175356
vt 0.148769 0.175355
vt 0.435977 0.175355
vt 0.116858 0.175355
vt 0.467880 0.175355
vt 0.084951 0.175355
vt 0.499811 0.175355
vt 0.053042 0.175355
vt 0.531729 0.175356
vt 0.021133 0.175355
vt 0.563629 0.175355
vt 0.627460 0.175355
vt 0.595547 0.175355
vt 0.276406 0.174105
vt 0.308321 0.174105
vt 0.244495 0.174105
vt 0.340236 0.174105
vt 0.212591 0.174105
vt 0.372145 0.174105
vt 0.180681 0.174105
vt 0.404066 0.174105
vt 0.148769 0.174104
vt 0.435977 0.174105
vt 0.116858 0.174104
vt 0.467880 0.174104
vt 0.084951 0.174105
vt 0.499811 0.174104
vt 0.053042 0.174105
vt 0.531729 0.174105
vt 0.021133 0.174105
vt 0.563629 0.174105
vt 0.627459 0.174105
vt 0.595547 0.174105
vt 0.244497 0.164484
vt 0.276408 0.164483
vt 0.308323 0.164483
vt 0.212590 0.164484
vt 0.340237 0.164483
vt 0.180680 0.164483
vt 0.372146 0.164483
vt 0.148770 0.164483
vt 0.404065 0.164484
vt 0.116859 0.164483
vt 0.435978 0.164484
vt 0.084951 0.164483
vt 0.467884 0.164483
vt 0.053041 0.164483
vt 0.499808 0.164483
vt 0.021131 0.164483
vt 0.531725 0.164484
vt 0.627458 0.164483
vt 0.563629 0.164484
vt 0.595546 0.164483
vt 0.276408 0.160844
vt 0.244497 0.160844
vt 0.276408 0.157148
vt 0.244497 0.157148
vt 0.276408 0.153444
vt 0.244497 0.153444
vt 0.276408 0.146205
vt 0.276408 0.149780
vt 0.244497 0.149780
vt 0.244497 0.146205
vt 0.212590 0.160844
vt 0.212590 0.157148
vt 0.212590 0.153444
vt 0.212590 0.149780
vt 0.212590 0.146205
vt 0.308323 0.160844
vt 0.308323 0.157148
vt 0.308323 0.153444
vt 0.308323 0.149780
vt 0.308323 0.146205
vt 0.180680 0.160844
vt 0.180680 0.157148
vt 0.180680 0.153444
vt 0.180680 0.149780
vt 0.180680 0.146205
vt 0.340236 0.160844
vt 0.340237 0.157148
vt 0.340236 0.153444
vt 0.340237 0.149780
vt 0.340237 0.146205
vt 0.148770 0.160844
vt 0.148770 0.157148
vt 0.148770 0.153443
vt 0.148770 0.149780
vt 0.148770 0.146204
vt 0.372146 0.160844
vt 0.372146 0.157148
vt 0.372146 0.153444
vt 0.372146 0.149780
vt 0.372146 0.146205
vt 0.116859 0.160844
vt 0.116858 0.157148
vt 0.116859 0.153444
vt 0.116858 0.149780
vt 0.116858 0.146204
vt 0.404065 0.160845
vt 0.404065 0.157149
vt 0.404065 0.153444
vt 0.404065 0.149780
vt 0.404065 0.146205
vt 0.084951 0.160844
vt 0.084951 0.157148
vt 0.084951 0.153444
vt 0.084951 0.149780
vt 0.084950 0.146205
vt 0.435978 0.160844
vt 0.435978 0.157148
vt 0.435978 0.153444
vt 0.435978 0.149780
vt 0.435978 0.146205
vt 0.053041 0.160844
vt 0.053041 0.157148
vt 0.053041 0.153444
vt 0.053041 0.149780
vt 0.053041 0.146205
vt 0.467883 0.160843
vt 0.467883 0.157147
vt 0.467883 0.153443
vt 0.467883 0.149779
vt 0.467883 0.146204
vt 0.021131 0.160844
vt 0.021131 0.157148
vt 0.021131 0.153444
vt 0.021131 0.149780
vt 0.021131 0.146205
vt 0.499809 0.160844
vt 0.499809 0.157148
vt 0.499809 0.153443
vt 0.499809 0.149779
vt 0.499809 0.146204
vt 0.627458 0.160844
vt 0.627458 0.157148
vt 0.627458 0.153444
vt 0.627458 0.149780
vt 0.531725 0.160845
vt 0.531726 0.157149
vt 0.531726 0.153444
vt 0.531726 0.149780
vt 0.531725 0.146205
vt 0.595546 0.160844
vt 0.595546 0.157148
vt 0.595546 0.153444
vt 0.595546 0.149780
vt 0.595546 0.146205
vt 0.563628 0.160844
vt 0.563628 0.157148
vt 0.563628 0.153444
vt 0.563628 0.149780
vt 0.563628 0.146205
vt 0.276412 0.064949
vt 0.244501 0.064949
vt 0.244501 0.060446
vt 0.276412 0.060446
vt 0.308327 0.064949
vt 0.308327 0.060446
vt 0.212593 0.064949
vt 0.212593 0.060446
vt 0.340241 0.064949
vt 0.340240 0.060445
vt 0.180682 0.064949
vt 0.180682 0.060445
vt 0.372149 0.064949
vt 0.372149 0.060446
vt 0.148770 0.064949
vt 0.148770 0.060445
vt 0.404068 0.064949
vt 0.404068 0.060446
vt 0.116857 0.064949
vt 0.116857 0.060445
vt 0.435979 0.064949
vt 0.435979 0.060446
vt 0.084948 0.064949
vt 0.084948 0.060445
vt 0.467883 0.064948
vt 0.467882 0.060445
vt 0.053037 0.064949
vt 0.053037 0.060446
vt 0.499807 0.064948
vt 0.499807 0.060445
vt 0.021127 0.064949
vt 0.021127 0.060446
vt 0.531723 0.064949
vt 0.531724 0.060446
vt 0.563625 0.064949
vt 0.563624 0.060446
vt 0.595542 0.064949
vt 0.595542 0.060445
vt 0.276412 0.070502
vt 0.308327 0.070502
vt 0.276412 0.076375
vt 0.308327 0.076375
vt 0.276412 0.082353
vt 0.308327 0.082353
vt 0.276412 0.088218
vt 0.308327 0.088218
vt 0.276412 0.098751
vt 0.276412 0.093752
vt 0.308327 0.093752
vt 0.308327 0.098751
vt 0.244501 0.070502
vt 0.244501 0.076375
vt 0.244501 0.082353
vt 0.244501 0.088218
vt 0.244501 0.093752
vt 0.244500 0.098751
vt 0.340241 0.070502
vt 0.340241 0.076375
vt 0.340241 0.082353
vt 0.340241 0.088217
vt 0.340241 0.093752
vt 0.340240 0.098751
vt 0.212593 0.070502
vt 0.212593 0.076375
vt 0.212593 0.082353
vt 0.212592 0.088218
vt 0.212592 0.093752
vt 0.212592 0.098751
vt 0.372149 0.070502
vt 0.372149 0.076375
vt 0.372149 0.082353
vt 0.372149 0.088218
vt 0.372149 0.093752
vt 0.372149 0.098751
vt 0.180682 0.070502
vt 0.180681 0.076375
vt 0.180681 0.082353
vt 0.180681 0.088217
vt 0.180681 0.093751
vt 0.180681 0.098751
vt 0.404067 0.070502
vt 0.404067 0.076375
vt 0.404067 0.082354
vt 0.404067 0.088218
vt 0.404067 0.093752
vt 0.404066 0.098751
vt 0.148770 0.070501
vt 0.148770 0.076374
vt 0.148770 0.082353
vt 0.148770 0.088217
vt 0.148770 0.093751
vt 0.148770 0.098751
vt 0.435980 0.070502
vt 0.435980 0.076375
vt 0.435980 0.082353
vt 0.435980 0.088218
vt 0.435980 0.093752
vt 0.435980 0.098751
vt 0.116858 0.070501
vt 0.116858 0.076374
vt 0.116858 0.082353
vt 0.116858 0.088217
vt 0.116858 0.093751
vt 0.116858 0.098751
vt 0.467883 0.070501
vt 0.467884 0.076374
vt 0.467885 0.082352
vt 0.467885 0.088217
vt 0.467885 0.093751
vt 0.467885 0.098750
vt 0.084949 0.070502
vt 0.084949 0.076375
vt 0.084949 0.082353
vt 0.084949 0.088217
vt 0.084949 0.093752
vt 0.084949 0.098751
vt 0.499806 0.070501
vt 0.499806 0.076374
vt 0.499806 0.082353
vt 0.499806 0.088217
vt 0.499806 0.093751
vt 0.499806 0.098751
vt 0.053037 0.070502
vt 0.053037 0.076375
vt 0.053037 0.082353
vt 0.053037 0.088218
vt 0.053037 0.093752
vt 0.053038 0.098751
vt 0.531722 0.070502
vt 0.531721 0.076375
vt 0.531721 0.082354
vt 0.531721 0.088218
vt 0.531721 0.093752
vt 0.531721 0.098752
vt 0.021127 0.070502
vt 0.021127 0.076375
vt 0.021127 0.082353
vt 0.021127 0.088218
vt 0.021127 0.093752
vt 0.021127 0.098751
vt 0.563625 0.070502
vt 0.563625 0.076375
vt 0.563625 0.082353
vt 0.563625 0.088218
vt 0.563625 0.093752
vt 0.563625 0.098751
vt 0.627453 0.070502
vt 0.627453 0.076375
vt 0.627453 0.082353
vt 0.627453 0.088217
vt 0.627453 0.093752
vt 0.627454 0.098751
vt 0.595542 0.070502
vt 0.595542 0.076375
vt 0.595542 0.082353
vt 0.595542 0.088217
vt 0.595542 0.093752
vt 0.595543 0.098751
vt 0.244499 0.127645
vt 0.276410 0.127645
vt 0.308325 0.127645
vt 0.212591 0.127645
vt 0.340239 0.127645
vt 0.180681 0.127645
vt 0.372148 0.127645
vt 0.148770 0.127645
vt 0.404066 0.127645
vt 0.116858 0.127645
vt 0.435979 0.127645
vt 0.084950 0.127645
vt 0.467884 0.127645
vt 0.053039 0.127645
vt 0.499807 0.127645
vt 0.021129 0.127645
vt 0.531723 0.127645
vt 0.627456 0.127645
vt 0.563626 0.127645
vt 0.595544 0.127645
vt 0.276412 0.102037
vt 0.244500 0.102037
vt 0.308327 0.102037
vt 0.212592 0.102037
vt 0.340240 0.102037
vt 0.180681 0.102037
vt 0.372149 0.102037
vt 0.148770 0.102036
vt 0.404067 0.102038
vt 0.116858 0.102036
vt 0.435980 0.102038
vt 0.084949 0.102037
vt 0.467885 0.102036
vt 0.053038 0.102037
vt 0.499806 0.102036
vt 0.021127 0.102037
vt 0.531721 0.102038
vt 0.563625 0.102037
vt 0.595543 0.102037
vt 0.276411 0.110719
vt 0.308326 0.110719
vt 0.276411 0.119257
vt 0.308326 0.119256
vt 0.244500 0.110719
vt 0.244499 0.119257
vt 0.340240 0.110719
vt 0.340239 0.119256
vt 0.212592 0.110719
vt 0.212592 0.119257
vt 0.372149 0.110719
vt 0.372148 0.119256
vt 0.180681 0.110719
vt 0.180681 0.119256
vt 0.404066 0.110720
vt 0.404066 0.119257
vt 0.148770 0.110718
vt 0.148770 0.119256
vt 0.435980 0.110719
vt 0.435979 0.119257
vt 0.116858 0.110719
vt 0.116858 0.119256
vt 0.467884 0.110718
vt 0.467884 0.119256
vt 0.084949 0.110719
vt 0.084949 0.119257
vt 0.499807 0.110718
vt 0.499807 0.119256
vt 0.053038 0.110719
vt 0.053038 0.119257
vt 0.531722 0.110720
vt 0.531722 0.119257
vt 0.021128 0.110719
vt 0.021128 0.119257
vt 0.563626 0.110719
vt 0.563626 0.119257
vt 0.627454 0.110719
vt 0.627455 0.119256
vt 0.595543 0.110719
vt 0.595543 0.119256
vt 0.244500 0.057820
vt 0.276411 0.057819
vt 0.308327 0.057819
vt 0.212594 0.057820
vt 0.340240 0.057819
vt 0.180682 0.057819
vt 0.372149 0.057819
vt 0.148770 0.057819
vt 0.404068 0.057820
vt 0.116857 0.057819
vt 0.435979 0.057820
vt 0.084948 0.057819
vt 0.467881 0.057819
vt 0.053037 0.057819
vt 0.499808 0.057819
vt 0.021127 0.057819
vt 0.531725 0.057820
vt 0.627454 0.057819
vt 0.563624 0.057820
vt 0.595542 0.057819
vt 0.276411 0.056282
vt 0.276411 0.055569
vt 0.308327 0.055569
vt 0.308327 0.056282
vt 0.276411 0.057107
vt 0.308327 0.057107
vt 0.244500 0.056282
vt 0.244501 0.055569
vt 0.244500 0.057107
vt 0.340240 0.055569
vt 0.340240 0.056282
vt 0.340240 0.057107
vt 0.212594 0.056282
vt 0.212594 0.055569
vt 0.212594 0.057107
vt 0.372149 0.055569
vt 0.372149 0.056282
vt 0.372149 0.057107
vt 0.180683 0.056281
vt 0.180682 0.055569
vt 0.180683 0.057106
vt 0.404068 0.055569
vt 0.404068 0.056282
vt 0.404068 0.057107
vt 0.148770 0.056281
vt 0.148770 0.055568
vt 0.148770 0.057106
vt 0.435979 0.055569
vt 0.435979 0.056282
vt 0.435979 0.057107
vt 0.116857 0.056281
vt 0.116857 0.055568
vt 0.116857 0.057106
vt 0.467881 0.055568
vt 0.467881 0.056281
vt 0.467881 0.057106
vt 0.084948 0.056282
vt 0.084948 0.055569
vt 0.084948 0.057107
vt 0.499808 0.055568
vt 0.499808 0.056281
vt 0.499808 0.057106
vt 0.053037 0.056282
vt 0.053037 0.055569
vt 0.053037 0.057107
vt 0.531725 0.055569
vt 0.531725 0.056282
vt 0.531725 0.057107
vt 0.021127 0.056282
vt 0.021127 0.055569
vt 0.021127 0.057107
vt 0.563624 0.055569
vt 0.563624 0.056282
vt 0.563624 0.057107
vt 0.627454 0.056282
vt 0.627454 0.057107
vt 0.595542 0.055569
vt 0.595542 0.056282
vt 0.595542 0.057107
vt 0.276412 0.046486
vt 0.244501 0.046486
vt 0.244501 0.016296
vt 0.276412 0.016295
vt 0.308327 0.046486
vt 0.308327 0.016295
vt 0.212593 0.046486
vt 0.212593 0.016296
vt 0.340241 0.046486
vt 0.340241 0.016295
vt 0.180682 0.046486
vt 0.180682 0.016295
vt 0.372149 0.046486
vt 0.372150 0.016295
vt 0.148770 0.046486
vt 0.148770 0.016295
vt 0.404068 0.046487
vt 0.404068 0.016296
vt 0.116857 0.046486
vt 0.116857 0.016295
vt 0.435979 0.046486
vt 0.435980 0.016296
vt 0.042362 0.915588
vt 0.022401 0.871224
vt 0.075058 0.951617
vt 0.017130 0.822868
vt 0.117284 0.975777
vt 0.027065 0.775246
vt 0.164903 0.985704
vt 0.051227 0.733022
vt 0.213273 0.980433
vt 0.087252 0.700326
vt 0.257637 0.960475
vt 0.131611 0.680364
vt 0.293643 0.927786
vt 0.179973 0.675090
vt 0.317806 0.885545
vt 0.227596 0.685019
vt 0.327749 0.837919
vt 0.269820 0.709178
vt 0.322480 0.789575
vt 0.302513 0.745204
vt 0.084949 0.046486
vt 0.084948 0.016295
vt 0.467882 0.046485
vt 0.467882 0.016294
vt 0.053037 0.046486
vt 0.053037 0.016295
vt 0.499807 0.046486
vt 0.499807 0.016295
vt 0.021127 0.046486
vt 0.021127 0.016295
vt 0.531723 0.046487
vt 0.531723 0.016296
vt 0.627453 0.016295
vt 0.563624 0.046486
vt 0.563624 0.016296
vt 0.595542 0.046486
vt 0.595541 0.016295
vt 0.244501 0.051105
vt 0.276412 0.051105
vt 0.308327 0.051105
vt 0.212593 0.051105
vt 0.340241 0.051105
vt 0.180682 0.051104
vt 0.372149 0.051105
vt 0.148770 0.051104
vt 0.404068 0.051105
vt 0.116857 0.051104
vt 0.435979 0.051105
vt 0.084949 0.051105
vt 0.467882 0.051104
vt 0.053037 0.051105
vt 0.499807 0.051104
vt 0.021127 0.051105
vt 0.531723 0.051105
vt 0.627453 0.051105
vt 0.563624 0.051105
vt 0.595542 0.051105
vt 0.276412 0.049752
vt 0.244501 0.049752
vt 0.276412 0.048176
vt 0.244501 0.048177
vt 0.212593 0.049752
vt 0.212593 0.048177
vt 0.308327 0.049752
vt 0.308327 0.048176
vt 0.180682 0.049752
vt 0.180682 0.048176
vt 0.340241 0.049752
vt 0.340241 0.048176
vt 0.148770 0.049751
vt 0.148770 0.048176
vt 0.372149 0.049752
vt 0.372149 0.048176
vt 0.116857 0.049752
vt 0.116857 0.048176
vt 0.404068 0.049752
vt 0.404068 0.048177
vt 0.084949 0.049752
vt 0.084949 0.048176
vt 0.435979 0.049752
vt 0.435980 0.048177
vt 0.053037 0.049752
vt 0.053037 0.048176
vt 0.467882 0.049751
vt 0.467883 0.048175
vt 0.021127 0.049752
vt 0.021127 0.048176
vt 0.499807 0.049751
vt 0.499807 0.048176
vt 0.627453 0.049752
vt 0.627453 0.048176
vt 0.531723 0.049753
vt 0.531723 0.048177
vt 0.595542 0.049752
vt 0.595542 0.048176
vt 0.563624 0.049752
vt 0.563624 0.048177
vt 0.244499 0.370854
vt 0.212588 0.370854
vt 0.212586 0.363695
vt 0.244496 0.363695
vt 0.180679 0.370853
vt 0.180678 0.363695
vt 0.148770 0.370853
vt 0.148769 0.363695
vt 0.116861 0.370853
vt 0.116861 0.363695
vt 0.084952 0.370853
vt 0.084953 0.363695
vt 0.053042 0.370854
vt 0.053044 0.363695
vt 0.021132 0.370854
vt 0.021135 0.363695
vt 0.627458 0.370854
vt 0.595546 0.370854
vt 0.595549 0.363695
vt 0.563634 0.370854
vt 0.563637 0.363695
vt 0.531720 0.370854
vt 0.531723 0.363695
vt 0.499806 0.370853
vt 0.499808 0.363694
vt 0.467892 0.370853
vt 0.467892 0.363694
vt 0.435977 0.370854
vt 0.435977 0.363695
vt 0.404062 0.370854
vt 0.404061 0.363695
vt 0.372148 0.370854
vt 0.372146 0.363695
vt 0.340235 0.370854
vt 0.180357 0.666881
vt 0.340232 0.363695
vt 0.308322 0.370854
vt 0.308318 0.363695
vt 0.276410 0.370854
vt 0.276406 0.363695
vt 0.276400 0.354648
vt 0.276401 0.357032
vt 0.244491 0.357032
vt 0.244490 0.354648
vt 0.276403 0.359050
vt 0.244492 0.359050
vt 0.276404 0.360651
vt 0.244493 0.360651
vt 0.276405 0.361795
vt 0.244494 0.361795
vt 0.308317 0.361795
vt 0.212585 0.361795
vt 0.340230 0.361795
vt 0.180677 0.361795
vt 0.372145 0.361795
vt 0.148769 0.361794
vt 0.404060 0.361795
vt 0.116861 0.361794
vt 0.435976 0.361795
vt 0.084954 0.361795
vt 0.467892 0.361794
vt 0.053045 0.361795
vt 0.499808 0.361794
vt 0.021136 0.361795
vt 0.531723 0.361795
vt 0.627463 0.361795
vt 0.563638 0.361795
vt 0.595551 0.361795
vt 0.212582 0.354648
vt 0.180675 0.354648
vt 0.148768 0.354648
vt 0.116862 0.354648
vt 0.084955 0.354648
vt 0.053049 0.354648
vt 0.021140 0.354648
vt 0.595556 0.354648
vt 0.563641 0.354648
vt 0.531728 0.354648
vt 0.499811 0.354648
vt 0.467891 0.354648
vt 0.435975 0.354648
vt 0.404059 0.354648
vt 0.372141 0.354648
vt 0.340226 0.354648
vt 0.308312 0.354648
vt 0.308314 0.357032
vt 0.308315 0.359050
vt 0.308316 0.360651
vt 0.212585 0.360651
vt 0.212584 0.359050
vt 0.212583 0.357032
vt 0.340228 0.357032
vt 0.340228 0.359050
vt 0.340229 0.360651
vt 0.180676 0.360651
vt 0.180676 0.359050
vt 0.180676 0.357032
vt 0.372142 0.357032
vt 0.372143 0.359050
vt 0.372144 0.360651
vt 0.148769 0.360651
vt 0.148768 0.359049
vt 0.148768 0.357032
vt 0.404059 0.357032
vt 0.404059 0.359050
vt 0.404060 0.360651
vt 0.116861 0.360651
vt 0.116861 0.359049
vt 0.116862 0.357032
vt 0.435976 0.357032
vt 0.435976 0.359050
vt 0.435976 0.360651
vt 0.084954 0.360651
vt 0.084954 0.359050
vt 0.084955 0.357032
vt 0.467892 0.357032
vt 0.467892 0.359049
vt 0.467892 0.360651
vt 0.053046 0.360651
vt 0.053047 0.359050
vt 0.053047 0.357032
vt 0.499810 0.357032
vt 0.499809 0.359049
vt 0.499809 0.360651
vt 0.021137 0.360651
vt 0.021138 0.359050
vt 0.021139 0.357032
vt 0.531727 0.357032
vt 0.531726 0.359050
vt 0.531725 0.360651
vt 0.627464 0.360651
vt 0.627465 0.359050
vt 0.627466 0.357032
vt 0.563641 0.357032
vt 0.563640 0.359050
vt 0.563639 0.360651
vt 0.595552 0.360651
vt 0.595553 0.359050
vt 0.595554 0.357032
vt 0.035495 0.920103
vt 0.014475 0.873396
vt 0.069922 0.958033
vt 0.008921 0.822484
vt 0.114382 0.983466
vt 0.019376 0.772343
vt 0.164518 0.993914
vt 0.044811 0.727886
vt 0.215444 0.988360
vt 0.082736 0.693459
vt 0.262152 0.967342
vt 0.129439 0.672438
vt 0.300059 0.932921
vt 0.325495 0.888448
vt 0.230498 0.677330
vt 0.335958 0.838305
vt 0.274956 0.702763
vt 0.309380 0.740689
vt 0.330406 0.787403
vt 0.790427 0.385065
vt 0.824335 0.396503
vt 0.754644 0.384669
vt 0.853050 0.417857
vt 0.720493 0.395343
vt 0.873759 0.447045
vt 0.691307 0.416053
vt 0.884437 0.481198
vt 0.884036 0.516979
vt 0.669949 0.444766
vt 0.872599 0.550890
vt 0.658512 0.478675
vt 0.851243 0.579605
vt 0.658112 0.514458
vt 0.822062 0.600314
vt 0.668790 0.548615
vt 0.787905 0.610991
vt 0.689499 0.577796
vt 0.718212 0.599151
vt 0.752120 0.610591
vt 0.659372 0.466881
vt 0.659394 0.621015
vt 0.659371 0.457172
vt 0.659371 0.458395
vt 0.659371 0.459554
vt 0.659371 0.462180
vt 0.659372 0.463637
vt 0.627462 0.466881
vt 0.659372 0.465075
vt 0.659373 0.467824
vt 0.659372 0.469098
vt 0.659371 0.477417
vt 0.659370 0.489911
vt 0.659369 0.503448
vt 0.659369 0.517695
vt 0.659369 0.532303
vt 0.659369 0.546910
vt 0.659369 0.561158
vt 0.659370 0.574695
vt 0.625742 0.621015
vt 0.659393 0.620876
vt 0.659391 0.621406
vt 0.659392 0.621975
vt 0.659391 0.620876
vt 0.659392 0.622612
vt 0.659391 0.623193
vt 0.659389 0.620725
vt 0.659391 0.623773
vt 0.659371 0.587188
vt 0.659387 0.620279
vt 0.659384 0.619074
vt 0.659383 0.618468
vt 0.659388 0.626385
vt 0.659382 0.617862
vt 0.659372 0.598330
vt 0.659379 0.615502
vt 0.659386 0.629216
vt 0.659375 0.607846
vt 0.659386 0.632195
vt 0.659385 0.635249
vt 0.659438 0.653816
vt 0.659512 0.654531
vt 0.627623 0.654531
vt 0.659386 0.638303
vt 0.627539 0.653816
vt 0.659386 0.641282
vt 0.659414 0.652644
vt 0.627509 0.652644
vt 0.659388 0.644112
vt 0.659402 0.651043
vt 0.659391 0.646724
vt 0.659395 0.649054
vt 0.627461 0.452438
vt 0.659372 0.450926
vt 0.627460 0.457172
vt 0.659371 0.456189
vt 0.659371 0.453493
vt 0.659371 0.452438
vt 0.659371 0.454781
vt 0.659370 0.404084
vt 0.627459 0.404084
vt 0.659369 0.402016
vt 0.627459 0.402016
vt 0.659369 0.399949
vt 0.627459 0.399949
vt 0.659369 0.397882
vt 0.627459 0.397882
vt 0.659369 0.395814
vt 0.627459 0.395814
vt 0.659369 0.393747
vt 0.627459 0.393747
vt 0.659370 0.391679
vt 0.627461 0.410286
vt 0.627460 0.408219
vt 0.659371 0.408219
vt 0.627461 0.450926
vt 0.659372 0.413431
vt 0.659372 0.412683
vt 0.659372 0.410878
vt 0.659371 0.410286
vt 0.659372 0.411699
vt 0.659370 0.406151
vt 0.659368 0.374544
vt 0.659368 0.374238
vt 0.659368 0.375081
vt 0.659368 0.375794
vt 0.659368 0.376612
vt 0.659368 0.377452
vt 0.659368 0.378230
vt 0.659368 0.378866
vt 0.627459 0.391679
vt 0.659371 0.390092
vt 0.627460 0.388299
vt 0.659371 0.387171
vt 0.627459 0.384649
vt 0.627458 0.381437
vt 0.659369 0.381437
vt 0.659371 0.389047
vt 0.659371 0.388299
vt 0.659371 0.389678
vt 0.659371 0.385791
vt 0.659370 0.384649
vt 0.659371 0.386423
vt 0.659368 0.379295
vt 0.659379 0.343702
vt 0.659379 0.335094
vt 0.659379 0.325581
vt 0.659371 0.219269
vt 0.659372 0.237694
vt 0.659373 0.256865
vt 0.627467 0.291252
vt 0.659377 0.291252
vt 0.659378 0.308116
vt 0.659368 0.193101
vt 0.627458 0.187560
vt 0.659368 0.186002
vt 0.659368 0.190416
vt 0.659368 0.187560
vt 0.659368 0.183146
vt 0.659368 0.180564
vt 0.627458 0.180564
vt 0.659369 0.179044
vt 0.659369 0.177141
vt 0.659369 0.175920
vt 0.659375 0.279218
vt 0.627459 0.199070
vt 0.659369 0.198007
vt 0.659369 0.199070
vt 0.627460 0.219269
vt 0.659369 0.202235
vt 0.659369 0.201003
vt 0.627459 0.201392
vt 0.627459 0.201798
vt 0.659369 0.201799
vt 0.659369 0.201392
vt 0.659369 0.199634
vt 0.627459 0.200074
vt 0.659370 0.200714
vt 0.627459 0.201003
vt 0.627459 0.200346
vt 0.659370 0.200346
vt 0.659369 0.200074
vt 0.659368 0.168218
vt 0.659368 0.166795
vt 0.659368 0.169575
vt 0.659368 0.170678
vt 0.627459 0.175920
vt 0.659370 0.175593
vt 0.627460 0.174899
vt 0.659370 0.174561
vt 0.627459 0.173820
vt 0.659369 0.171372
vt 0.659370 0.175355
vt 0.659370 0.174899
vt 0.659370 0.174105
vt 0.659370 0.173820
vt 0.627458 0.166795
vt 0.659368 0.164483
vt 0.659368 0.160844
vt 0.659368 0.157148
vt 0.659368 0.149780
vt 0.659368 0.146205
vt 0.659368 0.153444
vt 0.627453 0.064949
vt 0.659364 0.060446
vt 0.659364 0.070502
vt 0.659364 0.064949
vt 0.659364 0.076375
vt 0.659364 0.082353
vt 0.659364 0.088218
vt 0.659364 0.093752
vt 0.627458 0.146205
vt 0.659366 0.127645
vt 0.627454 0.102037
vt 0.659365 0.098751
vt 0.659365 0.110719
vt 0.659365 0.102037
vt 0.659365 0.119257
vt 0.627453 0.060446
vt 0.659364 0.057819
vt 0.659364 0.056282
vt 0.659364 0.055569
vt 0.659364 0.057107
vt 0.627453 0.046486
vt 0.659364 0.016295
vt 0.627454 0.055569
vt 0.659364 0.051105
vt 0.659364 0.048176
vt 0.659364 0.046486
vt 0.659364 0.049752
vt 0.659369 0.370854
vt 0.659372 0.363695
vt 0.627457 0.374238
vt 0.627461 0.363695
vt 0.659373 0.361795
vt 0.627467 0.354648
vt 0.659378 0.351995
vt 0.659374 0.360651
vt 0.659376 0.357032
vt 0.659377 0.354648
vt 0.659375 0.359050
vn -0.585537 0.784180 -0.205449
vn -0.542789 0.839704 -0.016665
vn -0.949500 -0.307965 -0.060057
vn -0.722926 -0.624809 -0.294943
vn -0.576677 0.682769 -0.448631
vn -0.511683 -0.741834 -0.433432
vn -0.964426 0.079105 0.252238
vn -0.482293 0.865773 0.133528
vn -0.424797 0.615916 -0.663472
vn -0.348664 -0.762823 -0.544551
vn -0.819909 0.228366 0.524975
vn -0.409807 0.873618 0.262391
vn -0.179528 -0.741844 -0.646094
vn -0.166118 0.682774 -0.711495
vn -0.323102 0.865781 0.382137
vn -0.632673 0.079094 0.770369
vn -0.000013 -1.000000 -0.000001
vn -0.000013 -1.000000 -0.000005
vn -0.000000 -1.000000 0.000000
vn -0.000010 -1.000000 -0.000009
vn -0.000013 -1.000000 0.000003
vn -0.000008 -1.000000 -0.000011
vn -0.000011 -1.000000 0.000007
vn -0.000009 -1.000000 0.000011
vn -0.000004 -1.000000 -0.000013
vn 0.000000 -1.000000 -0.000014
vn -0.000005 -1.000000 0.000013
vn 0.000005 -1.000000 -0.000013
vn -0.000001 -1.000000 0.000014
vn 0.034651 -0.624827 -0.779994
vn 0.058438 0.784195 -0.617756
vn -0.212008 0.839720 0.499923
vn -0.342794 -0.307970 0.887495
vn 0.000009 -1.000000 -0.000010
vn 0.000003 -1.000000 0.000013
vn 0.000012 -1.000000 -0.000007
vn 0.000007 -1.000000 0.000011
vn 0.000013 -1.000000 -0.000003
vn 0.000011 -1.000000 0.000009
vn 0.000013 -1.000000 0.000005
vn 0.000014 -1.000000 0.000001
vn 0.342810 -0.307899 -0.887513
vn 0.212002 0.839719 -0.499927
vn -0.058438 0.784202 0.617748
vn -0.034644 -0.624782 0.780030
vn 0.632672 0.079263 -0.770353
vn 0.323103 0.865779 -0.382141
vn 0.166124 0.682788 0.711480
vn 0.179530 -0.741825 0.646115
vn -0.646544 0.474778 -0.597133
vn -0.722332 0.365745 -0.586913
vn -0.870398 0.339852 -0.356241
vn 0.819895 0.228441 -0.524964
vn 0.409804 0.873622 -0.262383
vn 0.424802 0.615923 0.663462
vn 0.348674 -0.762820 0.544547
vn -0.885920 0.458760 0.068448
vn -0.839555 0.543248 0.005482
vn -0.767693 0.592166 -0.244922
vn 0.482279 0.865781 -0.133530
vn 0.964419 0.079196 -0.252236
vn 0.511697 -0.741818 0.433442
vn 0.576678 0.682776 0.448620
vn 0.542781 0.839709 0.016657
vn 0.949539 -0.307845 0.060061
vn 0.722973 -0.624745 0.294964
vn 0.585537 0.784179 0.205451
vn 0.040691 0.339842 -0.939602
vn -0.230769 0.365743 -0.901653
vn -0.271768 0.474774 -0.837097
vn 0.098824 0.592166 -0.799733
vn 0.356317 0.543242 -0.760215
vn 0.432902 0.458731 -0.775991
vn -0.514404 -0.856993 -0.030842
vn -0.628269 -0.777580 -0.025451
vn -0.690740 -0.677273 -0.253336
vn -0.645094 -0.719656 -0.256806
vn -0.661165 -0.535991 -0.524952
vn -0.669791 -0.489181 -0.558643
vn -0.402958 -0.909111 0.105554
vn -0.541687 -0.827564 0.147350
vn -0.479720 -0.456574 -0.749273
vn -0.501409 -0.367762 -0.783160
vn -0.325934 -0.922073 0.208685
vn -0.454136 -0.842146 0.290776
vn -0.227103 -0.489102 -0.842142
vn -0.200072 -0.536001 -0.820167
vn -0.360523 -0.827559 0.430314
vn -0.264450 -0.909145 0.321747
vn 0.036698 -0.719595 -0.693424
vn 0.059009 -0.677226 -0.733405
vn -0.239786 -0.777583 0.581264
vn -0.187220 -0.857046 0.480021
vn 0.187231 -0.857013 -0.480076
vn 0.239819 -0.777521 -0.581333
vn -0.058969 -0.677267 0.733370
vn -0.036710 -0.719783 0.693228
vn 0.264451 -0.909159 -0.321708
vn 0.360511 -0.827575 -0.430294
vn 0.200072 -0.535988 0.820175
vn 0.227050 -0.489332 0.842023
vn 0.325874 -0.922099 -0.208663
vn 0.454089 -0.842185 -0.290737
vn 0.479699 -0.456605 0.749267
vn 0.501433 -0.367797 0.783128
vn 0.669749 -0.489309 0.558581
vn 0.661171 -0.536005 0.524930
vn 0.541654 -0.827585 -0.147358
vn 0.402873 -0.909148 -0.105561
vn 0.645076 -0.719685 0.256771
vn 0.690704 -0.677324 0.253298
vn 0.628242 -0.777601 0.025460
vn 0.514365 -0.857017 0.030827
vn -0.142435 0.988234 -0.055729
vn -0.152685 0.988234 -0.008988
vn -0.000002 1.000000 0.000001
vn -0.118247 0.988233 -0.097024
vn -0.147988 0.988234 0.038639
vn -0.082468 0.988233 -0.128819
vn -0.128811 0.988233 0.082482
vn -0.038619 0.988235 -0.147989
vn -0.097031 0.988232 0.118248
vn 0.008983 0.988233 -0.152691
vn -0.055737 0.988233 0.142443
vn -0.008990 0.988233 0.152694
vn 0.055724 0.988233 -0.142444
vn 0.038622 0.988232 0.148004
vn 0.097019 0.988233 -0.118248
vn 0.082483 0.988231 0.128826
vn 0.128818 0.988233 -0.082473
vn 0.118264 0.988232 0.097014
vn 0.147998 0.988233 -0.038631
vn 0.142455 0.988231 0.055740
vn 0.152691 0.988233 0.008995
vn -0.895112 0.275882 -0.350234
vn -0.928335 0.078957 -0.363262
vn -0.995148 0.079037 -0.058591
vn -0.959524 0.275905 -0.056490
vn -0.812075 0.489463 -0.317742
vn -0.870529 0.489440 -0.051251
vn -0.964548 0.079046 0.251790
vn -0.930010 0.275921 0.242794
vn -0.743083 0.275883 -0.609685
vn -0.770649 0.078969 -0.632349
vn -0.000004 -1.000000 -0.000001
vn -0.000004 -1.000000 -0.000000
vn -0.000004 -1.000000 -0.000001
vn -0.000004 -1.000000 -0.000003
vn -0.833883 0.549755 -0.049090
vn -0.777899 0.549752 -0.304379
vn -0.843765 0.489433 0.220264
vn -0.674135 0.489460 -0.553147
vn -0.000004 -1.000000 0.000001
vn -0.000003 -1.000000 0.000001
vn -0.000003 -1.000000 -0.000003
vn -0.000005 -1.000000 -0.000000
vn -0.808247 0.549747 0.210986
vn -0.645781 0.549730 -0.529871
vn -0.761831 0.575115 -0.298087
vn -0.816643 0.575137 -0.048083
vn -0.630394 0.736044 -0.246663
vn -0.675785 0.736024 -0.039788
vn -0.791524 0.575144 0.206638
vn -0.632424 0.575109 -0.518930
vn -0.839537 0.079028 0.537525
vn -0.809472 0.275929 0.518284
vn -0.518297 0.275899 -0.809474
vn -0.537531 0.079019 -0.839534
vn -0.523331 0.736034 -0.429394
vn -0.655022 0.736009 0.170990
vn -0.000003 -1.000000 0.000002
vn -0.000003 -1.000000 0.000002
vn -0.000002 -1.000000 -0.000003
vn -0.000006 -1.000000 0.000003
vn -0.734401 0.489438 0.470219
vn -0.470218 0.489438 -0.734402
vn -0.654513 -0.719028 -0.233689
vn -0.700890 -0.712973 -0.020580
vn -0.828154 -0.559885 -0.026278
vn -0.775486 -0.566362 -0.279025
vn -0.703491 0.549741 0.450429
vn -0.450437 0.549724 -0.703498
vn -0.000006 -1.000000 -0.000002
vn -0.000006 -1.000000 -0.000000
vn -0.918948 -0.393278 -0.029462
vn -0.862674 -0.399042 -0.310739
vn -0.000005 -1.000000 -0.000004
vn -0.000006 -1.000000 0.000002
vn -0.541364 -0.724074 -0.427366
vn -0.643149 -0.571771 -0.509350
vn -0.688950 0.575123 0.441113
vn -0.441107 0.575122 -0.688955
vn -0.679794 -0.708220 0.190540
vn -0.801425 -0.554804 0.223407
vn -0.717017 -0.403891 -0.568118
vn -0.570116 0.736015 0.365034
vn -0.365038 0.736011 -0.570119
vn -0.887539 -0.388791 0.247218
vn -0.000005 -1.000000 0.000003
vn -0.000004 -1.000000 -0.000005
vn -0.000002 -1.000000 0.000003
vn -0.000000 -1.000000 0.000005
vn -0.000001 -1.000000 -0.000004
vn -0.000002 -1.000000 0.000004
vn -0.964154 -0.263524 -0.031011
vn -0.906429 -0.267788 -0.326614
vn -0.632337 0.079028 0.770652
vn -0.609683 0.275947 0.743061
vn -0.242801 0.275901 -0.930014
vn -0.251789 0.078994 -0.964553
vn -0.370800 -0.726037 -0.579117
vn -0.754332 -0.271394 -0.597770
vn -0.441590 -0.573878 -0.689683
vn -0.553140 0.489448 0.674148
vn -0.220263 0.489438 -0.843762
vn -0.930156 -0.260217 0.259031
vn -0.596062 -0.706439 0.381646
vn -0.701733 -0.552898 0.449305
vn -0.492831 -0.405789 -0.769710
vn -0.529868 0.549740 0.645776
vn -0.211004 0.549757 -0.808236
vn -0.000003 -1.000000 0.000005
vn -0.000002 -1.000000 -0.000006
vn -0.990721 -0.132107 -0.031925
vn -0.932237 -0.134370 -0.335974
vn -0.776502 -0.387115 0.497179
vn -0.518930 0.575094 0.632439
vn -0.206621 0.575140 -0.791532
vn -0.429406 0.736017 0.523345
vn -0.170992 0.736008 -0.655022
vn -0.776410 -0.136289 -0.615315
vn -0.000001 -1.000000 0.000004
vn -0.000001 -1.000000 0.000006
vn 0.000000 -1.000000 -0.000004
vn 0.000005 -1.000000 0.000003
vn -0.955132 -0.130355 0.265953
vn -0.518766 -0.272813 -0.810219
vn -0.161595 -0.724077 -0.670522
vn -0.813431 -0.258986 0.520823
vn -0.193459 -0.571769 -0.797279
vn -0.000002 -1.000000 0.000006
vn 0.000000 -1.000000 -0.000006
vn -0.457530 -0.708223 0.537667
vn -0.538282 -0.554802 0.634387
vn -0.999481 -0.000000 -0.032223
vn -0.940763 -0.000000 -0.339065
vn -0.363240 0.078994 0.928341
vn -0.350223 0.275959 0.895092
vn 0.056495 0.275904 -0.959523
vn 0.058591 0.078977 -0.995153
vn -0.215923 -0.403889 -0.888960
vn -0.317748 0.489461 0.812074
vn 0.051244 0.489442 -0.870529
vn -0.534132 -0.137041 -0.834220
vn -0.783718 0.000000 -0.621117
vn -0.304377 0.549748 0.777902
vn 0.049094 0.549773 -0.833870
vn -0.963353 -0.000000 0.268236
vn -0.595950 -0.388788 0.702628
vn -0.835049 -0.129702 0.534668
vn -0.298086 0.575097 0.761846
vn 0.048075 0.575137 -0.816643
vn 0.000002 -1.000000 -0.000006
vn -0.000000 -1.000000 0.000006
vn -0.000000 -1.000000 0.000004
vn -0.000011 -1.000000 0.000003
vn 0.000001 -1.000000 -0.000004
vn 0.000005 -1.000000 -0.000000
vn -0.246671 0.736017 0.630422
vn 0.039784 0.736018 -0.675792
vn -0.227234 -0.271399 -0.935258
vn 0.061664 -0.719032 -0.692236
vn -0.990888 0.128822 -0.039330
vn -0.932238 0.134370 -0.335972
vn -0.624510 -0.260218 0.736392
vn 0.071108 -0.566359 -0.821085
vn -0.539219 -0.000000 -0.842165
vn -0.274611 -0.712976 0.645178
vn 0.000002 -1.000000 0.000006
vn 0.000004 -1.000000 -0.000005
vn -0.776410 0.136289 -0.615315
vn -0.842163 -0.000000 0.539223
vn -0.322701 -0.559883 0.763148
vn -0.944917 0.162092 0.284356
vn 0.000001 -1.000000 0.000004
vn 0.000002 -1.000000 -0.000003
vn -0.233931 -0.136288 -0.962654
vn 0.000003 -1.000000 0.000005
vn 0.000005 -1.000000 -0.000003
vn 0.078790 -0.399038 -0.913543
vn -0.058592 0.078986 0.995152
vn -0.056486 0.275953 0.959510
vn 0.350253 0.275896 -0.895100
vn 0.363245 0.078986 -0.928339
vn -0.051256 0.489444 0.870527
vn 0.317754 0.489432 -0.812089
vn -0.000008 -1.000000 -0.000003
vn 0.000003 -1.000000 -0.000002
vn -0.641249 -0.130350 0.756180
vn -0.049090 0.549758 0.833880
vn 0.304380 0.549761 -0.777892
vn -0.357803 -0.393279 0.846941
vn 0.000005 -1.000000 0.000004
vn 0.000006 -1.000000 -0.000002
vn -0.048079 0.575126 0.816651
vn 0.298081 0.575120 -0.761830
vn -0.039793 0.736015 0.675795
vn 0.246676 0.736008 -0.630432
vn -0.534133 0.137041 -0.834219
vn -0.968061 0.240452 -0.071005
vn -0.904304 0.262245 -0.336842
vn 0.000006 -1.000000 0.000002
vn 0.000006 -1.000000 0.000000
vn 0.000002 -1.000000 0.000003
vn 0.000003 -1.000000 -0.000002
vn 0.274615 -0.712980 -0.645171
vn -0.842038 0.155098 0.516640
vn 0.082684 -0.267793 -0.959922
vn -0.753905 0.271023 -0.598477
vn -0.236145 -0.000000 -0.971718
vn -0.061660 -0.719026 0.692243
vn -0.935558 0.345896 0.071323
vn 0.322700 -0.559885 -0.763147
vn -0.375317 -0.263529 0.888645
vn -0.646759 0.000000 0.762694
vn 0.000008 -1.000000 -0.000009
vn 0.000003 -1.000000 -0.000002
vn 0.000003 -1.000000 0.000003
vn 0.000004 -1.000000 -0.000001
vn -0.071109 -0.566364 0.821082
vn 0.251794 0.079036 0.964548
vn 0.242776 0.275961 0.930003
vn 0.609697 0.275889 -0.743071
vn 0.632358 0.079000 -0.770638
vn 0.000004 -1.000000 0.000001
vn 0.000004 -1.000000 0.000000
vn 0.084985 -0.134370 -0.987280
vn -0.518766 0.272812 -0.810219
vn -0.932021 0.332788 -0.143486
vn 0.220265 0.489425 0.843769
vn 0.553154 0.489435 -0.674147
vn 0.357801 -0.393274 -0.846944
vn 0.210997 0.549744 0.808246
vn 0.529861 0.549758 -0.645766
vn -0.832273 0.262215 0.488432
vn 0.206633 0.575125 0.791539
vn 0.518930 0.575099 -0.632434
vn -0.233931 0.136288 -0.962654
vn 0.170984 0.736015 0.655016
vn 0.429427 0.735997 -0.523355
vn -0.385610 -0.132098 0.913157
vn -0.078793 -0.399042 0.913541
vn 0.000009 -1.000000 -0.000002
vn 0.000003 -1.000000 -0.000001
vn 0.457527 -0.708225 -0.537667
vn -0.641249 0.130350 0.756181
vn 0.161596 -0.724072 0.670527
vn 0.538283 -0.554808 -0.634380
vn 0.000003 -1.000000 0.000005
vn 0.000003 -1.000000 0.000001
vn 0.375314 -0.263528 -0.888647
vn 0.085743 -0.000000 -0.996317
vn 0.193456 -0.571777 0.797274
vn -0.500112 0.373892 -0.781084
vn -0.082688 -0.267794 0.959921
vn -0.389005 0.000000 0.921236
vn 0.537528 0.079011 0.839536
vn 0.518277 0.275946 0.809471
vn 0.809476 0.275914 -0.518286
vn 0.839531 0.079006 -0.537537
vn -0.228056 0.271027 -0.935166
vn 0.470217 0.489435 0.734404
vn 0.734391 0.489451 -0.470220
vn -0.796254 0.362761 0.484132
vn -0.887508 0.439252 0.139237
vn 0.450425 0.549731 0.703500
vn 0.703488 0.549745 -0.450427
vn 0.441115 0.575130 0.688943
vn 0.688969 0.575083 -0.441136
vn 0.365028 0.736017 0.570117
vn 0.570113 0.736019 -0.365031
vn -0.624510 0.260218 0.736393
vn 0.596065 -0.706438 -0.381644
vn 0.595953 -0.388784 -0.702628
vn 0.370801 -0.726035 0.579120
vn 0.385605 -0.132103 -0.913158
vn 0.084985 0.134370 -0.987280
vn 0.215921 -0.403894 0.888959
vn -0.473920 0.477015 -0.740173
vn 0.701731 -0.552906 -0.449298
vn -0.084982 -0.134364 0.987281
vn -0.385609 0.132099 0.913157
vn 0.770654 0.078947 0.632344
vn 0.743064 0.275923 0.609690
vn 0.930013 0.275924 -0.242781
vn 0.964549 0.079002 -0.251801
vn 0.441588 -0.573884 0.689679
vn 0.674137 0.489455 0.553148
vn 0.843748 0.489460 -0.220268
vn 0.645776 0.549741 0.529867
vn 0.808243 0.549747 -0.211002
vn 0.632414 0.575149 0.518899
vn 0.791565 0.575088 -0.206637
vn 0.523344 0.736014 0.429411
vn 0.655002 0.736027 -0.170988
vn 0.679794 -0.708220 -0.190538
vn -0.723056 0.512699 0.462958
vn -0.818905 0.520107 0.242658
vn 0.624519 -0.260218 -0.736385
vn -0.595951 0.388787 0.702629
vn 0.541369 -0.724071 0.427365
vn 0.388998 -0.000000 -0.921239
vn 0.072501 0.262245 -0.962274
vn 0.227234 -0.271395 0.935259
vn 0.928346 0.078968 0.363234
vn 0.895085 0.275950 0.350248
vn 0.959513 0.275941 0.056497
vn 0.995151 0.079002 0.058588
vn 0.812075 0.489464 0.317739
vn 0.870516 0.489465 0.051249
vn 0.777905 0.549742 0.304381
vn 0.833884 0.549751 0.049102
vn 0.776507 -0.387109 -0.497176
vn -0.743920 0.635269 0.207406
vn -0.766984 0.641296 -0.021805
vn -0.085745 -0.000000 0.996317
vn 0.761823 0.575129 0.298081
vn 0.816667 0.575103 0.048083
vn 0.630424 0.736017 0.246667
vn 0.675789 0.736020 0.039791
vn 0.801423 -0.554809 -0.223402
vn 0.700885 -0.712978 0.020580
vn -0.716220 0.652276 -0.248122
vn -0.590310 0.666324 -0.455572
vn -0.645832 0.600303 -0.471739
vn -0.375317 0.263530 0.888645
vn 0.654513 -0.719029 0.233688
vn 0.643145 -0.571776 0.509350
vn 0.492829 -0.405793 0.769709
vn 0.641252 -0.130356 -0.756177
vn 0.378934 0.128810 -0.916415
vn -0.554673 0.514616 0.653841
vn -0.651717 0.633356 0.417283
vn 0.828151 -0.559888 0.026275
vn 0.775484 -0.566367 0.279023
vn -0.398526 0.673622 -0.622423
vn -0.430041 0.603297 -0.671638
vn 0.233934 -0.136282 0.962654
vn -0.084982 0.134364 0.987281
vn -0.659494 0.751426 -0.020661
vn -0.614927 0.756995 -0.220963
vn 0.813431 -0.258987 -0.520822
vn -0.357803 0.393277 0.846941
vn 0.887538 -0.388789 -0.247223
vn -0.508135 0.761599 -0.402202
vn -0.640351 0.747013 0.178669
vn 0.717016 -0.403891 0.568120
vn 0.518769 -0.272807 0.810219
vn 0.646762 -0.000000 -0.762692
vn 0.340582 0.240450 -0.908949
vn -0.499683 0.635273 0.588851
vn -0.348309 0.763382 -0.543994
vn -0.166726 0.666324 -0.726784
vn -0.158182 0.600294 -0.783980
vn 0.236147 0.000000 0.971717
vn -0.561450 0.745347 0.359488
vn -0.082688 0.267794 0.959921
vn 0.918947 -0.393279 0.029459
vn 0.862674 -0.399041 0.310741
vn -0.332593 0.519738 0.786927
vn 0.835049 -0.129712 -0.534666
vn 0.930153 -0.260222 -0.259036
vn 0.259657 0.332767 -0.906556
vn -0.537059 0.843396 -0.015869
vn -0.499864 0.847494 -0.178578
vn 0.534135 -0.137035 0.834219
vn 0.653700 0.162175 -0.739172
vn -0.412320 0.850875 -0.325582
vn 0.754331 -0.271394 0.597771
vn -0.522255 0.840144 0.146315
vn -0.152646 0.761600 -0.629813
vn -0.430248 0.747010 0.506817
vn 0.233934 0.136282 0.962654
vn -0.078793 0.399041 0.913542
vn 0.074376 0.652277 -0.754323
vn -0.282146 0.852180 -0.440663
vn -0.299176 0.640371 0.707403
vn -0.458363 0.838912 0.293480
vn 0.964152 -0.263532 0.031009
vn 0.842163 0.000000 -0.539223
vn 0.906427 -0.267794 0.326615
vn -0.378679 0.925463 -0.010983
vn -0.351470 0.927770 -0.125345
vn 0.504164 0.316972 -0.803335
vn -0.289216 0.929663 -0.228211
vn 0.539222 -0.000000 0.842164
vn -0.369052 0.923625 0.103524
vn 0.955130 -0.130359 -0.265957
vn -0.123152 0.850872 -0.510735
vn -0.073207 0.526288 0.847149
vn 0.056651 0.756996 -0.650959
vn 0.776409 -0.136285 0.615317
vn 0.227234 0.271395 0.935259
vn -0.340826 0.932092 -0.122649
vn -0.367631 0.929899 -0.011678
vn -0.351446 0.840139 0.413100
vn -0.197657 0.930393 -0.308708
vn -0.280321 0.933876 -0.222025
vn -0.358554 0.928143 0.099943
vn -0.257224 0.751423 0.607617
vn -0.324207 0.922930 0.207582
vn -0.333139 0.935145 -0.120506
vn -0.359539 0.933053 -0.011994
vn -0.273946 0.936842 -0.217442
vn -0.350807 0.931367 0.097417
vn -0.191848 0.934562 -0.299646
vn -0.331306 0.943473 -0.009795
vn -0.307359 0.945235 -0.109821
vn 0.821572 0.155160 -0.548585
vn -0.314866 0.927478 0.201605
vn -0.252850 0.946677 -0.199674
vn -0.322998 0.942064 0.090488
vn -0.187650 0.937494 -0.293073
vn -0.307996 0.930726 0.197200
vn -0.086233 0.929664 -0.358174
vn -0.190690 0.981634 -0.005608
vn -0.176922 0.982195 -0.063179
vn 0.990722 -0.132105 0.031921
vn -0.065840 0.646851 0.759769
vn -0.145546 0.982656 -0.114908
vn 0.534135 0.137035 0.834219
vn -0.248465 0.923625 0.291859
vn -0.185908 0.981184 0.052107
vn -0.172848 0.947232 -0.269954
vn 0.932235 -0.134369 0.335980
vn 0.046992 0.847496 -0.528718
vn -0.054921 0.998490 -0.001489
vn -0.051021 0.998534 -0.018088
vn 0.215922 0.403893 0.888959
vn -0.283745 0.941532 0.181679
vn -0.041997 0.998571 -0.033067
vn 0.963354 0.000000 -0.268234
vn -0.053507 0.998454 0.015075
vn -0.084328 0.933880 -0.347501
vn -0.056000 0.998429 -0.002106
vn -0.051434 0.998498 -0.018868
vn -0.210337 0.843395 0.494413
vn -0.099488 0.982832 -0.155384
vn -0.042018 0.998553 -0.033551
vn -0.885018 0.311199 -0.346263
vn -0.948701 0.311201 -0.055857
vn -0.240824 0.928145 0.283814
vn -0.055011 0.998371 0.015128
vn -0.082846 0.936845 -0.339791
vn -0.163325 0.981014 0.104583
vn -0.904831 -0.236506 -0.354042
vn -0.969937 -0.236574 -0.057049
vn -0.734659 0.311238 -0.602832
vn -0.919532 0.311176 0.240062
vn 0.783715 0.000000 0.621121
vn -0.750415 -0.592159 -0.293640
vn -0.804407 -0.592185 -0.047402
vn -0.770090 -0.636322 -0.045339
vn -0.718386 -0.636326 -0.281089
vn -0.832846 -0.551328 -0.049039
vn -0.776938 -0.551318 -0.304001
vn -0.028679 0.998584 -0.044804
vn -0.235284 0.931368 0.277840
vn -0.751141 -0.236523 -0.616315
vn -0.940114 -0.236612 0.245359
vn -0.919752 -0.388746 -0.054158
vn -0.858000 -0.388742 -0.335732
vn -0.047012 0.998441 0.030104
vn -0.622975 -0.592146 -0.511140
vn -0.779727 -0.592100 0.203576
vn -0.596352 -0.636344 -0.489316
vn -0.746395 -0.636342 0.194844
vn -0.644977 -0.551311 -0.529207
vn -0.807230 -0.551337 0.210730
vn 0.301167 0.641297 -0.705718
vn 0.257221 0.751427 -0.607614
vn -0.075539 0.946675 -0.313209
vn -0.028789 0.998574 -0.044961
vn -0.712276 -0.388729 -0.584426
vn -0.891477 -0.388724 0.232726
vn -0.977784 -0.201558 -0.057567
vn -0.912134 -0.201567 -0.356906
vn -0.048376 0.998349 0.030977
vn -0.217348 0.942065 0.255485
vn -0.512435 0.311281 -0.800322
vn -0.800346 0.311185 0.512454
vn -0.757197 -0.201574 -0.621306
vn -0.947718 -0.201547 0.247406
vn 0.033240 0.927770 -0.371669
vn -0.523915 -0.236561 -0.818262
vn -0.818240 -0.236611 0.523926
vn 0.791853 0.262224 -0.551550
vn -0.043465 0.982654 -0.180283
vn -0.434514 -0.592172 -0.678623
vn -0.678711 -0.592035 0.434563
vn -0.415959 -0.636336 -0.649657
vn -0.649646 -0.636343 0.415966
vn -0.998272 0.000000 -0.058766
vn -0.931248 -0.000000 -0.364385
vn -0.056649 0.756992 0.650964
vn -0.449877 -0.551315 -0.702611
vn -0.702593 -0.551352 0.449860
vn -0.125121 0.981184 0.147048
vn -0.012454 0.998570 -0.051994
vn -0.148489 0.925466 0.348516
vn -0.496819 -0.388721 -0.775929
vn -0.775935 -0.388727 0.496807
vn -0.773072 -0.000000 -0.634318
vn -0.967572 0.000002 0.252595
vn -0.012885 0.998553 -0.052210
vn -0.036075 0.998454 0.042285
vn 0.031235 0.932091 -0.360875
vn 0.199803 0.531773 0.822980
vn -0.977784 0.201558 -0.057563
vn -0.912134 0.201567 -0.356907
vn -0.528157 -0.201555 -0.824879
vn -0.824891 -0.201534 0.528146
vn -0.036762 0.998371 0.043640
vn 0.029962 0.935146 -0.352993
vn 0.518769 0.272807 0.810220
vn -0.240007 0.311197 -0.919540
vn -0.602796 0.311217 0.734698
vn -0.143236 0.929902 0.338771
vn -0.245443 -0.236604 -0.940094
vn -0.616289 -0.236589 0.751142
vn -0.757196 0.201572 -0.621308
vn -0.947719 0.201549 0.247402
vn -0.203528 -0.592164 -0.779691
vn -0.511183 -0.592067 0.623015
vn -0.139565 0.933057 0.331552
vn -0.194859 -0.636332 -0.746399
vn -0.489330 -0.636332 0.596354
vn 0.028876 0.945234 -0.325114
vn -0.539220 0.000000 -0.842165
vn -0.842177 0.000002 0.539202
vn 0.210334 0.843400 -0.494404
vn -0.210732 -0.551333 -0.807232
vn -0.529192 -0.551352 0.644955
vn 0.999481 0.000000 0.032219
vn -0.129740 0.943474 0.304998
vn -0.919748 0.388755 -0.054155
vn -0.857996 0.388752 -0.335731
vn 0.016649 0.982196 -0.187122
vn 0.955130 0.130359 -0.265957
vn -0.232720 -0.388723 -0.891480
vn -0.584415 -0.388746 0.712275
vn 0.940762 0.000000 0.339069
vn 0.563085 0.520107 -0.642202
vn 0.499689 0.635269 -0.588850
vn 0.004923 0.998533 -0.053915
vn -0.712271 0.388738 -0.584425
vn -0.891474 0.388734 0.232724
vn -0.074719 0.981633 0.175540
vn -0.046988 0.847494 0.528721
vn 0.004395 0.998498 -0.054618
vn -0.528162 0.201554 -0.824876
vn -0.824893 0.201535 0.528143
vn -0.021637 0.998489 0.050511
vn -0.247403 -0.201542 -0.947720
vn -0.621306 -0.201540 0.757206
vn -0.021529 0.998428 0.051752
vn 0.776410 0.136285 0.615316
vn 0.055842 0.311221 -0.948695
vn -0.346281 0.311198 0.885012
vn 0.057116 -0.236630 -0.969920
vn -0.354073 -0.236522 0.904815
vn 0.546291 0.413789 -0.728248
vn 0.772914 0.362703 -0.520625
vn 0.148492 0.925461 -0.348527
vn -0.832846 0.551328 -0.049039
vn -0.776938 0.551318 -0.303999
vn 0.047334 -0.592195 -0.804403
vn -0.293642 -0.592091 0.750469
vn 0.178717 0.652244 0.736640
vn 0.045343 -0.636323 -0.770089
vn -0.281097 -0.636336 0.718374
vn -0.252598 -0.000000 -0.967571
vn -0.634317 -0.000000 0.773073
vn -0.496819 0.388731 -0.775925
vn -0.775932 0.388736 0.496804
vn -0.644975 0.551315 -0.529207
vn -0.807230 0.551336 0.210731
vn 0.143244 0.929896 -0.338784
vn 0.049038 -0.551338 -0.832840
vn -0.303996 -0.551336 0.776927
vn -0.033237 0.927772 0.371665
vn 0.139562 0.933056 -0.331556
vn 0.129737 0.943476 -0.304993
vn -0.031239 0.932088 0.360881
vn 0.492830 0.405792 0.769709
vn 0.054157 -0.388736 -0.919756
vn -0.335712 -0.388737 0.858010
vn -0.247408 0.201543 -0.947718
vn -0.621305 0.201538 0.757207
vn -0.029963 0.935149 0.352986
vn 0.074715 0.981632 -0.175547
vn 0.430250 0.747011 -0.506813
vn 0.021637 0.998489 -0.050511
vn 0.021518 0.998428 -0.051754
vn -0.727286 0.684997 -0.042817
vn -0.678459 0.684997 -0.265468
vn -0.028878 0.945236 0.325108
vn -0.449873 0.551319 -0.702611
vn -0.702596 0.551349 0.449859
vn -0.016651 0.982196 0.187122
vn -0.004920 0.998534 0.053912
vn -0.004395 0.998497 0.054624
vn 0.346240 0.311276 -0.885000
vn -0.055881 0.311159 0.948714
vn -0.563212 0.685008 -0.462123
vn -0.704911 0.685010 0.184017
vn 0.057570 -0.201550 -0.977785
vn -0.356909 -0.201564 0.912134
vn 0.354042 -0.236601 -0.904806
vn -0.057100 -0.236489 0.969955
vn 0.293600 -0.592183 -0.750412
vn -0.047355 -0.592022 0.804530
vn 0.152650 0.761597 0.629816
vn -0.232722 0.388733 -0.891475
vn -0.584413 0.388755 0.712272
vn -0.045341 -0.636353 0.770064
vn 0.281103 -0.636306 -0.718398
vn 0.930153 0.260222 -0.259036
vn 0.058779 0.000000 -0.998271
vn -0.364368 0.000000 0.931255
vn 0.723057 0.512701 -0.462953
vn -0.049033 -0.551336 0.832841
vn 0.304006 -0.551338 -0.776921
vn 0.351445 0.840144 -0.413090
vn 0.990722 0.132105 0.031922
vn -0.392847 0.685005 -0.613546
vn -0.613540 0.685011 0.392846
vn -0.611861 0.790145 -0.036019
vn -0.570780 0.790145 -0.223342
vn 0.932236 0.134370 0.335979
vn -0.473830 0.790142 -0.388795
vn -0.593049 0.790143 0.154812
vn -0.210731 0.551334 -0.807232
vn -0.529193 0.551353 0.644953
vn 0.036758 0.998371 -0.043637
vn 0.754331 0.271394 0.597770
vn 0.036070 0.998454 -0.042283
vn 0.248474 0.923621 -0.291865
vn 0.123157 0.850873 0.510732
vn 0.240831 0.928139 -0.283830
vn 0.057571 0.201550 -0.977785
vn -0.356907 0.201563 0.912135
vn -0.054157 -0.388719 0.919763
vn 0.335718 -0.388754 -0.858000
vn 0.125137 0.981182 -0.147050
vn 0.235285 0.931367 -0.277841
vn 0.217351 0.942066 -0.255479
vn 0.012882 0.998553 0.052210
vn 0.455934 0.533911 0.712084
vn 0.012450 0.998570 0.051993
vn 0.240020 0.311178 0.919543
vn 0.602823 0.311230 -0.734670
vn 0.043462 0.982654 0.180282
vn 0.245448 -0.236532 0.940110
vn 0.616304 -0.236607 -0.751124
vn 0.075536 0.946678 0.313203
vn 0.086238 0.929662 0.358177
vn 0.084339 0.933871 0.347524
vn 0.082839 0.936846 0.339791
vn -0.330507 0.790140 -0.516181
vn -0.516182 0.790142 0.330502
vn 0.203554 -0.592013 0.779799
vn 0.511194 -0.592108 -0.622968
vn -0.057566 -0.201573 0.977780
vn 0.356899 -0.201558 -0.912139
vn 0.194847 -0.636354 0.746383
vn 0.489356 -0.636293 -0.596374
vn -0.184026 0.685005 -0.704913
vn -0.462124 0.685005 0.563214
vn 0.054158 0.388745 -0.919752
vn -0.335710 0.388747 0.858006
vn -0.492808 0.869654 -0.029012
vn -0.459718 0.869657 -0.179879
vn 0.651721 0.633353 -0.417281
vn -0.381629 0.869656 -0.313143
vn -0.477653 0.869656 0.124688
vn 0.210737 -0.551339 0.807227
vn 0.529214 -0.551330 -0.644956
vn 0.048374 0.998349 -0.030975
vn -0.058771 0.000000 0.998271
vn 0.364390 0.000000 -0.931247
vn 0.047004 0.998441 -0.030102
vn 0.049036 0.551338 -0.832840
vn -0.303993 0.551338 0.776926
vn 0.028790 0.998574 0.044957
vn 0.887539 0.388787 -0.247224
vn -0.266197 0.869655 -0.415739
vn -0.415738 0.869659 0.266187
vn -0.154827 0.790143 -0.593046
vn -0.388787 0.790139 0.473841
vn 0.163346 0.981010 -0.104581
vn 0.028686 0.998584 0.044803
vn 0.407759 0.654339 0.636846
vn 0.512463 0.311206 0.800333
vn 0.800338 0.311244 -0.512432
vn 0.283752 0.941530 -0.181677
vn 0.523920 -0.236519 0.818270
vn 0.818254 -0.236618 -0.523902
vn 0.099496 0.982831 0.155383
vn 0.232723 -0.388714 0.891483
vn 0.584432 -0.388762 -0.712252
vn 0.307995 0.930724 -0.197212
vn 0.434549 -0.592050 0.678708
vn 0.678703 -0.592069 -0.434531
vn 0.561453 0.745345 -0.359488
vn -0.374000 0.927167 -0.022019
vn -0.348885 0.927170 -0.136506
vn -0.057566 0.201572 0.977781
vn 0.356899 0.201557 -0.912139
vn 0.172850 0.947231 0.269956
vn 0.314875 0.927473 -0.201613
vn 0.415966 -0.636344 0.649645
vn 0.649687 -0.636297 -0.415971
vn -0.289630 0.927167 -0.237646
vn -0.362501 0.927167 0.094628
vn 0.324212 0.922927 -0.207586
vn 0.717017 0.403889 0.568121
vn 0.964152 0.263531 0.031010
vn 0.042818 0.684995 -0.727288
vn -0.265468 0.685008 0.678448
vn 0.187648 0.937493 0.293080
vn 0.458358 0.838914 -0.293480
vn 0.055021 0.998371 -0.015128
vn 0.191869 0.934551 0.299667
vn -0.124703 0.869655 -0.477649
vn -0.313141 0.869651 0.381642
vn 0.197666 0.930391 0.308709
vn 0.906427 0.267794 0.326614
vn 0.042038 0.998553 0.033552
vn 0.348307 0.763381 0.543996
vn 0.053510 0.998454 -0.015075
vn 0.247414 -0.201566 0.947712
vn 0.621315 -0.201566 -0.757191
vn -0.202033 0.927164 -0.315515
vn -0.315518 0.927168 0.202009
vn 0.449862 -0.551337 0.702603
vn 0.702608 -0.551322 -0.449873
vn -0.054158 0.388726 0.919760
vn 0.335716 0.388763 -0.857997
vn 0.282147 0.852182 0.440659
vn 0.042011 0.998570 0.033066
vn 0.919522 0.311214 -0.240053
vn 0.734714 0.311187 0.602792
vn 0.185918 0.981183 -0.052105
vn 0.940102 -0.236605 -0.245409
vn 0.751135 -0.236460 0.616346
vn 0.036019 0.790138 -0.611870
vn -0.223341 0.790138 0.570790
vn 0.145548 0.982656 0.114905
vn 0.779753 -0.592076 -0.203547
vn 0.623020 -0.592055 0.511192
vn 0.056021 0.998427 0.002107
vn 0.322986 0.942068 -0.090488
vn 0.051452 0.998497 0.018867
vn -0.258317 0.965941 -0.015207
vn -0.240969 0.965943 -0.094281
vn 0.746415 -0.636313 -0.194858
vn 0.596346 -0.636353 0.489312
vn 0.825956 0.514614 -0.230150
vn -0.200050 0.965938 -0.164145
vn -0.250385 0.965938 0.065359
vn 0.252852 0.946676 0.199678
vn -0.049030 0.551336 0.832841
vn 0.304005 0.551338 -0.776922
vn 0.054926 0.998489 0.001490
vn 0.252595 -0.000000 0.967572
vn 0.634332 -0.000000 -0.773061
vn -0.094645 0.927168 -0.362493
vn -0.237646 0.927167 0.289630
vn 0.350810 0.931365 -0.097423
vn 0.051025 0.998534 0.018086
vn 0.885028 0.311168 0.346266
vn 0.948701 0.311200 0.055858
vn 0.496812 -0.388720 0.775934
vn 0.775921 -0.388748 -0.496812
vn 0.969966 -0.236445 0.057094
vn 0.904858 -0.236385 0.354054
vn 0.273938 0.936844 0.217443
vn -0.139546 0.965936 -0.217934
vn -0.217933 0.965939 0.139527
vn 0.029017 0.869651 -0.492813
vn -0.179889 0.869644 0.459739
vn 0.190678 0.981637 0.005606
vn 0.358566 0.928137 -0.099955
vn 0.804453 -0.592126 0.047360
vn 0.750452 -0.592097 0.293673
vn 0.176903 0.982199 0.063176
vn 0.663837 0.531772 0.525870
vn 0.369050 0.923626 -0.103524
vn 0.807235 -0.551328 -0.210736
vn 0.644956 -0.551339 0.529204
vn 0.280339 0.933869 0.222033
vn -0.042815 0.685017 0.727268
vn 0.265477 0.684988 -0.678464
vn 0.770085 -0.636328 0.045338
vn 0.718372 -0.636350 0.281070
vn 0.331295 0.943476 0.009804
vn 0.247416 0.201567 0.947711
vn 0.621318 0.201565 -0.757189
vn 0.307363 0.945234 0.109825
vn 0.289216 0.929663 0.228214
vn -0.065364 0.965938 -0.250381
vn -0.164144 0.965939 0.200048
vn 0.522258 0.840141 -0.146319
vn 0.022020 0.927172 -0.373988
vn -0.136507 0.927170 0.348886
vn 0.918948 0.393278 0.029461
vn 0.528155 -0.201558 0.824880
vn 0.824877 -0.201573 -0.528154
vn 0.359538 0.933053 0.011993
vn 0.743920 0.635268 -0.207407
vn -0.036024 0.790133 0.611876
vn 0.223342 0.790136 -0.570792
vn 0.333131 0.935148 0.120508
vn 0.412319 0.850875 0.325584
vn 0.232723 0.388724 0.891478
vn 0.584430 0.388768 -0.712251
vn 0.862675 0.399039 0.310740
vn 0.832850 -0.551323 0.049025
vn 0.776931 -0.551326 0.304001
vn 0.367631 0.929898 0.011677
vn 0.640352 0.747011 -0.178674
vn 0.891471 -0.388740 -0.232725
vn 0.712277 -0.388720 0.584430
vn 0.340828 0.932091 0.122646
vn 0.015215 0.965942 -0.258312
vn -0.094277 0.965941 0.240979
vn 0.594245 0.652241 0.470589
vn -0.029014 0.869648 0.492818
vn 0.179892 0.869649 -0.459728
vn 0.378679 0.925463 0.010985
vn 0.351466 0.927771 0.125351
vn 0.539226 -0.000000 0.842161
vn 0.842163 -0.000000 -0.539222
vn 0.508132 0.761597 0.402208
vn 0.210740 0.551337 0.807227
vn 0.529214 0.551328 -0.644958
vn -0.022013 0.927171 0.373991
vn 0.136507 0.927172 -0.348880
vn 0.537061 0.843394 0.015871
vn 0.184017 0.685015 0.704906
vn 0.462148 0.684984 -0.563219
vn -0.015194 0.965941 0.258314
vn 0.094281 0.965942 -0.240972
vn 0.499863 0.847494 0.178580
vn 0.919758 -0.388733 0.054159
vn 0.858019 -0.388716 0.335713
vn 0.947714 -0.201566 -0.247407
vn 0.757204 -0.201561 0.621302
vn 0.528155 0.201558 0.824880
vn 0.824877 0.201570 -0.528154
vn 0.853894 0.519733 0.027244
vn 0.154819 0.790135 0.593058
vn 0.388800 0.790136 -0.473835
vn 0.800038 0.526286 0.288032
vn 0.124690 0.869654 0.477656
vn 0.313149 0.869652 -0.381632
vn 0.065347 0.965940 0.250378
vn 0.164141 0.965939 -0.200050
vn 0.496810 0.388729 0.775931
vn 0.775916 0.388753 -0.496815
vn 0.659493 0.751427 0.020656
vn 0.094624 0.927171 0.362491
vn 0.237642 0.927170 -0.289624
vn 0.967571 0.000000 -0.252598
vn 0.773069 -0.000000 0.634322
vn 0.614926 0.756995 0.220963
vn 0.977783 -0.201562 0.057564
vn 0.912141 -0.201566 0.356889
vn 0.767681 0.640371 0.024313
vn 0.139536 0.965940 0.217922
vn 0.217931 0.965938 -0.139532
vn 0.449864 0.551333 0.702605
vn 0.702609 0.551320 -0.449874
vn 0.717594 0.646850 0.258155
vn 0.200049 0.965940 0.164133
vn 0.250378 0.965939 -0.065361
vn 0.202013 0.927172 0.315505
vn 0.315514 0.927169 -0.202011
vn 0.392853 0.685004 0.613544
vn 0.613566 0.684985 -0.392851
vn 0.947713 0.201564 -0.247409
vn 0.757199 0.201561 0.621307
vn 0.240958 0.965944 0.094298
vn 0.258307 0.965943 0.015210
vn 0.266195 0.869657 0.415738
vn 0.415738 0.869659 -0.266186
vn 0.330506 0.790144 0.516178
vn 0.516188 0.790134 -0.330511
vn 0.998271 0.000001 0.058772
vn 0.931257 0.000001 0.364364
vn 0.362490 0.927170 -0.094639
vn 0.289615 0.927174 0.237638
vn 0.891466 0.388749 -0.232726
vn 0.712271 0.388728 0.584432
vn 0.373982 0.927175 0.022014
vn 0.348857 0.927179 0.136521
vn 0.477650 0.869656 -0.124696
vn 0.381627 0.869656 0.313143
vn 0.977783 0.201560 0.057568
vn 0.912141 0.201566 0.356890
vn 0.807232 0.551332 -0.210736
vn 0.644956 0.551337 0.529206
vn 0.593058 0.790135 -0.154823
vn 0.473837 0.790137 0.388796
vn 0.704919 0.685000 -0.184022
vn 0.563215 0.685009 0.462117
vn 0.492824 0.869645 0.029011
vn 0.459724 0.869649 0.179903
vn 0.919754 0.388741 0.054161
vn 0.858016 0.388725 0.335711
vn 0.611875 0.790134 0.036017
vn 0.570792 0.790134 0.223348
vn 0.832848 0.551327 0.049025
vn 0.776931 0.551327 0.304002
vn 0.727279 0.685006 0.042812
vn 0.678448 0.685012 0.265454
vn -0.432194 0.598069 -0.674924
vn -0.432194 0.598068 -0.674924
vn 0.239020 0.896436 0.373192
vn 0.229681 0.899972 0.370537
vn 0.230481 0.899673 0.370766
vn -0.225446 -0.911263 -0.344637
vn -0.226609 -0.911006 -0.344553
vn -0.220878 -0.912258 -0.344962
vn 0.235897 0.901857 0.361949
vn 0.235194 0.902067 0.361882
vn 0.239483 0.900275 0.363527
vn 0.239474 0.900228 0.363650
vn -0.432429 0.597515 -0.675264
vn -0.432428 0.597516 -0.675263
vn -0.432388 0.597605 -0.675210
vn -0.432388 0.597604 -0.675211
vn -0.219009 -0.911059 -0.349294
vn -0.218618 -0.910808 -0.350193
vn -0.222062 -0.909581 -0.351214
vn -0.221176 -0.909842 -0.351096
vn 0.231116 0.902618 0.363133
vn 0.231198 0.902695 0.362891
vn 0.231817 0.902895 0.361997
vn 0.231817 0.902895 0.361997
vn -0.432314 0.597798 -0.675087
vn -0.432314 0.597798 -0.675087
vn -0.432275 0.597908 -0.675015
vn -0.432275 0.597908 -0.675014
vn -0.224861 -0.908901 -0.351192
vn -0.224861 -0.908901 -0.351192
vn -0.225388 -0.909053 -0.350461
vn -0.225469 -0.909127 -0.350218
vn 0.230181 0.901540 0.366390
vn 0.230470 0.901914 0.365287
vn -0.432224 0.598007 -0.674959
vn -0.432224 0.598007 -0.674959
vn -0.225937 -0.909647 -0.348561
vn -0.226206 -0.910029 -0.347387
vn -0.223754 -0.909097 -0.351392
vn -0.223929 -0.909049 -0.351406
vn -0.432352 0.597691 -0.675158
vn -0.432351 0.597691 -0.675157
vn 0.232906 0.902726 0.361719
vn 0.233056 0.902684 0.361726
vn 0.238760 0.896673 0.372788
vn -0.220882 -0.912253 -0.344972
vn -0.597745 -0.800914 -0.035190
vn -0.774887 -0.630450 -0.045640
vn -0.722886 -0.630421 -0.282852
vn -0.557610 -0.800917 -0.218181
vn -0.936302 -0.346846 -0.055104
vn -0.873454 -0.346803 -0.341767
vn -0.992527 -0.107126 -0.058440
vn -0.925892 -0.107166 -0.362271
vn -0.512964 -0.834614 -0.200719
vn -0.549894 -0.834607 -0.032380
vn -0.579360 -0.800919 0.151229
vn -0.532985 -0.834607 0.139135
vn -0.462876 -0.800935 -0.379800
vn -0.425836 -0.834616 -0.349400
vn -0.962014 -0.107090 0.251119
vn -0.768621 -0.107144 -0.630667
vn -0.504263 -0.800922 0.322866
vn -0.463903 -0.834608 0.297023
vn -0.322865 -0.800932 -0.504248
vn -0.297030 -0.834610 -0.463895
vn -0.837309 -0.107138 0.536130
vn -0.536131 -0.107114 -0.837312
vn -0.379801 -0.800926 0.462892
vn -0.349412 -0.834605 0.425848
vn -0.151238 -0.800917 -0.579361
vn -0.139145 -0.834605 -0.532986
vn -0.630651 -0.107223 0.768623
vn -0.251134 -0.107122 -0.962007
vn -0.218183 -0.800921 0.557603
vn -0.200713 -0.834604 0.512982
vn 0.035182 -0.800920 -0.597736
vn 0.032380 -0.834594 -0.549914
vn -0.362270 -0.107231 0.925885
vn 0.058444 -0.107162 -0.992522
vn -0.035195 -0.800922 0.597734
vn -0.032370 -0.834614 0.549884
vn 0.218184 -0.800922 -0.557602
vn 0.200715 -0.834600 -0.512987
vn -0.058442 -0.107170 0.992522
vn 0.362278 -0.107145 -0.925891
vn 0.151243 -0.800927 0.579346
vn 0.139133 -0.834622 0.532962
vn 0.379818 -0.800918 -0.462892
vn 0.349393 -0.834625 -0.425823
vn 0.251129 -0.107130 0.962007
vn 0.630660 -0.107124 -0.768630
vn 0.322855 -0.800935 0.504250
vn 0.297020 -0.834616 0.463891
vn 0.504265 -0.800921 -0.322866
vn 0.463880 -0.834624 -0.297016
vn 0.536121 -0.107138 0.837315
vn 0.837317 -0.107143 -0.536116
vn 0.462867 -0.800944 0.379793
vn 0.425835 -0.834612 0.349410
vn 0.579352 -0.800921 -0.151250
vn 0.532990 -0.834602 -0.139141
vn 0.768616 -0.107166 0.630671
vn 0.962001 -0.107167 -0.251136
vn 0.557586 -0.800935 0.218176
vn 0.512971 -0.834609 0.200718
vn 0.597732 -0.800924 0.035189
vn 0.549907 -0.834598 0.032379
vn 0.925883 -0.107220 0.362278
vn 0.992516 -0.107225 0.058435
vn -0.751057 -0.630455 0.196062
vn -0.907515 -0.346831 0.236907
vn -0.725114 -0.346770 -0.594945
vn -0.600108 -0.630407 -0.492400
vn -0.653729 -0.630423 0.418575
vn -0.789904 -0.346804 0.505746
vn -0.505759 -0.346784 -0.789904
vn -0.418571 -0.630405 -0.653749
vn -0.492396 -0.630404 0.600115
vn -0.594943 -0.346820 0.725092
vn -0.236914 -0.346804 -0.907524
vn -0.196066 -0.630420 -0.751085
vn -0.282855 -0.630397 0.722906
vn -0.341760 -0.346820 0.873451
vn 0.055110 -0.346788 -0.936323
vn 0.045627 -0.630428 -0.774906
vn -0.045623 -0.630418 0.774914
vn -0.055125 -0.346813 0.936313
vn 0.341778 -0.346771 -0.873463
vn 0.282853 -0.630415 -0.722891
vn 0.196054 -0.630445 0.751067
vn 0.236915 -0.346819 0.907517
vn 0.594953 -0.346803 -0.725093
vn 0.492404 -0.630410 -0.600101
vn 0.418557 -0.630450 0.653714
vn 0.505751 -0.346802 0.789902
vn 0.789891 -0.346826 -0.505752
vn 0.653733 -0.630426 -0.418564
vn 0.600092 -0.630433 0.492387
vn 0.725105 -0.346769 0.594958
vn 0.907519 -0.346817 -0.236914
vn 0.751072 -0.630439 -0.196056
vn 0.722897 -0.630408 0.282852
vn 0.873457 -0.346790 0.341773
vn 0.936311 -0.346818 0.055125
vn 0.774911 -0.630421 0.045631
vn -0.433241 0.900917 -0.025506
vn -0.404149 0.900920 -0.158136
vn -0.587499 0.775886 -0.229883
vn -0.629782 0.775887 -0.037077
vn -0.419925 0.900914 0.109625
vn -0.610412 0.775890 0.159347
vn -0.335503 0.900920 -0.275283
vn -0.487707 0.775887 -0.400175
vn -0.365497 0.900915 0.234019
vn -0.531294 0.775892 0.340175
vn -0.234014 0.900919 -0.365488
vn -0.340176 0.775889 -0.531297
vn -0.275292 0.900916 0.335507
vn -0.400173 0.775889 0.487707
vn -0.109617 0.900920 -0.419913
vn -0.159346 0.775892 -0.610410
vn -0.158137 0.900916 0.404157
vn -0.229879 0.775884 0.587503
vn 0.025506 0.900922 -0.433231
vn 0.037078 0.775894 -0.629773
vn -0.025503 0.900919 0.433238
vn -0.037082 0.775886 0.629783
vn 0.158134 0.900920 -0.404150
vn 0.229877 0.775891 -0.587494
vn 0.109620 0.900918 0.419916
vn 0.159349 0.775884 0.610419
vn 0.275287 0.900918 -0.335507
vn 0.400174 0.775890 -0.487705
vn 0.234012 0.900919 0.365491
vn 0.340178 0.775883 0.531304
vn 0.365490 0.900919 -0.234014
vn 0.531293 0.775892 -0.340176
vn 0.335499 0.900920 0.275287
vn 0.487708 0.775887 0.400175
vn 0.419914 0.900919 -0.109622
vn 0.610416 0.775887 -0.159347
vn 0.404149 0.900920 0.158138
vn 0.587501 0.775886 0.229875
vn 0.433237 0.900919 0.025504
vn 0.629787 0.775883 0.037077
vn -0.828315 0.457003 -0.324103
vn -0.887924 0.457009 -0.052279
vn -0.860614 0.457026 0.224659
vn -0.687618 0.457012 -0.564200
vn -0.749068 0.457028 0.479607
vn -0.479618 0.456998 -0.749079
vn -0.564195 0.457026 0.687613
vn -0.224676 0.456978 -0.860634
vn -0.324099 0.457029 0.828302
vn 0.052279 0.456992 -0.887933
vn -0.052270 0.457015 0.887922
vn 0.324105 0.457016 -0.828307
vn 0.224668 0.457010 0.860620
vn 0.564190 0.457027 -0.687616
vn 0.479609 0.457024 0.749069
vn 0.749062 0.457041 -0.479603
vn 0.687605 0.457025 0.564206
vn 0.860606 0.457039 -0.224662
vn 0.828308 0.457013 0.324107
vn 0.887920 0.457019 0.052275
vn -0.923485 0.128863 -0.361345
vn -0.989950 0.128849 -0.058281
vn -0.959511 0.128836 0.250480
vn -0.766631 0.128876 -0.629021
vn -0.835146 0.128826 0.534729
vn -0.534733 0.128872 -0.835136
vn -0.629031 0.128845 0.766629
vn -0.250477 0.128861 -0.959509
vn -0.361345 0.128871 0.923484
vn 0.058280 0.128853 -0.989950
vn -0.058287 0.128857 0.989949
vn 0.361340 0.128851 -0.923488
vn 0.250483 0.128846 0.959509
vn 0.629032 0.128849 -0.766627
vn 0.534721 0.128866 0.835145
vn 0.835145 0.128861 -0.534722
vn 0.766626 0.128869 0.629029
vn 0.959503 0.128894 -0.250479
vn 0.923484 0.128871 0.361344
vn 0.989943 0.128899 0.058293
vn -0.931251 0.000012 -0.364379
vn -0.998272 0.000000 -0.058772
vn -0.967575 0.000018 0.252584
vn -0.773076 0.000028 -0.634314
vn -0.842163 0.000034 0.539223
vn -0.539219 0.000048 -0.842166
vn -0.634317 0.000016 0.773073
vn -0.252583 0.000056 -0.967575
vn -0.364381 0.000000 0.931250
vn 0.058774 0.000024 -0.998271
vn -0.058769 0.000000 0.998272
vn 0.364379 0.000008 -0.931251
vn 0.252586 0.000011 0.967575
vn 0.634316 0.000019 -0.773074
vn 0.539213 0.000018 0.842169
vn 0.842166 0.000011 -0.539219
vn 0.773071 0.000015 0.634320
vn 0.967574 0.000010 -0.252587
vn 0.931250 0.000024 0.364381
vn 0.998271 0.000027 0.058774
vn -0.902058 -0.248419 -0.352957
vn -0.966981 -0.248407 -0.056933
vn -0.937247 -0.248404 0.244669
vn -0.748846 -0.248409 -0.614429
vn -0.815774 -0.248402 0.522311
vn -0.522324 -0.248408 -0.815764
vn -0.614438 -0.248391 0.748844
vn -0.244666 -0.248418 -0.937244
vn -0.352950 -0.248406 0.902065
vn 0.056933 -0.248422 -0.966978
vn -0.056931 -0.248412 0.966980
vn 0.352955 -0.248417 -0.902060
vn 0.244670 -0.248420 0.937243
vn 0.614434 -0.248407 -0.748842
vn 0.522309 -0.248443 0.815763
vn 0.815763 -0.248429 -0.522315
vn 0.748833 -0.248447 0.614430
vn 0.937235 -0.248454 -0.244665
vn 0.902050 -0.248447 0.352958
vn 0.966969 -0.248456 0.056934
vn -0.694767 -0.665878 -0.271855
vn -0.744778 -0.665870 -0.043846
vn -0.721871 -0.665878 0.188439
vn -0.576751 -0.665886 -0.473238
vn -0.628298 -0.665884 0.402293
vn -0.402287 -0.665878 -0.628308
vn -0.473234 -0.665884 0.576757
vn -0.188440 -0.665876 -0.721873
vn -0.271857 -0.665887 0.694758
vn 0.043852 -0.665885 -0.744764
vn -0.043844 -0.665885 0.744765
vn 0.271845 -0.665886 -0.694763
vn 0.188446 -0.665883 0.721864
vn 0.473238 -0.665883 -0.576754
vn 0.402286 -0.665887 0.628300
vn 0.628302 -0.665886 -0.402284
vn 0.576747 -0.665891 0.473237
vn 0.721854 -0.665896 -0.188441
vn 0.694748 -0.665904 0.271842
vn 0.744745 -0.665908 0.043845
vn -0.413653 -0.895932 -0.161854
vn -0.443420 -0.895934 -0.026110
vn -0.429785 -0.895934 0.112195
vn -0.343394 -0.895933 -0.281752
vn -0.374080 -0.895934 0.239513
vn -0.239520 -0.895931 -0.374083
vn -0.281755 -0.895937 0.343382
vn -0.112198 -0.895929 -0.429795
vn -0.161847 -0.895937 0.413646
vn 0.026108 -0.895930 -0.443428
vn -0.026106 -0.895935 0.443418
vn 0.161856 -0.895932 -0.413652
vn 0.112197 -0.895931 0.429790
vn 0.281758 -0.895934 -0.343388
vn 0.239522 -0.895928 0.374089
vn 0.374082 -0.895933 -0.239515
vn 0.343397 -0.895930 0.281759
vn 0.429788 -0.895932 -0.112194
vn 0.413655 -0.895932 0.161852
vn 0.443422 -0.895933 0.026109
vn -0.998265 0.003669 -0.058775
vn -0.952207 0.300263 -0.056078
vn -0.922907 0.300327 0.240930
vn -0.967569 0.003670 0.252580
vn -0.862118 0.504161 -0.050733
vn -0.835615 0.504143 0.218145
vn -0.689022 0.723603 -0.040589
vn -0.667855 0.723590 0.174318
vn -0.588757 0.807567 -0.034656
vn -0.570650 0.807569 0.148969
vn -0.549233 0.807565 -0.214902
vn -0.418274 0.893455 -0.163662
vn -0.448376 0.893455 -0.026400
vn -0.434591 0.893454 0.113450
vn -0.455938 0.807569 -0.374102
vn -0.347230 0.893454 -0.284907
vn -0.998271 0.000001 -0.058775
vn -0.931249 0.000002 -0.364383
vn -0.931243 0.003668 -0.364381
vn -0.967576 0.000000 0.252582
vn -0.773074 0.000002 -0.634316
vn -0.773068 0.003669 -0.634312
vn -0.496691 0.807562 0.318027
vn -0.378262 0.893454 0.242193
vn -0.318012 0.807571 -0.496686
vn -0.242192 0.893455 -0.378261
vn -0.842164 0.000000 0.539221
vn -0.842158 0.003668 0.539218
vn -0.539228 0.000003 -0.842160
vn -0.539223 0.003669 -0.842155
vn -0.374111 0.807559 0.455949
vn -0.284902 0.893457 0.347224
vn -0.148974 0.807561 -0.570659
vn -0.113449 0.893453 -0.434593
vn -0.634319 0.000001 0.773072
vn -0.634314 0.003664 0.773067
vn -0.252588 0.000004 -0.967574
vn -0.252585 0.003666 -0.967568
vn -0.214914 0.807555 0.549243
vn -0.163660 0.893455 0.418275
vn 0.034668 0.807550 -0.588780
vn 0.026398 0.893451 -0.448384
vn -0.364376 0.000001 0.931252
vn -0.364375 0.003664 0.931245
vn 0.058768 0.000003 -0.998272
vn 0.058768 0.003663 -0.998265
vn -0.034666 0.807549 0.588781
vn -0.026398 0.893454 0.448379
vn 0.214912 0.807550 -0.549250
vn 0.163663 0.893453 -0.418278
vn -0.058767 0.000002 0.998272
vn -0.058767 0.003667 0.998265
vn 0.364385 0.000001 -0.931249
vn 0.364381 0.003663 -0.931243
vn 0.148976 0.807553 0.570671
vn 0.113453 0.893455 0.434588
vn 0.374117 0.807559 -0.455944
vn 0.284904 0.893457 -0.347223
vn 0.252587 0.000005 0.967574
vn 0.252587 0.003669 0.967567
vn 0.634322 0.000002 -0.773069
vn 0.634318 0.003665 -0.773064
vn 0.318028 0.807554 0.496703
vn 0.242192 0.893455 0.378260
vn 0.496701 0.807557 -0.318024
vn 0.378258 0.893456 -0.242191
vn 0.539223 0.000005 0.842163
vn 0.539218 0.003670 0.842158
vn 0.842165 0.000005 -0.539220
vn 0.842160 0.003667 -0.539216
vn 0.455953 0.807553 0.374120
vn 0.347225 0.893455 0.284909
vn 0.570660 0.807560 -0.148979
vn 0.434588 0.893455 -0.113450
vn 0.773071 0.000002 0.634319
vn 0.773067 0.003669 0.634314
vn 0.967573 0.000002 -0.252592
vn 0.967567 0.003668 -0.252590
vn 0.549236 0.807561 0.214906
vn 0.418270 0.893457 0.163663
vn 0.588760 0.807564 0.034656
vn 0.448374 0.893456 0.026398
vn 0.931247 0.000000 0.364388
vn 0.931242 0.003668 0.364384
vn 0.998271 0.000000 0.058775
vn 0.998264 0.003668 0.058775
vn -0.888271 0.300269 -0.347581
vn -0.804230 0.504189 -0.314655
vn -0.642760 0.723602 -0.251516
vn -0.737381 0.300311 -0.605047
vn -0.667641 0.504150 -0.547804
vn -0.533586 0.723590 -0.437839
vn -0.581294 0.723583 0.372190
vn -0.727285 0.504191 0.465670
vn -0.803284 0.300330 0.514332
vn -0.514356 0.300231 -0.803305
vn -0.465683 0.504135 -0.727315
vn -0.372171 0.723613 -0.581269
vn -0.437830 0.723580 0.533608
vn -0.547752 0.504268 0.667594
vn -0.605058 0.300263 0.737392
vn -0.240958 0.300204 -0.922939
vn -0.218130 0.504209 -0.835579
vn -0.174333 0.723618 -0.667821
vn -0.251492 0.723611 0.642759
vn -0.314664 0.504288 0.804164
vn -0.347590 0.300212 0.888287
vn 0.056073 0.300204 -0.952225
vn 0.050766 0.504245 -0.862067
vn 0.040547 0.723610 -0.689017
vn -0.040558 0.723624 0.689002
vn -0.050760 0.504260 0.862059
vn -0.056072 0.300234 0.952216
vn 0.347591 0.300227 -0.888282
vn 0.314686 0.504232 -0.804191
vn 0.251492 0.723598 -0.642774
vn 0.174322 0.723626 0.667815
vn 0.218152 0.504230 0.835561
vn 0.240905 0.300213 0.922950
vn 0.605058 0.300289 -0.737382
vn 0.547780 0.504224 -0.667604
vn 0.437846 0.723574 -0.533602
vn 0.372171 0.723625 0.581254
vn 0.465649 0.504203 0.727290
vn 0.514346 0.300245 0.803306
vn 0.803295 0.300295 -0.514334
vn 0.727286 0.504186 -0.465673
vn 0.581327 0.723553 -0.372195
vn 0.533580 0.723606 0.437820
vn 0.667613 0.504206 0.547785
vn 0.737363 0.300365 0.605042
vn 0.922915 0.300304 -0.240927
vn 0.835608 0.504155 -0.218148
vn 0.667887 0.723555 -0.174342
vn 0.952198 0.300289 0.056089
vn 0.862119 0.504161 0.050726
vn 0.689041 0.723585 0.040595
vn 0.888244 0.300337 0.347593
vn 0.804228 0.504193 0.314653
vn 0.642758 0.723606 0.251508
vn -0.705440 -0.707550 -0.041559
vn -0.372279 -0.927862 -0.021919
vn -0.360831 -0.927862 0.094193
vn -0.683822 -0.707470 0.178529
vn -0.884893 -0.462874 -0.052078
vn -0.857673 -0.462896 0.223883
vn -0.967690 -0.245609 -0.057029
vn -0.937928 -0.245653 0.244837
vn -0.997045 -0.049593 -0.058660
vn -0.966390 -0.049530 0.252263
vn -0.988184 0.141791 -0.058199
vn -0.957799 0.141774 0.250041
vn -0.936708 0.345742 -0.055144
vn -0.907906 0.345732 0.237016
vn -0.566296 0.823527 -0.033336
vn -0.815500 0.576763 -0.048007
vn -0.790394 0.576804 0.206336
vn -0.548891 0.823521 0.143290
vn -0.658060 -0.707566 -0.257502
vn -0.347288 -0.927861 -0.135889
vn -0.825516 -0.462798 -0.323018
vn -0.902721 -0.245615 -0.353225
vn -0.930100 -0.049642 -0.363936
vn -0.921833 0.141829 -0.360705
vn -0.873803 0.345791 -0.341901
vn -0.760743 0.576779 -0.297649
vn -0.528266 0.823533 -0.206708
vn -0.314065 -0.927862 0.201085
vn -0.595230 -0.707412 0.381143
vn -0.746540 -0.462847 0.477965
vn -0.816331 -0.245730 0.522705
vn -0.841131 -0.049565 0.538556
vn -0.833660 0.141763 0.533774
vn -0.790227 0.345757 0.505957
vn -0.687941 0.576806 0.440491
vn -0.477753 0.823517 0.305895
vn -0.546310 -0.707532 -0.448268
vn -0.288311 -0.927859 -0.236545
vn -0.685323 -0.462759 -0.562304
vn -0.749383 -0.245668 -0.614876
vn -0.772112 -0.049670 -0.633543
vn -0.765234 0.141821 -0.627936
vn -0.725375 0.345782 -0.595202
vn -0.631538 0.576781 -0.518153
vn -0.438533 0.823528 -0.359849
vn -0.236550 -0.927860 0.288304
vn -0.448333 -0.707418 0.546404
vn -0.562294 -0.462842 0.685276
vn -0.614828 -0.245770 0.749389
vn -0.633546 -0.049653 0.772110
vn -0.627906 0.141780 0.765266
vn -0.595184 0.345787 0.725388
vn -0.518200 0.576752 0.631526
vn -0.359841 0.823524 0.438546
vn -0.381081 -0.707490 -0.595176
vn -0.201103 -0.927863 -0.314051
vn -0.478037 -0.462725 -0.746570
vn -0.522667 -0.245743 -0.816352
vn -0.538564 -0.049649 -0.841120
vn -0.533733 0.141813 -0.833678
vn -0.505983 0.345725 -0.790225
vn -0.440490 0.576772 -0.687970
vn -0.305879 0.823510 -0.477775
vn -0.135883 -0.927861 0.347289
vn -0.257526 -0.707477 0.658146
vn -0.322990 -0.462842 0.825503
vn -0.353216 -0.245690 0.902704
vn -0.363916 -0.049646 0.930108
vn -0.360728 0.141779 0.921832
vn -0.341871 0.345829 0.873800
vn -0.297674 0.576791 0.760725
vn -0.206707 0.823531 0.528270
vn -0.178520 -0.707498 -0.683796
vn -0.094198 -0.927867 -0.360818
vn -0.223889 -0.462744 -0.857754
vn -0.244856 -0.245752 -0.937897
vn -0.252272 -0.049600 -0.966384
vn -0.250057 0.141774 -0.957795
vn -0.236985 0.345720 -0.907918
vn -0.206351 0.576801 -0.790393
vn -0.143288 0.823491 -0.548936
vn -0.021945 -0.927866 0.372269
vn -0.041570 -0.707492 0.705498
vn -0.052131 -0.462818 0.884919
vn -0.056967 -0.245623 0.967690
vn -0.058695 -0.049628 0.997042
vn -0.058165 0.141759 0.988191
vn -0.055150 0.345875 0.936658
vn -0.047988 0.576829 0.815454
vn -0.033311 0.823507 0.566327
vn 0.041513 -0.707498 -0.705495
vn 0.021926 -0.927866 -0.372268
vn 0.052101 -0.462837 -0.884911
vn 0.056978 -0.245761 -0.967655
vn 0.058690 -0.049550 -0.997046
vn 0.058166 0.141774 -0.988189
vn 0.055134 0.345722 -0.936716
vn 0.047993 0.576851 -0.815438
vn 0.033329 0.823493 -0.566346
vn 0.094168 -0.927874 0.360809
vn 0.178498 -0.707504 0.683796
vn 0.223915 -0.462803 0.857715
vn 0.244850 -0.245652 0.937925
vn 0.252282 -0.049647 0.966379
vn 0.250062 0.141765 0.957795
vn 0.237001 0.345842 0.907868
vn 0.206394 0.576799 0.790382
vn 0.143328 0.823471 0.548956
vn 0.257516 -0.707486 -0.658141
vn 0.135906 -0.927862 -0.347278
vn 0.322999 -0.462861 -0.825489
vn 0.353217 -0.245749 -0.902688
vn 0.363933 -0.049533 -0.930107
vn 0.360682 0.141781 -0.921850
vn 0.341928 0.345727 -0.873818
vn 0.297600 0.576888 -0.760680
vn 0.206704 0.823514 -0.528297
vn 0.201102 -0.927870 0.314030
vn 0.381073 -0.707518 0.595148
vn 0.477995 -0.462802 0.746549
vn 0.522702 -0.245718 0.816337
vn 0.538562 -0.049627 0.841123
vn 0.533769 0.141791 0.833658
vn 0.505963 0.345765 0.790220
vn 0.440492 0.576805 0.687941
vn 0.305903 0.823477 0.477816
vn 0.448297 -0.707498 -0.546330
vn 0.236561 -0.927861 -0.288292
vn 0.562304 -0.462809 -0.685290
vn 0.614875 -0.245693 -0.749376
vn 0.633557 -0.049528 -0.772109
vn 0.627892 0.141723 -0.765288
vn 0.595210 0.345663 -0.725425
vn 0.518175 0.576835 -0.631472
vn 0.359827 0.823527 -0.438551
vn 0.288303 -0.927864 0.236536
vn 0.546360 -0.707482 0.448286
vn 0.685331 -0.462775 0.562281
vn 0.749334 -0.245740 0.614907
vn 0.772127 -0.049639 0.633527
vn 0.765238 0.141837 0.627927
vn 0.725373 0.345807 0.595191
vn 0.631473 0.576832 0.518177
vn 0.438556 0.823507 0.359868
vn 0.595188 -0.707478 -0.381087
vn 0.314060 -0.927863 -0.201089
vn 0.746558 -0.462787 -0.477995
vn 0.816352 -0.245692 -0.522690
vn 0.841126 -0.049538 -0.538565
vn 0.833661 0.141737 -0.533779
vn 0.790261 0.345642 -0.505983
vn 0.687970 0.576772 -0.440490
vn 0.477735 0.823532 -0.305882
vn 0.347277 -0.927865 0.135887
vn 0.658134 -0.707482 0.257542
vn 0.825542 -0.462759 0.323007
vn 0.902717 -0.245645 0.353216
vn 0.930095 -0.049648 0.363950
vn 0.921838 0.141823 0.360696
vn 0.873784 0.345848 0.341894
vn 0.760715 0.576819 0.297645
vn 0.528280 0.823524 0.206707
vn 0.683809 -0.707490 -0.178502
vn 0.360828 -0.927863 -0.094198
vn 0.857727 -0.462789 -0.223902
vn 0.937924 -0.245640 -0.244867
vn 0.966387 -0.049622 -0.252259
vn 0.957806 0.141750 -0.250028
vn 0.907885 0.345766 -0.237047
vn 0.790438 0.576759 -0.206293
vn 0.548872 0.823534 -0.143288
vn 0.372274 -0.927864 0.021921
vn 0.705483 -0.707509 0.041530
vn 0.884937 -0.462784 0.052129
vn 0.967703 -0.245573 0.056961
vn 0.997039 -0.049653 0.058716
vn 0.988189 0.141768 0.058176
vn 0.936676 0.345833 0.055121
vn 0.815499 0.576761 0.048050
vn 0.566287 0.823533 0.033342
vn -0.298884 -0.947096 -0.116953
vn -0.320398 -0.947095 -0.018863
vn -0.310548 -0.947094 0.081068
vn -0.248125 -0.947094 -0.203586
vn -0.270298 -0.947094 0.173068
vn -0.173069 -0.947094 -0.270295
vn -0.203590 -0.947092 0.248130
vn -0.081065 -0.947096 -0.310546
vn -0.116951 -0.947093 0.298893
vn 0.018865 -0.947094 -0.320401
vn -0.018865 -0.947094 0.320401
vn 0.116950 -0.947094 -0.298891
vn 0.081066 -0.947095 0.310548
vn 0.203584 -0.947096 -0.248120
vn 0.173063 -0.947097 0.270291
vn 0.270295 -0.947095 -0.173064
vn 0.248121 -0.947095 0.203585
vn 0.310548 -0.947095 -0.081067
vn 0.298900 -0.947091 0.116954
vn 0.320409 -0.947091 0.018868
vn -0.993137 -0.101295 -0.058469
vn -0.926455 -0.101342 -0.362506
vn -0.926496 0.100922 -0.362519
vn -0.993174 0.100919 -0.058481
vn -0.962606 -0.101266 0.251266
vn -0.962634 0.100946 0.251287
vn -0.769098 -0.101358 -0.631042
vn -0.769135 0.100896 -0.631072
vn -0.837841 -0.101244 0.536443
vn -0.837864 0.101006 0.536453
vn -0.536451 -0.101362 -0.837822
vn -0.536475 0.100856 -0.837868
vn -0.631062 -0.101236 0.769098
vn -0.631080 0.100984 0.769117
vn -0.251272 -0.101345 -0.962596
vn -0.251288 0.100836 -0.962646
vn -0.362503 -0.101317 0.926459
vn -0.362500 0.100952 0.926500
vn 0.058473 -0.101292 -0.993137
vn 0.058471 0.100877 -0.993179
vn -0.058438 -0.101374 0.993131
vn -0.058469 0.100921 0.993175
vn 0.362514 -0.101262 -0.926461
vn 0.362525 0.100907 -0.926495
vn 0.251285 -0.101315 0.962596
vn 0.251309 0.100864 0.962637
vn 0.631057 -0.101271 -0.769098
vn 0.631087 0.100876 -0.769125
vn 0.536439 -0.101303 0.837837
vn 0.536474 0.100865 0.837867
vn 0.837829 -0.101317 -0.536450
vn 0.837869 0.100880 -0.536469
vn 0.769089 -0.101340 0.631057
vn 0.769126 0.100873 0.631086
vn 0.962591 -0.101344 -0.251293
vn 0.962642 0.100879 -0.251283
vn 0.926457 -0.101329 0.362505
vn 0.926504 0.100855 0.362517
vn 0.993133 -0.101330 0.058474
vn 0.993182 0.100849 0.058465
vn -0.235079 0.971878 -0.013837
vn -0.219293 0.971879 -0.085805
vn -0.338872 0.931443 -0.132592
vn -0.363269 0.931439 -0.021383
vn -0.227853 0.971877 0.059481
vn -0.352100 0.931438 0.091916
vn -0.182043 0.971877 -0.149380
vn -0.281305 0.931443 -0.230830
vn -0.198320 0.971877 0.126981
vn -0.306464 0.931439 0.196219
vn -0.126981 0.971873 -0.198339
vn -0.196218 0.931432 -0.306485
vn -0.149378 0.971877 0.182048
vn -0.230829 0.931440 0.281314
vn -0.059486 0.971870 -0.227882
vn -0.091921 0.931423 -0.352139
vn -0.085808 0.971878 0.219295
vn -0.132597 0.931442 0.338872
vn 0.013834 0.971871 -0.235108
vn 0.021380 0.931422 -0.363312
vn -0.013828 0.971877 0.235085
vn -0.021369 0.931435 0.363280
vn 0.085807 0.971873 -0.219315
vn 0.132597 0.931429 -0.338907
vn 0.059497 0.971871 0.227877
vn 0.091946 0.931418 0.352146
vn 0.149379 0.971875 -0.182056
vn 0.230832 0.931436 -0.281325
vn 0.126988 0.971870 0.198349
vn 0.196234 0.931419 0.306515
vn 0.198326 0.971876 -0.126982
vn 0.306463 0.931439 -0.196219
vn 0.182048 0.971876 0.149385
vn 0.281320 0.931434 0.230847
vn 0.227860 0.971875 -0.059483
vn 0.352097 0.931439 -0.091915
vn 0.219299 0.971877 0.085807
vn 0.338884 0.931438 0.132596
vn 0.235087 0.971876 0.013841
vn 0.363271 0.931438 0.021388
vn -0.878917 -0.474159 -0.051755
vn -0.851869 -0.474195 0.222390
vn -0.603679 -0.796435 -0.035540
vn -0.585101 -0.796445 0.152747
vn -0.819890 -0.474195 -0.320811
vn -0.563137 -0.796450 -0.220327
vn -0.741420 -0.474297 0.474698
vn -0.509265 -0.796445 0.326076
vn -0.680634 -0.474191 -0.558463
vn -0.467481 -0.796452 -0.383569
vn -0.558453 -0.474248 0.680602
vn -0.383596 -0.796440 0.467480
vn -0.474738 -0.474163 -0.741480
vn -0.326083 -0.796447 -0.509256
vn -0.320817 -0.474172 0.819901
vn -0.220353 -0.796431 0.563154
vn -0.222384 -0.474149 -0.851897
vn -0.152746 -0.796474 -0.585063
vn -0.051784 -0.474176 0.878906
vn -0.035526 -0.796421 0.603698
vn 0.051733 -0.474169 -0.878913
vn 0.035549 -0.796488 -0.603608
vn 0.222373 -0.474173 0.851886
vn 0.152739 -0.796444 0.585105
vn 0.320797 -0.474181 -0.819904
vn 0.220331 -0.796491 -0.563078
vn 0.474772 -0.474124 0.741484
vn 0.326057 -0.796448 0.509272
vn 0.558490 -0.474145 -0.680643
vn 0.383550 -0.796480 -0.467449
vn 0.680679 -0.474084 0.558499
vn 0.467498 -0.796431 0.383592
vn 0.741481 -0.474143 -0.474757
vn 0.509270 -0.796443 -0.326071
vn 0.819925 -0.474123 0.320827
vn 0.563146 -0.796439 0.220345
vn 0.851906 -0.474128 -0.222391
vn 0.585142 -0.796416 -0.152747
vn 0.878934 -0.474128 0.051758
vn 0.603687 -0.796429 0.035535
vn -0.196283 0.980479 -0.011552
vn -0.190252 0.980478 0.049667
vn -0.880026 0.472090 -0.051830
vn -0.852960 0.472100 0.222668
vn -0.183099 0.980481 -0.071643
vn -0.820892 0.472182 -0.321216
vn -0.165593 0.980478 0.106028
vn -0.742405 0.472114 0.475336
vn -0.152003 0.980479 -0.124726
vn -0.681443 0.472227 -0.559140
vn -0.124727 0.980478 0.152005
vn -0.559177 0.472133 0.681478
vn -0.106026 0.980478 -0.165596
vn -0.475303 0.472231 -0.742351
vn -0.071642 0.980480 0.183100
vn -0.321230 0.472188 0.820883
vn -0.049666 0.980478 -0.190251
vn -0.222645 0.472235 -0.852891
vn -0.011550 0.980479 0.196285
vn -0.051812 0.472156 0.879991
vn 0.011555 0.980478 -0.196287
vn 0.051801 0.472209 -0.879963
vn 0.049669 0.980478 0.190251
vn 0.222657 0.472134 0.852944
vn 0.071643 0.980479 -0.183107
vn 0.321180 0.472247 -0.820869
vn 0.106023 0.980478 0.165595
vn 0.475319 0.472173 0.742378
vn 0.124722 0.980479 -0.152002
vn 0.559096 0.472265 -0.681452
vn 0.151999 0.980479 0.124725
vn 0.681467 0.472169 0.559159
vn 0.165592 0.980478 -0.106024
vn 0.742353 0.472202 -0.475330
vn 0.183106 0.980479 0.071644
vn 0.820925 0.472115 0.321231
vn 0.190251 0.980478 -0.049663
vn 0.852932 0.472145 -0.222680
vn 0.196286 0.980479 0.011556
vn 0.880013 0.472112 0.051838
vn -0.966961 -0.248487 -0.056928
vn -0.902041 -0.248482 -0.352958
vn -0.924328 -0.121691 -0.361675
vn -0.990853 -0.121697 -0.058320
vn -0.937225 -0.248499 0.244659
vn -0.960382 -0.121705 0.250710
vn -0.748812 -0.248493 -0.614436
vn -0.767308 -0.121696 -0.629626
vn -0.815750 -0.248499 0.522302
vn -0.835906 -0.121711 0.535208
vn -0.522293 -0.248502 -0.815756
vn -0.535195 -0.121705 -0.835915
vn -0.614416 -0.248507 0.748824
vn -0.629598 -0.121710 0.767328
vn -0.244660 -0.248503 -0.937224
vn -0.250707 -0.121703 -0.960383
vn -0.352956 -0.248525 0.902030
vn -0.361686 -0.121702 0.924322
vn 0.056913 -0.248504 -0.966957
vn 0.058324 -0.121701 -0.990852
vn -0.056921 -0.248532 0.966950
vn -0.058322 -0.121710 0.990851
vn 0.352937 -0.248506 -0.902042
vn 0.361659 -0.121710 -0.924332
vn 0.244699 -0.248536 0.937204
vn 0.250763 -0.121721 0.960366
vn 0.614427 -0.248506 -0.748815
vn 0.629604 -0.121708 -0.767324
vn 0.522282 -0.248539 0.815751
vn 0.535188 -0.121721 0.835917
vn 0.815748 -0.248516 -0.522298
vn 0.835905 -0.121703 -0.535211
vn 0.748791 -0.248536 0.614444
vn 0.767295 -0.121712 0.629639
vn 0.937214 -0.248529 -0.244668
vn 0.960380 -0.121711 -0.250711
vn 0.902034 -0.248536 0.352936
vn 0.924330 -0.121704 0.361666
vn 0.966947 -0.248540 0.056926
vn 0.990850 -0.121711 0.058341
vn 0.539033 -0.023589 0.841954
vn 0.252583 -0.023584 0.967288
vn 0.251492 0.096753 0.963011
vn 0.536651 0.096740 0.838240
vn 0.772812 -0.023575 0.634197
vn 0.769388 0.096752 0.631412
vn 0.930996 -0.023562 0.364268
vn 0.926887 0.096761 0.362654
vn 0.997994 -0.023566 0.058752
vn 0.993588 0.096756 0.058486
vn 0.967306 -0.023571 -0.252516
vn 0.963035 0.096759 -0.251398
vn 0.841932 -0.023569 -0.539068
vn 0.838215 0.096760 -0.536687
vn 0.634143 -0.023564 -0.772856
vn 0.631345 0.096761 -0.769442
vn 0.364268 -0.023563 -0.930996
vn 0.362654 0.096758 -0.926887
vn 0.058732 -0.023571 -0.997995
vn 0.058457 0.096749 -0.993591
vn -0.252520 -0.023577 -0.967304
vn -0.251406 0.096744 -0.963035
vn -0.539046 -0.023576 -0.841947
vn -0.536664 0.096747 -0.838232
vn -0.772831 -0.023574 -0.634173
vn -0.769417 0.096752 -0.631377
vn -0.930989 -0.023576 -0.364285
vn -0.926877 0.096762 -0.362679
vn -0.997995 -0.023573 -0.058741
vn -0.993587 0.096765 -0.058490
vn -0.967306 -0.023567 0.252515
vn -0.963036 0.096765 0.251393
vn -0.841931 -0.023569 0.539070
vn -0.838212 0.096761 0.536691
vn -0.634145 -0.023571 0.772855
vn -0.631341 0.096758 0.769446
vn -0.364302 -0.023566 0.930983
vn -0.362706 0.096763 0.926867
vn -0.058731 -0.023571 0.997996
vn -0.058461 0.096765 0.993589
vn -0.055138 0.343688 0.937464
vn -0.342251 0.343681 0.874499
vn -0.333485 0.403409 0.852085
vn -0.053719 0.403420 0.913437
vn 0.237379 0.343655 0.908599
vn 0.231312 0.403383 0.885312
vn 0.506311 0.343636 0.790926
vn 0.493333 0.403363 0.770662
vn 0.725874 0.343677 0.595812
vn 0.707263 0.403406 0.580554
vn 0.874539 0.343689 0.342139
vn 0.852125 0.403421 0.333369
vn 0.937468 0.343671 0.055165
vn 0.913442 0.403403 0.053748
vn 0.908643 0.343669 -0.237191
vn 0.885356 0.403403 -0.231111
vn 0.790872 0.343671 -0.506371
vn 0.770604 0.403402 -0.493393
vn 0.595680 0.343671 -0.725986
vn 0.580415 0.403398 -0.707381
vn 0.342156 0.343667 -0.874541
vn 0.333386 0.403395 -0.852130
vn 0.055130 0.343655 -0.937476
vn 0.053714 0.403384 -0.913453
vn -0.237204 0.343645 -0.908649
vn -0.231126 0.403375 -0.885364
vn -0.506320 0.343655 -0.790912
vn -0.493339 0.403384 -0.770648
vn -0.725936 0.343672 -0.595740
vn -0.707331 0.403402 -0.580474
vn -0.874524 0.343677 -0.342191
vn -0.852115 0.403404 -0.333413
vn -0.937469 0.343669 -0.055173
vn -0.913444 0.403399 -0.053758
vn -0.908642 0.343667 0.237198
vn -0.885355 0.403399 0.231118
vn -0.790867 0.343672 0.506379
vn -0.770600 0.403402 0.493399
vn -0.595685 0.343670 0.725983
vn -0.580418 0.403396 0.707380
vn -0.056054 0.297976 0.952926
vn -0.347887 0.297970 0.888925
vn 0.241269 0.297949 0.923588
vn 0.514670 0.297934 0.803959
vn 0.737857 0.297968 0.605626
vn 0.888959 0.297979 0.347795
vn 0.952928 0.297965 0.056079
vn 0.923627 0.297963 -0.241104
vn 0.803916 0.297964 -0.514721
vn 0.605506 0.297962 -0.737957
vn 0.347804 0.297957 -0.888962
vn 0.056049 0.297947 -0.952935
vn -0.241115 0.297939 -0.923632
vn -0.514677 0.297944 -0.803951
vn -0.737914 0.297958 -0.605561
vn -0.888949 0.297967 -0.347829
vn -0.952929 0.297961 -0.056084
vn -0.923629 0.297958 0.241105
vn -0.803913 0.297959 0.514728
vn -0.605509 0.297958 0.737956
vn -0.056278 0.285659 0.956677
vn -0.349247 0.285652 0.892429
vn 0.242204 0.285635 0.927227
vn 0.516706 0.285620 0.807116
vn 0.740774 0.285646 0.607997
vn 0.892457 0.285656 0.349171
vn 0.956680 0.285645 0.056303
vn 0.927263 0.285644 -0.242056
vn 0.807081 0.285647 -0.516746
vn 0.607892 0.285644 -0.740861
vn 0.349174 0.285639 -0.892461
vn 0.056272 0.285632 -0.956686
vn -0.242064 0.285627 -0.927266
vn -0.516707 0.285633 -0.807111
vn -0.740823 0.285644 -0.607939
vn -0.892449 0.285649 -0.349198
vn -0.956680 0.285644 -0.056305
vn -0.927265 0.285641 0.242049
vn -0.807077 0.285643 0.516754
vn -0.607889 0.285640 0.740865
vn -0.057864 0.171411 0.983499
vn -0.359026 0.171408 0.917453
vn -0.354393 0.233021 0.905597
vn -0.057111 0.233026 0.970792
vn 0.248956 0.171395 0.953229
vn 0.245758 0.233009 0.940909
vn 0.531197 0.171383 0.829734
vn 0.524332 0.232996 0.819017
vn 0.761565 0.171401 0.625012
vn 0.751717 0.233016 0.616948
vn 0.917476 0.171412 0.358966
vn 0.905622 0.233026 0.354326
vn 0.983498 0.171407 0.057890
vn 0.970793 0.233017 0.057139
vn 0.953257 0.171406 -0.248840
vn 0.940941 0.233014 -0.245630
vn 0.829704 0.171404 -0.531237
vn 0.818984 0.233016 -0.524374
vn 0.624937 0.171401 -0.761627
vn 0.616863 0.233019 -0.751786
vn 0.358967 0.171398 -0.917478
vn 0.354326 0.233018 -0.905625
vn 0.057856 0.171390 -0.983503
vn 0.057106 0.233010 -0.970796
vn -0.248851 0.171385 -0.953258
vn -0.245635 0.233005 -0.940942
vn -0.531207 0.171391 -0.829726
vn -0.524337 0.233009 -0.819010
vn -0.761603 0.171402 -0.624966
vn -0.751758 0.233018 -0.616898
vn -0.917466 0.171406 -0.358994
vn -0.905614 0.233021 -0.354352
vn -0.983499 0.171400 -0.057895
vn -0.970793 0.233015 -0.057145
vn -0.953258 0.171399 0.248841
vn -0.940943 0.233015 0.245624
vn -0.829700 0.171402 0.531244
vn -0.818979 0.233019 0.524380
vn -0.624931 0.171402 0.761632
vn -0.616856 0.233017 0.751792
vn -0.773354 0.632339 -0.045511
vn -0.721430 0.632342 -0.282282
vn -0.800599 0.510796 -0.313256
vn -0.858221 0.510790 -0.050510
vn -0.749569 0.632345 0.195671
vn -0.831832 0.510787 0.217145
vn -0.598840 0.632344 -0.491458
vn -0.664572 0.510781 -0.545386
vn -0.652408 0.632353 0.417724
vn -0.724014 0.510789 0.463572
vn -0.417669 0.632330 -0.652466
vn -0.463515 0.510756 -0.724073
vn -0.491397 0.632357 0.598878
vn -0.545329 0.510785 0.664616
vn -0.195681 0.632325 -0.749583
vn -0.217156 0.510753 -0.831850
vn -0.282341 0.632366 0.721386
vn -0.313325 0.510812 0.800561
vn 0.045468 0.632330 -0.773364
vn 0.050464 0.510768 -0.858237
vn -0.045473 0.632370 0.773331
vn -0.050461 0.510842 0.858193
vn 0.282253 0.632331 -0.721450
vn 0.313235 0.510786 -0.800613
vn 0.195861 0.632340 0.749523
vn 0.217328 0.510802 0.831776
vn 0.491396 0.632339 -0.598897
vn 0.545325 0.510793 -0.664614
vn 0.417659 0.632323 0.652479
vn 0.463492 0.510775 0.724075
vn 0.652415 0.632347 -0.417723
vn 0.724017 0.510788 -0.463568
vn 0.598767 0.632360 0.491527
vn 0.664488 0.510816 0.545456
vn 0.749567 0.632348 -0.195666
vn 0.831832 0.510790 -0.217139
vn 0.721415 0.632382 0.282229
vn 0.800598 0.510827 0.313207
vn 0.773335 0.632362 0.045505
vn 0.858213 0.510804 0.050499
vn -0.993441 0.098269 -0.058472
vn -0.926742 0.098275 -0.362618
vn -0.924002 -0.124514 -0.361548
vn -0.990505 -0.124509 -0.058290
vn -0.962893 0.098276 0.251354
vn -0.960044 -0.124527 0.250615
vn -0.769272 0.098273 -0.631319
vn -0.766995 -0.124537 -0.629452
vn -0.838084 0.098280 0.536617
vn -0.835607 -0.124522 0.535028
vn -0.536541 0.098266 -0.838133
vn -0.534959 -0.124542 -0.835648
vn -0.631247 0.098267 0.769331
vn -0.629384 -0.124504 0.767056
vn -0.251369 0.098282 -0.962889
vn -0.250623 -0.124546 -0.960040
vn -0.362706 0.098281 0.926707
vn -0.361635 -0.124511 0.923968
vn 0.058417 0.098305 -0.993440
vn 0.058244 -0.124550 -0.990502
vn -0.058429 0.098280 0.993442
vn -0.058262 -0.124523 0.990505
vn 0.362587 0.098302 -0.926751
vn 0.361521 -0.124546 -0.924008
vn 0.251586 0.098224 0.962838
vn 0.250837 -0.124506 0.959989
vn 0.631249 0.098274 -0.769329
vn 0.629380 -0.124524 -0.767056
vn 0.536525 0.098201 0.838151
vn 0.534945 -0.124506 0.835663
vn 0.838091 0.098259 -0.536609
vn 0.835614 -0.124499 -0.535022
vn 0.769197 0.098242 0.631415
vn 0.766919 -0.124513 0.629549
vn 0.962894 0.098252 -0.251361
vn 0.960050 -0.124491 -0.250612
vn 0.926764 0.098263 0.362564
vn 0.924024 -0.124508 0.361492
vn 0.993444 0.098250 0.058453
vn 0.990506 -0.124498 0.058286
vn -0.954564 0.292666 -0.056166
vn -0.925211 0.292663 0.241523
vn -0.890472 0.292682 -0.348422
vn -0.805292 0.292659 0.515611
vn -0.739163 0.292670 -0.606615
vn -0.606550 0.292647 0.739226
vn -0.515545 0.292631 -0.805345
vn -0.348508 0.292672 0.890441
vn -0.241535 0.292626 -0.925219
vn -0.056140 0.292687 0.954559
vn 0.056129 0.292661 -0.954568
vn 0.241742 0.292631 0.925164
vn 0.348401 0.292685 -0.890478
vn 0.515542 0.292616 0.805353
vn 0.606548 0.292661 -0.739222
vn 0.739101 0.292656 0.606698
vn 0.805305 0.292644 -0.515601
vn 0.890495 0.292662 0.348380
vn 0.925218 0.292655 -0.241506
vn 0.954566 0.292657 0.056173
vn -0.929624 -0.364426 -0.054709
vn -0.901045 -0.364418 0.235199
vn -0.810981 -0.583123 -0.047726
vn -0.786050 -0.583113 0.205193
vn -0.867216 -0.364413 -0.339321
vn -0.756527 -0.583127 -0.296022
vn -0.784261 -0.364400 0.502143
vn -0.684164 -0.583118 0.438057
vn -0.719867 -0.364395 -0.590769
vn -0.627994 -0.583102 -0.515379
vn -0.590696 -0.364394 0.719927
vn -0.515306 -0.583123 0.628035
vn -0.502076 -0.364402 -0.784303
vn -0.438013 -0.583090 -0.684215
vn -0.339395 -0.364423 0.867183
vn -0.296083 -0.583134 0.756499
vn -0.235227 -0.364425 -0.901034
vn -0.205208 -0.583107 -0.786051
vn -0.054680 -0.364444 0.929619
vn -0.047706 -0.583143 0.810968
vn 0.054664 -0.364440 -0.929621
vn 0.047681 -0.583127 -0.810981
vn 0.235414 -0.364424 0.900986
vn 0.205366 -0.583133 0.785990
vn 0.339301 -0.364436 -0.867214
vn 0.296001 -0.583120 -0.756541
vn 0.502076 -0.364405 0.784301
vn 0.437994 -0.583122 0.684200
vn 0.590705 -0.364409 -0.719912
vn 0.515311 -0.583113 -0.628039
vn 0.719798 -0.364405 0.590847
vn 0.627919 -0.583140 0.515427
vn 0.784264 -0.364397 -0.502141
vn 0.684157 -0.583130 -0.438050
vn 0.867228 -0.364420 0.339285
vn 0.756536 -0.583142 0.295972
vn 0.901043 -0.364416 -0.235208
vn 0.786033 -0.583144 -0.205174
vn 0.929624 -0.364429 0.054696
vn 0.810972 -0.583135 0.047725
vn -0.000003 -1.000000 -0.000001
vn -0.000004 -1.000000 -0.000003
vn -0.000003 -1.000000 0.000001
vn -0.000005 -1.000000 -0.000000
vn -0.000003 -1.000000 0.000002
vn -0.000006 -1.000000 0.000003
vn -0.000000 -1.000000 0.000005
vn -0.000002 -1.000000 0.000004
vn -0.000001 -1.000000 0.000006
vn 0.000005 -1.000000 0.000003
vn -0.000011 -1.000000 0.000003
vn 0.000006 -1.000000 0.000000
vn -0.000009 -1.000000 -0.000003
vn 0.000003 -1.000000 -0.000002
vn 0.000008 -1.000000 -0.000009
vn 0.000003 -1.000000 -0.000002
vn 0.000009 -1.000000 -0.000002
vn 0.000003 -1.000000 -0.000001
vn 0.000003 -1.000000 0.000006
vn 0.000003 -1.000000 0.000001
vn -0.636490 -0.729970 -0.249046
vn -0.682305 -0.729964 -0.040153
vn -0.661320 -0.729971 0.172624
vn -0.528336 -0.729976 -0.433585
vn -0.575579 -0.729994 0.368534
vn -0.368506 -0.729971 -0.575626
vn -0.433516 -0.729999 0.528361
vn -0.172640 -0.729962 -0.661325
vn -0.249094 -0.729991 0.636448
vn 0.040128 -0.729966 -0.682304
vn -0.040145 -0.729990 0.682277
vn 0.249033 -0.729968 -0.636498
vn 0.172775 -0.729983 0.661267
vn 0.433545 -0.729973 -0.528373
vn 0.368502 -0.729968 0.575633
vn 0.575594 -0.729983 -0.368534
vn 0.528287 -0.729973 0.433651
vn 0.661311 -0.729978 -0.172627
vn 0.636500 -0.729974 0.249009
vn 0.682301 -0.729969 0.040146
vn -0.519112 -0.854160 -0.030554
vn -0.484262 -0.854157 -0.189488
vn -0.283778 -0.958745 -0.016699
vn -0.264730 -0.958743 -0.103587
vn -0.401978 -0.854159 -0.329888
vn -0.219757 -0.958740 -0.180344
vn -0.503151 -0.854159 0.131345
vn -0.275052 -0.958745 0.071801
vn -0.280368 -0.854160 -0.437954
vn -0.153281 -0.958741 -0.239419
vn -0.437931 -0.854163 0.280395
vn -0.239406 -0.958743 0.153289
vn -0.131354 -0.854156 -0.503153
vn -0.071811 -0.958744 -0.275050
vn -0.329841 -0.854167 0.401999
vn -0.180321 -0.958741 0.219771
vn 0.030525 -0.854156 -0.519121
vn 0.016693 -0.958745 -0.283778
vn -0.189518 -0.854167 0.484233
vn -0.103612 -0.958740 0.264729
vn 0.189470 -0.854158 -0.484267
vn 0.103584 -0.958742 -0.264733
vn -0.030547 -0.854167 0.519100
vn -0.016713 -0.958740 0.283792
vn 0.329846 -0.854162 -0.402007
vn 0.180323 -0.958743 -0.219764
vn 0.131449 -0.854171 0.503104
vn 0.071851 -0.958747 0.275031
vn 0.437938 -0.854160 -0.280394
vn 0.239404 -0.958744 -0.153286
vn 0.280362 -0.854169 0.437942
vn 0.153271 -0.958750 0.239388
vn 0.503146 -0.854162 -0.131344
vn 0.275055 -0.958744 -0.071799
vn 0.401936 -0.854163 0.329928
vn 0.219730 -0.958744 0.180356
vn 0.519098 -0.854169 0.030542
vn 0.283779 -0.958744 0.016702
vn 0.484252 -0.854169 0.189460
vn 0.264732 -0.958744 0.103572
vn -0.111277 0.952257 0.284296
vn -0.149898 0.911518 0.382968
vn -0.024125 0.911515 0.410558
vn -0.017901 0.952261 0.304759
vn 0.103987 0.911507 0.397923
vn 0.221719 0.911507 0.346405
vn 0.317875 0.911515 0.260951
vn 0.383004 0.911516 0.149826
vn 0.410552 0.911517 0.024154
vn 0.397923 0.911520 -0.103869
vn 0.346347 0.911519 -0.221760
vn 0.260874 0.911513 -0.317944
vn 0.149842 0.911512 -0.383005
vn 0.024133 0.911510 -0.410569
vn -0.103879 0.911508 -0.397948
vn -0.221732 0.911511 -0.346386
vn -0.317913 0.911514 -0.260909
vn -0.382999 0.911513 -0.149855
vn -0.410564 0.911512 -0.024159
vn -0.397933 0.911514 0.103883
vn -0.346353 0.911516 0.221762
vn -0.260874 0.911518 0.317931
vn 0.077200 0.952250 0.295400
vn 0.164593 0.952247 0.257168
vn 0.235957 0.952262 0.193706
vn 0.284308 0.952260 0.111219
vn 0.304779 0.952254 0.017931
vn 0.295395 0.952258 -0.077110
vn 0.257102 0.952260 -0.164617
vn 0.193648 0.952258 -0.236021
vn 0.111228 0.952251 -0.284335
vn 0.017913 0.952246 -0.304807
vn -0.077122 0.952245 -0.295436
vn -0.164606 0.952246 -0.257161
vn -0.236012 0.952251 -0.193689
vn -0.284319 0.952254 -0.111244
vn -0.304783 0.952253 -0.017933
vn -0.295406 0.952255 0.077107
vn -0.257112 0.952256 0.164626
vn -0.193673 0.952253 0.236020
vn -0.298089 -0.575260 0.761722
vn -0.292311 -0.597296 0.746855
vn -0.047099 -0.597326 0.800614
vn -0.048021 -0.575212 0.816594
vn -0.330775 0.419871 0.845161
vn -0.053281 0.419879 0.906015
vn 0.229432 0.419840 0.878120
vn 0.489325 0.419826 0.764400
vn 0.701515 0.419874 0.575832
vn 0.845196 0.419889 0.330663
vn 0.906017 0.419870 0.053308
vn 0.878157 0.419870 -0.229236
vn 0.764339 0.419872 -0.489381
vn 0.575698 0.419869 -0.701628
vn 0.330676 0.419862 -0.845204
vn 0.053280 0.419841 -0.906032
vn -0.229251 0.419822 -0.878176
vn -0.489335 0.419826 -0.764394
vn -0.701589 0.419852 -0.575758
vn -0.845193 0.419864 -0.330701
vn -0.906021 0.419861 -0.053318
vn -0.878162 0.419859 0.229237
vn -0.764340 0.419861 0.489388
vn -0.575702 0.419858 0.701631
vn 0.202719 -0.597270 0.775999
vn 0.206785 -0.575189 0.791453
vn 0.432448 -0.597170 0.675557
vn 0.441043 -0.575243 0.688895
vn 0.619988 -0.597196 0.508894
vn 0.632187 -0.575342 0.518962
vn 0.746937 -0.597233 0.292229
vn 0.761686 -0.575368 0.297969
vn 0.800615 -0.597323 0.047124
vn 0.816519 -0.575318 0.048024
vn 0.775883 -0.597469 -0.202573
vn 0.791442 -0.575287 -0.206555
vn 0.675340 -0.597454 -0.432394
vn 0.688842 -0.575308 -0.441040
vn 0.508701 -0.597330 -0.620016
vn 0.518801 -0.575343 -0.632318
vn 0.292267 -0.597201 -0.746948
vn 0.298002 -0.575269 -0.761748
vn 0.047064 -0.597206 -0.800706
vn 0.048066 -0.575182 -0.816612
vn -0.202567 -0.597232 -0.776067
vn -0.206637 -0.575118 -0.791543
vn -0.432475 -0.597158 -0.675550
vn -0.441082 -0.575124 -0.688970
vn -0.620088 -0.597131 -0.508847
vn -0.632316 -0.575216 -0.518944
vn -0.746907 -0.597255 -0.292261
vn -0.761758 -0.575244 -0.298025
vn -0.800632 -0.597301 -0.047113
vn -0.816604 -0.575193 -0.048077
vn -0.776075 -0.597212 0.202598
vn -0.791514 -0.575159 0.206633
vn -0.675482 -0.597233 0.432477
vn -0.688874 -0.575235 0.441087
vn -0.508732 -0.597271 0.620048
vn -0.518840 -0.575292 0.632332
vn -0.359389 -0.166661 0.918185
vn -0.625405 -0.166725 0.762281
vn -0.830365 -0.166835 0.531657
vn -0.057944 -0.166739 0.984297
vn 0.249247 -0.166826 0.953963
vn 0.531599 -0.166781 0.830414
vn 0.762140 -0.166746 0.625570
vn 0.918207 -0.166824 0.359258
vn 0.984299 -0.166715 0.057972
vn 0.954051 -0.166632 -0.249038
vn 0.830393 -0.166624 -0.531680
vn 0.625448 -0.166655 -0.762260
vn 0.359283 -0.166790 -0.918203
vn 0.057838 -0.166893 -0.984277
vn -0.249065 -0.166862 -0.954004
vn -0.531556 -0.166984 -0.830400
vn -0.762194 -0.166997 -0.625438
vn -0.918184 -0.166780 -0.359336
vn -0.984290 -0.166785 -0.057924
vn -0.954010 -0.166872 0.249037
vn -0.357061 -0.200519 0.912305
vn -0.364465 0.008965 0.931174
vn -0.058660 0.009282 0.998235
vn -0.057559 -0.200529 0.977996
vn -0.241842 0.748142 0.617896
vn -0.162914 0.894539 0.416245
vn -0.026223 0.894542 0.446214
vn -0.038931 0.748112 0.662429
vn 0.113028 0.894521 0.432501
vn 0.247698 -0.200426 0.947879
vn 0.240993 0.894517 0.376512
vn 0.528175 -0.200439 0.825140
vn 0.345475 0.894546 0.283612
vn 0.757213 -0.200473 0.621643
vn 0.416252 0.894551 0.162829
vn 0.912357 -0.200513 0.356931
vn 0.446239 0.894528 0.026275
vn 0.978029 -0.200365 0.057565
vn 0.432523 0.894523 -0.112925
vn 0.947975 -0.200305 -0.247431
vn 0.376444 0.894536 -0.241032
vn 0.825052 -0.200606 -0.528248
vn 0.283542 0.894538 -0.345552
vn 0.621458 -0.200705 -0.757303
vn 0.162863 0.894523 -0.416299
vn 0.356912 -0.200577 -0.912350
vn 0.026237 0.894507 -0.446285
vn 0.057502 -0.200473 -0.978010
vn -0.112914 0.894503 -0.432567
vn -0.247538 -0.200363 -0.947935
vn -0.240995 0.894519 -0.376506
vn -0.528225 -0.200326 -0.825135
vn -0.345538 0.894527 -0.283592
vn -0.757333 -0.200320 -0.621545
vn -0.416282 0.894530 -0.162865
vn -0.912369 -0.200376 -0.356976
vn -0.446228 0.894534 -0.026270
vn -0.977992 -0.200542 -0.057577
vn -0.432529 0.894523 0.112906
vn -0.947924 -0.200600 0.247384
vn -0.376471 0.894520 0.241048
vn -0.825067 -0.200429 0.528292
vn -0.283554 0.894525 0.345574
vn -0.621469 -0.200378 0.757380
vn 0.252767 0.009459 0.967481
vn 0.167788 0.748054 0.642077
vn 0.539123 0.008920 0.842180
vn 0.357679 0.748178 0.558834
vn 0.772955 0.008698 0.634401
vn 0.512788 0.748243 0.420928
vn 0.931235 0.008720 0.364316
vn 0.617927 0.748154 0.241727
vn 0.998234 0.009150 0.058690
vn 0.662555 0.748001 0.038923
vn 0.967521 0.009712 -0.252602
vn 0.642232 0.747963 -0.167599
vn 0.842133 0.009325 -0.539190
vn 0.558839 0.748111 -0.357812
vn 0.634250 0.008876 -0.773077
vn 0.420777 0.748256 -0.512893
vn 0.364383 0.008921 -0.931207
vn 0.241692 0.748316 -0.617745
vn 0.058727 0.009056 -0.998233
vn 0.038930 0.748254 -0.662269
vn -0.252565 0.008966 -0.967538
vn -0.167586 0.748215 -0.641942
vn -0.539155 0.008876 -0.842160
vn -0.357712 0.748178 -0.558812
vn -0.772987 0.009056 -0.634357
vn -0.512967 0.748074 -0.421012
vn -0.931206 0.009268 -0.364377
vn -0.617953 0.748093 -0.241848
vn -0.998231 0.009201 -0.058737
vn -0.662429 0.748111 -0.038947
vn -0.967519 0.009122 0.252634
vn -0.642203 0.747973 0.167668
vn -0.842123 0.009325 0.539205
vn -0.559017 0.747919 0.357934
vn -0.634288 0.009235 0.773042
vn -0.420960 0.748019 0.513090
vn -0.986098 0.155699 -0.058035
vn -0.975430 -0.212703 -0.057395
vn -0.945432 -0.212714 0.246803
vn -0.955773 0.155737 0.249490
vn -0.831159 0.553880 -0.048914
vn -0.805608 0.553865 0.210308
vn -0.287010 0.957779 -0.016888
vn -0.569383 0.821389 -0.033509
vn -0.551901 0.821372 0.144061
vn -0.278181 0.957780 0.072618
vn -0.919893 0.155700 -0.359937
vn -0.909949 -0.212669 -0.356039
vn -0.775372 0.553853 -0.303389
vn -0.531151 0.821394 -0.207823
vn -0.267737 0.957780 -0.104757
vn -0.822896 -0.212697 0.526879
vn -0.831882 0.155772 0.532641
vn -0.701217 0.553822 0.448972
vn -0.480381 0.821360 0.307574
vn -0.242122 0.957781 0.155027
vn -0.763587 0.155704 -0.626651
vn -0.755322 -0.212685 -0.619882
vn -0.643630 0.553840 -0.528206
vn -0.440893 0.821392 -0.361840
vn -0.222237 0.957781 -0.182392
vn -0.619815 -0.212702 0.755372
vn -0.626573 0.155772 0.763637
vn -0.528162 0.553812 0.643690
vn -0.361819 0.821371 0.440950
vn -0.182371 0.957781 0.222252
vn -0.532560 0.155731 -0.831942
vn -0.526808 -0.212690 -0.822944
vn -0.448904 0.553840 -0.701247
vn -0.307501 0.821381 -0.480392
vn -0.154997 0.957779 -0.242146
vn -0.356133 -0.212675 0.909911
vn -0.360006 0.155768 0.919854
vn -0.303468 0.553817 0.775367
vn -0.207887 0.821380 0.531148
vn -0.104787 0.957782 0.267719
vn -0.249515 0.155754 -0.955763
vn -0.246801 -0.212698 -0.945436
vn -0.210303 0.553857 -0.805615
vn -0.144069 0.821362 -0.551913
vn -0.072617 0.957777 -0.278191
vn -0.057359 -0.212687 0.975435
vn -0.057990 0.155753 0.986092
vn -0.048868 0.553850 0.831181
vn -0.033474 0.821372 0.569410
vn -0.016856 0.957780 0.287006
vn 0.057969 0.155690 -0.986104
vn 0.057354 -0.212717 -0.975429
vn 0.048860 0.553863 -0.831173
vn 0.033473 0.821380 -0.569399
vn 0.016866 0.957777 -0.287016
vn 0.247021 -0.212749 0.945367
vn 0.249732 0.155701 0.955715
vn 0.210489 0.553871 0.805557
vn 0.144221 0.821367 0.551867
vn 0.072702 0.957776 0.278171
vn 0.359924 0.155654 -0.919905
vn 0.356003 -0.212685 -0.909960
vn 0.303358 0.553826 -0.775404
vn 0.207807 0.821395 -0.531155
vn 0.104741 0.957781 -0.267741
vn 0.526799 -0.212741 0.822936
vn 0.532563 0.155690 0.831948
vn 0.448878 0.553858 0.701249
vn 0.307507 0.821361 0.480422
vn 0.154988 0.957777 0.242162
vn 0.626581 0.155720 -0.763641
vn 0.619814 -0.212650 -0.755387
vn 0.528162 0.553807 -0.643695
vn 0.361809 0.821375 -0.440951
vn 0.182362 0.957782 -0.222256
vn 0.755250 -0.212705 0.619963
vn 0.763510 0.155724 0.626739
vn 0.643548 0.553845 0.528301
vn 0.440886 0.821359 0.361925
vn 0.222209 0.957781 0.182427
vn 0.831898 0.155774 -0.532617
vn 0.822908 -0.212654 -0.526878
vn 0.701206 0.553827 -0.448984
vn 0.480389 0.821356 -0.307572
vn 0.242123 0.957781 -0.155023
vn 0.909965 -0.212683 0.355992
vn 0.919902 0.155701 0.359913
vn 0.775416 0.553823 0.303330
vn 0.531183 0.821375 0.207815
vn 0.267745 0.957780 0.104737
vn 0.955772 0.155746 -0.249487
vn 0.945438 -0.212689 -0.246801
vn 0.805623 0.553845 -0.210301
vn 0.551910 0.821365 -0.144067
vn 0.278181 0.957780 -0.072615
vn 0.975434 -0.212689 0.057381
vn 0.986101 0.155684 0.058032
vn 0.831192 0.553831 0.048900
vn 0.569386 0.821387 0.033503
vn 0.287009 0.957779 0.016883
vn -0.171294 -0.985168 -0.010081
vn -0.159791 -0.985169 -0.062528
vn -0.132650 -0.985167 -0.108857
vn -0.166032 -0.985168 0.043338
vn -0.092531 -0.985167 -0.144516
vn -0.144513 -0.985167 0.092527
vn -0.043351 -0.985167 -0.166034
vn -0.108842 -0.985166 0.132668
vn 0.010079 -0.985168 -0.171297
vn -0.062537 -0.985167 0.159799
vn 0.062531 -0.985168 -0.159795
vn -0.010096 -0.985168 0.171295
vn 0.108854 -0.985166 -0.132658
vn 0.043367 -0.985168 0.166023
vn 0.144517 -0.985167 -0.092529
vn 0.092537 -0.985165 0.144522
vn 0.166031 -0.985168 -0.043345
vn 0.132640 -0.985168 0.108866
vn 0.171310 -0.985166 0.010079
vn 0.159800 -0.985167 0.062524
vn -0.964063 -0.259549 -0.056715
vn -0.899364 -0.259428 -0.351910
vn -0.906556 0.228749 -0.354726
vn -0.971782 0.228848 -0.057166
vn -0.934400 -0.259606 0.243931
vn -0.941903 0.228827 0.245881
vn -0.746580 -0.259311 -0.612679
vn -0.752554 0.228594 -0.617581
vn -0.813286 -0.259634 0.520727
vn -0.819842 0.228722 0.524924
vn -0.520731 -0.259263 -0.813402
vn -0.524889 0.228474 -0.819934
vn -0.612561 -0.259589 0.746581
vn -0.617504 0.228649 0.752601
vn -0.243952 -0.259353 -0.934464
vn -0.245918 0.228508 -0.941971
vn -0.352009 -0.259451 0.899319
vn -0.354825 0.228545 0.906568
vn 0.056691 -0.259443 -0.964093
vn 0.057154 0.228645 -0.971831
vn -0.056712 -0.259394 0.964105
vn -0.057140 0.228435 0.971881
vn 0.351895 -0.259458 -0.899362
vn 0.354692 0.228753 -0.906568
vn 0.244151 -0.259466 0.934381
vn 0.246134 0.228517 0.941912
vn 0.612621 -0.259397 -0.746598
vn 0.617467 0.228734 -0.752606
vn 0.520681 -0.259524 0.813351
vn 0.524871 0.228638 0.819900
vn 0.813333 -0.259430 -0.520755
vn 0.819857 0.228662 -0.524926
vn 0.746466 -0.259491 0.612742
vn 0.752450 0.228636 0.617692
vn 0.934412 -0.259576 -0.243913
vn 0.941925 0.228732 -0.245885
vn 0.899382 -0.259486 0.351822
vn 0.906630 0.228581 0.354644
vn 0.964058 -0.259564 0.056736
vn 0.971821 0.228678 0.057186
vn -0.269611 0.962839 -0.015863
vn -0.251506 0.962840 -0.098406
vn -0.261319 0.962839 0.068213
vn -0.208768 0.962839 -0.171339
vn -0.227444 0.962840 0.145629
vn -0.145604 0.962838 -0.227472
vn -0.171316 0.962840 0.208783
vn -0.068218 0.962836 -0.261329
vn -0.098437 0.962842 0.251487
vn 0.015844 0.962837 -0.269619
vn -0.015833 0.962844 0.269595
vn 0.098395 0.962839 -0.251513
vn 0.068297 0.962836 0.261309
vn 0.171311 0.962840 -0.208786
vn 0.145595 0.962835 0.227488
vn 0.227443 0.962841 -0.145629
vn 0.208730 0.962843 0.171361
vn 0.261315 0.962840 -0.068212
vn 0.251506 0.962843 0.098382
vn 0.269611 0.962839 0.015860
vn -0.410211 -0.911671 -0.024152
vn -0.397618 -0.911663 0.103787
vn -0.907144 -0.417418 -0.053409
vn -0.879223 -0.417493 0.229491
vn -0.846314 -0.417252 -0.331139
vn -0.382611 -0.911698 -0.149715
vn -0.346048 -0.911680 0.221563
vn -0.765236 -0.417533 0.489980
vn -0.702544 -0.417077 -0.576610
vn -0.317545 -0.911734 -0.260590
vn -0.260586 -0.911717 0.317596
vn -0.576412 -0.417473 0.702471
vn -0.489999 -0.417008 -0.765510
vn -0.221454 -0.911751 -0.345931
vn -0.149709 -0.911732 0.382534
vn -0.331208 -0.417273 0.846277
vn -0.229548 -0.417135 -0.879378
vn -0.103763 -0.911733 -0.397462
vn -0.024137 -0.911728 0.410085
vn -0.053353 -0.417175 0.907259
vn 0.053328 -0.417267 -0.907218
vn 0.024118 -0.911703 -0.410141
vn 0.103851 -0.911717 0.397475
vn 0.229805 -0.417290 0.879238
vn 0.331085 -0.417310 -0.846307
vn 0.149676 -0.911708 -0.382604
vn 0.221559 -0.911676 0.346062
vn 0.489929 -0.417377 0.765354
vn 0.576454 -0.417249 -0.702570
vn 0.260583 -0.911724 -0.317579
vn 0.317594 -0.911678 0.260725
vn 0.702395 -0.417326 0.576611
vn 0.765342 -0.417269 -0.490038
vn 0.346011 -0.911704 -0.221523
vn 0.382621 -0.911698 0.149694
vn 0.846282 -0.417330 0.331124
vn 0.879237 -0.417450 -0.229517
vn 0.397562 -0.911689 -0.103769
vn 0.410168 -0.911690 0.024148
vn 0.907137 -0.417441 0.053343
vn -0.926059 0.373420 -0.054525
vn -0.897603 0.373384 0.234292
vn -0.507854 0.860924 -0.029900
vn -0.492208 0.860942 0.128492
vn -0.473817 0.860892 -0.185372
vn -0.863950 0.373269 -0.338025
vn -0.781301 0.373236 0.500264
vn -0.428406 0.860945 0.274303
vn -0.393223 0.860945 -0.322723
vn -0.717198 0.373036 -0.588618
vn -0.588525 0.373127 0.717227
vn -0.322660 0.860974 0.393209
vn -0.274170 0.860998 -0.428384
vn -0.500237 0.372859 -0.781498
vn -0.338175 0.372971 0.864020
vn -0.185376 0.861017 0.473587
vn -0.128454 0.860966 -0.492177
vn -0.234347 0.372911 -0.897785
vn -0.054488 0.372801 0.926310
vn -0.029852 0.861041 0.507659
vn 0.029832 0.860955 -0.507806
vn 0.054403 0.373117 -0.926188
vn 0.234587 0.372918 0.897720
vn 0.128605 0.860994 0.492087
vn 0.185343 0.860937 -0.473747
vn 0.338010 0.373250 -0.863964
vn 0.500107 0.373107 0.781463
vn 0.274220 0.860964 0.428420
vn 0.322770 0.860852 -0.393387
vn 0.588496 0.373210 -0.717207
vn 0.717117 0.373108 0.588671
vn 0.393116 0.860991 0.322730
vn 0.428509 0.860877 -0.274356
vn 0.781347 0.373135 -0.500268
vn 0.864034 0.373032 0.338071
vn 0.473626 0.861016 0.185285
vn 0.492166 0.860970 -0.128466
vn 0.897661 0.373244 -0.234292
vn 0.926162 0.373169 0.054483
vn 0.507708 0.861011 0.029880
vn -0.899718 -0.257996 -0.352060
vn -0.964478 -0.257993 -0.056759
vn -0.934815 -0.258014 0.244029
vn -0.746839 -0.258011 -0.612913
vn -0.813646 -0.258028 0.520963
vn -0.520895 -0.258019 -0.813692
vn -0.612832 -0.258033 0.746898
vn -0.244041 -0.258020 -0.934810
vn -0.352120 -0.258035 0.899683
vn 0.056713 -0.258021 -0.964473
vn -0.056736 -0.258014 0.964474
vn 0.352014 -0.258007 -0.899732
vn 0.244248 -0.257989 0.934765
vn 0.612839 -0.258001 -0.746903
vn 0.520887 -0.257987 0.813707
vn 0.813656 -0.258010 -0.520956
vn 0.746767 -0.258011 0.613001
vn 0.934819 -0.258002 -0.244025
vn 0.899736 -0.258014 0.351999
vn 0.964477 -0.257998 0.056760
vn -0.984771 -0.163912 -0.057948
vn -0.918656 -0.163918 -0.359448
vn -0.998012 -0.022889 -0.058729
vn -0.931007 -0.022900 -0.364282
vn -0.991199 0.118837 -0.058327
vn -0.924649 0.118854 -0.361799
vn -0.700127 0.712828 -0.041198
vn -0.964854 0.256578 -0.056780
vn -0.900075 0.256584 -0.352178
vn -0.653119 0.712832 -0.255551
vn -0.762550 -0.163925 -0.625817
vn -0.772810 -0.022879 -0.634226
vn -0.767527 0.118857 -0.629902
vn -0.747134 0.256570 -0.613158
vn -0.542138 0.712825 -0.444934
vn -0.954492 -0.163905 0.249159
vn -0.967324 -0.022867 0.252512
vn -0.960721 0.118831 0.250789
vn -0.935189 0.256563 0.244124
vn -0.678598 0.712829 0.177142
vn -0.531857 -0.163927 -0.830816
vn -0.539003 -0.022886 -0.841993
vn -0.535323 0.118836 -0.836246
vn -0.521092 0.256550 -0.814030
vn -0.378118 0.712808 -0.590705
vn -0.830776 -0.163896 0.531930
vn -0.841941 -0.022879 0.539084
vn -0.836195 0.118835 0.535404
vn -0.813971 0.256564 0.521178
vn -0.590637 0.712836 0.378170
vn -0.249175 -0.163917 -0.954486
vn -0.252522 -0.022893 -0.967320
vn -0.250804 0.118825 -0.960717
vn -0.244133 0.256540 -0.935193
vn -0.177157 0.712802 -0.678623
vn -0.625745 -0.163886 0.762617
vn -0.634153 -0.022884 0.772869
vn -0.629827 0.118837 0.767591
vn -0.613089 0.256571 0.747190
vn -0.444878 0.712831 0.542176
vn 0.057892 -0.163917 -0.984774
vn 0.058685 -0.022877 -0.998014
vn 0.058268 0.118842 -0.991202
vn 0.056722 0.256556 -0.964863
vn 0.041150 0.712815 -0.700144
vn -0.359543 -0.163884 0.918624
vn -0.364376 -0.022870 0.930971
vn -0.361889 0.118842 0.924615
vn -0.352267 0.256589 0.900039
vn -0.255619 0.712845 0.653078
vn 0.359415 -0.163919 -0.918668
vn 0.364257 -0.022891 -0.931017
vn 0.361759 0.118847 -0.924665
vn 0.352150 0.256587 -0.900086
vn 0.255523 0.712828 -0.653134
vn -0.057913 -0.163894 0.984777
vn -0.058691 -0.022891 0.998014
vn -0.058283 0.118831 0.991202
vn -0.056723 0.256601 0.964851
vn -0.041150 0.712860 0.700098
vn 0.625736 -0.163920 -0.762617
vn 0.634151 -0.022896 -0.772870
vn 0.629818 0.118853 -0.767596
vn 0.613081 0.256585 -0.747192
vn 0.444867 0.712832 -0.542184
vn 0.249396 -0.163902 0.954431
vn 0.252747 -0.022915 0.967261
vn 0.251027 0.118808 0.960661
vn 0.244358 0.256568 0.935127
vn 0.177332 0.712822 0.678556
vn 0.830778 -0.163912 -0.531921
vn 0.841946 -0.022886 -0.539076
vn 0.836199 0.118845 -0.535395
vn 0.813977 0.256572 -0.521164
vn 0.590639 0.712836 -0.378168
vn 0.531847 -0.163909 0.830826
vn 0.538992 -0.022910 0.841999
vn 0.535311 0.118817 0.836257
vn 0.521082 0.256550 0.814037
vn 0.378108 0.712805 0.590714
vn 0.954496 -0.163893 -0.249153
vn 0.967323 -0.022900 -0.252509
vn 0.960723 0.118835 -0.250779
vn 0.935185 0.256580 -0.244121
vn 0.678592 0.712837 -0.177136
vn 0.762479 -0.163914 0.625905
vn 0.772733 -0.022902 0.634318
vn 0.767447 0.118860 0.629998
vn 0.747053 0.256596 0.613246
vn 0.542055 0.712852 0.444993
vn 0.984775 -0.163893 0.057948
vn 0.998012 -0.022902 0.058723
vn 0.991198 0.118853 0.058321
vn 0.964853 0.256586 0.056769
vn 0.700122 0.712834 0.041191
vn 0.918674 -0.163902 0.359408
vn 0.931025 -0.022893 0.364236
vn 0.924665 0.118874 0.361751
vn 0.900087 0.256605 0.352133
vn 0.653114 0.712855 0.255501
vn -0.875368 -0.480705 -0.051514
vn -0.816597 -0.480705 -0.319518
vn -0.714612 -0.641206 -0.279617
vn -0.766043 -0.641207 -0.045078
vn -0.848453 -0.480702 0.221479
vn -0.742484 -0.641210 0.193820
vn -0.677838 -0.480708 -0.556287
vn -0.593176 -0.641213 -0.486815
vn -0.738477 -0.480707 0.472834
vn -0.646251 -0.641205 0.413781
vn -0.472753 -0.480719 -0.738521
vn -0.413712 -0.641217 -0.646285
vn -0.556228 -0.480708 0.677886
vn -0.486760 -0.641204 0.593230
vn -0.221488 -0.480732 -0.848434
vn -0.193822 -0.641226 -0.742471
vn -0.319595 -0.480706 0.816566
vn -0.279684 -0.641210 0.714581
vn 0.051459 -0.480734 -0.875355
vn 0.045033 -0.641229 -0.766027
vn -0.051472 -0.480713 0.875366
vn -0.045043 -0.641212 0.766041
vn 0.319487 -0.480726 -0.816597
vn 0.279589 -0.641212 -0.714616
vn 0.221693 -0.480722 0.848386
vn 0.194006 -0.641217 0.742430
vn 0.556215 -0.480721 -0.677888
vn 0.486758 -0.641203 -0.593233
vn 0.472748 -0.480717 0.738526
vn 0.413707 -0.641218 0.646287
vn 0.738480 -0.480715 -0.472822
vn 0.646254 -0.641205 -0.413778
vn 0.677761 -0.480715 0.556376
vn 0.593120 -0.641206 0.486891
vn 0.848449 -0.480710 -0.221478
vn 0.742491 -0.641204 -0.193814
vn 0.816613 -0.480710 0.319470
vn 0.714635 -0.641197 0.279577
vn 0.875367 -0.480707 0.051508
vn 0.766051 -0.641198 0.045072
vn -0.941986 -0.331044 -0.055435
vn -0.913021 -0.331040 0.238338
vn -0.992421 -0.108126 -0.058397
vn -0.961903 -0.108132 0.251098
vn -0.990579 0.123911 -0.058298
vn -0.960120 0.123907 0.250631
vn -0.936966 0.345043 -0.055133
vn -0.908152 0.345051 0.237067
vn -0.751521 0.658225 -0.044226
vn -0.840804 0.539074 -0.049477
vn -0.814950 0.539072 0.212739
vn -0.728422 0.658214 0.190148
vn -0.878738 -0.331053 -0.343836
vn -0.925791 -0.108122 -0.362245
vn -0.924071 0.123924 -0.361574
vn -0.874056 0.345046 -0.342007
vn -0.784352 0.539075 -0.306903
vn -0.701060 0.658231 -0.274312
vn -0.794678 -0.331045 0.508819
vn -0.837226 -0.108133 0.536059
vn -0.835674 0.123910 0.535066
vn -0.790440 0.345058 0.506102
vn -0.709318 0.539076 0.454164
vn -0.634007 0.658214 0.405943
vn -0.729418 -0.331056 -0.598625
vn -0.768477 -0.108130 -0.630674
vn -0.767047 0.123923 -0.629509
vn -0.725532 0.345047 -0.595437
vn -0.651073 0.539065 -0.534334
vn -0.581942 0.658218 -0.477591
vn -0.598560 -0.331036 0.729480
vn -0.630605 -0.108131 0.768534
vn -0.629438 0.123898 0.767110
vn -0.595372 0.345057 0.725581
vn -0.534264 0.539084 0.651115
vn -0.477539 0.658219 0.581984
vn -0.508737 -0.331063 -0.794723
vn -0.535971 -0.108146 -0.837281
vn -0.534983 0.123903 -0.835728
vn -0.506025 0.345036 -0.790499
vn -0.454098 0.539050 -0.709380
vn -0.405881 0.658198 -0.634063
vn -0.343922 -0.331025 0.878715
vn -0.362329 -0.108130 0.925757
vn -0.361656 0.123907 0.924041
vn -0.342081 0.345063 0.874021
vn -0.306972 0.539097 0.784310
vn -0.274377 0.658238 0.701028
vn -0.238343 -0.331060 -0.913013
vn -0.251109 -0.108158 -0.961897
vn -0.250638 0.123883 -0.960122
vn -0.237076 0.345036 -0.908155
vn -0.212748 0.539049 -0.814963
vn -0.190160 0.658182 -0.728447
vn -0.055387 -0.331030 0.941993
vn -0.058348 -0.108130 0.992423
vn -0.058239 0.123918 0.990582
vn -0.055085 0.345062 0.936962
vn -0.049426 0.539093 0.840795
vn -0.044179 0.658240 0.751511
vn 0.055377 -0.331054 -0.941985
vn 0.058342 -0.108155 -0.992421
vn 0.058229 0.123893 -0.990586
vn 0.055078 0.345052 -0.936966
vn 0.049423 0.539063 -0.840814
vn 0.044177 0.658193 -0.751552
vn 0.238560 -0.331045 0.912961
vn 0.251332 -0.108151 0.961840
vn 0.250869 0.123883 0.960061
vn 0.237291 0.345037 0.908098
vn 0.212942 0.539061 0.814905
vn 0.190337 0.658203 0.728382
vn 0.343802 -0.331057 -0.878750
vn 0.362209 -0.108140 -0.925803
vn 0.361539 0.123904 -0.924087
vn 0.341962 0.345053 -0.874071
vn 0.306867 0.539077 -0.784365
vn 0.274287 0.658211 -0.701088
vn 0.508726 -0.331046 0.794737
vn 0.535966 -0.108161 0.837282
vn 0.534969 0.123864 0.835743
vn 0.506015 0.345034 0.790506
vn 0.454082 0.539056 0.709386
vn 0.405878 0.658188 0.634076
vn 0.598549 -0.331051 -0.729483
vn 0.630598 -0.108127 -0.768541
vn 0.629434 0.123898 -0.767113
vn 0.595355 0.345046 -0.725600
vn 0.534256 0.539079 -0.651125
vn 0.477531 0.658216 -0.581993
vn 0.729349 -0.331037 0.598719
vn 0.768396 -0.108131 0.630774
vn 0.766973 0.123901 0.629604
vn 0.725455 0.345063 0.595522
vn 0.650994 0.539092 0.534403
vn 0.581873 0.658226 0.477664
vn 0.794685 -0.331040 -0.508810
vn 0.837229 -0.108136 -0.536055
vn 0.835679 0.123899 -0.535060
vn 0.790444 0.345054 -0.506099
vn 0.709322 0.539080 -0.454154
vn 0.634004 0.658222 -0.405934
vn 0.878765 -0.331035 0.343785
vn 0.925812 -0.108101 0.362196
vn 0.924091 0.123929 0.361520
vn 0.874074 0.345058 0.341950
vn 0.784361 0.539091 0.306855
vn 0.701072 0.658235 0.274270
vn 0.913022 -0.331047 -0.238327
vn 0.961904 -0.108138 -0.251093
vn 0.960121 0.123911 -0.250626
vn 0.908152 0.345054 -0.237061
vn 0.814947 0.539079 -0.212732
vn 0.728414 0.658223 -0.190145
vn 0.941986 -0.331046 0.055424
vn 0.992422 -0.108112 0.058396
vn 0.990578 0.123925 0.058287
vn 0.936966 0.345042 0.055134
vn 0.840804 0.539075 0.049472
vn 0.751524 0.658222 0.044216
vn -0.622724 0.743536 -0.243656
vn -0.667546 0.743532 -0.039280
vn -0.647017 0.743533 0.168900
vn -0.516910 0.743531 -0.424224
vn -0.563149 0.743540 0.360572
vn -0.360525 0.743516 -0.563210
vn -0.424171 0.743538 0.516943
vn -0.168911 0.743512 -0.647039
vn -0.243714 0.743549 0.622686
vn 0.039240 0.743522 -0.667559
vn -0.039236 0.743558 0.667519
vn 0.243633 0.743532 -0.622738
vn 0.169064 0.743528 0.646980
vn 0.424166 0.743535 -0.516952
vn 0.360512 0.743516 0.563219
vn 0.563153 0.743538 -0.360568
vn 0.516837 0.743552 0.424275
vn 0.647011 0.743540 -0.168893
vn 0.622715 0.743558 0.243614
vn 0.667536 0.743541 0.039276
vn -0.704280 0.708712 -0.041446
vn -0.656985 0.708723 -0.257067
vn -0.682625 0.708711 0.178192
vn -0.545349 0.708721 -0.447560
vn -0.594142 0.708716 0.380418
vn -0.380363 0.708704 -0.594191
vn -0.447517 0.708710 0.545398
vn -0.178204 0.708691 -0.682642
vn -0.257126 0.708723 0.656961
vn 0.041403 0.708698 -0.704296
vn -0.041401 0.708736 0.704258
vn 0.257042 0.708714 -0.657004
vn 0.178363 0.708707 0.682584
vn 0.447503 0.708721 -0.545394
vn 0.380356 0.708694 0.594208
vn 0.594141 0.708722 -0.380408
vn 0.545286 0.708729 0.447623
vn 0.682617 0.708718 -0.178191
vn 0.656991 0.708731 0.257028
vn 0.704277 0.708715 0.041439
vn -0.695409 0.717448 -0.040924
vn -0.674023 0.717450 0.175949
vn -0.680577 0.731581 -0.040049
vn -0.659648 0.731583 0.172198
vn -0.648716 0.717452 -0.253830
vn -0.634883 0.731582 -0.248417
vn -0.586655 0.717454 0.375626
vn -0.574144 0.731586 0.367616
vn -0.538486 0.717448 -0.441930
vn -0.527005 0.731574 -0.432510
vn -0.441878 0.717449 0.538526
vn -0.432454 0.731583 0.527038
vn -0.375572 0.717434 -0.586715
vn -0.367566 0.731561 -0.574207
vn -0.253888 0.717463 0.648682
vn -0.248473 0.731596 0.634845
vn -0.175960 0.717425 -0.674047
vn -0.172211 0.731554 -0.659675
vn -0.040874 0.717476 0.695382
vn -0.040003 0.731606 0.680553
vn 0.040878 0.717433 -0.695427
vn 0.040005 0.731565 -0.680597
vn 0.176123 0.717445 0.673984
vn 0.172369 0.731577 0.659609
vn 0.253803 0.717447 -0.648733
vn 0.248393 0.731575 -0.634901
vn 0.375562 0.717430 0.586725
vn 0.367552 0.731561 0.574216
vn 0.441869 0.717452 -0.538530
vn 0.432452 0.731577 -0.527050
vn 0.538410 0.717469 0.441987
vn 0.526929 0.731597 0.432564
vn 0.586659 0.717454 -0.375620
vn 0.574153 0.731580 -0.367612
vn 0.648711 0.717473 0.253785
vn 0.634874 0.731606 0.248370
vn 0.674017 0.717457 -0.175946
vn 0.659645 0.731586 -0.172193
vn 0.695400 0.717457 0.040912
vn 0.680567 0.731591 0.040042
vn -0.998273 0.000007 -0.058745
vn -0.931249 0.000009 -0.364382
vn -0.931249 0.000010 -0.364384
vn -0.998273 0.000013 -0.058745
vn -0.967577 0.000002 0.252576
vn -0.967576 0.000007 0.252579
vn -0.773005 0.000005 -0.634400
vn -0.773003 0.000002 -0.634402
vn -0.842164 0.000001 0.539222
vn -0.842164 0.000002 0.539222
vn -0.539129 -0.000000 -0.842223
vn -0.539126 0.000000 -0.842225
vn -0.634327 0.000004 0.773065
vn -0.634330 0.000007 0.773063
vn -0.252588 -0.000005 -0.967574
vn -0.252586 -0.000005 -0.967574
vn -0.364472 0.000007 0.931215
vn -0.364470 0.000012 0.931215
vn 0.058677 -0.000002 -0.998277
vn 0.058682 -0.000001 -0.998277
vn -0.058686 0.000005 0.998276
vn -0.058689 0.000006 0.998276
vn 0.364343 0.000005 -0.931265
vn 0.364343 0.000004 -0.931265
vn 0.252832 -0.000003 0.967510
vn 0.252832 -0.000003 0.967510
vn 0.634315 0.000005 -0.773075
vn 0.634315 0.000000 -0.773075
vn 0.539115 -0.000003 0.842232
vn 0.539112 -0.000006 0.842234
vn 0.842169 0.000003 -0.539214
vn 0.842169 0.000000 -0.539213
vn 0.772919 0.000005 0.634505
vn 0.772919 0.000012 0.634504
vn 0.967579 0.000001 -0.252570
vn 0.967579 0.000000 -0.252571
vn 0.931273 0.000005 0.364322
vn 0.931273 0.000020 0.364321
vn 0.998273 0.000000 0.058737
vn 0.998274 0.000006 0.058737
vn -0.612616 -0.753156 -0.239703
vn -0.656720 -0.753143 -0.038654
vn -0.636529 -0.753141 0.166159
vn -0.508524 -0.753153 -0.417330
vn -0.554027 -0.753139 0.354733
vn -0.354675 -0.753144 -0.554058
vn -0.417304 -0.753129 0.508581
vn -0.166176 -0.753135 -0.636532
vn -0.239773 -0.753135 0.612615
vn 0.038604 -0.753129 -0.656739
vn -0.038622 -0.753137 0.656729
vn 0.239695 -0.753127 -0.612655
vn 0.166328 -0.753125 0.636504
vn 0.417303 -0.753121 -0.508593
vn 0.354686 -0.753122 0.554080
vn 0.554046 -0.753122 -0.354739
vn 0.508474 -0.753145 0.417404
vn 0.636544 -0.753128 -0.166163
vn 0.612639 -0.753147 0.239672
vn 0.656731 -0.753134 0.038640
vn -0.944393 0.324092 -0.055562
vn -0.644913 0.763313 -0.037952
vn -0.625081 0.763314 0.163172
vn -0.915363 0.324067 0.238936
vn -0.944398 -0.324075 -0.055564
vn -0.915363 -0.324068 0.238937
vn -0.880947 0.324199 -0.344715
vn -0.601605 0.763325 -0.235388
vn -0.880970 -0.324131 -0.344719
vn -0.544057 0.763318 0.348349
vn -0.796708 0.324098 0.510114
vn -0.796707 -0.324098 0.510116
vn -0.731244 0.324200 -0.600147
vn -0.499368 0.763332 -0.409825
vn -0.731274 -0.324095 -0.600167
vn -0.409793 0.763315 0.499419
vn -0.600074 0.324139 0.731331
vn -0.600072 -0.324138 0.731333
vn -0.510021 0.324152 -0.796746
vn -0.348276 0.763324 -0.544096
vn -0.510036 -0.324101 -0.796757
vn -0.235456 0.763326 0.601576
vn -0.344794 0.324175 0.880924
vn -0.344794 -0.324176 0.880924
vn -0.238937 0.324144 -0.915336
vn -0.163178 0.763313 -0.625081
vn -0.238941 -0.324142 -0.915336
vn -0.037904 0.763329 0.644897
vn -0.055520 0.324163 0.944371
vn -0.055530 -0.324156 0.944373
vn 0.055507 0.324123 -0.944385
vn 0.037900 0.763315 -0.644914
vn 0.055513 -0.324122 -0.944385
vn 0.163349 0.763304 0.625047
vn 0.239189 0.324193 0.915253
vn 0.239177 -0.324166 0.915265
vn 0.344676 0.324095 -0.881000
vn 0.235368 0.763320 -0.601618
vn 0.344678 -0.324097 -0.880998
vn 0.348286 0.763297 0.544127
vn 0.509992 0.324163 0.796760
vn 0.510003 -0.324150 0.796758
vn 0.600086 0.324092 -0.731342
vn 0.409783 0.763317 -0.499424
vn 0.600084 -0.324093 -0.731343
vn 0.499307 0.763331 0.409901
vn 0.731165 0.324174 0.600257
vn 0.731168 -0.324179 0.600251
vn 0.796713 0.324096 -0.510108
vn 0.544065 0.763314 -0.348347
vn 0.796712 -0.324098 -0.510109
vn 0.601610 0.763333 0.235348
vn 0.880956 0.324259 0.344634
vn 0.880954 -0.324259 0.344638
vn 0.915341 0.324132 -0.238932
vn 0.625084 0.763313 -0.163169
vn 0.915341 -0.324132 -0.238933
vn 0.644912 0.763314 0.037939
vn 0.944346 0.324228 0.055564
vn 0.944346 -0.324226 0.055565
vn -0.998237 0.008557 -0.058742
vn -0.931215 0.008561 -0.364371
vn -0.967541 0.008555 0.252568
vn -0.772976 0.008563 -0.634378
vn -0.842133 0.008556 0.539202
vn -0.539110 0.008558 -0.842192
vn -0.634306 0.008561 0.773035
vn -0.252578 0.008553 -0.967539
vn -0.364459 0.008563 0.931180
vn 0.058677 0.008555 -0.998240
vn -0.058687 0.008560 0.998240
vn 0.364331 0.008558 -0.931230
vn 0.252821 0.008553 0.967475
vn 0.634291 0.008556 -0.773047
vn 0.539096 0.008551 0.842201
vn 0.842138 0.008558 -0.539194
vn 0.772890 0.008556 0.634482
vn 0.967543 0.008563 -0.252561
vn 0.931238 0.008558 0.364310
vn 0.998237 0.008560 0.058736
vn -0.605586 0.759682 -0.236956
vn -0.649167 0.759686 -0.038203
vn -0.629204 0.759688 0.164247
vn -0.502680 0.759682 -0.412549
vn -0.547651 0.759686 0.350649
vn -0.350591 0.759684 -0.547691
vn -0.412504 0.759681 0.502717
vn -0.164250 0.759685 -0.629207
vn -0.237016 0.759686 0.605559
vn 0.038152 0.759682 -0.649175
vn -0.038152 0.759687 0.649169
vn 0.236923 0.759684 -0.605597
vn 0.164427 0.759669 0.629179
vn 0.412488 0.759686 -0.502724
vn 0.350581 0.759671 0.547716
vn 0.547656 0.759684 -0.350646
vn 0.502609 0.759695 0.412611
vn 0.629209 0.759684 -0.164246
vn 0.605595 0.759689 0.236911
vn 0.649174 0.759681 0.038195
vn -0.815779 0.576369 -0.047995
vn -0.761021 0.576351 -0.297769
vn -0.948575 0.311590 -0.055827
vn -0.884888 0.311597 -0.346238
vn -0.631735 0.576294 -0.518456
vn -0.734520 0.311599 -0.602816
vn -0.790703 0.576356 0.206402
vn -0.919401 0.311605 0.240007
vn -0.440591 0.576292 -0.688308
vn -0.512292 0.311580 -0.800297
vn -0.688228 0.576338 0.440655
vn -0.800232 0.311606 0.512377
vn -0.206424 0.576326 -0.790719
vn -0.240002 0.311586 -0.919409
vn -0.518385 0.576313 0.631776
vn -0.602744 0.311598 0.734579
vn 0.047951 0.576342 -0.815801
vn 0.055757 0.311620 -0.948569
vn -0.297860 0.576322 0.761007
vn -0.346320 0.311609 0.884852
vn 0.297744 0.576344 -0.761037
vn 0.346191 0.311602 -0.884905
vn -0.047949 0.576335 0.815805
vn -0.055770 0.311613 0.948571
vn 0.518365 0.576353 -0.631755
vn 0.602735 0.311579 -0.734595
vn 0.206625 0.576327 0.790666
vn 0.240255 0.311585 0.919343
vn 0.688220 0.576357 -0.440642
vn 0.800237 0.311618 -0.512363
vn 0.440566 0.576335 0.688288
vn 0.512272 0.311556 0.800319
vn 0.790715 0.576341 -0.206398
vn 0.919393 0.311638 -0.239996
vn 0.631638 0.576340 0.518523
vn 0.734444 0.311555 0.602931
vn 0.815807 0.576329 0.047995
vn 0.948566 0.311622 0.055805
vn 0.761060 0.576326 0.297719
vn 0.884911 0.311584 0.346192
vn -0.323701 -0.937643 -0.126663
vn -0.268726 -0.937644 -0.220479
vn -0.258950 -0.942234 -0.212461
vn -0.311926 -0.942234 -0.122058
vn -0.187442 -0.937648 -0.292715
vn -0.180624 -0.942238 -0.282068
vn -0.087800 -0.937650 -0.336308
vn -0.084606 -0.942241 -0.324074
vn 0.020437 -0.937650 -0.346979
vn 0.019692 -0.942240 -0.334358
vn 0.126670 -0.937647 -0.323686
vn 0.122062 -0.942237 -0.311913
vn 0.220493 -0.937644 -0.268711
vn 0.212472 -0.942236 -0.258936
vn 0.292732 -0.937644 -0.187433
vn 0.282084 -0.942235 -0.180614
vn 0.336322 -0.937645 -0.087800
vn 0.324088 -0.942236 -0.084607
vn 0.346991 -0.937646 0.020434
vn 0.334369 -0.942237 0.019690
vn 0.323694 -0.937646 0.126661
vn 0.311918 -0.942237 0.122054
vn 0.268722 -0.937647 0.220471
vn 0.258946 -0.942238 0.212450
vn 0.187440 -0.937651 0.292707
vn 0.180621 -0.942242 0.282058
vn 0.087774 -0.937652 0.336311
vn 0.084581 -0.942242 0.324076
vn -0.020456 -0.937645 0.346991
vn -0.019712 -0.942236 0.334369
vn -0.126653 -0.937644 0.323700
vn -0.122046 -0.942235 0.311926
vn -0.220483 -0.937645 0.268717
vn -0.212461 -0.942236 0.258942
vn -0.292733 -0.937645 0.187428
vn -0.282086 -0.942236 0.180609
vn -0.336324 -0.937645 0.087798
vn -0.324092 -0.942235 0.084606
vn -0.346996 -0.937644 -0.020432
vn -0.334374 -0.942235 -0.019687
vn -0.784799 -0.618026 -0.046203
vn -0.606476 -0.794300 -0.035707
vn -0.565764 -0.794293 -0.221384
vn -0.732118 -0.618011 -0.286472
vn -0.480406 -0.876590 -0.028279
vn -0.448149 -0.876590 -0.175365
vn -0.352031 -0.935759 -0.020728
vn -0.328390 -0.935760 -0.128505
vn -0.305328 -0.952078 -0.017976
vn -0.284827 -0.952078 -0.111455
vn -0.295941 -0.952077 0.077258
vn -0.236453 -0.952078 -0.194006
vn -0.257583 -0.952078 0.164921
vn -0.164926 -0.952083 -0.257561
vn -0.194004 -0.952079 0.236446
vn -0.077252 -0.952089 -0.295903
vn -0.111441 -0.952079 0.284827
vn 0.017975 -0.952089 -0.305294
vn -0.017998 -0.952081 0.305316
vn 0.111452 -0.952083 -0.284810
vn 0.077231 -0.952091 0.295904
vn 0.194015 -0.952079 -0.236440
vn 0.164920 -0.952091 0.257534
vn 0.257575 -0.952080 -0.164920
vn 0.236436 -0.952085 0.193990
vn 0.295923 -0.952083 -0.077254
vn 0.284813 -0.952082 0.111452
vn 0.305314 -0.952082 0.017980
vn -0.607763 -0.618001 -0.498697
vn -0.423914 -0.618011 -0.662087
vn -0.198573 -0.618018 -0.760672
vn 0.046196 -0.618026 -0.784800
vn 0.286463 -0.618019 -0.732115
vn 0.498680 -0.618018 -0.607760
vn 0.662079 -0.618023 -0.423909
vn 0.760670 -0.618021 -0.198571
vn 0.784802 -0.618022 0.046211
vn 0.732117 -0.618010 0.286476
vn 0.607756 -0.618004 0.498702
vn 0.423918 -0.618015 0.662081
vn 0.198594 -0.618027 0.760659
vn -0.046209 -0.618031 0.784795
vn -0.286464 -0.618027 0.732107
vn -0.498681 -0.618012 0.607765
vn -0.662079 -0.618020 0.423914
vn -0.760661 -0.618035 0.198565
vn -0.587825 -0.794300 0.153458
vn -0.465636 -0.876589 0.121555
vn -0.341208 -0.935758 0.089075
vn -0.272615 -0.935761 -0.223681
vn -0.372028 -0.876589 -0.305264
vn -0.469671 -0.794289 -0.385376
vn -0.511630 -0.794303 0.327594
vn -0.405276 -0.876593 0.259490
vn -0.296980 -0.935760 0.190147
vn -0.190151 -0.935764 -0.296964
vn -0.259495 -0.876593 -0.405275
vn -0.327594 -0.794299 -0.511637
vn -0.385361 -0.794307 0.469652
vn -0.305244 -0.876595 0.372032
vn -0.223678 -0.935761 0.272614
vn -0.089071 -0.935764 -0.341191
vn -0.121555 -0.876591 -0.465632
vn -0.153454 -0.794306 -0.587818
vn -0.221370 -0.794303 0.565754
vn -0.175348 -0.876590 0.448155
vn -0.128486 -0.935760 0.328396
vn 0.020726 -0.935767 -0.352010
vn 0.028287 -0.876593 -0.480401
vn 0.035705 -0.794309 -0.606463
vn -0.035712 -0.794309 0.606464
vn -0.028299 -0.876592 0.480402
vn -0.020743 -0.935762 0.352021
vn 0.128495 -0.935767 -0.328375
vn 0.175363 -0.876592 -0.448145
vn 0.221370 -0.794299 -0.565759
vn 0.153450 -0.794325 0.587793
vn 0.121547 -0.876603 0.465611
vn 0.089060 -0.935768 0.341183
vn 0.223687 -0.935763 -0.272600
vn 0.305259 -0.876591 -0.372029
vn 0.385378 -0.794291 -0.469665
vn 0.327591 -0.794318 0.511609
vn 0.259498 -0.876602 0.405253
vn 0.190155 -0.935768 0.296952
vn 0.296977 -0.935761 -0.190148
vn 0.405281 -0.876591 -0.259491
vn 0.511647 -0.794292 -0.327593
vn 0.469650 -0.794304 0.385370
vn 0.372014 -0.876602 0.305247
vn 0.272610 -0.935763 0.223677
vn 0.341196 -0.935762 -0.089075
vn 0.465626 -0.876594 -0.121554
vn 0.587827 -0.794299 -0.153454
vn 0.565757 -0.794298 0.221384
vn 0.448133 -0.876600 0.175355
vn 0.328386 -0.935761 0.128505
vn 0.352020 -0.935763 0.020728
vn 0.480393 -0.876597 0.028287
vn 0.606479 -0.794297 0.035709
s 1
g chessPieces_KIT bishop_Model
usemtl initialShadingGroup
f 2/1/1 3/2/2 1/3/3 4/4/4
f 5/5/5 2/1/1 4/4/4 7/6/6
f 6/7/7 1/3/3 3/2/2 8/8/8
f 9/9/9 5/5/5 7/6/6 11/10/10
f 10/11/11 6/7/7 8/8/8 12/12/12
f 9/9/9 11/10/10 13/13/13 15/14/14
f 10/11/11 12/12/12 14/15/15 16/21/16
f 2881/16/17 2882/17/18 2883/18/19
f 2882/17/18 2884/19/20 2883/18/19
f 2885/20/21 2881/16/17 2883/18/19
f 2884/19/20 2886/22/22 2883/18/19
f 2887/23/23 2885/20/21 2883/18/19
f 2888/24/24 2887/23/23 2883/18/19
f 2886/22/22 2889/25/25 2883/18/19
f 2889/25/25 2890/26/26 2883/18/19
f 2891/27/27 2888/24/24 2883/18/19
f 2890/26/26 2892/28/28 2883/18/19
f 2893/29/29 2891/27/27 2883/18/19
f 15/14/14 13/13/13 17/30/30 19/31/31
f 16/21/16 14/15/15 18/36/32 20/39/33
f 2892/28/28 2894/32/34 2883/18/19
f 2895/33/35 2893/29/29 2883/18/19
f 2894/32/34 2896/34/36 2883/18/19
f 2897/35/37 2895/33/35 2883/18/19
f 2896/34/36 2898/37/38 2883/18/19
f 2899/38/39 2897/35/37 2883/18/19
f 2900/40/40 2899/38/39 2883/18/19
f 2898/37/38 2901/41/41 2883/18/19
f 2901/41/41 2900/40/40 2883/18/19
f 19/31/31 17/30/30 21/42/42 23/43/43
f 20/39/33 18/36/32 22/44/44 24/45/45
f 23/43/43 21/42/42 25/46/46 27/47/47
f 24/45/45 22/44/44 26/48/48 28/49/49
f 29/50/50 30/51/51 31/52/52
f 27/47/47 25/46/46 32/53/53 34/54/54
f 28/49/49 26/48/48 33/55/55 35/56/56
f 36/57/57 37/58/58 38/59/59
f 39/3304/60 34/3297/54 32/3306/53 41/60/61
f 40/61/62 35/56/56 33/55/55 42/62/63
f 43/63/64 39/3304/60 41/60/61 45/64/65
f 44/65/66 40/61/62 42/62/63 46/66/67
f 46/66/67 43/63/64 45/64/65 44/65/66
f 47/67/68 48/68/69 49/69/70
f 50/70/71 51/71/72 52/72/73
f 54/73/74 55/74/75 53/75/76 56/76/77
f 56/76/77 53/75/76 57/77/78 60/78/79
f 55/74/75 54/73/74 58/79/80 59/80/81
f 60/78/79 57/77/78 61/81/82 63/82/83
f 59/80/81 58/79/80 62/83/84 64/84/85
f 65/85/86 63/82/83 61/81/82 67/86/87
f 66/87/88 64/84/85 62/83/84 68/88/89
f 69/89/90 65/85/86 67/86/87 71/90/91
f 70/91/92 66/87/88 68/88/89 72/92/93
f 73/93/94 69/89/90 71/90/91 75/94/95
f 74/95/96 70/91/92 72/92/93 76/96/97
f 77/97/98 73/93/94 75/94/95 79/98/99
f 78/99/100 74/95/96 76/96/97 80/100/101
f 81/101/102 77/97/98 79/98/99 83/102/103
f 82/103/104 78/99/100 80/100/101 84/104/105
f 82/103/104 84/104/105 85/105/106 88/106/107
f 81/3298/102 83/3318/103 86/107/108 87/3316/109
f 88/106/107 85/105/106 89/108/110 92/109/111
f 87/3316/109 86/107/108 90/110/112 91/111/113
f 92/109/111 89/108/110 91/111/113 90/110/112
f 93/3277/114 94/3278/115 95/118/116
f 96/3279/117 93/3277/114 95/118/116
f 94/3278/115 97/3280/118 95/118/116
f 98/3281/119 96/3279/117 95/118/116
f 97/3280/118 99/3282/120 95/118/116
f 100/3283/121 98/3281/119 95/118/116
f 99/3282/120 101/3284/122 95/118/116
f 102/3286/123 100/3283/121 95/118/116
f 101/3284/122 103/3285/124 95/118/116
f 103/3285/124 104/3287/125 95/118/116
f 105/3288/126 102/3286/123 95/118/116
f 104/3287/125 106/3289/127 95/118/116
f 107/3290/128 105/3288/126 95/118/116
f 106/3289/127 108/3291/129 95/118/116
f 109/3292/130 107/3290/128 95/118/116
f 108/3291/129 110/3293/131 95/118/116
f 111/3294/132 109/3292/130 95/118/116
f 110/3293/131 112/3296/133 95/118/116
f 113/3295/134 111/3294/132 95/118/116
f 112/3296/133 113/3295/134 95/118/116
f 124/112/135 123/113/136 122/114/137 125/115/138
f 130/116/139 124/112/135 125/115/138 131/117/140
f 125/115/138 122/114/137 128/119/141 132/120/142
f 133/121/143 129/122/144 123/113/136 124/112/135
f 2902/143/145 2903/144/146 2904/2074/147 2905/2076/148
f 134/123/149 135/124/150 130/116/139 131/117/140
f 131/117/140 125/115/138 132/120/142 138/125/151
f 139/126/152 133/121/143 124/112/135 130/116/139
f 2903/144/146 2906/149/153 2907/2075/154 2904/2074/147
f 2908/150/155 2902/143/145 2905/2076/148 2909/2078/156
f 140/127/157 134/123/149 131/117/140 138/125/151
f 135/124/150 141/128/158 139/126/152 130/116/139
f 142/129/159 135/124/150 134/123/149 143/130/160
f 144/131/161 142/129/159 143/130/160 145/132/162
f 143/130/160 134/123/149 140/127/157 148/133/163
f 149/134/164 141/128/158 135/124/150 142/129/159
f 132/120/142 128/119/141 146/135/165 150/136/166
f 151/137/167 147/138/168 129/122/144 133/121/143
f 152/139/169 149/134/164 142/129/159 144/131/161
f 145/132/162 143/130/160 148/133/163 153/140/170
f 2906/149/153 2910/163/171 2911/2077/172 2907/2075/154
f 2912/164/173 2908/150/155 2909/2078/156 2913/2080/174
f 2/1/1 144/131/161 145/132/162 3/2/2
f 138/125/151 132/120/142 150/136/166 154/141/175
f 155/142/176 151/137/167 133/121/143 139/126/152
f 158/145/177 159/146/178 160/147/179 161/148/180
f 5/5/5 152/139/169 144/131/161 2/1/1
f 3/2/2 145/132/162 153/140/170 8/8/8
f 162/151/181 140/127/157 138/125/151 154/141/175
f 141/128/158 163/152/182 155/142/176 139/126/152
f 2914/173/183 2915/174/184 2903/144/146 2902/143/145
f 158/145/177 4/4/4 1/3/3 159/146/178
f 161/148/180 160/147/179 164/153/185 165/154/186
f 2916/177/187 2914/173/183 2902/143/145 2908/150/155
f 2915/174/184 2917/178/188 2906/149/153 2903/144/146
f 166/155/189 158/145/177 161/148/180 167/156/190
f 166/155/189 7/6/6 4/4/4 158/145/177
f 148/133/163 140/127/157 162/151/181 170/157/191
f 171/158/192 163/152/182 141/128/158 149/134/164
f 159/146/178 172/159/193 173/160/194 160/147/179
f 159/146/178 1/3/3 6/7/7 172/159/193
f 167/156/190 161/148/180 165/154/186 174/161/195
f 153/140/170 148/133/163 170/157/191 175/162/196
f 176/165/197 171/158/192 149/134/164 152/139/169
f 160/147/179 173/160/194 177/166/198 164/153/185
f 2917/178/188 2918/189/199 2910/163/171 2906/149/153
f 2919/190/200 2916/177/187 2908/150/155 2912/164/173
f 2910/163/171 2920/191/201 2921/2079/202 2911/2077/172
f 2922/192/203 2912/164/173 2913/2080/174 2923/2082/204
f 165/154/186 164/153/185 178/167/205 179/168/206
f 9/9/9 176/165/197 152/139/169 5/5/5
f 8/8/8 153/140/170 175/162/196 12/12/12
f 150/136/166 146/135/165 180/169/207 182/170/208
f 183/171/209 181/172/210 147/138/168 151/137/167
f 184/175/211 11/10/10 7/6/6 166/155/189
f 174/161/195 165/154/186 179/168/206 185/176/212
f 184/175/211 166/155/189 167/156/190 186/179/213
f 154/141/175 150/136/166 182/170/208 187/180/214
f 188/181/215 183/171/209 151/137/167 155/142/176
f 164/153/185 177/166/198 189/182/216 178/167/205
f 172/159/193 6/7/7 10/11/11 190/183/217
f 172/159/193 190/183/217 191/184/218 173/160/194
f 186/179/213 167/156/190 174/161/195 192/185/219
f 193/186/220 162/151/181 154/141/175 187/180/214
f 163/152/182 194/187/221 188/181/215 155/142/176
f 2882/17/18 2881/16/17 2915/174/184 2914/173/183
f 2918/189/199 2924/208/222 2920/191/201 2910/163/171
f 2925/209/223 2919/190/200 2912/164/173 2922/192/203
f 2884/19/20 2882/17/18 2914/173/183 2916/177/187
f 2881/16/17 2885/20/21 2917/178/188 2915/174/184
f 179/168/206 178/167/205 195/188/224 196/193/225
f 173/160/194 191/184/218 197/194/226 177/166/198
f 170/157/191 162/151/181 193/186/220 198/195/227
f 199/196/228 194/187/221 163/152/182 171/158/192
f 2886/22/22 2884/19/20 2916/177/187 2919/190/200
f 2885/20/21 2887/23/23 2918/189/199 2917/178/188
f 175/162/196 170/157/191 198/195/227 202/197/229
f 203/198/230 199/196/228 171/158/192 176/165/197
f 185/176/212 179/168/206 196/193/225 204/199/231
f 2920/191/201 2926/218/232 2927/2081/233 2921/2079/202
f 2928/219/234 2922/192/203 2923/2082/204 2929/2084/235
f 178/167/205 189/182/216 207/200/236 195/188/224
f 192/185/219 174/161/195 185/176/212 208/201/237
f 15/14/14 203/198/230 176/165/197 9/9/9
f 12/12/12 175/162/196 202/197/229 14/15/15
f 2887/23/23 2888/24/24 2924/208/222 2918/189/199
f 2889/25/25 2886/22/22 2919/190/200 2925/209/223
f 209/202/238 13/13/13 11/10/10 184/175/211
f 177/166/198 197/194/226 210/203/239 189/182/216
f 209/202/238 184/175/211 186/179/213 211/204/240
f 2924/208/222 2930/225/241 2926/218/232 2920/191/201
f 2931/226/242 2925/209/223 2922/192/203 2928/219/234
f 190/183/217 10/11/11 16/21/16 212/205/243
f 190/183/217 212/205/243 215/206/244 191/184/218
f 196/193/225 195/188/224 216/207/245 217/210/246
f 182/170/208 180/169/207 213/211/247 218/212/248
f 219/213/249 214/214/250 181/172/210 183/171/209
f 2890/26/26 2889/25/25 2925/209/223 2931/226/242
f 2888/24/24 2891/27/27 2930/225/241 2924/208/222
f 211/204/240 186/179/213 192/185/219 220/215/251
f 187/180/214 182/170/208 218/212/248 221/216/252
f 222/217/253 219/213/249 183/171/209 188/181/215
f 208/201/237 185/176/212 204/199/231 223/220/254
f 204/199/231 196/193/225 217/210/246 224/221/255
f 225/222/256 193/186/220 187/180/214 221/216/252
f 194/187/221 226/223/257 222/217/253 188/181/215
f 195/188/224 207/200/236 227/224/258 216/207/245
f 191/184/218 215/206/244 228/227/259 197/194/226
f 189/182/216 210/203/239 229/228/260 207/200/236
f 198/195/227 193/186/220 225/222/256 230/229/261
f 231/230/262 226/223/257 194/187/221 199/196/228
f 2892/28/28 2890/26/26 2931/226/242 2932/245/263
f 2930/225/241 2933/246/264 2934/247/265 2926/218/232
f 2926/218/232 2934/247/265 2935/2083/266 2927/2081/233
f 2891/27/27 2893/29/29 2933/246/264 2930/225/241
f 2932/245/263 2931/226/242 2928/219/234 2936/248/267
f 2936/248/267 2928/219/234 2929/2084/235 2937/2086/268
f 202/197/229 198/195/227 230/229/261 234/231/269
f 235/232/270 231/230/262 199/196/228 203/198/230
f 220/215/251 192/185/219 208/201/237 236/233/271
f 19/31/31 235/232/270 203/198/230 15/14/14
f 14/15/15 202/197/229 234/231/269 18/36/32
f 237/234/272 17/30/30 13/13/13 209/202/238
f 217/210/246 216/207/245 238/235/273 239/236/274
f 197/194/226 228/227/259 242/237/275 210/203/239
f 237/234/272 209/202/238 211/204/240 243/238/276
f 223/220/254 204/199/231 224/221/255 244/239/277
f 212/205/243 16/21/16 20/39/33 245/240/278
f 2893/29/29 2895/33/35 2938/259/279 2933/246/264
f 2894/32/34 2892/28/28 2932/245/263 2939/260/280
f 224/221/255 217/210/246 239/236/274 246/241/281
f 207/200/236 229/228/260 247/242/282 227/224/258
f 212/205/243 245/240/278 248/243/283 215/206/244
f 216/207/245 227/224/258 249/244/284 238/235/273
f 2933/246/264 2938/259/279 2940/265/285 2934/247/265
f 2939/260/280 2932/245/263 2936/248/267 2941/266/286
f 236/233/271 208/201/237 223/220/254 252/249/287
f 2895/33/35 2897/35/37 2942/268/288 2938/259/279
f 2896/34/36 2894/32/34 2939/260/280 2943/269/289
f 243/238/276 211/204/240 220/215/251 253/250/290
f 218/212/248 213/211/247 250/251/291 254/252/292
f 255/253/293 251/254/294 214/214/250 219/213/249
f 221/216/252 218/212/248 254/252/292 256/255/295
f 257/256/296 255/253/293 219/213/249 222/217/253
f 2934/247/265 2940/265/285 2944/2085/297 2935/2083/266
f 2941/266/286 2936/248/267 2937/2086/268 2945/275/298
f 210/203/239 242/237/275 258/257/299 229/228/260
f 259/258/300 225/222/256 221/216/252 256/255/295
f 226/223/257 260/261/301 257/256/296 222/217/253
f 215/206/244 248/243/283 261/262/302 228/227/259
f 2897/35/37 2899/38/39 2946/280/303 2942/268/288
f 2898/37/38 2896/34/36 2943/269/289 2947/281/304
f 230/229/261 225/222/256 259/258/300 262/263/305
f 263/264/306 260/261/301 226/223/257 231/230/262
f 234/231/269 230/229/261 262/263/305 266/267/307
f 267/270/308 263/264/306 231/230/262 235/232/270
f 244/239/277 224/221/255 246/241/281 268/271/309
f 239/236/274 238/235/273 269/272/310 270/273/311
f 2899/38/39 2900/40/40 2948/290/312 2946/280/303
f 2901/41/41 2898/37/38 2947/281/304 2949/291/313
f 18/36/32 234/231/269 266/267/307 22/44/44
f 23/43/43 267/270/308 235/232/270 19/31/31
f 2938/259/279 2942/268/288 2950/292/314 2940/265/285
f 2943/269/289 2939/260/280 2941/266/286 2951/293/315
f 271/274/316 21/42/42 17/30/30 237/234/272
f 2900/40/40 2901/41/41 2949/291/313 2948/290/312
f 227/224/258 247/242/282 272/276/317 249/244/284
f 253/250/290 220/215/251 236/233/271 273/277/318
f 246/241/281 239/236/274 270/273/311 274/278/319
f 252/249/287 223/220/254 244/239/277 275/279/320
f 245/240/278 20/39/33 24/45/45 276/282/321
f 238/235/273 249/244/284 277/283/322 269/272/310
f 271/274/316 237/234/272 243/238/276 280/284/323
f 228/227/259 261/262/302 281/285/324 242/237/275
f 229/228/260 258/257/299 282/286/325 247/242/282
f 2940/265/285 2950/292/314 2952/2087/326 2944/2085/297
f 2951/293/315 2941/266/286 2945/275/298 2953/2089/327
f 2942/268/288 2946/280/303 2954/304/328 2950/292/314
f 2947/281/304 2943/269/289 2951/293/315 2955/305/329
f 245/240/278 276/282/321 283/287/330 248/243/283
f 254/252/292 250/251/291 284/288/331 286/289/332
f 251/254/294 255/253/293 287/294/333 285/295/334
f 2946/280/303 2948/290/312 2956/309/335 2954/304/328
f 2949/291/313 2947/281/304 2955/305/329 2957/310/336
f 273/277/318 236/233/271 252/249/287 288/296/337
f 268/271/309 246/241/281 274/278/319 289/297/338
f 31/52/52 270/273/311 269/272/310 290/298/339
f 256/255/295 254/252/292 286/289/332 291/299/340
f 255/253/293 257/256/296 292/300/341 287/294/333
f 280/284/323 243/238/276 253/250/290 293/301/342
f 2948/290/312 2949/291/313 2957/310/336 2956/309/335
f 296/302/343 259/258/300 256/255/295 291/299/340
f 260/261/301 297/303/344 292/300/341 257/256/296
f 249/244/284 272/276/317 298/306/345 277/283/322
f 262/263/305 259/258/300 296/302/343 299/307/346
f 300/308/347 297/303/344 260/261/301 263/264/306
f 275/279/320 244/239/277 268/271/309 301/311/348
f 266/267/307 262/263/305 299/307/346 302/312/349
f 303/313/350 300/308/347 263/264/306 267/270/308
f 242/237/275 281/285/324 304/314/351 258/257/299
f 248/243/283 283/287/330 305/315/352 261/262/302
f 2950/292/314 2954/304/328 2958/2088/353 2952/2087/326
f 2955/305/329 2951/293/315 2953/2089/327 2959/2091/354
f 22/44/44 266/267/307 302/312/349 26/48/48
f 27/47/47 303/313/350 267/270/308 23/43/43
f 306/316/355 25/46/46 21/42/42 271/274/316
f 247/242/282 282/286/325 307/317/356 272/276/317
f 276/282/321 24/45/45 28/49/49 308/318/357
f 306/316/355 271/274/316 280/284/323 311/319/358
f 2954/304/328 2956/309/335 2960/2090/359 2958/2088/353
f 2957/310/336 2955/305/329 2959/2091/354 2961/2092/360
f 293/301/342 253/250/290 273/277/318 312/320/361
f 288/296/337 252/249/287 275/279/320 313/321/362
f 2956/309/335 2957/310/336 2961/2092/360 2960/2090/359
f 276/282/321 308/318/357 316/322/363 283/287/330
f 289/297/338 274/278/319 30/51/51 319/323/364
f 261/262/302 305/315/352 320/324/365 281/285/324
f 258/257/299 304/314/351 321/325/366 282/286/325
f 286/289/332 284/288/331 317/326/367 322/327/368
f 285/295/334 287/294/333 323/328/369 318/329/370
f 301/311/348 268/271/309 289/297/338 324/330/371
f 291/299/340 286/289/332 322/327/368 325/331/372
f 287/294/333 292/300/341 326/332/373 323/328/369
f 277/283/322 298/306/345 327/333/374 328/334/375
f 329/335/376 296/302/343 291/299/340 325/331/372
f 297/303/344 330/336/377 326/332/373 292/300/341
f 299/307/346 296/302/343 329/335/376 331/337/378
f 297/303/344 300/308/347 332/338/379 330/336/377
f 302/312/349 299/307/346 331/337/378 333/339/380
f 300/308/347 303/313/350 334/340/381 332/338/379
f 272/276/317 307/317/356 335/341/382 298/306/345
f 26/48/48 302/312/349 333/339/380 33/55/55
f 303/313/350 27/47/47 34/54/54 334/340/381
f 25/46/46 306/316/355 336/342/383 32/53/53
f 311/319/358 280/284/323 293/301/342 337/343/384
f 308/318/357 28/49/49 35/56/56 342/344/385
f 312/320/361 273/277/318 288/296/337 343/345/386
f 313/321/362 275/279/320 301/311/348 344/346/387
f 283/287/330 316/322/363 345/347/388 305/315/352
f 346/348/389 319/323/364 30/51/51 29/50/50
f 336/342/383 306/316/355 311/319/358 347/349/390
f 281/285/324 320/324/365 348/350/391 304/314/351
f 282/286/325 321/325/366 351/351/392 307/317/356
f 322/327/368 317/326/367 349/352/393 352/353/394
f 353/354/395 350/3351/396 318/3299/370 323/3300/369
f 308/318/357 342/344/385 354/355/397 316/322/363
f 325/331/372 322/327/368 352/353/394 355/356/398
f 356/357/399 353/354/395 323/3300/369 326/3301/373
f 324/330/371 289/297/338 319/323/364 48/68/69
f 359/358/400 329/335/376 325/331/372 355/356/398
f 330/3302/377 360/359/401 356/357/399 326/3301/373
f 331/337/378 329/335/376 359/358/400 361/360/402
f 362/361/403 360/359/401 330/3302/377 332/3303/379
f 33/55/55 333/339/380 363/362/404 42/62/63
f 39/3304/60 364/363/405 334/3305/381 34/3297/54
f 333/339/380 331/337/378 361/360/402 363/362/404
f 364/363/405 362/361/403 332/3303/379 334/3305/381
f 365/364/406 41/60/61 32/3306/53 336/3307/383
f 328/334/375 327/333/374 366/365/407 367/366/408
f 337/343/384 293/301/342 312/320/361 368/367/409
f 298/306/345 335/341/382 369/368/410 327/333/374
f 342/344/385 35/56/56 40/61/62 370/369/411
f 343/345/386 288/296/337 313/321/362 371/370/412
f 344/346/387 301/311/348 324/330/371 374/371/413
f 305/315/352 345/347/388 375/372/414 320/324/365
f 352/353/394 349/352/393 372/373/415 376/374/416
f 377/375/417 373/376/418 350/3351/396 353/354/395
f 355/356/398 352/353/394 376/374/416 378/377/419
f 379/378/420 377/375/417 353/354/395 356/357/399
f 380/379/421 359/358/400 355/356/398 378/377/419
f 360/359/401 381/380/422 379/378/420 356/357/399
f 347/349/390 311/319/358 337/343/384 382/381/423
f 37/58/58 367/366/408 383/382/424 384/383/425
f 304/314/351 348/350/391 385/384/426 321/325/366
f 49/69/70 48/68/69 319/323/364 346/348/389
f 361/360/402 359/358/400 380/379/421 386/385/427
f 387/386/428 381/380/422 360/359/401 362/361/403
f 42/62/63 363/362/404 388/387/429 46/66/67
f 43/63/64 389/388/430 364/363/405 39/3304/60
f 365/364/406 336/3307/383 347/3308/390 390/389/431
f 363/362/404 361/360/402 386/385/427 388/387/429
f 389/388/430 387/386/428 362/361/403 364/363/405
f 391/390/432 45/64/65 41/60/61 365/364/406
f 38/59/59 392/391/433 393/392/434 394/393/435
f 307/317/356 351/351/392 395/394/436 335/341/382
f 376/374/416 372/373/415 373/376/418 377/375/417
f 370/369/411 40/61/62 44/65/66 396/395/437
f 378/377/419 376/374/416 377/375/417 379/378/420
f 342/344/385 370/369/411 397/396/438 354/355/397
f 381/380/422 380/379/421 378/377/419 379/378/420
f 46/66/67 388/387/429 389/388/430 43/63/64
f 316/322/363 354/355/397 398/397/439 345/347/388
f 386/385/427 380/379/421 381/380/422 387/386/428
f 388/387/429 386/385/427 387/386/428 389/388/430
f 396/395/437 44/65/66 45/64/65 391/390/432
f 368/367/409 312/320/361 343/345/386 399/398/440
f 371/370/412 313/321/362 344/346/387 400/399/441
f 327/333/374 369/368/410 401/400/442 366/365/407
f 367/366/408 366/365/407 402/401/443 383/382/424
f 391/390/432 365/364/406 390/389/431 403/402/444
f 370/369/411 396/395/437 404/403/445 397/396/438
f 394/393/435 393/392/434 405/404/446 406/405/447
f 320/324/365 375/372/414 407/406/448 348/350/391
f 321/325/366 385/384/426 408/407/449 351/351/392
f 396/395/437 391/390/432 403/402/444 404/403/445
f 392/391/433 384/383/425 409/408/450 410/409/451
f 382/381/423 337/343/384 368/367/409 411/410/452
f 335/341/382 395/394/436 412/411/453 369/368/410
f 390/389/431 347/3308/390 382/3309/423 413/412/454
f 393/392/434 392/391/433 410/409/451 414/413/455
f 384/383/425 383/382/424 415/414/456 409/408/450
f 354/355/397 397/396/438 416/415/457 398/397/439
f 345/347/388 398/397/439 417/416/458 375/372/414
f 399/398/440 343/345/386 371/370/412 418/417/459
f 400/399/441 344/346/387 374/371/413 419/418/460
f 366/365/407 401/400/442 420/419/461 402/401/443
f 405/404/446 393/392/434 414/413/455 421/420/462
f 406/405/447 405/404/446 422/421/463 423/422/464
f 348/350/391 407/406/448 424/423/465 385/384/426
f 383/382/424 402/401/443 425/424/466 415/414/456
f 351/351/392 408/407/449 426/425/467 395/394/436
f 403/402/444 390/389/431 413/412/454 427/426/468
f 397/396/438 404/403/445 428/427/469 416/415/457
f 369/368/410 412/411/453 429/428/470 401/400/442
f 411/410/452 368/367/409 399/398/440 430/429/471
f 404/403/445 403/402/444 427/426/468 428/427/469
f 413/412/454 382/3309/423 411/3310/452 431/430/472
f 432/431/473 419/418/460 374/371/413 47/67/68
f 410/409/451 409/408/450 433/432/474 434/433/475
f 375/372/414 417/416/458 435/434/476 407/406/448
f 418/417/459 371/370/412 400/399/441 436/435/477
f 414/413/455 410/409/451 434/433/475 437/436/478
f 398/397/439 416/415/457 438/437/479 417/416/458
f 409/408/450 415/414/456 439/438/480 433/432/474
f 422/421/463 405/404/446 421/420/462 440/439/481
f 402/401/443 420/419/461 441/440/482 425/424/466
f 385/384/426 424/423/465 442/441/483 408/407/449
f 395/394/436 426/425/467 443/442/484 412/411/453
f 423/422/464 422/421/463 444/443/485 50/70/71
f 421/420/462 414/413/455 437/436/478 445/444/486
f 401/400/442 429/428/470 446/445/487 420/419/461
f 415/414/456 425/424/466 447/446/488 439/438/480
f 427/426/468 413/412/454 431/430/472 448/447/489
f 430/429/471 399/398/440 418/417/459 449/448/490
f 416/415/457 428/427/469 450/449/491 438/437/479
f 434/433/475 433/432/474 451/450/492 452/451/493
f 436/435/477 400/399/441 419/418/460 453/452/494
f 437/436/478 434/433/475 452/451/493 454/453/495
f 407/406/448 435/434/476 455/454/496 424/423/465
f 433/432/474 439/438/480 456/455/497 451/450/492
f 431/430/472 411/3310/452 430/3311/471 457/456/498
f 428/427/469 427/426/468 448/447/489 450/449/491
f 440/439/481 421/420/462 445/444/486 458/457/499
f 412/411/453 443/442/484 459/458/500 429/428/470
f 444/443/485 422/421/463 440/439/481 460/459/501
f 417/416/458 438/437/479 461/460/502 435/434/476
f 408/407/449 442/441/483 462/461/503 426/425/467
f 463/462/504 452/451/493 451/450/492 464/463/505
f 425/424/466 441/440/482 465/464/506 447/446/488
f 445/444/486 437/436/478 454/453/495 466/465/507
f 467/466/508 454/453/495 452/451/493 463/462/504
f 464/463/505 451/450/492 456/455/497 468/467/509
f 420/419/461 446/445/487 469/468/510 441/440/482
f 439/438/480 447/446/488 470/469/511 456/455/497
f 471/470/512 463/462/504 464/463/505 472/471/513
f 473/472/514 467/466/508 463/462/504 471/470/512
f 472/471/513 464/463/505 468/467/509 474/473/515
f 475/474/516 466/465/507 454/453/495 467/466/508
f 471/470/512 472/471/513 476/475/517 477/476/518
f 449/448/490 418/417/459 436/435/477 478/477/519
f 468/467/509 456/455/497 470/469/511 479/478/520
f 473/472/514 471/470/512 477/476/518 480/479/521
f 472/471/513 474/473/515 481/480/522 476/475/517
f 482/481/523 475/474/516 467/466/508 473/472/514
f 474/473/515 468/467/509 479/478/520 483/482/524
f 458/457/499 445/444/486 466/465/507 484/483/525
f 476/475/517 485/484/526 486/485/527 477/476/518
f 448/447/489 431/430/472 457/456/498 487/486/528
f 429/428/470 459/458/500 488/487/529 446/445/487
f 477/476/518 486/485/527 489/488/530 480/479/521
f 424/423/465 455/454/496 490/489/531 442/441/483
f 447/446/488 465/464/506 491/490/532 470/469/511
f 481/480/522 492/491/533 485/484/526 476/475/517
f 482/481/523 473/472/514 480/479/521 493/492/534
f 438/437/479 450/449/491 494/493/535 461/460/502
f 460/459/501 440/439/481 458/457/499 495/494/536
f 485/484/526 496/495/537 497/496/538 486/485/527
f 426/425/467 462/461/503 498/497/539 443/442/484
f 474/473/515 483/482/524 499/498/540 481/480/522
f 486/485/527 497/496/538 500/499/541 489/488/530
f 457/456/498 430/3311/471 449/3312/490 501/500/542
f 492/491/533 502/501/543 496/495/537 485/484/526
f 503/502/544 484/483/525 466/465/507 475/474/516
f 497/496/538 496/495/537 504/503/545 505/504/546
f 441/440/482 469/468/510 506/505/547 465/464/506
f 480/479/521 489/488/530 507/506/548 493/492/534
f 500/499/541 497/496/538 505/504/546 508/507/549
f 509/508/550 53/75/76 55/74/75 510/509/551
f 479/478/520 470/469/511 491/490/532 511/510/552
f 56/76/77 505/504/546 504/503/545 54/73/74
f 496/495/537 502/501/543 512/511/553 504/503/545
f 513/512/554 503/502/544 475/474/516 482/481/523
f 450/449/491 448/447/489 487/486/528 494/493/535
f 499/498/540 514/513/555 492/491/533 481/480/522
f 515/514/556 509/508/550 510/509/551 516/515/557
f 517/516/558 57/77/78 53/75/76 509/508/550
f 510/509/551 55/74/75 59/80/81 518/517/559
f 60/78/79 508/507/549 505/504/546 56/76/77
f 435/434/476 461/460/502 519/518/560 455/454/496
f 520/519/561 515/514/556 516/515/557 521/520/562
f 520/519/561 521/520/562 522/521/563 523/522/564
f 523/522/564 522/521/563 524/523/565 525/524/566
f 489/488/530 500/499/541 526/525/567 507/506/548
f 54/73/74 504/503/545 512/511/553 58/79/80
f 483/482/524 479/478/520 511/510/552 527/526/568
f 528/527/569 517/516/558 509/508/550 515/514/556
f 516/515/557 510/509/551 518/517/559 529/528/570
f 525/524/566 524/523/565 530/529/571 531/530/572
f 514/513/555 532/531/573 502/501/543 492/491/533
f 533/532/574 528/527/569 515/514/556 520/519/561
f 521/520/562 516/515/557 529/528/570 534/533/575
f 533/532/574 520/519/561 523/522/564 535/534/576
f 521/520/562 534/533/575 536/535/577 522/521/563
f 535/534/576 523/522/564 525/524/566 537/536/578
f 522/521/563 536/535/577 538/537/579 524/523/565
f 539/538/580 444/443/485 460/459/501 540/539/581
f 513/512/554 482/481/523 493/492/534 541/540/582
f 526/525/567 500/499/541 508/507/549 542/541/583
f 537/536/578 525/524/566 531/530/572 543/542/584
f 524/523/565 538/537/579 544/543/585 530/529/571
f 531/530/572 530/529/571 545/544/586 546/545/587
f 502/501/543 532/531/573 547/546/588 512/511/553
f 63/82/83 542/541/583 508/507/549 60/78/79
f 483/482/524 527/526/568 548/547/589 499/498/540
f 549/548/590 61/81/82 57/77/78 517/516/558
f 518/517/559 59/80/81 64/84/85 550/549/591
f 58/79/80 512/511/553 547/546/588 62/83/84
f 543/542/584 531/530/572 546/545/587 551/550/592
f 530/529/571 544/543/585 552/551/593 545/544/586
f 495/494/536 458/457/499 484/483/525 553/552/594
f 554/553/595 549/548/590 517/516/558 528/527/569
f 529/528/570 518/517/559 550/549/591 555/554/596
f 478/477/519 436/435/477 453/452/494 556/555/597
f 493/492/534 507/506/548 557/556/598 541/540/582
f 558/557/599 554/553/595 528/527/569 533/532/574
f 534/533/575 529/528/570 555/554/596 559/558/600
f 558/557/599 533/532/574 535/534/576 560/559/601
f 534/533/575 559/558/600 561/560/602 536/535/577
f 546/545/587 545/544/586 562/561/603 563/562/604
f 446/445/487 488/487/529 564/563/605 469/468/510
f 560/559/601 535/534/576 537/536/578 565/564/606
f 536/535/577 561/560/602 566/565/607 538/537/579
f 548/547/589 567/566/608 514/513/555 499/498/540
f 507/506/548 526/525/567 568/567/609 557/556/598
f 465/464/506 506/505/547 569/568/610 491/490/532
f 565/564/606 537/536/578 543/542/584 570/569/611
f 538/537/579 566/565/607 571/570/612 544/543/585
f 551/550/592 546/545/587 563/562/604 572/571/613
f 545/544/586 552/551/593 573/572/614 562/561/603
f 568/567/609 526/525/567 542/541/583 574/573/615
f 567/566/608 575/574/616 532/531/573 514/513/555
f 576/575/617 553/552/594 484/483/525 503/502/544
f 443/442/484 498/497/539 577/576/618 459/458/500
f 65/85/86 574/573/615 542/541/583 63/82/83
f 563/562/604 562/561/603 578/577/619 579/578/620
f 570/569/611 543/542/584 551/550/592 580/579/621
f 544/543/585 571/570/612 581/580/622 552/551/593
f 532/531/573 575/574/616 582/581/623 547/546/588
f 583/582/624 576/575/617 503/502/544 513/512/554
f 442/441/483 490/489/531 584/583/625 462/461/503
f 585/584/626 67/86/87 61/81/82 549/548/590
f 550/549/591 64/84/85 66/87/88 586/585/627
f 62/83/84 547/546/588 582/581/623 68/88/89
f 511/510/552 491/490/532 569/568/610 587/586/628
f 588/587/629 585/584/626 549/548/590 554/553/595
f 555/554/596 550/549/591 586/585/627 589/588/630
f 572/571/613 563/562/604 579/578/620 590/589/631
f 562/561/603 573/572/614 591/590/632 578/577/619
f 592/591/633 588/587/629 554/553/595 558/557/599
f 559/558/600 555/554/596 589/588/630 593/592/634
f 527/526/568 511/510/552 587/586/628 594/593/635
f 592/591/633 558/557/599 560/559/601 595/594/636
f 559/558/600 593/592/634 596/595/637 561/560/602
f 583/582/624 513/512/554 541/540/582 597/596/638
f 580/579/621 551/550/592 572/571/613 598/597/639
f 552/551/593 581/580/622 599/598/640 573/572/614
f 540/539/581 460/459/501 495/494/536 600/599/641
f 595/594/636 560/559/601 565/564/606 601/600/642
f 561/560/602 596/595/637 602/601/643 566/565/607
f 487/486/528 457/456/498 501/500/542 603/602/644
f 527/526/568 594/593/635 604/603/645 548/547/589
f 579/578/620 578/577/619 605/604/646 606/605/647
f 541/540/582 557/556/598 607/606/648 597/596/638
f 501/500/542 449/3312/490 478/3313/519 608/607/649
f 601/600/642 565/564/606 570/569/611 609/608/650
f 566/565/607 602/601/643 610/609/651 571/570/612
f 461/460/502 494/493/535 611/610/652 519/518/560
f 612/611/653 51/71/72 539/538/580 613/612/654
f 557/556/598 568/567/609 614/613/655 607/606/648
f 590/589/631 579/578/620 606/605/647 615/614/656
f 578/577/619 591/590/632 616/615/657 605/604/646
f 604/603/645 617/616/658 567/566/608 548/547/589
f 469/468/510 564/563/605 618/617/659 506/505/547
f 614/613/655 568/567/609 574/573/615 619/618/660
f 598/597/639 572/571/613 590/589/631 620/619/661
f 573/572/614 599/598/640 621/620/662 591/590/632
f 69/89/90 619/618/660 574/573/615 65/85/86
f 617/616/658 622/621/663 575/574/616 567/566/608
f 609/608/650 570/569/611 580/579/621 623/622/664
f 571/570/612 610/609/651 624/623/665 581/580/622
f 575/574/616 622/621/663 625/624/666 582/581/623
f 455/454/496 519/518/560 626/625/667 490/489/531
f 627/626/668 71/90/91 67/86/87 585/584/626
f 586/585/627 66/87/88 70/91/92 628/627/669
f 68/88/89 582/581/623 625/624/666 72/92/93
f 629/628/670 627/626/668 585/584/626 588/587/629
f 589/588/630 586/585/627 628/627/669 630/629/671
f 556/555/597 453/452/494 631/630/672 632/631/673
f 600/599/641 495/494/536 553/552/594 633/632/674
f 606/605/647 605/604/646 634/633/675 635/634/676
f 494/493/535 487/486/528 603/602/644 611/610/652
f 636/635/677 629/628/670 588/587/629 592/591/633
f 593/592/634 589/588/630 630/629/671 637/636/678
f 459/458/500 577/576/618 638/637/679 488/487/529
f 636/635/677 592/591/633 595/594/636 639/638/680
f 593/592/634 637/636/678 640/639/681 596/595/637
f 623/622/664 580/579/621 598/597/639 641/640/682
f 581/580/622 624/623/665 642/641/683 599/598/640
f 620/619/661 590/589/631 615/614/656 643/642/684
f 591/590/632 621/620/662 644/643/685 616/615/657
f 615/614/656 606/605/647 635/634/676 645/644/686
f 605/604/646 616/615/657 646/645/687 634/633/675
f 647/646/688 633/632/674 553/552/594 576/575/617
f 639/638/680 595/594/636 601/600/642 648/647/689
f 596/595/637 640/639/681 649/648/690 602/601/643
f 506/505/547 618/617/659 650/649/691 569/568/610
f 651/650/692 647/646/688 576/575/617 583/582/624
f 651/650/692 583/582/624 597/596/638 652/651/693
f 587/586/628 569/568/610 650/649/691 653/652/694
f 462/461/503 584/583/625 654/653/695 498/497/539
f 648/647/689 601/600/642 609/608/650 655/654/696
f 602/601/643 649/648/690 656/655/697 610/609/651
f 641/640/682 598/597/639 620/619/661 657/656/698
f 599/598/640 642/641/683 658/657/699 621/620/662
f 594/593/635 587/586/628 653/652/694 659/658/700
f 660/659/701 652/651/693 597/596/638 607/606/648
f 613/612/654 539/538/580 540/539/581 661/660/702
f 662/661/703 660/659/701 607/606/648 614/613/655
f 662/661/703 614/613/655 619/618/660 663/662/704
f 73/93/94 663/662/704 619/618/660 69/89/90
f 635/634/676 634/633/675 664/663/705 665/664/706
f 594/593/635 659/658/700 666/665/707 604/603/645
f 643/642/684 615/614/656 645/644/686 667/666/708
f 616/615/657 644/643/685 668/667/709 646/645/687
f 666/665/707 669/668/710 617/616/658 604/603/645
f 669/668/710 670/669/711 622/621/663 617/616/658
f 622/621/663 670/669/711 671/670/712 625/624/666
f 72/92/93 625/624/666 671/670/712 76/96/97
f 672/671/713 75/94/95 71/90/91 627/626/668
f 628/627/669 70/91/92 74/95/96 673/672/714
f 645/644/686 635/634/676 665/664/706 674/673/715
f 634/633/675 646/645/687 675/674/716 664/663/705
f 655/654/696 609/608/650 623/622/664 676/675/717
f 610/609/651 656/655/697 677/676/718 624/623/665
f 678/677/719 672/671/713 627/626/668 629/628/670
f 630/629/671 628/627/669 673/672/714 679/678/720
f 680/679/721 678/677/719 629/628/670 636/635/677
f 637/636/678 630/629/671 679/678/720 681/680/722
f 488/487/529 638/637/679 682/681/723 564/563/605
f 657/656/698 620/619/661 643/642/684 683/682/724
f 621/620/662 658/657/699 684/683/725 644/643/685
f 637/636/678 681/680/722 685/684/726 640/639/681
f 680/679/721 636/635/677 639/638/680 686/685/727
f 608/607/649 478/3313/519 556/3314/597 687/686/728
f 676/675/717 623/622/664 641/640/682 688/687/729
f 624/623/665 677/676/718 689/688/730 642/641/683
f 632/631/673 631/630/672 612/611/653 690/689/731
f 640/639/681 685/684/726 691/690/732 649/648/690
f 686/685/727 639/638/680 648/647/689 692/691/733
f 661/660/702 540/539/581 600/599/641 693/692/734
f 603/602/644 501/500/542 608/607/649 694/693/735
f 667/666/708 645/644/686 674/673/715 695/694/736
f 646/645/687 668/667/709 696/695/737 675/674/716
f 665/664/706 664/663/705 697/696/738 698/697/739
f 519/518/560 611/610/652 699/698/740 626/625/667
f 674/673/715 665/664/706 698/697/739 700/699/741
f 664/663/705 675/674/716 701/700/742 697/696/738
f 683/682/724 643/642/684 667/666/708 702/701/743
f 644/643/685 684/683/725 703/702/744 668/667/709
f 77/97/98 704/703/745 663/662/704 73/93/94
f 490/489/531 626/625/667 705/704/746 584/583/625
f 706/705/747 662/661/703 663/662/704 704/703/745
f 693/692/734 600/599/641 633/632/674 707/706/748
f 564/563/605 682/681/723 708/707/749 618/617/659
f 709/708/750 707/706/748 633/632/674 647/646/688
f 688/687/729 641/640/682 657/656/698 710/709/751
f 642/641/683 689/688/730 711/710/752 658/657/699
f 649/648/690 691/690/732 712/711/753 656/655/697
f 692/691/733 648/647/689 655/654/696 713/712/754
f 660/659/701 662/661/703 706/705/747 714/713/755
f 715/714/756 709/708/750 647/646/688 651/650/692
f 715/714/756 651/650/692 652/651/693 716/715/757
f 652/651/693 660/659/701 714/713/755 716/715/757
f 76/96/97 671/670/712 717/716/758 80/100/101
f 498/497/539 654/653/695 718/717/759 577/576/618
f 670/669/711 719/718/760 717/716/758 671/670/712
f 673/672/714 74/95/96 78/99/100 720/719/761
f 721/720/762 79/98/99 75/94/95 672/671/713
f 722/721/763 719/718/760 670/669/711 669/668/710
f 679/678/720 673/672/714 720/719/761 723/722/764
f 724/723/765 721/720/762 672/671/713 678/677/719
f 725/724/766 722/721/763 669/668/710 666/665/707
f 618/617/659 708/707/749 726/725/767 650/649/691
f 653/652/694 650/649/691 726/725/767 727/726/768
f 659/658/700 728/727/769 725/724/766 666/665/707
f 659/658/700 653/652/694 727/726/768 728/727/769
f 695/694/736 674/673/715 700/699/741 729/728/770
f 675/674/716 696/695/737 730/729/771 701/700/742
f 681/680/722 679/678/720 723/722/764 731/730/772
f 732/731/773 724/723/765 678/677/719 680/679/721
f 611/610/652 603/602/644 694/693/735 699/698/740
f 656/655/697 712/711/753 733/732/774 677/676/718
f 713/712/754 655/654/696 676/675/717 734/733/775
f 681/680/722 731/730/772 735/734/776 685/684/726
f 732/731/773 680/679/721 686/685/727 736/735/777
f 702/701/743 667/666/708 695/694/736 737/736/778
f 668/667/709 703/702/744 738/737/779 696/695/737
f 710/709/751 657/656/698 683/682/724 739/738/780
f 658/657/699 711/710/752 740/739/781 684/683/725
f 698/697/739 697/696/738 741/740/782 742/741/783
f 690/689/731 612/611/653 613/612/654 743/742/784
f 700/699/741 698/697/739 742/741/783 744/743/785
f 697/696/738 701/700/742 745/744/786 741/740/782
f 685/684/726 735/734/776 746/745/787 691/690/732
f 736/735/777 686/685/727 692/691/733 747/746/788
f 704/703/745 77/97/98 81/101/102 748/747/789
f 677/676/718 733/732/774 749/748/790 689/688/730
f 734/733/775 676/675/717 688/687/729 750/749/791
f 751/750/792 706/705/747 704/703/745 748/747/789
f 739/738/780 683/682/724 702/701/743 752/751/793
f 684/683/725 740/739/781 753/752/794 703/702/744
f 80/100/101 717/716/758 754/753/795 84/104/105
f 687/686/728 556/3314/597 632/3315/673 755/754/796
f 729/728/770 700/699/741 744/743/785 756/755/797
f 701/700/742 730/729/771 757/756/798 745/744/786
f 737/736/778 695/694/736 729/728/770 758/757/799
f 696/695/737 738/737/779 759/758/800 730/729/771
f 714/713/755 706/705/747 751/750/792 760/759/801
f 719/718/760 761/760/802 754/753/795 717/716/758
f 577/576/618 718/717/759 762/761/803 638/637/679
f 720/719/761 78/99/100 82/103/104 763/762/804
f 79/98/99 721/720/762 764/763/805 83/102/103
f 716/715/757 714/713/755 760/759/801 765/764/806
f 723/722/764 720/719/761 763/762/804 766/765/807
f 721/720/762 724/723/765 767/766/808 764/763/805
f 768/767/809 761/760/802 719/718/760 722/721/763
f 691/690/732 746/745/787 769/768/810 712/711/753
f 747/746/788 692/691/733 713/712/754 770/769/811
f 771/770/812 715/714/756 716/715/757 765/764/806
f 731/730/772 723/722/764 766/765/807 772/771/813
f 724/723/765 732/731/773 773/772/814 767/766/808
f 743/742/784 613/612/654 661/660/702 774/773/815
f 742/741/783 741/740/782 775/774/816 776/775/817
f 689/688/730 749/748/790 777/776/818 711/710/752
f 750/749/791 688/687/729 710/709/751 778/777/819
f 779/778/820 768/767/809 722/721/763 725/724/766
f 709/708/750 715/714/756 771/770/812 780/779/821
f 731/730/772 772/771/813 781/780/822 735/734/776
f 773/772/814 732/731/773 736/735/777 782/781/823
f 744/743/785 742/741/783 776/775/817 783/782/824
f 741/740/782 745/744/786 784/783/825 775/774/816
f 707/706/748 709/708/750 780/779/821 785/784/826
f 584/583/625 705/704/746 786/785/827 654/653/695
f 694/693/735 608/607/649 687/686/728 787/786/828
f 752/751/793 702/701/743 737/736/778 788/787/829
f 703/702/744 753/752/794 789/788/830 738/737/779
f 728/727/769 790/789/831 779/778/820 725/724/766
f 791/790/832 693/692/734 707/706/748 785/784/826
f 87/3316/109 792/791/833 748/3317/789 81/3298/102
f 728/727/769 727/726/768 793/792/834 790/789/831
f 774/773/815 661/660/702 693/692/734 791/790/832
f 758/757/799 729/728/770 756/755/797 794/793/835
f 730/729/771 759/758/800 795/794/836 757/756/798
f 727/726/768 726/725/767 796/795/837 793/792/834
f 626/625/667 699/698/740 797/796/838 705/704/746
f 84/104/105 754/753/795 798/797/839 85/105/106
f 638/637/679 762/761/803 799/798/840 682/681/723
f 800/799/841 751/3320/792 748/3317/789 792/791/833
f 712/711/753 769/768/810 801/800/842 733/732/774
f 770/769/811 713/712/754 734/733/775 802/801/843
f 756/755/797 744/743/785 783/782/824 803/802/844
f 745/744/786 757/756/798 804/803/845 784/783/825
f 735/734/776 781/780/822 805/804/846 746/745/787
f 782/781/823 736/735/777 747/746/788 806/805/847
f 711/710/752 777/776/818 807/806/848 740/739/781
f 778/777/819 710/709/751 739/738/780 808/807/849
f 708/707/749 809/808/850 796/795/837 726/725/767
f 761/760/802 810/809/851 798/797/839 754/753/795
f 811/810/852 86/107/108 83/3318/103 764/3319/805
f 763/762/804 82/103/104 88/106/107 812/811/853
f 760/3323/801 751/3320/792 800/799/841 813/812/854
f 814/813/855 811/810/852 764/3319/805 767/3321/808
f 766/765/807 763/762/804 812/811/853 815/814/856
f 682/681/723 799/798/840 809/808/850 708/707/749
f 788/787/829 737/736/778 758/757/799 816/815/857
f 738/737/779 789/788/830 817/816/858 759/758/800
f 818/817/859 810/809/851 761/760/802 768/767/809
f 819/818/860 814/813/855 767/3321/808 773/3322/814
f 772/771/813 766/765/807 815/814/856 820/819/861
f 91/111/113 821/820/862 792/791/833 87/3316/109
f 765/3326/806 760/3323/801 813/812/854 822/821/863
f 85/105/106 798/797/839 823/822/864 89/108/110
f 776/775/817 775/774/816 824/823/865 825/824/866
f 819/818/860 773/3322/814 782/3324/823 826/825/867
f 772/771/813 820/819/861 827/826/868 781/780/822
f 755/754/796 632/3315/673 690/3325/731 828/827/869
f 699/698/740 694/693/735 787/786/828 797/796/838
f 783/782/824 776/775/817 825/824/866 829/828/870
f 775/774/816 784/783/825 830/829/871 824/823/865
f 831/830/872 818/817/859 768/767/809 779/778/820
f 740/739/781 807/806/848 832/831/873 753/752/794
f 808/807/849 739/738/780 752/751/793 833/832/874
f 834/833/875 800/799/841 792/791/833 821/820/862
f 733/732/774 801/800/842 835/834/876 749/748/790
f 802/801/843 734/733/775 750/749/791 836/835/877
f 794/793/835 756/755/797 803/802/844 837/836/878
f 757/756/798 795/794/836 838/837/879 804/803/845
f 89/108/110 823/822/864 821/820/862 91/111/113
f 839/838/880 771/3327/812 765/3326/806 822/821/863
f 810/809/851 840/839/881 823/822/864 798/797/839
f 812/811/853 88/106/107 92/109/111 841/840/882
f 842/841/883 90/110/112 86/107/108 811/810/852
f 746/745/787 805/804/846 843/842/884 769/768/810
f 806/805/847 747/746/788 770/769/811 844/843/885
f 845/844/886 842/841/883 811/810/852 814/813/855
f 815/814/856 812/811/853 841/840/882 846/845/887
f 840/839/881 834/833/875 821/820/862 823/822/864
f 790/789/831 847/846/888 831/830/872 779/778/820
f 803/802/844 783/782/824 829/828/870 848/847/889
f 784/783/825 804/803/845 849/848/890 830/829/871
f 816/815/857 758/757/799 794/793/835 850/849/891
f 759/758/800 817/816/858 851/850/892 795/794/836
f 813/812/854 800/799/841 834/833/875 852/851/893
f 839/838/880 853/852/894 780/3328/821 771/3327/812
f 841/840/882 92/109/111 90/110/112 842/841/883
f 854/853/895 845/844/886 814/813/855 819/818/860
f 820/819/861 815/814/856 846/845/887 855/854/896
f 856/855/897 840/839/881 810/809/851 818/817/859
f 654/653/695 786/785/827 857/856/898 718/717/759
f 846/845/887 841/840/882 842/841/883 845/844/886
f 853/852/894 858/857/899 785/3330/826 780/3328/821
f 826/825/867 782/3324/823 806/3329/847 859/858/900
f 781/780/822 827/826/868 860/859/901 805/804/846
f 790/789/831 793/792/834 861/860/902 847/846/888
f 753/752/794 832/831/873 862/861/903 789/788/830
f 833/832/874 752/751/793 788/787/829 863/862/904
f 852/851/893 834/833/875 840/839/881 856/855/897
f 854/853/895 819/818/860 826/825/867 864/863/905
f 820/819/861 855/854/896 865/864/906 827/826/868
f 822/821/863 813/812/854 852/851/893 866/865/907
f 749/748/790 835/834/876 867/866/908 777/776/818
f 836/835/877 750/749/791 778/777/819 868/867/909
f 855/854/896 846/845/887 845/844/886 854/853/895
f 869/868/910 856/855/897 818/817/859 831/830/872
f 793/792/834 796/795/837 870/869/911 861/860/902
f 837/836/878 803/802/844 848/847/889 871/870/912
f 804/803/845 838/837/879 872/871/913 849/848/890
f 855/854/896 854/853/895 864/863/905 865/864/906
f 873/872/914 791/3332/832 785/3330/826 858/857/899
f 850/849/891 794/793/835 837/836/878 874/873/915
f 795/794/836 851/850/892 875/874/916 838/837/879
f 787/786/828 687/686/728 755/754/796 876/875/917
f 866/865/907 852/851/893 856/855/897 869/868/910
f 825/824/866 824/823/865 94/876/115 93/877/114
f 769/768/810 843/842/884 877/878/918 801/800/842
f 844/843/885 770/769/811 802/801/843 878/879/919
f 879/880/920 839/838/880 822/821/863 866/865/907
f 828/827/869 690/3325/731 743/3331/784 880/881/921
f 829/828/870 825/824/866 93/877/114 96/882/117
f 824/823/865 830/829/871 97/883/118 94/876/115
f 789/788/830 862/861/903 881/884/922 817/816/858
f 863/862/904 788/787/829 816/815/857 882/885/923
f 847/846/888 883/886/924 869/868/910 831/830/872
f 809/808/850 884/887/925 870/869/911 796/795/837
f 777/776/818 867/866/908 885/888/926 807/806/848
f 868/867/909 778/777/819 808/807/849 886/889/927
f 848/847/889 829/828/870 96/882/117 98/890/119
f 830/829/871 849/848/890 99/891/120 97/883/118
f 705/704/746 797/796/838 887/892/928 786/785/827
f 864/863/905 826/825/867 859/858/900 888/893/929
f 827/826/868 865/864/906 889/894/930 860/859/901
f 879/880/920 890/895/931 853/852/894 839/838/880
f 883/886/924 879/880/920 866/865/907 869/868/910
f 891/896/932 774/3334/815 791/3332/832 873/872/914
f 859/858/900 806/3329/847 844/3333/885 892/897/933
f 805/804/846 860/859/901 893/898/934 843/842/884
f 847/846/888 861/860/902 894/899/935 883/886/924
f 874/873/915 837/836/878 871/870/912 895/900/936
f 838/837/879 875/874/916 896/901/937 872/871/913
f 880/881/921 743/3331/784 774/3334/815 891/896/932
f 718/717/759 857/856/898 897/902/938 762/761/803
f 865/864/906 864/863/905 888/893/929 889/894/930
f 817/816/858 881/884/922 898/903/939 851/850/892
f 882/885/923 816/815/857 850/849/891 899/904/940
f 871/870/912 848/847/889 98/890/119 100/905/121
f 849/848/890 872/871/913 101/906/122 99/891/120
f 890/895/931 900/907/941 858/857/899 853/852/894
f 861/860/902 870/869/911 901/908/942 894/899/935
f 801/800/842 877/878/918 902/909/943 835/834/876
f 878/879/919 802/801/843 836/835/877 903/910/944
f 799/798/840 904/911/945 884/887/925 809/808/850
f 883/886/924 894/899/935 890/895/931 879/880/920
f 807/806/848 885/888/926 905/912/946 832/831/873
f 886/889/927 808/807/849 833/832/874 906/913/947
f 851/850/892 898/903/939 907/914/948 875/874/916
f 899/904/940 850/849/891 874/873/915 908/915/949
f 762/761/803 897/902/938 904/911/945 799/798/840
f 797/796/838 787/786/828 876/875/917 887/892/928
f 895/900/936 871/870/912 100/905/121 102/916/123
f 872/871/913 896/901/937 103/917/124 101/906/122
f 894/899/935 901/908/942 900/907/941 890/895/931
f 909/918/950 873/872/914 858/857/899 900/907/941
f 832/831/873 905/912/946 910/919/951 862/861/903
f 906/913/947 833/832/874 863/862/904 911/920/952
f 875/874/916 907/914/948 912/921/953 896/901/937
f 908/915/949 874/873/915 895/900/936 913/922/954
f 884/887/925 914/923/955 901/908/942 870/869/911
f 888/893/929 859/858/900 892/897/933 915/924/956
f 860/859/901 889/894/930 916/925/957 893/898/934
f 892/897/933 844/3333/885 878/3335/919 917/926/958
f 843/842/884 893/898/934 918/927/959 877/878/918
f 835/834/876 902/909/943 919/928/960 867/866/908
f 903/910/944 836/835/877 868/867/909 920/929/961
f 876/875/917 755/754/796 828/827/869 921/930/962
f 896/901/937 912/921/953 104/931/125 103/917/124
f 913/922/954 895/900/936 102/916/123 105/932/126
f 862/861/903 910/919/951 922/933/963 881/884/922
f 911/920/952 863/862/904 882/885/923 923/934/964
f 889/894/930 888/893/929 915/924/956 916/925/957
f 914/923/955 909/918/950 900/907/941 901/908/942
f 786/785/827 887/892/928 924/935/965 857/856/898
f 881/884/922 922/933/963 925/936/966 898/903/939
f 923/934/964 882/885/923 899/904/940 926/937/967
f 912/921/953 927/938/968 106/939/127 104/931/125
f 928/940/969 913/922/954 105/932/126 107/941/128
f 867/866/908 919/928/960 929/942/970 885/888/926
f 920/929/961 868/867/909 886/889/927 930/943/971
f 931/944/972 891/896/932 873/872/914 909/918/950
f 898/903/939 925/936/966 932/945/973 907/914/948
f 926/937/967 899/904/940 908/915/949 933/946/974
f 907/914/948 932/945/973 927/938/968 912/921/953
f 933/946/974 908/915/949 913/922/954 928/940/969
f 917/926/958 878/3335/919 903/3336/944 934/947/975
f 877/878/918 918/927/959 935/948/976 902/909/943
f 904/911/945 936/949/977 914/923/955 884/887/925
f 915/924/956 892/897/933 917/926/958 937/950/978
f 893/898/934 916/925/957 938/951/979 918/927/959
f 921/930/962 828/827/869 880/881/921 939/952/980
f 927/938/968 940/953/981 108/954/129 106/939/127
f 941/955/982 928/940/969 107/941/128 109/956/130
f 885/888/926 929/942/970 942/957/983 905/912/946
f 930/943/971 886/889/927 906/913/947 943/958/984
f 887/892/928 876/875/917 921/930/962 924/935/965
f 939/952/980 880/881/921 891/896/932 931/944/972
f 916/925/957 915/924/956 937/950/978 938/951/979
f 857/856/898 924/935/965 944/959/985 897/902/938
f 936/949/977 931/944/972 909/918/950 914/923/955
f 940/953/981 945/960/986 110/961/131 108/954/129
f 946/3341/987 941/3337/982 109/3338/130 111/3339/132
f 932/945/973 947/962/988 940/953/981 927/938/968
f 948/963/989 933/946/974 928/940/969 941/955/982
f 897/902/938 944/959/985 936/949/977 904/911/945
f 905/912/946 942/957/983 949/964/990 910/919/951
f 943/958/984 906/913/947 911/920/952 950/965/991
f 934/947/975 903/3336/944 920/3340/961 951/966/992
f 902/909/943 935/948/976 952/967/993 919/928/960
f 945/960/986 953/968/994 112/969/133 110/961/131
f 954/970/995 946/3341/987 111/3339/132 113/971/134
f 925/936/966 955/972/996 947/962/988 932/945/973
f 956/973/997 926/937/967 933/946/974 948/963/989
f 910/919/951 949/964/990 957/974/998 922/933/963
f 950/965/991 911/920/952 923/934/964 958/975/999
f 953/968/994 954/970/995 113/971/134 112/969/133
f 922/933/963 957/974/998 955/972/996 925/936/966
f 958/975/999 923/934/964 926/937/967 956/973/997
f 937/950/978 917/926/958 934/947/975 959/976/1000
f 918/927/959 938/951/979 960/977/1001 935/948/976
f 924/935/965 921/930/962 939/952/980 944/959/985
f 944/959/985 939/952/980 931/944/972 936/949/977
f 961/3344/1002 948/3343/989 941/3337/982 946/3341/987
f 947/962/988 962/978/1003 945/960/986 940/953/981
f 951/966/992 920/3340/961 930/3342/971 963/979/1004
f 919/928/960 952/967/993 964/980/1005 929/942/970
f 938/951/979 937/950/978 959/976/1000 960/977/1001
f 965/981/1006 961/3344/1002 946/3341/987 954/970/995
f 962/978/1003 966/982/1007 953/968/994 945/960/986
f 967/983/1008 956/3346/997 948/3343/989 961/3344/1002
f 955/972/996 968/984/1009 962/978/1003 947/962/988
f 966/982/1007 965/981/1006 954/970/995 953/968/994
f 959/976/1000 934/947/975 951/966/992 969/985/1010
f 935/948/976 960/977/1001 970/986/1011 952/967/993
f 963/979/1004 930/3342/971 943/3345/984 971/987/1012
f 929/942/970 964/980/1005 972/988/1013 942/957/983
f 973/989/1014 958/3348/999 956/3346/997 967/983/1008
f 957/974/998 974/990/1015 968/984/1009 955/972/996
f 971/987/1012 943/3345/984 950/3347/991 975/991/1016
f 942/957/983 972/988/1013 976/992/1017 949/964/990
f 975/991/1016 950/3347/991 958/3348/999 973/989/1014
f 949/964/990 976/992/1017 974/990/1015 957/974/998
f 960/977/1001 959/976/1000 969/985/1010 970/986/1011
f 977/993/1018 967/983/1008 961/3344/1002 965/981/1006
f 968/984/1009 978/994/1019 966/982/1007 962/978/1003
f 969/985/1010 951/966/992 963/979/1004 979/995/1020
f 952/967/993 970/986/1011 980/996/1021 964/980/1005
f 978/994/1019 977/993/1018 965/981/1006 966/982/1007
f 981/997/1022 973/989/1014 967/983/1008 977/993/1018
f 974/990/1015 982/998/1023 978/994/1019 968/984/1009
f 970/986/1011 969/985/1010 979/995/1020 980/996/1021
f 979/995/1020 963/979/1004 971/987/1012 983/999/1024
f 964/980/1005 980/996/1021 984/1000/1025 972/988/1013
f 985/1001/1026 975/991/1016 973/989/1014 981/997/1022
f 976/992/1017 986/1002/1027 982/998/1023 974/990/1015
f 982/998/1023 981/997/1022 977/993/1018 978/994/1019
f 983/999/1024 971/987/1012 975/991/1016 985/1001/1026
f 972/988/1013 984/1000/1025 986/1002/1027 976/992/1017
f 980/996/1021 979/995/1020 983/999/1024 984/1000/1025
f 986/1002/1027 985/1001/1026 981/997/1022 982/998/1023
f 984/1000/1025 983/999/1024 985/1001/1026 986/1002/1027
f 31/52/52 30/51/51 274/278/319 270/273/311
f 38/59/59 37/58/58 384/383/425 392/391/433
f 47/67/68 374/371/413 324/330/371 48/68/69
f 50/70/71 444/443/485 539/538/580 51/71/72
f 328/334/375 367/366/408 37/58/58 36/57/57
f 993/1054/1028 994/1055/1029 631/1031/672 453/1032/494
f 453/452/494 419/418/460 432/431/473
f 631/630/672 52/72/73 51/71/72 612/611/653
f 453/1032/1030 432/1034/1031 993/1054/1032
f 994/1055/1033 52/1047/1034 631/1031/1035
f 269/272/310 277/283/322 290/298/339
f 998/1059/1036 31/1039/1037 290/1040/1038 999/1060/1039
f 999/1060/1040 1000/1061/1041 997/1058/1042 998/1059/1043
f 1000/1061/1044 36/1041/1045 38/1042/1046 997/1058/1047
f 989/1050/1048 49/1036/1049 346/1037/1050 987/1048/1051
f 987/1048/1052 988/1049/1053 990/1051/1054 989/1050/1055
f 988/1049/1056 406/1044/1057 423/1045/1058 990/1051/1059
f 991/1052/1060 47/1035/1061 49/1036/1049 989/1050/1048
f 989/1050/1055 990/1051/1054 992/1053/1062 991/1052/1063
f 990/1051/1059 423/1045/1058 50/1046/1064 992/1053/1065
f 993/1054/1032 432/1034/1031 47/1035/1061 991/1052/1060
f 991/1052/1063 992/1053/1062 994/1055/1029 993/1054/1028
f 992/1053/1065 50/1046/1064 52/1047/1034 994/1055/1033
f 995/1056/1066 394/1043/1067 406/1044/1057 988/1049/1056
f 996/1057/1068 995/1056/1069 988/1049/1053 987/1048/1052
f 987/1048/1051 346/1037/1050 29/1038/1070 996/1057/1071
f 997/1058/1047 38/1042/1046 394/1043/1067 995/1056/1066
f 998/1059/1043 997/1058/1042 995/1056/1069 996/1057/1068
f 996/1057/1071 29/1038/1070 31/1039/1037 998/1059/1036
f 999/1060/1039 290/1040/1038 277/1029/1072
f 277/1029/322 328/1030/375 1000/1061/1041 999/1060/1040
f 328/1030/1073 36/1041/1045 1000/1061/1044
f 1004/1003/1074 1003/1004/1075 1006/1005/1076 1005/1006/1077
f 1003/1004/1075 1002/1007/1078 1007/1008/1079 1006/1005/1076
f 1002/1007/1078 1001/1009/1080 1008/1010/1081 1007/1008/1079
f 1004/1003/1074 1005/1006/1077 119/1011/1082 118/1012/1083
f 122/114/137 123/113/136 1008/1010/1081 1001/1009/1080
f 1012/1013/1084 1004/1003/1074 118/1012/1083 120/1014/1085
f 1005/1006/1077 1013/1015/1086 121/1016/1087 119/1011/1082
f 128/119/141 122/114/137 1001/1009/1080 1009/1017/1088
f 123/113/136 129/122/144 1016/1018/1089 1008/1010/1081
f 1020/1019/1090 1012/1013/1084 120/1014/1085 136/1020/1091
f 1013/1015/1086 1021/1021/1092 137/1022/1093 121/1016/1087
f 146/135/165 128/119/141 1009/1017/1088 1017/1023/1094
f 129/122/144 147/138/168 1024/1024/1095 1016/1018/1089
f 1028/1025/1096 1020/1019/1090 136/1020/1091 168/1026/1097
f 1021/1021/1092 1029/1027/1098 169/1028/1099 137/1022/1093
f 180/169/207 146/135/165 1017/1023/1094 1025/1033/1100
f 147/138/168 181/172/210 1032/1062/1101 1024/1024/1095
f 1036/1063/1102 1028/1025/1096 168/1026/1097 205/1064/1103
f 1029/1027/1098 1037/1065/1104 206/1066/1105 169/1028/1099
f 213/211/247 180/169/207 1025/1033/1100 1033/1067/1106
f 181/172/210 214/214/250 1040/1068/1107 1032/1062/1101
f 1044/1069/1108 1036/1063/1102 205/1064/1103 240/1070/1109
f 1037/1065/1104 1045/1071/1110 241/1072/1111 206/1066/1105
f 250/251/291 213/211/247 1033/1067/1106 1041/1073/1112
f 214/214/250 251/254/294 1048/1074/1113 1040/1068/1107
f 1052/1075/1114 1044/1069/1108 240/1070/1109 278/1076/1115
f 1045/1071/1110 1053/1077/1116 279/1078/1117 241/1072/1111
f 284/288/331 250/251/291 1041/1073/1112 1049/1079/1118
f 251/254/294 285/295/334 1056/1080/1119 1048/1074/1113
f 1060/1081/1120 1052/1075/1114 278/1076/1115 309/1082/1121
f 1053/1077/1116 1061/1083/1122 310/1084/1123 279/1078/1117
f 317/326/367 284/288/331 1049/1079/1118 1057/1085/1124
f 285/295/334 318/329/370 1064/1086/1125 1056/1080/1119
f 1068/1087/1126 1060/1081/1120 309/1082/1121 340/1088/1127
f 1061/3354/1122 1069/3349/1128 341/3372/1129 310/3350/1123
f 349/352/393 317/326/367 1057/1085/1124 1065/1089/1130
f 318/3299/370 350/3351/396 1072/1090/1131 1064/3352/1125
f 1076/1091/1132 1068/1087/1126 340/1088/1127 357/1092/1133
f 1069/3349/1128 1077/1093/1134 358/1094/1135 341/3372/1129
f 372/373/415 349/352/393 1065/1089/1130 1073/1095/1136
f 350/3351/396 373/376/418 1080/1096/1137 1072/1090/1131
f 1077/1093/1134 1076/1091/1132 357/1092/1133 358/1094/1135
f 373/376/418 372/373/415 1073/1095/1136 1080/1096/1137
f 1003/1004/1075 1004/1003/1074 1012/1013/1084 1011/1097/1138
f 1001/1009/1080 1002/1007/1078 1010/1098/1139 1009/1017/1088
f 1002/1007/1078 1003/1004/1075 1011/1097/1138 1010/1098/1139
f 1007/1008/1079 1008/1010/1081 1016/1018/1089 1015/1099/1140
f 1005/1006/1077 1006/1005/1076 1014/1100/1141 1013/1015/1086
f 1006/1005/1076 1007/1008/1079 1015/1099/1140 1014/1100/1141
f 1011/1097/1138 1012/1013/1084 1020/1019/1090 1019/1101/1142
f 1009/1017/1088 1010/1098/1139 1018/1102/1143 1017/1023/1094
f 1010/1098/1139 1011/1097/1138 1019/1101/1142 1018/1102/1143
f 1015/1099/1140 1016/1018/1089 1024/1024/1095 1023/1103/1144
f 1013/1015/1086 1014/1100/1141 1022/1104/1145 1021/1021/1092
f 1014/1100/1141 1015/1099/1140 1023/1103/1144 1022/1104/1145
f 1019/1101/1142 1020/1019/1090 1028/1025/1096 1027/1105/1146
f 1017/1023/1094 1018/1102/1143 1026/1106/1147 1025/1033/1100
f 1018/1102/1143 1019/1101/1142 1027/1105/1146 1026/1106/1147
f 1023/1103/1144 1024/1024/1095 1032/1062/1101 1031/1107/1148
f 1021/1021/1092 1022/1104/1145 1030/1108/1149 1029/1027/1098
f 1022/1104/1145 1023/1103/1144 1031/1107/1148 1030/1108/1149
f 1027/1105/1146 1028/1025/1096 1036/1063/1102 1035/1109/1150
f 1025/1033/1100 1026/1106/1147 1034/1110/1151 1033/1067/1106
f 1026/1106/1147 1027/1105/1146 1035/1109/1150 1034/1110/1151
f 1031/1107/1148 1032/1062/1101 1040/1068/1107 1039/1111/1152
f 1029/1027/1098 1030/1108/1149 1038/1112/1153 1037/1065/1104
f 1030/1108/1149 1031/1107/1148 1039/1111/1152 1038/1112/1153
f 1035/1109/1150 1036/1063/1102 1044/1069/1108 1043/1113/1154
f 1033/1067/1106 1034/1110/1151 1042/1114/1155 1041/1073/1112
f 1034/1110/1151 1035/1109/1150 1043/1113/1154 1042/1114/1155
f 1039/1111/1152 1040/1068/1107 1048/1074/1113 1047/1115/1156
f 1037/1065/1104 1038/1112/1153 1046/1116/1157 1045/1071/1110
f 1038/1112/1153 1039/1111/1152 1047/1115/1156 1046/1116/1157
f 1043/1113/1154 1044/1069/1108 1052/1075/1114 1051/1117/1158
f 1041/1073/1112 1042/1114/1155 1050/1118/1159 1049/1079/1118
f 1042/1114/1155 1043/1113/1154 1051/1117/1158 1050/1118/1159
f 1047/1115/1156 1048/1074/1113 1056/1080/1119 1055/1119/1160
f 1045/1071/1110 1046/1116/1157 1054/1120/1161 1053/1077/1116
f 1046/1116/1157 1047/1115/1156 1055/1119/1160 1054/1120/1161
f 1051/1117/1158 1052/1075/1114 1060/1081/1120 1059/1121/1162
f 1049/1079/1118 1050/1118/1159 1058/1122/1163 1057/1085/1124
f 1050/1118/1159 1051/1117/1158 1059/1121/1162 1058/1122/1163
f 1055/1119/1160 1056/1080/1119 1064/1086/1125 1063/1123/1164
f 1053/1077/1116 1054/1120/1161 1062/1124/1165 1061/1083/1122
f 1054/1120/1161 1055/1119/1160 1063/1123/1164 1062/1124/1165
f 1059/1121/1162 1060/1081/1120 1068/1087/1126 1067/1125/1166
f 1057/1085/1124 1058/1122/1163 1066/1126/1167 1065/1089/1130
f 1058/1122/1163 1059/1121/1162 1067/1125/1166 1066/1126/1167
f 1063/3355/1164 1064/3352/1125 1072/1090/1131 1071/1127/1168
f 1061/3354/1122 1062/3353/1165 1070/1128/1169 1069/3349/1128
f 1062/3353/1165 1063/3355/1164 1071/1127/1168 1070/1128/1169
f 1067/1125/1166 1068/1087/1126 1076/1091/1132 1075/1129/1170
f 1065/1089/1130 1066/1126/1167 1074/1130/1171 1073/1095/1136
f 1066/1126/1167 1067/1125/1166 1075/1129/1170 1074/1130/1171
f 1071/1127/1168 1072/1090/1131 1080/1096/1137 1079/1131/1172
f 1069/3349/1128 1070/1128/1169 1078/1132/1173 1077/1093/1134
f 1070/1128/1169 1071/1127/1168 1079/1131/1172 1078/1132/1173
f 1073/1095/1136 1074/1130/1171 1079/1131/1172 1080/1096/1137
f 1074/1130/1171 1075/1129/1170 1078/1132/1173 1079/1131/1172
f 1075/1129/1170 1076/1091/1132 1077/1093/1134 1078/1132/1173
f 115/1133/1174 114/1134/1175 1082/1135/1176 1081/1136/1177
f 116/1137/1178 115/1133/1174 1081/1136/1177 1083/1138/1179
f 114/1134/1175 117/1139/1180 1084/1140/1181 1082/1135/1176
f 126/1141/1182 116/1137/1178 1083/1138/1179 1085/1142/1183
f 117/1139/1180 127/1143/1184 1086/1144/1185 1084/1140/1181
f 156/1145/1186 126/1141/1182 1085/1142/1183 1087/1146/1187
f 127/1143/1184 157/1147/1188 1088/1148/1189 1086/1144/1185
f 200/1149/1190 156/1145/1186 1087/1146/1187 1089/1150/1191
f 157/1147/1188 201/1151/1192 1090/1152/1193 1088/1148/1189
f 232/1153/1194 200/1149/1190 1089/1150/1191 1091/1154/1195
f 201/1151/1192 233/1155/1196 1092/1156/1197 1090/1152/1193
f 264/1157/1198 232/1153/1194 1091/1154/1195 1093/1158/1199
f 233/1155/1196 265/1159/1200 1094/1160/1201 1092/1156/1197
f 294/1161/1202 264/1157/1198 1093/1158/1199 1095/1162/1203
f 265/1159/1200 295/1163/1204 1096/1164/1205 1094/1160/1201
f 314/1165/1206 294/1161/1202 1095/1162/1203 1097/1166/1207
f 295/3378/1204 315/1167/1208 1098/3357/1209 1096/3356/1205
f 338/1168/1210 314/1165/1206 1097/1166/1207 1099/1169/1211
f 315/1167/1208 339/1170/1212 1100/1171/1213 1098/3357/1209
f 339/1170/1212 338/1168/1210 1099/1169/1211 1100/1171/1213
f 1081/1136/1177 1082/1135/1176 1102/1172/1214 1101/1173/1215
f 1083/1138/1179 1081/1136/1177 1101/1173/1215 1103/1174/1216
f 1082/1135/1176 1084/1140/1181 1104/1175/1217 1102/1172/1214
f 1085/1142/1183 1083/1138/1179 1103/1174/1216 1105/1176/1218
f 1084/1140/1181 1086/1144/1185 1106/1177/1219 1104/1175/1217
f 1087/1146/1187 1085/1142/1183 1105/1176/1218 1107/1178/1220
f 1086/1144/1185 1088/1148/1189 1108/1179/1221 1106/1177/1219
f 1089/1150/1191 1087/1146/1187 1107/1178/1220 1109/1180/1222
f 1088/1148/1189 1090/1152/1193 1110/1181/1223 1108/1179/1221
f 1091/1154/1195 1089/1150/1191 1109/1180/1222 1111/1182/1224
f 1090/1152/1193 1092/1156/1197 1112/1183/1225 1110/1181/1223
f 1093/1158/1199 1091/1154/1195 1111/1182/1224 1113/1184/1226
f 1092/1156/1197 1094/1160/1201 1114/1185/1227 1112/1183/1225
f 1095/1162/1203 1093/1158/1199 1113/1184/1226 1115/1186/1228
f 1094/1160/1201 1096/1164/1205 1116/1187/1229 1114/1185/1227
f 1097/1166/1207 1095/1162/1203 1115/1186/1228 1117/1188/1230
f 1096/3356/1205 1098/3357/1209 1118/3359/1231 1116/3358/1229
f 1099/1169/1211 1097/1166/1207 1117/1188/1230 1119/1189/1232
f 1098/3357/1209 1100/1171/1213 1120/1190/1233 1118/3359/1231
f 1100/1171/1213 1099/1169/1211 1119/1189/1232 1120/1190/1233
f 1101/1173/1215 1102/1172/1214 1122/1191/1234 1121/1192/1235
f 1103/1174/1216 1101/1173/1215 1121/1192/1235 1123/1193/1236
f 1102/1172/1214 1104/1175/1217 1124/1194/1237 1122/1191/1234
f 1105/1176/1218 1103/1174/1216 1123/1193/1236 1125/1195/1238
f 1104/1175/1217 1106/1177/1219 1126/1196/1239 1124/1194/1237
f 1107/1178/1220 1105/1176/1218 1125/1195/1238 1127/1197/1240
f 1106/1177/1219 1108/1179/1221 1128/1198/1241 1126/1196/1239
f 1109/1180/1222 1107/1178/1220 1127/1197/1240 1129/1199/1242
f 1108/1179/1221 1110/1181/1223 1130/1200/1243 1128/1198/1241
f 1111/1182/1224 1109/1180/1222 1129/1199/1242 1131/1201/1244
f 1110/1181/1223 1112/1183/1225 1132/1202/1245 1130/1200/1243
f 1113/1184/1226 1111/1182/1224 1131/1201/1244 1133/1203/1246
f 1112/1183/1225 1114/1185/1227 1134/1204/1247 1132/1202/1245
f 1115/1186/1228 1113/1184/1226 1133/1203/1246 1135/1205/1248
f 1114/1185/1227 1116/1187/1229 1136/1206/1249 1134/1204/1247
f 1117/1188/1230 1115/1186/1228 1135/1205/1248 1137/1207/1250
f 1116/3358/1229 1118/3359/1231 1138/3361/1251 1136/3360/1249
f 1119/1189/1232 1117/1188/1230 1137/1207/1250 1139/1208/1252
f 1118/3359/1231 1120/1190/1233 1140/1209/1253 1138/3361/1251
f 1120/1190/1233 1119/1189/1232 1139/1208/1252 1140/1209/1253
f 1121/1192/1235 1122/1191/1234 1142/1210/1254 1141/1211/1255
f 1123/1193/1236 1121/1192/1235 1141/1211/1255 1143/1212/1256
f 1122/1191/1234 1124/1194/1237 1144/1213/1257 1142/1210/1254
f 1125/1195/1238 1123/1193/1236 1143/1212/1256 1145/1214/1258
f 1124/1194/1237 1126/1196/1239 1146/1215/1259 1144/1213/1257
f 1127/1197/1240 1125/1195/1238 1145/1214/1258 1147/1216/1260
f 1126/1196/1239 1128/1198/1241 1148/1217/1261 1146/1215/1259
f 1129/1199/1242 1127/1197/1240 1147/1216/1260 1149/1218/1262
f 1128/1198/1241 1130/1200/1243 1150/1219/1263 1148/1217/1261
f 1131/1201/1244 1129/1199/1242 1149/1218/1262 1151/1220/1264
f 1130/1200/1243 1132/1202/1245 1152/1221/1265 1150/1219/1263
f 1133/1203/1246 1131/1201/1244 1151/1220/1264 1153/1222/1266
f 1132/1202/1245 1134/1204/1247 1154/1223/1267 1152/1221/1265
f 1135/1205/1248 1133/1203/1246 1153/1222/1266 1155/1224/1268
f 1134/1204/1247 1136/1206/1249 1156/1225/1269 1154/1223/1267
f 1137/1207/1250 1135/1205/1248 1155/1224/1268 1157/1226/1270
f 1136/3360/1249 1138/3361/1251 1158/3363/1271 1156/3362/1269
f 1139/1208/1252 1137/1207/1250 1157/1226/1270 1159/1227/1272
f 1138/3361/1251 1140/1209/1253 1160/1228/1273 1158/3363/1271
f 1140/1209/1253 1139/1208/1252 1159/1227/1272 1160/1228/1273
f 1141/1211/1255 1142/1210/1254 1162/1229/1274 1161/1230/1275
f 1143/1212/1256 1141/1211/1255 1161/1230/1275 1163/1231/1276
f 1142/1210/1254 1144/1213/1257 1164/1232/1277 1162/1229/1274
f 1145/1214/1258 1143/1212/1256 1163/1231/1276 1165/1233/1278
f 1144/1213/1257 1146/1215/1259 1166/1234/1279 1164/1232/1277
f 1147/1216/1260 1145/1214/1258 1165/1233/1278 1167/1235/1280
f 1146/1215/1259 1148/1217/1261 1168/1236/1281 1166/1234/1279
f 1149/1218/1262 1147/1216/1260 1167/1235/1280 1169/1237/1282
f 1148/1217/1261 1150/1219/1263 1170/1238/1283 1168/1236/1281
f 1151/1220/1264 1149/1218/1262 1169/1237/1282 1171/1239/1284
f 1150/1219/1263 1152/1221/1265 1172/1240/1285 1170/1238/1283
f 1153/1222/1266 1151/1220/1264 1171/1239/1284 1173/1241/1286
f 1152/1221/1265 1154/1223/1267 1174/1242/1287 1172/1240/1285
f 1155/1224/1268 1153/1222/1266 1173/1241/1286 1175/1243/1288
f 1154/1223/1267 1156/1225/1269 1176/1244/1289 1174/1242/1287
f 1157/1226/1270 1155/1224/1268 1175/1243/1288 1177/1245/1290
f 1156/3362/1269 1158/3363/1271 1178/3365/1291 1176/3364/1289
f 1159/1227/1272 1157/1226/1270 1177/1245/1290 1179/1246/1292
f 1158/3363/1271 1160/1228/1273 1180/1247/1293 1178/3365/1291
f 1160/1228/1273 1159/1227/1272 1179/1246/1292 1180/1247/1293
f 1161/1230/1275 1162/1229/1274 1182/1248/1294 1181/1249/1295
f 1163/1231/1276 1161/1230/1275 1181/1249/1295 1183/1250/1296
f 1162/1229/1274 1164/1232/1277 1184/1251/1297 1182/1248/1294
f 1165/1233/1278 1163/1231/1276 1183/1250/1296 1185/1252/1298
f 1164/1232/1277 1166/1234/1279 1186/1253/1299 1184/1251/1297
f 1167/1235/1280 1165/1233/1278 1185/1252/1298 1187/1254/1300
f 1166/1234/1279 1168/1236/1281 1188/1255/1301 1186/1253/1299
f 1169/1237/1282 1167/1235/1280 1187/1254/1300 1189/1256/1302
f 1168/1236/1281 1170/1238/1283 1190/1257/1303 1188/1255/1301
f 1171/1239/1284 1169/1237/1282 1189/1256/1302 1191/1258/1304
f 1170/1238/1283 1172/1240/1285 1192/1259/1305 1190/1257/1303
f 1173/1241/1286 1171/1239/1284 1191/1258/1304 1193/1260/1306
f 1172/1240/1285 1174/1242/1287 1194/1261/1307 1192/1259/1305
f 1175/1243/1288 1173/1241/1286 1193/1260/1306 1195/1262/1308
f 1174/1242/1287 1176/1244/1289 1196/1263/1309 1194/1261/1307
f 1177/1245/1290 1175/1243/1288 1195/1262/1308 1197/1264/1310
f 1176/3364/1289 1178/3365/1291 1198/3367/1311 1196/3366/1309
f 1179/1246/1292 1177/1245/1290 1197/1264/1310 1199/1265/1312
f 1178/3365/1291 1180/1247/1293 1200/1266/1313 1198/3367/1311
f 1180/1247/1293 1179/1246/1292 1199/1265/1312 1200/1266/1313
f 1181/1249/1295 1182/1248/1294 1202/1267/1314 1201/1268/1315
f 1183/1250/1296 1181/1249/1295 1201/1268/1315 1203/1269/1316
f 1182/1248/1294 1184/1251/1297 1204/1270/1317 1202/1267/1314
f 1185/1252/1298 1183/1250/1296 1203/1269/1316 1205/1271/1318
f 1184/1251/1297 1186/1253/1299 1206/1272/1319 1204/1270/1317
f 1187/1254/1300 1185/1252/1298 1205/1271/1318 1207/1273/1320
f 1186/1253/1299 1188/1255/1301 1208/1274/1321 1206/1272/1319
f 1189/1256/1302 1187/1254/1300 1207/1273/1320 1209/1275/1322
f 1188/1255/1301 1190/1257/1303 1210/1276/1323 1208/1274/1321
f 1191/1258/1304 1189/1256/1302 1209/1275/1322 1211/1277/1324
f 1190/1257/1303 1192/1259/1305 1212/1278/1325 1210/1276/1323
f 1193/1260/1306 1191/1258/1304 1211/1277/1324 1213/1279/1326
f 1192/1259/1305 1194/1261/1307 1214/1280/1327 1212/1278/1325
f 1195/1262/1308 1193/1260/1306 1213/1279/1326 1215/1281/1328
f 1194/1261/1307 1196/1263/1309 1216/1282/1329 1214/1280/1327
f 1197/1264/1310 1195/1262/1308 1215/1281/1328 1217/1283/1330
f 1196/3366/1309 1198/3367/1311 1218/3387/1331 1216/3368/1329
f 1199/1265/1312 1197/1264/1310 1217/1283/1330 1219/1284/1332
f 1198/3367/1311 1200/1266/1313 1220/1285/1333 1218/3387/1331
f 1200/1266/1313 1199/1265/1312 1219/1284/1332 1220/1285/1333
f 1225/1286/1334 1224/1287/1335 1232/1288/1336 1231/1289/1337
f 1224/1287/1335 1223/1290/1338 1233/1291/1339 1232/1288/1336
f 1223/1290/1338 1222/1292/1340 1234/1293/1341 1233/1291/1339
f 1222/1292/1340 1221/1294/1342 1235/1295/1343 1234/1293/1341
f 1221/1294/1342 1226/1296/1344 1321/1297/1345 1322/1298/1346
f 1235/1295/1343 1221/1294/1342 1322/1298/1346 1323/1299/1347
f 1226/1296/1344 1236/1300/1348 1340/1301/1349 1321/1297/1345
f 118/1012/1350 119/1011/1351 1230/1302/1352 1225/1286/1334
f 120/1014/1353 118/1012/1350 1225/1286/1334 1231/1289/1337
f 119/1011/1351 121/1016/1354 1240/1303/1355 1230/1302/1352
f 1245/1304/1356 1235/1295/1343 1323/1299/1347 1324/1305/1357
f 1236/1300/1348 1246/1306/1358 1339/1307/1359 1340/1301/1349
f 136/1020/1360 120/1014/1353 1231/1289/1337 1241/1308/1361
f 121/1016/1354 137/1022/1362 1250/1309/1363 1240/1303/1355
f 1255/1310/1364 1245/1304/1356 1324/1305/1357 1325/1311/1365
f 1246/1306/1358 1256/1312/1366 1338/1313/1367 1339/1307/1359
f 168/1026/1368 136/1020/1360 1241/1308/1361 1251/1314/1369
f 137/1022/1362 169/1028/1370 1260/1315/1371 1250/1309/1363
f 1265/1316/1372 1255/1310/1364 1325/1311/1365 1326/1317/1373
f 1256/1312/1366 1266/1318/1374 1337/1319/1375 1338/1313/1367
f 205/1064/1376 168/1026/1368 1251/1314/1369 1261/1320/1377
f 169/1028/1370 206/1066/1378 1270/1321/1379 1260/1315/1371
f 1275/1322/1380 1265/1316/1372 1326/1317/1373 1327/1323/1381
f 1266/1318/1374 1276/1324/1382 1336/1325/1383 1337/1319/1375
f 240/1070/1384 205/1064/1376 1261/1320/1377 1271/1326/1385
f 206/1066/1378 241/1072/1386 1280/1327/1387 1270/1321/1379
f 1285/1328/1388 1275/1322/1380 1327/1323/1381 1328/1329/1389
f 1276/1324/1382 1286/1330/1390 1335/1331/1391 1336/1325/1383
f 278/1076/1392 240/1070/1384 1271/1326/1385 1281/1332/1393
f 241/1072/1386 279/1078/1394 1290/1333/1395 1280/1327/1387
f 1295/1334/1396 1285/1328/1388 1328/1329/1389 1329/1335/1397
f 1286/1330/1390 1296/1336/1398 1334/1337/1399 1335/1331/1391
f 309/1082/1400 278/1076/1392 1281/1332/1393 1291/1338/1401
f 279/1078/1394 310/1084/1402 1300/1339/1403 1290/1333/1395
f 1305/1340/1404 1295/1334/1396 1329/1335/1397 1330/1341/1405
f 1296/3376/1398 1306/3369/1406 1333/3370/1407 1334/3371/1399
f 340/1088/1408 309/1082/1400 1291/1338/1401 1301/1342/1409
f 310/3350/1402 341/3372/1410 1310/1343/1411 1300/3373/1403
f 1311/1344/1412 1305/1340/1404 1330/1341/1405 1331/1345/1413
f 1306/3369/1406 1316/1346/1414 1332/1347/1415 1333/3370/1407
f 1316/1346/1414 1311/1344/1412 1331/1345/1413 1332/1347/1415
f 357/1092/1416 340/1088/1408 1301/1342/1409 1315/1348/1417
f 341/3372/1410 358/1094/1418 1320/1349/1419 1310/1343/1411
f 358/1094/1418 357/1092/1416 1315/1348/1417 1320/1349/1419
f 1224/1287/1335 1225/1286/1334 1230/1302/1352 1229/1350/1420
f 1223/1290/1338 1224/1287/1335 1229/1350/1420 1228/1351/1421
f 1221/1294/1342 1222/1292/1340 1227/1352/1422 1226/1296/1344
f 1222/1292/1340 1223/1290/1338 1228/1351/1421 1227/1352/1422
f 1229/1350/1420 1230/1302/1352 1240/1303/1355 1239/1353/1423
f 1228/1351/1421 1229/1350/1420 1239/1353/1423 1238/1354/1424
f 1226/1296/1344 1227/1352/1422 1237/1355/1425 1236/1300/1348
f 1227/1352/1422 1228/1351/1421 1238/1354/1424 1237/1355/1425
f 1234/1293/1341 1235/1295/1343 1245/1304/1356 1244/1356/1426
f 1233/1291/1339 1234/1293/1341 1244/1356/1426 1243/1357/1427
f 1231/1289/1337 1232/1288/1336 1242/1358/1428 1241/1308/1361
f 1232/1288/1336 1233/1291/1339 1243/1357/1427 1242/1358/1428
f 1239/1353/1423 1240/1303/1355 1250/1309/1363 1249/1359/1429
f 1238/1354/1424 1239/1353/1423 1249/1359/1429 1248/1360/1430
f 1236/1300/1348 1237/1355/1425 1247/1361/1431 1246/1306/1358
f 1237/1355/1425 1238/1354/1424 1248/1360/1430 1247/1361/1431
f 1244/1356/1426 1245/1304/1356 1255/1310/1364 1254/1362/1432
f 1243/1357/1427 1244/1356/1426 1254/1362/1432 1253/1363/1433
f 1241/1308/1361 1242/1358/1428 1252/1364/1434 1251/1314/1369
f 1242/1358/1428 1243/1357/1427 1253/1363/1433 1252/1364/1434
f 1249/1359/1429 1250/1309/1363 1260/1315/1371 1259/1365/1435
f 1248/1360/1430 1249/1359/1429 1259/1365/1435 1258/1366/1436
f 1246/1306/1358 1247/1361/1431 1257/1367/1437 1256/1312/1366
f 1247/1361/1431 1248/1360/1430 1258/1366/1436 1257/1367/1437
f 1254/1362/1432 1255/1310/1364 1265/1316/1372 1264/1368/1438
f 1253/1363/1433 1254/1362/1432 1264/1368/1438 1263/1369/1439
f 1251/1314/1369 1252/1364/1434 1262/1370/1440 1261/1320/1377
f 1252/1364/1434 1253/1363/1433 1263/1369/1439 1262/1370/1440
f 1259/1365/1435 1260/1315/1371 1270/1321/1379 1269/1371/1441
f 1258/1366/1436 1259/1365/1435 1269/1371/1441 1268/1372/1442
f 1256/1312/1366 1257/1367/1437 1267/1373/1443 1266/1318/1374
f 1257/1367/1437 1258/1366/1436 1268/1372/1442 1267/1373/1443
f 1264/1368/1438 1265/1316/1372 1275/1322/1380 1274/1374/1444
f 1263/1369/1439 1264/1368/1438 1274/1374/1444 1273/1375/1445
f 1261/1320/1377 1262/1370/1440 1272/1376/1446 1271/1326/1385
f 1262/1370/1440 1263/1369/1439 1273/1375/1445 1272/1376/1446
f 1269/1371/1441 1270/1321/1379 1280/1327/1387 1279/1377/1447
f 1268/1372/1442 1269/1371/1441 1279/1377/1447 1278/1378/1448
f 1266/1318/1374 1267/1373/1443 1277/1379/1449 1276/1324/1382
f 1267/1373/1443 1268/1372/1442 1278/1378/1448 1277/1379/1449
f 1274/1374/1444 1275/1322/1380 1285/1328/1388 1284/1380/1450
f 1273/1375/1445 1274/1374/1444 1284/1380/1450 1283/1381/1451
f 1271/1326/1385 1272/1376/1446 1282/1382/1452 1281/1332/1393
f 1272/1376/1446 1273/1375/1445 1283/1381/1451 1282/1382/1452
f 1279/1377/1447 1280/1327/1387 1290/1333/1395 1289/1383/1453
f 1278/1378/1448 1279/1377/1447 1289/1383/1453 1288/1384/1454
f 1276/1324/1382 1277/1379/1449 1287/1385/1455 1286/1330/1390
f 1277/1379/1449 1278/1378/1448 1288/1384/1454 1287/1385/1455
f 1284/1380/1450 1285/1328/1388 1295/1334/1396 1294/1386/1456
f 1283/1381/1451 1284/1380/1450 1294/1386/1456 1293/1387/1457
f 1281/1332/1393 1282/1382/1452 1292/1388/1458 1291/1338/1401
f 1282/1382/1452 1283/1381/1451 1293/1387/1457 1292/1388/1458
f 1289/1383/1453 1290/1333/1395 1300/1339/1403 1299/1389/1459
f 1288/1384/1454 1289/1383/1453 1299/1389/1459 1298/1390/1460
f 1286/1330/1390 1287/1385/1455 1297/1391/1461 1296/1336/1398
f 1287/1385/1455 1288/1384/1454 1298/1390/1460 1297/1391/1461
f 1294/1386/1456 1295/1334/1396 1305/1340/1404 1304/1392/1462
f 1293/1387/1457 1294/1386/1456 1304/1392/1462 1303/1393/1463
f 1291/1338/1401 1292/1388/1458 1302/1394/1464 1301/1342/1409
f 1292/1388/1458 1293/1387/1457 1303/1393/1463 1302/1394/1464
f 1299/3374/1459 1300/3373/1403 1310/1343/1411 1309/1395/1465
f 1298/3377/1460 1299/3374/1459 1309/1395/1465 1308/1396/1466
f 1296/3376/1398 1297/3375/1461 1307/1397/1467 1306/3369/1406
f 1297/3375/1461 1298/3377/1460 1308/1396/1466 1307/1397/1467
f 1309/1395/1465 1310/1343/1411 1320/1349/1419 1319/1398/1468
f 1308/1396/1466 1309/1395/1465 1319/1398/1468 1318/1399/1469
f 1306/3369/1406 1307/1397/1467 1317/1400/1470 1316/1346/1414
f 1307/1397/1467 1308/1396/1466 1318/1399/1469 1317/1400/1470
f 1301/1342/1409 1302/1394/1464 1314/1401/1471 1315/1348/1417
f 1302/1394/1464 1303/1393/1463 1313/1402/1472 1314/1401/1471
f 1303/1393/1463 1304/1392/1462 1312/1403/1473 1313/1402/1472
f 1304/1392/1462 1305/1340/1404 1311/1344/1412 1312/1403/1473
f 1315/1348/1417 1314/1401/1471 1319/1398/1468 1320/1349/1419
f 1314/1401/1471 1313/1402/1472 1318/1399/1469 1319/1398/1468
f 1313/1402/1472 1312/1403/1473 1317/1400/1470 1318/1399/1469
f 1312/1403/1473 1311/1344/1412 1316/1346/1414 1317/1400/1470
f 1322/1298/1346 1321/1297/1345 114/1134/1175 115/1133/1174
f 1323/1299/1347 1322/1298/1346 115/1133/1174 116/1137/1178
f 1324/1305/1357 1323/1299/1347 116/1137/1178 126/1141/1182
f 1325/1311/1365 1324/1305/1357 126/1141/1182 156/1145/1186
f 1326/1317/1373 1325/1311/1365 156/1145/1186 200/1149/1190
f 1327/1323/1381 1326/1317/1373 200/1149/1190 232/1153/1194
f 1328/1329/1389 1327/1323/1381 232/1153/1194 264/1157/1198
f 1329/1335/1397 1328/1329/1389 264/1157/1198 294/1161/1202
f 1330/1341/1405 1329/1335/1397 294/1161/1202 314/1165/1206
f 1331/1345/1413 1330/1341/1405 314/1165/1206 338/1168/1210
f 1332/1347/1415 1331/1345/1413 338/1168/1210 339/1170/1212
f 1333/3370/1407 1332/1347/1415 339/1170/1212 315/1167/1208
f 1334/3371/1399 1333/3370/1407 315/1167/1208 295/3378/1204
f 1335/1331/1391 1334/1337/1399 295/1163/1204 265/1159/1200
f 1336/1325/1383 1335/1331/1391 265/1159/1200 233/1155/1196
f 1337/1319/1375 1336/1325/1383 233/1155/1196 201/1151/1192
f 1338/1313/1367 1337/1319/1375 201/1151/1192 157/1147/1188
f 1339/1307/1359 1338/1313/1367 157/1147/1188 127/1143/1184
f 1340/1301/1349 1339/1307/1359 127/1143/1184 117/1139/1180
f 1321/1297/1345 1340/1301/1349 117/1139/1180 114/1134/1175
f 1348/1404/1474 1349/1405/1475 1367/1406/1476 1366/1407/1477
f 1347/1408/1478 1348/1404/1474 1366/1407/1477 1365/1409/1479
f 1346/1410/1480 1347/1408/1478 1365/1409/1479 1364/1411/1481
f 1345/1412/1482 1346/1410/1480 1364/1411/1481 1363/1413/1483
f 1344/1414/1484 1345/1412/1482 1363/1413/1483 1362/1415/1485
f 1343/1416/1486 1344/1414/1484 1362/1415/1485 1361/1417/1487
f 1341/1418/1488 1342/1419/1489 1360/1420/1490 1359/1421/1491
f 1342/1419/1489 1343/1416/1486 1361/1417/1487 1360/1420/1490
f 1349/1405/1475 1348/1404/1474 1357/1422/1492 1358/1423/1493
f 1348/1404/1474 1347/1408/1478 1356/1424/1494 1357/1422/1492
f 1347/1408/1478 1346/1410/1480 1355/1425/1495 1356/1424/1494
f 1346/1410/1480 1345/1412/1482 1354/1426/1496 1355/1425/1495
f 1345/1412/1482 1344/1414/1484 1353/1427/1497 1354/1426/1496
f 1344/1414/1484 1343/1416/1486 1352/1428/1498 1353/1427/1497
f 1343/1416/1486 1342/1419/1489 1351/1429/1499 1352/1428/1498
f 1342/1419/1489 1341/1418/1488 1350/1430/1500 1351/1429/1499
f 1366/1407/1477 1367/1406/1476 1385/1431/1501 1384/1432/1502
f 1365/1409/1479 1366/1407/1477 1384/1432/1502 1383/1433/1503
f 1364/1411/1481 1365/1409/1479 1383/1433/1503 1382/1434/1504
f 1363/1413/1483 1364/1411/1481 1382/1434/1504 1381/1435/1505
f 1362/1415/1485 1363/1413/1483 1381/1435/1505 1380/1436/1506
f 1361/1417/1487 1362/1415/1485 1380/1436/1506 1379/1437/1507
f 1359/1421/1491 1360/1420/1490 1378/1438/1508 1377/1439/1509
f 1360/1420/1490 1361/1417/1487 1379/1437/1507 1378/1438/1508
f 1358/1423/1493 1357/1422/1492 1375/1440/1510 1376/1441/1511
f 1357/1422/1492 1356/1424/1494 1374/1442/1512 1375/1440/1510
f 1356/1424/1494 1355/1425/1495 1373/1443/1513 1374/1442/1512
f 1355/1425/1495 1354/1426/1496 1372/1444/1514 1373/1443/1513
f 1354/1426/1496 1353/1427/1497 1371/1445/1515 1372/1444/1514
f 1353/1427/1497 1352/1428/1498 1370/1446/1516 1371/1445/1515
f 1352/1428/1498 1351/1429/1499 1369/1447/1517 1370/1446/1516
f 1351/1429/1499 1350/1430/1500 1368/1448/1518 1369/1447/1517
f 1384/1432/1502 1385/1431/1501 1403/1449/1519 1402/1450/1520
f 1383/1433/1503 1384/1432/1502 1402/1450/1520 1401/1451/1521
f 1382/1434/1504 1383/1433/1503 1401/1451/1521 1400/1452/1522
f 1381/1435/1505 1382/1434/1504 1400/1452/1522 1399/1453/1523
f 1380/1436/1506 1381/1435/1505 1399/1453/1523 1398/1454/1524
f 1379/1437/1507 1380/1436/1506 1398/1454/1524 1397/1455/1525
f 1377/1439/1509 1378/1438/1508 1396/1456/1526 1395/1457/1527
f 1378/1438/1508 1379/1437/1507 1397/1455/1525 1396/1456/1526
f 1376/1441/1511 1375/1440/1510 1393/1458/1528 1394/1459/1529
f 1375/1440/1510 1374/1442/1512 1392/1460/1530 1393/1458/1528
f 1374/1442/1512 1373/1443/1513 1391/1461/1531 1392/1460/1530
f 1373/1443/1513 1372/1444/1514 1390/1462/1532 1391/1461/1531
f 1372/1444/1514 1371/1445/1515 1389/1463/1533 1390/1462/1532
f 1371/1445/1515 1370/1446/1516 1388/1464/1534 1389/1463/1533
f 1370/1446/1516 1369/1447/1517 1387/1465/1535 1388/1464/1534
f 1369/1447/1517 1368/1448/1518 1386/1466/1536 1387/1465/1535
f 1402/1450/1520 1403/1449/1519 1421/1467/1537 1420/1468/1538
f 1401/1451/1521 1402/1450/1520 1420/1468/1538 1419/1469/1539
f 1400/1452/1522 1401/1451/1521 1419/1469/1539 1418/1470/1540
f 1399/1453/1523 1400/1452/1522 1418/1470/1540 1417/1471/1541
f 1398/1454/1524 1399/1453/1523 1417/1471/1541 1416/1472/1542
f 1397/1455/1525 1398/1454/1524 1416/1472/1542 1415/1473/1543
f 1395/1457/1527 1396/1456/1526 1414/1474/1544 1413/1475/1545
f 1396/1456/1526 1397/1455/1525 1415/1473/1543 1414/1474/1544
f 1394/1459/1529 1393/1458/1528 1411/1476/1546 1412/1477/1547
f 1393/1458/1528 1392/1460/1530 1410/1478/1548 1411/1476/1546
f 1392/1460/1530 1391/1461/1531 1409/1479/1549 1410/1478/1548
f 1391/1461/1531 1390/1462/1532 1408/1480/1550 1409/1479/1549
f 1390/1462/1532 1389/1463/1533 1407/1481/1551 1408/1480/1550
f 1389/1463/1533 1388/1464/1534 1406/1482/1552 1407/1481/1551
f 1388/1464/1534 1387/1465/1535 1405/1483/1553 1406/1482/1552
f 1387/1465/1535 1386/1466/1536 1404/1484/1554 1405/1483/1553
f 1420/1468/1538 1421/1467/1537 1439/1485/1555 1438/1486/1556
f 1419/1469/1539 1420/1468/1538 1438/1486/1556 1437/1487/1557
f 1418/1470/1540 1419/1469/1539 1437/1487/1557 1436/1488/1558
f 1417/1471/1541 1418/1470/1540 1436/1488/1558 1435/1489/1559
f 1416/1472/1542 1417/1471/1541 1435/1489/1559 1434/1490/1560
f 1415/1473/1543 1416/1472/1542 1434/1490/1560 1433/1491/1561
f 1413/1475/1545 1414/1474/1544 1432/1492/1562 1431/1493/1563
f 1414/1474/1544 1415/1473/1543 1433/1491/1561 1432/1492/1562
f 1412/1477/1547 1411/1476/1546 1429/1494/1564 1430/1495/1565
f 1411/1476/1546 1410/1478/1548 1428/1496/1566 1429/1494/1564
f 1410/1478/1548 1409/1479/1549 1427/1497/1567 1428/1496/1566
f 1409/1479/1549 1408/1480/1550 1426/1498/1568 1427/1497/1567
f 1408/1480/1550 1407/1481/1551 1425/1499/1569 1426/1498/1568
f 1407/1481/1551 1406/1482/1552 1424/1500/1570 1425/1499/1569
f 1406/1482/1552 1405/1483/1553 1423/1501/1571 1424/1500/1570
f 1405/1483/1553 1404/1484/1554 1422/1502/1572 1423/1501/1571
f 1438/1486/1556 1439/1485/1555 1457/1503/1573 1456/1504/1574
f 1437/1487/1557 1438/1486/1556 1456/1504/1574 1455/1505/1575
f 1436/1488/1558 1437/1487/1557 1455/1505/1575 1454/1506/1576
f 1435/1489/1559 1436/1488/1558 1454/1506/1576 1453/1507/1577
f 1434/1490/1560 1435/1489/1559 1453/1507/1577 1452/1508/1578
f 1433/1491/1561 1434/1490/1560 1452/1508/1578 1451/1509/1579
f 1431/1493/1563 1432/1492/1562 1450/1510/1580 1449/1511/1581
f 1432/1492/1562 1433/1491/1561 1451/1509/1579 1450/1510/1580
f 1430/1495/1565 1429/1494/1564 1447/1512/1582 1448/1513/1583
f 1429/1494/1564 1428/1496/1566 1446/1514/1584 1447/1512/1582
f 1428/1496/1566 1427/1497/1567 1445/1515/1585 1446/1514/1584
f 1427/1497/1567 1426/1498/1568 1444/1516/1586 1445/1515/1585
f 1426/1498/1568 1425/1499/1569 1443/1517/1587 1444/1516/1586
f 1425/1499/1569 1424/1500/1570 1442/1518/1588 1443/1517/1587
f 1424/1500/1570 1423/1501/1571 1441/1519/1589 1442/1518/1588
f 1423/1501/1571 1422/1502/1572 1440/1520/1590 1441/1519/1589
f 1456/1504/1574 1457/1503/1573 1475/1521/1591 1474/1522/1592
f 1455/1505/1575 1456/1504/1574 1474/1522/1592 1473/1523/1593
f 1454/1506/1576 1455/1505/1575 1473/1523/1593 1472/1524/1594
f 1453/1507/1577 1454/1506/1576 1472/1524/1594 1471/1525/1595
f 1452/1508/1578 1453/1507/1577 1471/1525/1595 1470/1526/1596
f 1451/1509/1579 1452/1508/1578 1470/1526/1596 1469/1527/1597
f 1449/1511/1581 1450/1510/1580 1468/1528/1598 1467/1529/1599
f 1450/1510/1580 1451/1509/1579 1469/1527/1597 1468/1528/1598
f 1448/1513/1583 1447/1512/1582 1465/1530/1600 1466/1531/1601
f 1447/1512/1582 1446/1514/1584 1464/1532/1602 1465/1530/1600
f 1446/1514/1584 1445/1515/1585 1463/1533/1603 1464/1532/1602
f 1445/1515/1585 1444/1516/1586 1462/1534/1604 1463/1533/1603
f 1444/1516/1586 1443/1517/1587 1461/1535/1605 1462/1534/1604
f 1443/1517/1587 1442/1518/1588 1460/1536/1606 1461/1535/1605
f 1442/1518/1588 1441/1519/1589 1459/1537/1607 1460/1536/1606
f 1441/1519/1589 1440/1520/1590 1458/1538/1608 1459/1537/1607
f 1474/1522/1592 1475/1521/1591 1493/1539/1609 1492/1540/1610
f 1473/1523/1593 1474/1522/1592 1492/1540/1610 1491/1541/1611
f 1472/1524/1594 1473/1523/1593 1491/1541/1611 1490/1542/1612
f 1471/1525/1595 1472/1524/1594 1490/1542/1612 1489/1543/1613
f 1470/1526/1596 1471/1525/1595 1489/1543/1613 1488/1544/1614
f 1469/1527/1597 1470/1526/1596 1488/1544/1614 1487/1545/1615
f 1467/1529/1599 1468/1528/1598 1486/1546/1616 1485/1547/1617
f 1468/1528/1598 1469/1527/1597 1487/1545/1615 1486/1546/1616
f 1466/1531/1601 1465/1530/1600 1483/1548/1618 1484/1549/1619
f 1465/1530/1600 1464/1532/1602 1482/1550/1620 1483/1548/1618
f 1464/1532/1602 1463/1533/1603 1481/1551/1621 1482/1550/1620
f 1463/1533/1603 1462/1534/1604 1480/1552/1622 1481/1551/1621
f 1462/1534/1604 1461/1535/1605 1479/1553/1623 1480/1552/1622
f 1461/1535/1605 1460/1536/1606 1478/1554/1624 1479/1553/1623
f 1460/1536/1606 1459/1537/1607 1477/1555/1625 1478/1554/1624
f 1459/1537/1607 1458/1538/1608 1476/1556/1626 1477/1555/1625
f 1492/1540/1610 1493/1539/1609 1511/1557/1627 1510/1558/1628
f 1491/1541/1611 1492/1540/1610 1510/1558/1628 1509/1559/1629
f 1490/1542/1612 1491/1541/1611 1509/1559/1629 1508/1560/1630
f 1489/1543/1613 1490/1542/1612 1508/1560/1630 1507/1561/1631
f 1488/1544/1614 1489/1543/1613 1507/1561/1631 1506/1562/1632
f 1487/1545/1615 1488/1544/1614 1506/1562/1632 1505/1563/1633
f 1485/1547/1617 1486/1546/1616 1504/1564/1634 1503/1565/1635
f 1486/1546/1616 1487/1545/1615 1505/1563/1633 1504/1564/1634
f 1484/3380/1619 1483/3379/1618 1501/1566/1636 1502/3489/1637
f 1483/3379/1618 1482/3381/1620 1500/1567/1638 1501/1566/1636
f 1482/3381/1620 1481/3382/1621 1499/1568/1639 1500/1567/1638
f 1481/3382/1621 1480/3383/1622 1498/1569/1640 1499/1568/1639
f 1480/3383/1622 1479/3384/1623 1497/1570/1641 1498/1569/1640
f 1479/3384/1623 1478/3385/1624 1496/1571/1642 1497/1570/1641
f 1478/3385/1624 1477/3386/1625 1495/1572/1643 1496/1571/1642
f 1477/3386/1625 1476/3400/1626 1494/1573/1644 1495/1572/1643
f 1510/1558/1628 1511/1557/1627 1520/1574/1645 1519/1575/1646
f 1509/1559/1629 1510/1558/1628 1519/1575/1646 1518/1576/1647
f 1508/1560/1630 1509/1559/1629 1518/1576/1647 1517/1577/1648
f 1507/1561/1631 1508/1560/1630 1517/1577/1648 1516/1578/1649
f 1506/1562/1632 1507/1561/1631 1516/1578/1649 1515/1579/1650
f 1505/1563/1633 1506/1562/1632 1515/1579/1650 1514/1580/1651
f 1503/1565/1635 1504/1564/1634 1513/1581/1652 1512/1582/1653
f 1504/1564/1634 1505/1563/1633 1514/1580/1651 1513/1581/1652
f 1502/3489/1637 1501/1566/1636 1519/1575/1646 1520/1574/1645
f 1501/1566/1636 1500/1567/1638 1518/1576/1647 1519/1575/1646
f 1500/1567/1638 1499/1568/1639 1517/1577/1648 1518/1576/1647
f 1499/1568/1639 1498/1569/1640 1516/1578/1649 1517/1577/1648
f 1498/1569/1640 1497/1570/1641 1515/1579/1650 1516/1578/1649
f 1497/1570/1641 1496/1571/1642 1514/1580/1651 1515/1579/1650
f 1496/1571/1642 1495/1572/1643 1513/1581/1652 1514/1580/1651
f 1495/1572/1643 1494/1573/1644 1512/1582/1653 1513/1581/1652
f 1201/1268/1315 1202/1267/1314 1525/1583/1654 1521/1584/1655
f 1203/1269/1316 1201/1268/1315 1521/1584/1655 1529/1585/1656
f 1202/1267/1314 1204/1270/1317 1533/1586/1657 1525/1583/1654
f 1205/1271/1318 1203/1269/1316 1529/1585/1656 1537/1587/1658
f 1204/1270/1317 1206/1272/1319 1541/1588/1659 1533/1586/1657
f 1207/1273/1320 1205/1271/1318 1537/1587/1658 1545/1589/1660
f 1206/1272/1319 1208/1274/1321 1549/1590/1661 1541/1588/1659
f 1209/1275/1322 1207/1273/1320 1545/1589/1660 1553/1591/1662
f 1208/1274/1321 1210/1276/1323 1557/1592/1663 1549/1590/1661
f 1211/1277/1324 1209/1275/1322 1553/1591/1662 1561/1593/1664
f 1210/1276/1323 1212/1278/1325 1565/1594/1665 1557/1592/1663
f 1213/1279/1326 1211/1277/1324 1561/1593/1664 1569/1595/1666
f 1212/1278/1325 1214/1280/1327 1573/1596/1667 1565/1594/1665
f 1215/1281/1328 1213/1279/1326 1569/1595/1666 1577/1597/1668
f 1214/1280/1327 1216/1282/1329 1581/1598/1669 1573/1596/1667
f 1217/1283/1330 1215/1281/1328 1577/1597/1668 1585/1599/1670
f 1216/3368/1329 1218/3387/1331 1589/1600/1671 1581/3388/1669
f 1219/1284/1332 1217/1283/1330 1585/1599/1670 1593/1601/1672
f 1218/3387/1331 1220/1285/1333 1597/1602/1673 1589/1600/1671
f 1220/1285/1333 1219/1284/1332 1593/1601/1672 1597/1602/1673
f 1524/1603/1674 1528/1604/1675 1605/1605/1676 1601/1606/1677
f 1532/1607/1678 1524/1603/1674 1601/1606/1677 1609/1608/1679
f 1528/1604/1675 1536/1609/1680 1613/1610/1681 1605/1605/1676
f 1540/1611/1682 1532/1607/1678 1609/1608/1679 1617/1612/1683
f 1536/1609/1680 1544/1613/1684 1621/1614/1685 1613/1610/1681
f 1548/1615/1686 1540/1611/1682 1617/1612/1683 1625/1616/1687
f 1544/1613/1684 1552/1617/1688 1629/1618/1689 1621/1614/1685
f 1556/1619/1690 1548/1615/1686 1625/1616/1687 1633/1620/1691
f 1552/1617/1688 1560/1621/1692 1637/1622/1693 1629/1618/1689
f 1564/1623/1694 1556/1619/1690 1633/1620/1691 1641/1624/1695
f 1560/1621/1692 1568/1625/1696 1645/1626/1697 1637/1622/1693
f 1572/1627/1698 1564/1623/1694 1641/1624/1695 1649/1628/1699
f 1568/1625/1696 1576/1629/1700 1653/1630/1701 1645/1626/1697
f 1580/1631/1702 1572/1627/1698 1649/1628/1699 1657/1632/1703
f 1576/1629/1700 1584/1633/1704 1661/1634/1705 1653/1630/1701
f 1588/1635/1706 1580/1631/1702 1657/1632/1703 1665/1636/1707
f 1584/3395/1704 1592/3389/1708 1669/1637/1709 1661/3390/1705
f 1596/1638/1710 1588/1635/1706 1665/1636/1707 1673/1639/1711
f 1592/3389/1708 1600/1640/1712 1677/1641/1713 1669/1637/1709
f 1600/1640/1712 1596/1638/1710 1673/1639/1711 1677/1641/1713
f 1604/1642/1714 1608/1643/1715 1681/1644/1716 1682/1645/1717
f 1612/1646/1718 1604/1642/1714 1682/1645/1717 1683/1647/1719
f 1608/1643/1715 1616/1648/1720 1700/1649/1721 1681/1644/1716
f 1620/1650/1722 1612/1646/1718 1683/1647/1719 1684/1651/1723
f 1616/1648/1720 1624/1652/1724 1699/1653/1725 1700/1649/1721
f 1628/1654/1726 1620/1650/1722 1684/1651/1723 1685/1655/1727
f 1624/1652/1724 1632/1656/1728 1698/1657/1729 1699/1653/1725
f 1636/1658/1730 1628/1654/1726 1685/1655/1727 1686/1659/1731
f 1632/1656/1728 1640/1660/1732 1697/1661/1733 1698/1657/1729
f 1644/1662/1734 1636/1658/1730 1686/1659/1731 1687/1663/1735
f 1640/1660/1732 1648/1664/1736 1696/1665/1737 1697/1661/1733
f 1652/1666/1738 1644/1662/1734 1687/1663/1735 1688/1667/1739
f 1648/1664/1736 1656/1668/1740 1695/1669/1741 1696/1665/1737
f 1660/1670/1742 1652/1666/1738 1688/1667/1739 1689/1671/1743
f 1656/1668/1740 1664/1672/1744 1694/1673/1745 1695/1669/1741
f 1668/1674/1746 1660/1670/1742 1689/1671/1743 1690/1675/1747
f 1664/3398/1744 1672/3391/1748 1693/3392/1749 1694/3393/1745
f 1676/1676/1750 1668/1674/1746 1690/1675/1747 1691/1677/1751
f 1672/3391/1748 1680/1678/1752 1692/1679/1753 1693/3392/1749
f 1680/1678/1752 1676/1676/1750 1691/1677/1751 1692/1679/1753
f 1523/1680/1754 1524/1603/1674 1532/1607/1678 1531/1681/1755
f 1521/1584/1655 1522/1682/1756 1530/1683/1757 1529/1585/1656
f 1522/1682/1756 1523/1680/1754 1531/1681/1755 1530/1683/1757
f 1524/1603/1674 1523/1680/1754 1527/1684/1758 1528/1604/1675
f 1523/1680/1754 1522/1682/1756 1526/1685/1759 1527/1684/1758
f 1522/1682/1756 1521/1584/1655 1525/1583/1654 1526/1685/1759
f 1531/1681/1755 1532/1607/1678 1540/1611/1682 1539/1686/1760
f 1529/1585/1656 1530/1683/1757 1538/1687/1761 1537/1587/1658
f 1530/1683/1757 1531/1681/1755 1539/1686/1760 1538/1687/1761
f 1528/1604/1675 1527/1684/1758 1535/1688/1762 1536/1609/1680
f 1527/1684/1758 1526/1685/1759 1534/1689/1763 1535/1688/1762
f 1526/1685/1759 1525/1583/1654 1533/1586/1657 1534/1689/1763
f 1539/1686/1760 1540/1611/1682 1548/1615/1686 1547/1690/1764
f 1537/1587/1658 1538/1687/1761 1546/1691/1765 1545/1589/1660
f 1538/1687/1761 1539/1686/1760 1547/1690/1764 1546/1691/1765
f 1536/1609/1680 1535/1688/1762 1543/1692/1766 1544/1613/1684
f 1535/1688/1762 1534/1689/1763 1542/1693/1767 1543/1692/1766
f 1534/1689/1763 1533/1586/1657 1541/1588/1659 1542/1693/1767
f 1547/1690/1764 1548/1615/1686 1556/1619/1690 1555/1694/1768
f 1545/1589/1660 1546/1691/1765 1554/1695/1769 1553/1591/1662
f 1546/1691/1765 1547/1690/1764 1555/1694/1768 1554/1695/1769
f 1544/1613/1684 1543/1692/1766 1551/1696/1770 1552/1617/1688
f 1543/1692/1766 1542/1693/1767 1550/1697/1771 1551/1696/1770
f 1542/1693/1767 1541/1588/1659 1549/1590/1661 1550/1697/1771
f 1555/1694/1768 1556/1619/1690 1564/1623/1694 1563/1698/1772
f 1553/1591/1662 1554/1695/1769 1562/1699/1773 1561/1593/1664
f 1554/1695/1769 1555/1694/1768 1563/1698/1772 1562/1699/1773
f 1552/1617/1688 1551/1696/1770 1559/1700/1774 1560/1621/1692
f 1551/1696/1770 1550/1697/1771 1558/1701/1775 1559/1700/1774
f 1550/1697/1771 1549/1590/1661 1557/1592/1663 1558/1701/1775
f 1563/1698/1772 1564/1623/1694 1572/1627/1698 1571/1702/1776
f 1561/1593/1664 1562/1699/1773 1570/1703/1777 1569/1595/1666
f 1562/1699/1773 1563/1698/1772 1571/1702/1776 1570/1703/1777
f 1560/1621/1692 1559/1700/1774 1567/1704/1778 1568/1625/1696
f 1559/1700/1774 1558/1701/1775 1566/1705/1779 1567/1704/1778
f 1558/1701/1775 1557/1592/1663 1565/1594/1665 1566/1705/1779
f 1571/1702/1776 1572/1627/1698 1580/1631/1702 1579/1706/1780
f 1569/1595/1666 1570/1703/1777 1578/1707/1781 1577/1597/1668
f 1570/1703/1777 1571/1702/1776 1579/1706/1780 1578/1707/1781
f 1568/1625/1696 1567/1704/1778 1575/1708/1782 1576/1629/1700
f 1567/1704/1778 1566/1705/1779 1574/1709/1783 1575/1708/1782
f 1566/1705/1779 1565/1594/1665 1573/1596/1667 1574/1709/1783
f 1579/1706/1780 1580/1631/1702 1588/1635/1706 1587/1710/1784
f 1577/1597/1668 1578/1707/1781 1586/1711/1785 1585/1599/1670
f 1578/1707/1781 1579/1706/1780 1587/1710/1784 1586/1711/1785
f 1576/1629/1700 1575/1708/1782 1583/1712/1786 1584/1633/1704
f 1575/1708/1782 1574/1709/1783 1582/1713/1787 1583/1712/1786
f 1574/1709/1783 1573/1596/1667 1581/1598/1669 1582/1713/1787
f 1587/1710/1784 1588/1635/1706 1596/1638/1710 1595/1714/1788
f 1585/1599/1670 1586/1711/1785 1594/1715/1789 1593/1601/1672
f 1586/1711/1785 1587/1710/1784 1595/1714/1788 1594/1715/1789
f 1584/3395/1704 1583/3394/1786 1591/1716/1790 1592/3389/1708
f 1583/3394/1786 1582/3396/1787 1590/1717/1791 1591/1716/1790
f 1582/3396/1787 1581/3388/1669 1589/1600/1671 1590/1717/1791
f 1595/1714/1788 1596/1638/1710 1600/1640/1712 1599/1718/1792
f 1593/1601/1672 1594/1715/1789 1598/1719/1793 1597/1602/1673
f 1594/1715/1789 1595/1714/1788 1599/1718/1792 1598/1719/1793
f 1592/3389/1708 1591/1716/1790 1599/1718/1792 1600/1640/1712
f 1591/1716/1790 1590/1717/1791 1598/1719/1793 1599/1718/1792
f 1590/1717/1791 1589/1600/1671 1597/1602/1673 1598/1719/1793
f 1603/1720/1794 1604/1642/1714 1612/1646/1718 1611/1721/1795
f 1601/1606/1677 1602/1722/1796 1610/1723/1797 1609/1608/1679
f 1602/1722/1796 1603/1720/1794 1611/1721/1795 1610/1723/1797
f 1604/1642/1714 1603/1720/1794 1607/1724/1798 1608/1643/1715
f 1603/1720/1794 1602/1722/1796 1606/1725/1799 1607/1724/1798
f 1602/1722/1796 1601/1606/1677 1605/1605/1676 1606/1725/1799
f 1611/1721/1795 1612/1646/1718 1620/1650/1722 1619/1726/1800
f 1609/1608/1679 1610/1723/1797 1618/1727/1801 1617/1612/1683
f 1610/1723/1797 1611/1721/1795 1619/1726/1800 1618/1727/1801
f 1608/1643/1715 1607/1724/1798 1615/1728/1802 1616/1648/1720
f 1607/1724/1798 1606/1725/1799 1614/1729/1803 1615/1728/1802
f 1606/1725/1799 1605/1605/1676 1613/1610/1681 1614/1729/1803
f 1619/1726/1800 1620/1650/1722 1628/1654/1726 1627/1730/1804
f 1617/1612/1683 1618/1727/1801 1626/1731/1805 1625/1616/1687
f 1618/1727/1801 1619/1726/1800 1627/1730/1804 1626/1731/1805
f 1616/1648/1720 1615/1728/1802 1623/1732/1806 1624/1652/1724
f 1615/1728/1802 1614/1729/1803 1622/1733/1807 1623/1732/1806
f 1614/1729/1803 1613/1610/1681 1621/1614/1685 1622/1733/1807
f 1627/1730/1804 1628/1654/1726 1636/1658/1730 1635/1734/1808
f 1625/1616/1687 1626/1731/1805 1634/1735/1809 1633/1620/1691
f 1626/1731/1805 1627/1730/1804 1635/1734/1808 1634/1735/1809
f 1624/1652/1724 1623/1732/1806 1631/1736/1810 1632/1656/1728
f 1623/1732/1806 1622/1733/1807 1630/1737/1811 1631/1736/1810
f 1622/1733/1807 1621/1614/1685 1629/1618/1689 1630/1737/1811
f 1635/1734/1808 1636/1658/1730 1644/1662/1734 1643/1738/1812
f 1633/1620/1691 1634/1735/1809 1642/1739/1813 1641/1624/1695
f 1634/1735/1809 1635/1734/1808 1643/1738/1812 1642/1739/1813
f 1632/1656/1728 1631/1736/1810 1639/1740/1814 1640/1660/1732
f 1631/1736/1810 1630/1737/1811 1638/1741/1815 1639/1740/1814
f 1630/1737/1811 1629/1618/1689 1637/1622/1693 1638/1741/1815
f 1643/1738/1812 1644/1662/1734 1652/1666/1738 1651/1742/1816
f 1641/1624/1695 1642/1739/1813 1650/1743/1817 1649/1628/1699
f 1642/1739/1813 1643/1738/1812 1651/1742/1816 1650/1743/1817
f 1640/1660/1732 1639/1740/1814 1647/1744/1818 1648/1664/1736
f 1639/1740/1814 1638/1741/1815 1646/1745/1819 1647/1744/1818
f 1638/1741/1815 1637/1622/1693 1645/1626/1697 1646/1745/1819
f 1651/1742/1816 1652/1666/1738 1660/1670/1742 1659/1746/1820
f 1649/1628/1699 1650/1743/1817 1658/1747/1821 1657/1632/1703
f 1650/1743/1817 1651/1742/1816 1659/1746/1820 1658/1747/1821
f 1648/1664/1736 1647/1744/1818 1655/1748/1822 1656/1668/1740
f 1647/1744/1818 1646/1745/1819 1654/1749/1823 1655/1748/1822
f 1646/1745/1819 1645/1626/1697 1653/1630/1701 1654/1749/1823
f 1659/1746/1820 1660/1670/1742 1668/1674/1746 1667/1750/1824
f 1657/1632/1703 1658/1747/1821 1666/1751/1825 1665/1636/1707
f 1658/1747/1821 1659/1746/1820 1667/1750/1824 1666/1751/1825
f 1656/1668/1740 1655/1748/1822 1663/1752/1826 1664/1672/1744
f 1655/1748/1822 1654/1749/1823 1662/1753/1827 1663/1752/1826
f 1654/1749/1823 1653/1630/1701 1661/1634/1705 1662/1753/1827
f 1667/1750/1824 1668/1674/1746 1676/1676/1750 1675/1754/1828
f 1665/1636/1707 1666/1751/1825 1674/1755/1829 1673/1639/1711
f 1666/1751/1825 1667/1750/1824 1675/1754/1828 1674/1755/1829
f 1664/3398/1744 1663/3397/1826 1671/1756/1830 1672/3391/1748
f 1663/3397/1826 1662/3399/1827 1670/1757/1831 1671/1756/1830
f 1662/3399/1827 1661/3390/1705 1669/1637/1709 1670/1757/1831
f 1675/1754/1828 1676/1676/1750 1680/1678/1752 1679/1758/1832
f 1673/1639/1711 1674/1755/1829 1678/1759/1833 1677/1641/1713
f 1674/1755/1829 1675/1754/1828 1679/1758/1832 1678/1759/1833
f 1672/3391/1748 1671/1756/1830 1679/1758/1832 1680/1678/1752
f 1671/1756/1830 1670/1757/1831 1678/1759/1833 1679/1758/1832
f 1670/1757/1831 1669/1637/1709 1677/1641/1713 1678/1759/1833
f 1682/1645/1717 1681/1644/1716 1350/1430/1500 1341/1418/1488
f 1683/1647/1719 1682/1645/1717 1341/1418/1488 1359/1421/1491
f 1684/1651/1723 1683/1647/1719 1359/1421/1491 1377/1439/1509
f 1685/1655/1727 1684/1651/1723 1377/1439/1509 1395/1457/1527
f 1686/1659/1731 1685/1655/1727 1395/1457/1527 1413/1475/1545
f 1687/1663/1735 1686/1659/1731 1413/1475/1545 1431/1493/1563
f 1688/1667/1739 1687/1663/1735 1431/1493/1563 1449/1511/1581
f 1689/1671/1743 1688/1667/1739 1449/1511/1581 1467/1529/1599
f 1690/1675/1747 1689/1671/1743 1467/1529/1599 1485/1547/1617
f 1691/1677/1751 1690/1675/1747 1485/1547/1617 1503/1565/1635
f 1692/1679/1753 1691/1677/1751 1503/1565/1635 1512/1582/1653
f 1693/3392/1749 1692/1679/1753 1512/1582/1653 1494/1573/1644
f 1694/3393/1745 1693/3392/1749 1494/1573/1644 1476/3400/1626
f 1695/1669/1741 1694/1673/1745 1476/1556/1626 1458/1538/1608
f 1696/1665/1737 1695/1669/1741 1458/1538/1608 1440/1520/1590
f 1697/1661/1733 1696/1665/1737 1440/1520/1590 1422/1502/1572
f 1698/1657/1729 1697/1661/1733 1422/1502/1572 1404/1484/1554
f 1699/1653/1725 1698/1657/1729 1404/1484/1554 1386/1466/1536
f 1700/1649/1721 1699/1653/1725 1386/1466/1536 1368/1448/1518
f 1681/1644/1716 1700/1649/1721 1368/1448/1518 1350/1430/1500
f 2041/1760/1834 2042/1761/1835 1734/1762/1836 1735/1763/1837
f 2060/1764/1838 2041/1760/1834 1735/1763/1837 1736/1765/1839
f 2042/1761/1835 2043/1766/1840 1733/1767/1841 1734/1762/1836
f 2059/1768/1842 2060/1764/1838 1736/1765/1839 1737/1769/1843
f 2043/1766/1840 2044/1770/1844 1732/1771/1845 1733/1767/1841
f 2058/1772/1846 2059/1768/1842 1737/1769/1843 1738/1773/1847
f 2044/1770/1844 2045/1774/1848 1731/1775/1849 1732/1771/1845
f 2057/1776/1850 2058/1772/1846 1738/1773/1847 1739/1777/1851
f 2045/1774/1848 2046/1778/1852 1730/1779/1853 1731/1775/1849
f 2056/1780/1854 2057/1776/1850 1739/1777/1851 1740/1781/1855
f 2046/1778/1852 2047/1782/1856 1729/1783/1857 1730/1779/1853
f 2055/1784/1858 2056/1780/1854 1740/1781/1855 1721/1785/1859
f 2047/1782/1856 2048/1786/1860 1728/1787/1861 1729/1783/1857
f 2054/1788/1862 2055/1784/1858 1721/1785/1859 1722/1789/1863
f 2048/1786/1860 2049/1790/1864 1727/1791/1865 1728/1787/1861
f 2053/1792/1866 2054/1788/1862 1722/1789/1863 1723/1793/1867
f 2049/3493/1864 2050/1794/1868 1726/1795/1869 1727/3401/1865
f 2052/1796/1870 2053/1792/1866 1723/1793/1867 1724/1797/1871
f 2050/1794/1868 2051/1798/1872 1725/1799/1873 1726/1795/1869
f 2051/1798/1872 2052/1796/1870 1724/1797/1871 1725/1799/1873
f 2080/1800/1874 2061/1801/1875 1843/1802/1876 1844/1803/1877
f 2079/1804/1878 2080/1800/1874 1844/1803/1877 1845/1805/1879
f 2078/1806/1880 2079/1804/1878 1845/1805/1879 1846/1807/1881
f 2077/1808/1882 2078/1806/1880 1846/1807/1881 1847/1809/1883
f 2076/1810/1884 2077/1808/1882 1847/1809/1883 1848/1811/1885
f 2075/3402/1886 2076/1810/1884 1848/1811/1885 1849/3403/1887
f 2074/1814/1888 2075/1812/1886 1849/1813/1887 1850/1815/1889
f 2073/1816/1890 2074/1814/1888 1850/1815/1889 1851/1817/1891
f 2072/1818/1892 2073/1816/1890 1851/1817/1891 1852/1819/1893
f 2071/1820/1894 2072/1818/1892 1852/1819/1893 1853/1821/1895
f 2070/1822/1896 2071/1820/1894 1853/1821/1895 1854/1823/1897
f 2069/1824/1898 2070/1822/1896 1854/1823/1897 1855/1825/1899
f 2068/1826/1900 2069/1824/1898 1855/1825/1899 1856/1827/1901
f 2067/1828/1902 2068/1826/1900 1856/1827/1901 1857/1829/1903
f 2066/1830/1904 2067/1828/1902 1857/1829/1903 1858/1831/1905
f 2065/1832/1906 2066/1830/1904 1858/1831/1905 1859/1833/1907
f 2064/1834/1908 2065/1832/1906 1859/1833/1907 1860/1835/1909
f 2063/1836/1910 2064/1834/1908 1860/1835/1909 1841/1837/1911
f 2062/1838/1912 2063/1836/1910 1841/1837/1911 1842/1839/1913
f 2061/1801/1875 2062/1838/1912 1842/1839/1913 1843/1802/1876
f 1762/1840/1914 1761/1841/1915 1741/1842/1916 1742/1843/1917
f 1763/1844/1918 1762/1840/1914 1742/1843/1917 1743/1845/1919
f 1764/1846/1920 1763/1844/1918 1743/1845/1919 1744/1847/1921
f 1765/1848/1922 1764/1846/1920 1744/1847/1921 1745/1849/1923
f 1766/1850/1924 1765/1848/1922 1745/1849/1923 1746/1851/1925
f 1767/1852/1926 1766/1850/1924 1746/1851/1925 1747/1853/1927
f 1768/1854/1928 1767/1852/1926 1747/1853/1927 1748/3425/1929
f 1769/3405/1930 1768/1854/1928 1748/3425/1929 1749/3404/1931
f 1770/1857/1932 1769/1855/1930 1749/1856/1931 1750/1858/1933
f 1771/1859/1934 1770/1857/1932 1750/1858/1933 1751/1860/1935
f 1772/1861/1936 1771/1859/1934 1751/1860/1935 1752/1862/1937
f 1773/1863/1938 1772/1861/1936 1752/1862/1937 1753/1864/1939
f 1774/1865/1940 1773/1863/1938 1753/1864/1939 1754/1866/1941
f 1775/1867/1942 1774/1865/1940 1754/1866/1941 1755/1868/1943
f 1776/1869/1944 1775/1867/1942 1755/1868/1943 1756/1870/1945
f 1777/1871/1946 1776/1869/1944 1756/1870/1945 1757/1872/1947
f 1778/1873/1948 1777/1871/1946 1757/1872/1947 1758/1874/1949
f 1779/1875/1950 1778/1873/1948 1758/1874/1949 1759/1876/1951
f 1780/1877/1952 1779/1875/1950 1759/1876/1951 1760/1878/1953
f 1761/1841/1915 1780/1877/1952 1760/1878/1953 1741/1842/1916
f 1782/1879/1954 1781/1880/1955 1761/1841/1915 1762/1840/1914
f 1783/1881/1956 1782/1879/1954 1762/1840/1914 1763/1844/1918
f 1784/1882/1957 1783/1881/1956 1763/1844/1918 1764/1846/1920
f 1785/1883/1958 1784/1882/1957 1764/1846/1920 1765/1848/1922
f 1786/1884/1959 1785/1883/1958 1765/1848/1922 1766/1850/1924
f 1787/1885/1960 1786/1884/1959 1766/1850/1924 1767/1852/1926
f 1788/1886/1961 1787/1885/1960 1767/1852/1926 1768/1854/1928
f 1789/3406/1962 1788/1886/1961 1768/1854/1928 1769/3405/1930
f 1790/1888/1963 1789/1887/1962 1769/1855/1930 1770/1857/1932
f 1791/1889/1964 1790/1888/1963 1770/1857/1932 1771/1859/1934
f 1792/1890/1965 1791/1889/1964 1771/1859/1934 1772/1861/1936
f 1793/1891/1966 1792/1890/1965 1772/1861/1936 1773/1863/1938
f 1794/1892/1967 1793/1891/1966 1773/1863/1938 1774/1865/1940
f 1795/1893/1968 1794/1892/1967 1774/1865/1940 1775/1867/1942
f 1796/1894/1969 1795/1893/1968 1775/1867/1942 1776/1869/1944
f 1797/1895/1970 1796/1894/1969 1776/1869/1944 1777/1871/1946
f 1798/1896/1971 1797/1895/1970 1777/1871/1946 1778/1873/1948
f 1799/1897/1972 1798/1896/1971 1778/1873/1948 1779/1875/1950
f 1800/1898/1973 1799/1897/1972 1779/1875/1950 1780/1877/1952
f 1781/1880/1955 1800/1898/1973 1780/1877/1952 1761/1841/1915
f 1802/1899/1974 1801/1900/1975 1781/1880/1955 1782/1879/1954
f 1803/1901/1976 1802/1899/1974 1782/1879/1954 1783/1881/1956
f 1804/1902/1977 1803/1901/1976 1783/1881/1956 1784/1882/1957
f 1805/1903/1978 1804/1902/1977 1784/1882/1957 1785/1883/1958
f 1806/1904/1979 1805/1903/1978 1785/1883/1958 1786/1884/1959
f 1807/1905/1980 1806/1904/1979 1786/1884/1959 1787/1885/1960
f 1808/1906/1981 1807/1905/1980 1787/1885/1960 1788/1886/1961
f 1809/3421/1982 1808/1906/1981 1788/1886/1961 1789/3406/1962
f 1810/1908/1983 1809/1907/1982 1789/1887/1962 1790/1888/1963
f 1811/1909/1984 1810/1908/1983 1790/1888/1963 1791/1889/1964
f 1812/1910/1985 1811/1909/1984 1791/1889/1964 1792/1890/1965
f 1813/1911/1986 1812/1910/1985 1792/1890/1965 1793/1891/1966
f 1814/1912/1987 1813/1911/1986 1793/1891/1966 1794/1892/1967
f 1815/1913/1988 1814/1912/1987 1794/1892/1967 1795/1893/1968
f 1816/1914/1989 1815/1913/1988 1795/1893/1968 1796/1894/1969
f 1817/1915/1990 1816/1914/1989 1796/1894/1969 1797/1895/1970
f 1818/1916/1991 1817/1915/1990 1797/1895/1970 1798/1896/1971
f 1819/1917/1992 1818/1916/1991 1798/1896/1971 1799/1897/1972
f 1820/1918/1993 1819/1917/1992 1799/1897/1972 1800/1898/1973
f 1801/1900/1975 1820/1918/1993 1800/1898/1973 1781/1880/1955
f 1822/1919/1994 1821/1920/1995 2081/1921/1996 2082/1922/1997
f 1823/1923/1998 1822/1919/1994 2082/1922/1997 2083/1924/1999
f 1824/1925/2000 1823/1923/1998 2083/1924/1999 2084/1926/2001
f 1825/1927/2002 1824/1925/2000 2084/1926/2001 2085/1928/2003
f 1826/1929/2004 1825/1927/2002 2085/1928/2003 2086/1930/2005
f 1827/1931/2006 1826/1929/2004 2086/1930/2005 2087/1932/2007
f 1828/1933/2008 1827/1931/2006 2087/1932/2007 2088/3407/2009
f 1829/3409/2010 1828/1933/2008 2088/3407/2009 2089/3408/2011
f 1830/1936/2012 1829/1934/2010 2089/1935/2011 2090/1937/2013
f 1831/1938/2014 1830/1936/2012 2090/1937/2013 2091/1939/2015
f 1832/1940/2016 1831/1938/2014 2091/1939/2015 2092/1941/2017
f 1833/1942/2018 1832/1940/2016 2092/1941/2017 2093/1943/2019
f 1834/1944/2020 1833/1942/2018 2093/1943/2019 2094/1945/2021
f 1835/1946/2022 1834/1944/2020 2094/1945/2021 2095/1947/2023
f 1836/1948/2024 1835/1946/2022 2095/1947/2023 2096/1949/2025
f 1837/1950/2026 1836/1948/2024 2096/1949/2025 2097/1951/2027
f 1838/1952/2028 1837/1950/2026 2097/1951/2027 2098/1953/2029
f 1839/1954/2030 1838/1952/2028 2098/1953/2029 2099/1955/2031
f 1840/1956/2032 1839/1954/2030 2099/1955/2031 2100/1957/2033
f 1821/1920/1995 1840/1956/2032 2100/1957/2033 2081/1921/1996
f 1842/1839/1913 1841/1837/1911 1821/1920/1995 1822/1919/1994
f 1843/1802/1876 1842/1839/1913 1822/1919/1994 1823/1923/1998
f 1844/1803/1877 1843/1802/1876 1823/1923/1998 1824/1925/2000
f 1845/1805/1879 1844/1803/1877 1824/1925/2000 1825/1927/2002
f 1846/1807/1881 1845/1805/1879 1825/1927/2002 1826/1929/2004
f 1847/1809/1883 1846/1807/1881 1826/1929/2004 1827/1931/2006
f 1848/1811/1885 1847/1809/1883 1827/1931/2006 1828/1933/2008
f 1849/3403/1887 1848/1811/1885 1828/1933/2008 1829/3409/2010
f 1850/1815/1889 1849/1813/1887 1829/1934/2010 1830/1936/2012
f 1851/1817/1891 1850/1815/1889 1830/1936/2012 1831/1938/2014
f 1852/1819/1893 1851/1817/1891 1831/1938/2014 1832/1940/2016
f 1853/1821/1895 1852/1819/1893 1832/1940/2016 1833/1942/2018
f 1854/1823/1897 1853/1821/1895 1833/1942/2018 1834/1944/2020
f 1855/1825/1899 1854/1823/1897 1834/1944/2020 1835/1946/2022
f 1856/1827/1901 1855/1825/1899 1835/1946/2022 1836/1948/2024
f 1857/1829/1903 1856/1827/1901 1836/1948/2024 1837/1950/2026
f 1858/1831/1905 1857/1829/1903 1837/1950/2026 1838/1952/2028
f 1859/1833/1907 1858/1831/1905 1838/1952/2028 1839/1954/2030
f 1860/1835/1909 1859/1833/1907 1839/1954/2030 1840/1956/2032
f 1841/1837/1911 1860/1835/1909 1840/1956/2032 1821/1920/1995
f 1701/1958/2034 1702/1959/2035 1864/1960/2036 1861/1961/2037
f 1703/1962/2038 1701/1958/2034 1861/1961/2037 1867/1963/2039
f 1702/1959/2035 1704/1964/2040 1870/1965/2041 1864/1960/2036
f 1705/1966/2042 1703/1962/2038 1867/1963/2039 1873/1967/2043
f 1704/1964/2040 1706/1968/2044 1876/1969/2045 1870/1965/2041
f 1707/1970/2046 1705/1966/2042 1873/1967/2043 1879/1971/2047
f 1706/1968/2044 1708/1972/2048 1882/1973/2049 1876/1969/2045
f 1709/1974/2050 1707/1970/2046 1879/1971/2047 1885/1975/2051
f 1708/1972/2048 1710/1976/2052 1888/1977/2053 1882/1973/2049
f 1711/1978/2054 1709/1974/2050 1885/1975/2051 1891/1979/2055
f 1710/1976/2052 1712/1980/2056 1894/1981/2057 1888/1977/2053
f 1713/1982/2058 1711/1978/2054 1891/1979/2055 1897/1983/2059
f 1712/1980/2056 1714/1984/2060 1900/1985/2061 1894/1981/2057
f 1715/1986/2062 1713/1982/2058 1897/1983/2059 1903/1987/2063
f 1714/1984/2060 1716/1988/2064 1906/1989/2065 1900/1985/2061
f 1717/1990/2066 1715/1986/2062 1903/1987/2063 1909/1991/2067
f 1716/3423/2064 1718/1992/2068 1912/1993/2069 1906/3410/2065
f 1719/1994/2070 1717/1990/2066 1909/1991/2067 1915/1995/2071
f 1718/1992/2068 1720/1996/2072 1918/1997/2073 1912/1993/2069
f 1720/1996/2072 1719/1994/2070 1915/1995/2071 1918/1997/2073
f 1863/1998/2074 1866/1999/2075 1924/2000/2076 1921/2001/2077
f 1869/2002/2078 1863/1998/2074 1921/2001/2077 1927/2003/2079
f 1866/1999/2075 1872/2004/2080 1930/2005/2081 1924/2000/2076
f 1875/2006/2082 1869/2002/2078 1927/2003/2079 1933/2007/2083
f 1872/2004/2080 1878/2008/2084 1936/2009/2085 1930/2005/2081
f 1881/2010/2086 1875/2006/2082 1933/2007/2083 1939/2011/2087
f 1878/2008/2084 1884/2012/2088 1942/2013/2089 1936/2009/2085
f 1887/2014/2090 1881/2010/2086 1939/2011/2087 1945/2015/2091
f 1884/2012/2088 1890/2016/2092 1948/2017/2093 1942/2013/2089
f 1893/2018/2094 1887/2014/2090 1945/2015/2091 1951/2019/2095
f 1890/2016/2092 1896/2020/2096 1954/2021/2097 1948/2017/2093
f 1899/2022/2098 1893/2018/2094 1951/2019/2095 1957/2023/2099
f 1896/2020/2096 1902/2024/2100 1960/2025/2101 1954/2021/2097
f 1905/2026/2102 1899/2022/2098 1957/2023/2099 1963/2027/2103
f 1902/2024/2100 1908/2028/2104 1966/2029/2105 1960/2025/2101
f 1911/2030/2106 1905/2026/2102 1963/2027/2103 1969/2031/2107
f 1908/3414/2104 1914/3411/2108 1972/2032/2109 1966/3412/2105
f 1917/2033/2110 1911/2030/2106 1969/2031/2107 1975/2034/2111
f 1914/3411/2108 1920/2035/2112 1978/2036/2113 1972/2032/2109
f 1920/2035/2112 1917/2033/2110 1975/2034/2111 1978/2036/2113
f 1861/1961/2037 1862/2037/2114 1868/2038/2115 1867/1963/2039
f 1862/2037/2114 1863/1998/2074 1869/2002/2078 1868/2038/2115
f 1863/1998/2074 1862/2037/2114 1865/2039/2116 1866/1999/2075
f 1862/2037/2114 1861/1961/2037 1864/1960/2036 1865/2039/2116
f 1867/1963/2039 1868/2038/2115 1874/2040/2117 1873/1967/2043
f 1868/2038/2115 1869/2002/2078 1875/2006/2082 1874/2040/2117
f 1866/1999/2075 1865/2039/2116 1871/2041/2118 1872/2004/2080
f 1865/2039/2116 1864/1960/2036 1870/1965/2041 1871/2041/2118
f 1873/1967/2043 1874/2040/2117 1880/2042/2119 1879/1971/2047
f 1874/2040/2117 1875/2006/2082 1881/2010/2086 1880/2042/2119
f 1872/2004/2080 1871/2041/2118 1877/2043/2120 1878/2008/2084
f 1871/2041/2118 1870/1965/2041 1876/1969/2045 1877/2043/2120
f 1879/1971/2047 1880/2042/2119 1886/2044/2121 1885/1975/2051
f 1880/2042/2119 1881/2010/2086 1887/2014/2090 1886/2044/2121
f 1878/2008/2084 1877/2043/2120 1883/2045/2122 1884/2012/2088
f 1877/2043/2120 1876/1969/2045 1882/1973/2049 1883/2045/2122
f 1885/1975/2051 1886/2044/2121 1892/2046/2123 1891/1979/2055
f 1886/2044/2121 1887/2014/2090 1893/2018/2094 1892/2046/2123
f 1884/2012/2088 1883/2045/2122 1889/2047/2124 1890/2016/2092
f 1883/2045/2122 1882/1973/2049 1888/1977/2053 1889/2047/2124
f 1891/1979/2055 1892/2046/2123 1898/2048/2125 1897/1983/2059
f 1892/2046/2123 1893/2018/2094 1899/2022/2098 1898/2048/2125
f 1890/2016/2092 1889/2047/2124 1895/2049/2126 1896/2020/2096
f 1889/2047/2124 1888/1977/2053 1894/1981/2057 1895/2049/2126
f 1897/1983/2059 1898/2048/2125 1904/2050/2127 1903/1987/2063
f 1898/2048/2125 1899/2022/2098 1905/2026/2102 1904/2050/2127
f 1896/2020/2096 1895/2049/2126 1901/2051/2128 1902/2024/2100
f 1895/2049/2126 1894/1981/2057 1900/1985/2061 1901/2051/2128
f 1903/1987/2063 1904/2050/2127 1910/2052/2129 1909/1991/2067
f 1904/2050/2127 1905/2026/2102 1911/2030/2106 1910/2052/2129
f 1902/2024/2100 1901/2051/2128 1907/2053/2130 1908/2028/2104
f 1901/2051/2128 1900/1985/2061 1906/1989/2065 1907/2053/2130
f 1909/1991/2067 1910/2052/2129 1916/2054/2131 1915/1995/2071
f 1910/2052/2129 1911/2030/2106 1917/2033/2110 1916/2054/2131
f 1908/3414/2104 1907/3413/2130 1913/2055/2132 1914/3411/2108
f 1907/3413/2130 1906/3410/2065 1912/1993/2069 1913/2055/2132
f 1915/1995/2071 1916/2054/2131 1919/2056/2133 1918/1997/2073
f 1916/2054/2131 1917/2033/2110 1920/2035/2112 1919/2056/2133
f 1914/3411/2108 1913/2055/2132 1919/2056/2133 1920/2035/2112
f 1913/2055/2132 1912/1993/2069 1918/1997/2073 1919/2056/2133
f 1921/2001/2077 1922/2057/2134 1928/2058/2135 1927/2003/2079
f 1922/2057/2134 1923/2059/2136 1929/2060/2137 1928/2058/2135
f 1923/2059/2136 1922/2057/2134 1925/2061/2138 1926/2062/2139
f 1922/2057/2134 1921/2001/2077 1924/2000/2076 1925/2061/2138
f 1927/2003/2079 1928/2058/2135 1934/2063/2140 1933/2007/2083
f 1928/2058/2135 1929/2060/2137 1935/2064/2141 1934/2063/2140
f 1926/2062/2139 1925/2061/2138 1931/2065/2142 1932/2066/2143
f 1925/2061/2138 1924/2000/2076 1930/2005/2081 1931/2065/2142
f 1933/2007/2083 1934/2063/2140 1940/2067/2144 1939/2011/2087
f 1934/2063/2140 1935/2064/2141 1941/2068/2145 1940/2067/2144
f 1932/2066/2143 1931/2065/2142 1937/2069/2146 1938/2070/2147
f 1931/2065/2142 1930/2005/2081 1936/2009/2085 1937/2069/2146
f 1939/2011/2087 1940/2067/2144 1946/2071/2148 1945/2015/2091
f 1940/2067/2144 1941/2068/2145 1947/2072/2149 1946/2071/2148
f 1938/2070/2147 1937/2069/2146 1943/2073/2150 1944/2093/2151
f 1937/2069/2146 1936/2009/2085 1942/2013/2089 1943/2073/2150
f 1945/2015/2091 1946/2071/2148 1952/2094/2152 1951/2019/2095
f 1946/2071/2148 1947/2072/2149 1953/2095/2153 1952/2094/2152
f 1944/2093/2151 1943/2073/2150 1949/2096/2154 1950/2097/2155
f 1943/2073/2150 1942/2013/2089 1948/2017/2093 1949/2096/2154
f 1951/2019/2095 1952/2094/2152 1958/2098/2156 1957/2023/2099
f 1952/2094/2152 1953/2095/2153 1959/2099/2157 1958/2098/2156
f 1950/2097/2155 1949/2096/2154 1955/2100/2158 1956/2101/2159
f 1949/2096/2154 1948/2017/2093 1954/2021/2097 1955/2100/2158
f 1957/2023/2099 1958/2098/2156 1964/2102/2160 1963/2027/2103
f 1958/2098/2156 1959/2099/2157 1965/2103/2161 1964/2102/2160
f 1956/2101/2159 1955/2100/2158 1961/2104/2162 1962/2105/2163
f 1955/2100/2158 1954/2021/2097 1960/2025/2101 1961/2104/2162
f 1963/2027/2103 1964/2102/2160 1970/2106/2164 1969/2031/2107
f 1964/2102/2160 1965/2103/2161 1971/2107/2165 1970/2106/2164
f 1962/2105/2163 1961/2104/2162 1967/2108/2166 1968/2109/2167
f 1961/2104/2162 1960/2025/2101 1966/2029/2105 1967/2108/2166
f 1969/2031/2107 1970/2106/2164 1976/2110/2168 1975/2034/2111
f 1970/2106/2164 1971/2107/2165 1977/2111/2169 1976/2110/2168
f 1968/3416/2167 1967/3415/2166 1973/2112/2170 1974/3417/2171
f 1967/3415/2166 1966/3412/2105 1972/2032/2109 1973/2112/2170
f 1975/2034/2111 1976/2110/2168 1979/2113/2172 1978/2036/2113
f 1976/2110/2168 1977/2111/2169 1980/2114/2173 1979/2113/2172
f 1974/3417/2171 1973/2112/2170 1979/2113/2172 1980/2114/2173
f 1973/2112/2170 1972/2032/2109 1978/2036/2113 1979/2113/2172
f 2905/2076/148 2904/2074/147 2962/3022/2174 2963/3023/2175
f 2904/2074/147 2907/2075/154 2964/3024/2176 2962/3022/2174
f 2909/2078/156 2905/2076/148 2963/3023/2175 2965/3025/2177
f 2907/2075/154 2911/2077/172 2966/3026/2178 2964/3024/2176
f 2913/2080/174 2909/2078/156 2965/3025/2177 2967/3027/2179
f 2911/2077/172 2921/2079/202 2968/3028/2180 2966/3026/2178
f 2923/2082/204 2913/2080/174 2967/3027/2179 2969/3029/2181
f 2921/2079/202 2927/2081/233 2970/3030/2182 2968/3028/2180
f 2929/2084/235 2923/2082/204 2969/3029/2181 2971/3031/2183
f 2927/2081/233 2935/2083/266 2972/3032/2184 2970/3030/2182
f 2937/2086/268 2929/2084/235 2971/3031/2183 2973/3033/2185
f 2935/2083/266 2944/2085/297 2974/3034/2186 2972/3032/2184
f 2945/275/298 2937/2086/268 2973/3033/2185 2975/3035/2187
f 2944/2085/297 2952/2087/326 2976/3036/2188 2974/3034/2186
f 2953/2089/327 2945/275/298 2975/3035/2187 2977/3037/2189
f 2952/2087/326 2958/2088/353 2978/3038/2190 2976/3036/2188
f 2959/2091/354 2953/2089/327 2977/3037/2189 2979/3039/2191
f 2958/2088/353 2960/2090/359 2980/3040/2192 2978/3038/2190
f 2961/2092/360 2959/2091/354 2979/3039/2191 2981/3041/2193
f 2960/2090/359 2961/2092/360 2981/3041/2193 2980/3040/2192
f 1923/2059/2136 1926/2062/2139 1986/2115/2194 1983/2116/2195
f 1929/2060/2137 1923/2059/2136 1983/2116/2195 1989/2117/2196
f 1926/2062/2139 1932/2066/2143 1992/2118/2197 1986/2115/2194
f 1935/2064/2141 1929/2060/2137 1989/2117/2196 1995/2119/2198
f 1932/2066/2143 1938/2070/2147 1998/2120/2199 1992/2118/2197
f 1941/2068/2145 1935/2064/2141 1995/2119/2198 2001/2121/2200
f 1938/2070/2147 1944/2093/2151 2004/2122/2201 1998/2120/2199
f 1947/2072/2149 1941/2068/2145 2001/2121/2200 2007/2123/2202
f 1944/2093/2151 1950/2097/2155 2010/2124/2203 2004/2122/2201
f 1953/2095/2153 1947/2072/2149 2007/2123/2202 2013/2125/2204
f 1950/2097/2155 1956/2101/2159 2016/2126/2205 2010/2124/2203
f 1959/2099/2157 1953/2095/2153 2013/2125/2204 2019/2127/2206
f 1956/2101/2159 1962/2105/2163 2022/2128/2207 2016/2126/2205
f 1965/2103/2161 1959/2099/2157 2019/2127/2206 2025/2129/2208
f 1962/2105/2163 1968/2109/2167 2028/2130/2209 2022/2128/2207
f 1971/2107/2165 1965/2103/2161 2025/2129/2208 2031/2131/2210
f 1968/3416/2167 1974/3417/2171 2034/2132/2211 2028/3418/2209
f 1977/2111/2169 1971/2107/2165 2031/2131/2210 2037/2133/2212
f 1974/3417/2171 1980/2114/2173 2040/2134/2213 2034/2132/2211
f 1980/2114/2173 1977/2111/2169 2037/2133/2212 2040/2134/2213
f 1982/2135/2214 1983/2116/2195 1986/2115/2194 1985/2136/2215
f 1981/2137/2216 1982/2135/2214 1985/2136/2215 1984/2138/2217
f 1985/2136/2215 1986/2115/2194 1992/2118/2197 1991/2139/2218
f 1984/2138/2217 1985/2136/2215 1991/2139/2218 1990/2140/2219
f 1983/2116/2195 1982/2135/2214 1988/2141/2220 1989/2117/2196
f 1982/2135/2214 1981/2137/2216 1987/2142/2221 1988/2141/2220
f 1991/2139/2218 1992/2118/2197 1998/2120/2199 1997/2143/2222
f 1990/2140/2219 1991/2139/2218 1997/2143/2222 1996/2144/2223
f 1989/2117/2196 1988/2141/2220 1994/2145/2224 1995/2119/2198
f 1988/2141/2220 1987/2142/2221 1993/2146/2225 1994/2145/2224
f 1997/2143/2222 1998/2120/2199 2004/2122/2201 2003/2147/2226
f 1996/2144/2223 1997/2143/2222 2003/2147/2226 2002/2148/2227
f 1995/2119/2198 1994/2145/2224 2000/2149/2228 2001/2121/2200
f 1994/2145/2224 1993/2146/2225 1999/2150/2229 2000/2149/2228
f 2003/2147/2226 2004/2122/2201 2010/2124/2203 2009/2151/2230
f 2002/2148/2227 2003/2147/2226 2009/2151/2230 2008/2152/2231
f 2001/2121/2200 2000/2149/2228 2006/2153/2232 2007/2123/2202
f 2000/2149/2228 1999/2150/2229 2005/2154/2233 2006/2153/2232
f 2009/2151/2230 2010/2124/2203 2016/2126/2205 2015/2155/2234
f 2008/2152/2231 2009/2151/2230 2015/2155/2234 2014/2156/2235
f 2007/2123/2202 2006/2153/2232 2012/2157/2236 2013/2125/2204
f 2006/2153/2232 2005/2154/2233 2011/2158/2237 2012/2157/2236
f 2015/2155/2234 2016/2126/2205 2022/2128/2207 2021/2159/2238
f 2014/2156/2235 2015/2155/2234 2021/2159/2238 2020/2160/2239
f 2013/2125/2204 2012/2157/2236 2018/2161/2240 2019/2127/2206
f 2012/2157/2236 2011/2158/2237 2017/2162/2241 2018/2161/2240
f 2021/2159/2238 2022/2128/2207 2028/2130/2209 2027/2163/2242
f 2020/2160/2239 2021/2159/2238 2027/2163/2242 2026/2164/2243
f 2019/2127/2206 2018/2161/2240 2024/2165/2244 2025/2129/2208
f 2018/2161/2240 2017/2162/2241 2023/2166/2245 2024/2165/2244
f 2027/3419/2242 2028/3418/2209 2034/2132/2211 2033/2167/2246
f 2026/3420/2243 2027/3419/2242 2033/2167/2246 2032/3443/2247
f 2025/2129/2208 2024/2165/2244 2030/2168/2248 2031/2131/2210
f 2024/2165/2244 2023/2166/2245 2029/2169/2249 2030/2168/2248
f 2033/2167/2246 2034/2132/2211 2040/2134/2213 2039/2170/2250
f 2032/3443/2247 2033/2167/2246 2039/2170/2250 2038/2171/2251
f 2031/2131/2210 2030/2168/2248 2036/2172/2252 2037/2133/2212
f 2030/2168/2248 2029/2169/2249 2035/2173/2253 2036/2172/2252
f 2037/2133/2212 2036/2172/2252 2039/2170/2250 2040/2134/2213
f 2036/2172/2252 2035/2173/2253 2038/2171/2251 2039/2170/2250
f 1721/1785/1859 1740/1781/1855 2062/1838/1912 2061/1801/1875
f 1740/1781/1855 1739/1777/1851 2063/1836/1910 2062/1838/1912
f 1739/1777/1851 1738/1773/1847 2064/1834/1908 2063/1836/1910
f 1738/1773/1847 1737/1769/1843 2065/1832/1906 2064/1834/1908
f 1737/1769/1843 1736/1765/1839 2066/1830/1904 2065/1832/1906
f 1736/1765/1839 1735/1763/1837 2067/1828/1902 2066/1830/1904
f 1735/1763/1837 1734/1762/1836 2068/1826/1900 2067/1828/1902
f 1734/1762/1836 1733/1767/1841 2069/1824/1898 2068/1826/1900
f 1733/1767/1841 1732/1771/1845 2070/1822/1896 2069/1824/1898
f 1732/1771/1845 1731/1775/1849 2071/1820/1894 2070/1822/1896
f 1731/1775/1849 1730/1779/1853 2072/1818/1892 2071/1820/1894
f 1730/1779/1853 1729/1783/1857 2073/1816/1890 2072/1818/1892
f 1729/1783/1857 1728/1787/1861 2074/1814/1888 2073/1816/1890
f 1728/1787/1861 1727/1791/1865 2075/1812/1886 2074/1814/1888
f 1727/3401/1865 1726/1795/1869 2076/1810/1884 2075/3402/1886
f 1726/1795/1869 1725/1799/1873 2077/1808/1882 2076/1810/1884
f 1725/1799/1873 1724/1797/1871 2078/1806/1880 2077/1808/1882
f 1724/1797/1871 1723/1793/1867 2079/1804/1878 2078/1806/1880
f 1723/1793/1867 1722/1789/1863 2080/1800/1874 2079/1804/1878
f 1722/1789/1863 1721/1785/1859 2061/1801/1875 2080/1800/1874
f 2082/1922/1997 2081/1921/1996 1801/1900/1975 1802/1899/1974
f 2083/1924/1999 2082/1922/1997 1802/1899/1974 1803/1901/1976
f 2084/1926/2001 2083/1924/1999 1803/1901/1976 1804/1902/1977
f 2085/1928/2003 2084/1926/2001 1804/1902/1977 1805/1903/1978
f 2086/1930/2005 2085/1928/2003 1805/1903/1978 1806/1904/1979
f 2087/1932/2007 2086/1930/2005 1806/1904/1979 1807/1905/1980
f 2088/3407/2009 2087/1932/2007 1807/1905/1980 1808/1906/1981
f 2089/3408/2011 2088/3407/2009 1808/1906/1981 1809/3421/1982
f 2090/1937/2013 2089/1935/2011 1809/1907/1982 1810/1908/1983
f 2091/1939/2015 2090/1937/2013 1810/1908/1983 1811/1909/1984
f 2092/1941/2017 2091/1939/2015 1811/1909/1984 1812/1910/1985
f 2093/1943/2019 2092/1941/2017 1812/1910/1985 1813/1911/1986
f 2094/1945/2021 2093/1943/2019 1813/1911/1986 1814/1912/1987
f 2095/1947/2023 2094/1945/2021 1814/1912/1987 1815/1913/1988
f 2096/1949/2025 2095/1947/2023 1815/1913/1988 1816/1914/1989
f 2097/1951/2027 2096/1949/2025 1816/1914/1989 1817/1915/1990
f 2098/1953/2029 2097/1951/2027 1817/1915/1990 1818/1916/1991
f 2099/1955/2031 2098/1953/2029 1818/1916/1991 1819/1917/1992
f 2100/1957/2033 2099/1955/2031 1819/1917/1992 1820/1918/1993
f 2081/1921/1996 2100/1957/2033 1820/1918/1993 1801/1900/1975
f 2102/2174/2254 2101/2175/2255 2106/2176/2256 2105/2177/2257
f 2106/2176/2256 2101/2175/2255 1709/1974/2050 1711/1978/2054
f 2109/2178/2258 2106/2176/2256 1711/1978/2054 1713/1982/2058
f 2112/2179/2259 2109/2178/2258 1713/1982/2058 1715/1986/2062
f 2115/2180/2260 2112/2179/2259 1715/1986/2062 1717/1990/2066
f 2118/2181/2261 2115/2180/2260 1717/1990/2066 1719/1994/2070
f 2121/2182/2262 2118/2181/2261 1719/1994/2070 1720/1996/2072
f 2124/3422/2263 2121/2182/2262 1720/1996/2072 1718/1992/2068
f 2127/3424/2264 2124/3422/2263 1718/1992/2068 1716/3423/2064
f 2130/2184/2265 2127/2183/2264 1716/1988/2064 1714/1984/2060
f 2133/2185/2266 2130/2184/2265 1714/1984/2060 1712/1980/2056
f 2136/2186/2267 2133/2185/2266 1712/1980/2056 1710/1976/2052
f 2139/2187/2268 2136/2186/2267 1710/1976/2052 1708/1972/2048
f 2142/2188/2269 2139/2187/2268 1708/1972/2048 1706/1968/2044
f 2145/2189/2270 2142/2188/2269 1706/1968/2044 1704/1964/2040
f 2148/2190/2271 2145/2189/2270 1704/1964/2040 1702/1959/2035
f 2151/2191/2272 2148/2190/2271 1702/1959/2035 1701/1958/2034
f 2154/2192/2273 2151/2191/2272 1701/1958/2034 1703/1962/2038
f 2157/2193/2274 2154/2192/2273 1703/1962/2038 1705/1966/2042
f 2160/2194/2275 2157/2193/2274 1705/1966/2042 1707/1970/2046
f 2101/2175/2255 2160/2194/2275 1707/1970/2046 1709/1974/2050
f 2105/2177/2257 2106/2176/2256 2109/2178/2258 2108/2195/2276
f 2108/2195/2276 2109/2178/2258 2112/2179/2259 2111/2196/2277
f 2111/2196/2277 2112/2179/2259 2115/2180/2260 2114/2197/2278
f 2114/2197/2278 2115/2180/2260 2118/2181/2261 2117/2198/2279
f 2117/2198/2279 2118/2181/2261 2121/2182/2262 2120/2199/2280
f 2120/2199/2280 2121/2182/2262 2124/3422/2263 2123/2200/2281
f 2123/2200/2281 2124/3422/2263 2127/3424/2264 2126/3432/2282
f 2126/2201/2282 2127/2183/2264 2130/2184/2265 2129/2202/2283
f 2129/2202/2283 2130/2184/2265 2133/2185/2266 2132/2203/2284
f 2132/2203/2284 2133/2185/2266 2136/2186/2267 2135/2204/2285
f 2135/2204/2285 2136/2186/2267 2139/2187/2268 2138/2205/2286
f 2138/2205/2286 2139/2187/2268 2142/2188/2269 2141/2206/2287
f 2141/2206/2287 2142/2188/2269 2145/2189/2270 2144/2207/2288
f 2144/2207/2288 2145/2189/2270 2148/2190/2271 2147/2208/2289
f 2147/2208/2289 2148/2190/2271 2151/2191/2272 2150/2209/2290
f 2150/2209/2290 2151/2191/2272 2154/2192/2273 2153/2210/2291
f 2153/2210/2291 2154/2192/2273 2157/2193/2274 2156/2211/2292
f 2156/2211/2292 2157/2193/2274 2160/2194/2275 2159/2212/2293
f 2101/2175/2255 2102/2174/2254 2159/2212/2293 2160/2194/2275
f 2161/2213/2294 2103/2214/2295 2104/2215/2296 2167/2216/2297
f 1742/1843/1917 1741/1842/1916 2163/2217/2298 2169/2218/2299
f 1743/1845/1919 1742/1843/1917 2169/2218/2299 2172/2219/2300
f 1744/1847/1921 1743/1845/1919 2172/2219/2300 2175/2220/2301
f 1745/1849/1923 1744/1847/1921 2175/2220/2301 2178/2221/2302
f 1746/1851/1925 1745/1849/1923 2178/2221/2302 2181/2222/2303
f 1747/1853/1927 1746/1851/1925 2181/2222/2303 2184/2223/2304
f 1748/3425/1929 1747/1853/1927 2184/2223/2304 2187/2224/2305
f 1749/3404/1931 1748/3425/1929 2187/2224/2305 2190/3426/2306
f 1750/1858/1933 1749/1856/1931 2190/2225/2306 2193/2226/2307
f 1751/1860/1935 1750/1858/1933 2193/2226/2307 2196/2227/2308
f 1752/1862/1937 1751/1860/1935 2196/2227/2308 2199/2228/2309
f 1753/1864/1939 1752/1862/1937 2199/2228/2309 2202/2229/2310
f 1754/1866/1941 1753/1864/1939 2202/2229/2310 2205/2230/2311
f 1755/1868/1943 1754/1866/1941 2205/2230/2311 2208/2231/2312
f 1756/1870/1945 1755/1868/1943 2208/2231/2312 2211/2232/2313
f 1757/1872/1947 1756/1870/1945 2211/2232/2313 2214/2233/2314
f 1758/1874/1949 1757/1872/1947 2214/2233/2314 2217/2234/2315
f 1759/1876/1951 1758/1874/1949 2217/2234/2315 2220/2235/2316
f 1760/1878/1953 1759/1876/1951 2220/2235/2316 2166/2236/2317
f 1741/1842/1916 1760/1878/1953 2166/2236/2317 2163/2217/2298
f 2167/2216/2297 2104/2215/2296 2107/2237/2318 2170/2238/2319
f 2170/2238/2319 2107/2237/2318 2110/2239/2320 2173/2240/2321
f 2173/2240/2321 2110/2239/2320 2113/2241/2322 2176/2242/2323
f 2176/2242/2323 2113/2241/2322 2116/2243/2324 2179/2244/2325
f 2179/2244/2325 2116/2243/2324 2119/2245/2326 2182/2246/2327
f 2182/2246/2327 2119/2245/2326 2122/3435/2328 2185/3428/2329
f 2185/3428/2329 2122/3435/2328 2125/3427/2330 2188/3431/2331
f 2188/2248/2331 2125/2247/2330 2128/2249/2332 2191/2250/2333
f 2191/2250/2333 2128/2249/2332 2131/2251/2334 2194/2252/2335
f 2194/2252/2335 2131/2251/2334 2134/2253/2336 2197/2254/2337
f 2197/2254/2337 2134/2253/2336 2137/2255/2338 2200/2256/2339
f 2200/2256/2339 2137/2255/2338 2140/2257/2340 2203/2258/2341
f 2203/2258/2341 2140/2257/2340 2143/2259/2342 2206/2260/2343
f 2206/2260/2343 2143/2259/2342 2146/2261/2344 2209/2262/2345
f 2209/2262/2345 2146/2261/2344 2149/2263/2346 2212/2264/2347
f 2212/2264/2347 2149/2263/2346 2152/2265/2348 2215/2266/2349
f 2215/2266/2349 2152/2265/2348 2155/2267/2350 2218/2268/2351
f 2218/2268/2351 2155/2267/2350 2158/2269/2352 2164/2270/2353
f 2103/2214/2295 2161/2213/2294 2164/2270/2353 2158/2269/2352
f 2161/2213/2294 2162/2271/2354 2165/2272/2355 2164/2270/2353
f 2162/2271/2354 2163/2217/2298 2166/2236/2317 2165/2272/2355
f 2164/2270/2353 2165/2272/2355 2219/2273/2356 2218/2268/2351
f 2165/2272/2355 2166/2236/2317 2220/2235/2316 2219/2273/2356
f 2163/2217/2298 2162/2271/2354 2168/2274/2357 2169/2218/2299
f 2162/2271/2354 2161/2213/2294 2167/2216/2297 2168/2274/2357
f 2169/2218/2299 2168/2274/2357 2171/2275/2358 2172/2219/2300
f 2168/2274/2357 2167/2216/2297 2170/2238/2319 2171/2275/2358
f 2172/2219/2300 2171/2275/2358 2174/2276/2359 2175/2220/2301
f 2171/2275/2358 2170/2238/2319 2173/2240/2321 2174/2276/2359
f 2175/2220/2301 2174/2276/2359 2177/2277/2360 2178/2221/2302
f 2174/2276/2359 2173/2240/2321 2176/2242/2323 2177/2277/2360
f 2178/2221/2302 2177/2277/2360 2180/2278/2361 2181/2222/2303
f 2177/2277/2360 2176/2242/2323 2179/2244/2325 2180/2278/2361
f 2181/2222/2303 2180/2278/2361 2183/2279/2362 2184/2223/2304
f 2180/2278/2361 2179/2244/2325 2182/2246/2327 2183/2279/2362
f 2184/2223/2304 2183/2279/2362 2186/3429/2363 2187/2224/2305
f 2183/2279/2362 2182/2246/2327 2185/3428/2329 2186/3429/2363
f 2187/2224/2305 2186/3429/2363 2189/3430/2364 2190/3426/2306
f 2186/3429/2363 2185/3428/2329 2188/3431/2331 2189/3430/2364
f 2190/2225/2306 2189/2280/2364 2192/2281/2365 2193/2226/2307
f 2189/2280/2364 2188/2248/2331 2191/2250/2333 2192/2281/2365
f 2193/2226/2307 2192/2281/2365 2195/2282/2366 2196/2227/2308
f 2192/2281/2365 2191/2250/2333 2194/2252/2335 2195/2282/2366
f 2196/2227/2308 2195/2282/2366 2198/2283/2367 2199/2228/2309
f 2195/2282/2366 2194/2252/2335 2197/2254/2337 2198/2283/2367
f 2199/2228/2309 2198/2283/2367 2201/2284/2368 2202/2229/2310
f 2198/2283/2367 2197/2254/2337 2200/2256/2339 2201/2284/2368
f 2202/2229/2310 2201/2284/2368 2204/2285/2369 2205/2230/2311
f 2201/2284/2368 2200/2256/2339 2203/2258/2341 2204/2285/2369
f 2205/2230/2311 2204/2285/2369 2207/2286/2370 2208/2231/2312
f 2204/2285/2369 2203/2258/2341 2206/2260/2343 2207/2286/2370
f 2208/2231/2312 2207/2286/2370 2210/2287/2371 2211/2232/2313
f 2207/2286/2370 2206/2260/2343 2209/2262/2345 2210/2287/2371
f 2211/2232/2313 2210/2287/2371 2213/2288/2372 2214/2233/2314
f 2210/2287/2371 2209/2262/2345 2212/2264/2347 2213/2288/2372
f 2214/2233/2314 2213/2288/2372 2216/2289/2373 2217/2234/2315
f 2213/2288/2372 2212/2264/2347 2215/2266/2349 2216/2289/2373
f 2217/2234/2315 2216/2289/2373 2219/2273/2356 2220/2235/2316
f 2216/2289/2373 2215/2266/2349 2218/2268/2351 2219/2273/2356
f 2223/2290/2374 2222/2291/2375 2225/2292/2376 2224/2293/2377
f 2222/2291/2378 2221/2294/2379 2226/2295/2380 2225/2292/2381
f 2103/2214/2295 2223/2290/2374 2224/2293/2377 2104/2215/2296
f 2221/2294/2379 2102/2174/2254 2105/2177/2257 2226/2295/2380
f 2226/2295/2380 2105/2177/2257 2108/2195/2276 2229/2296/2382
f 2104/2215/2296 2224/2293/2377 2227/2297/2383 2107/2237/2318
f 2229/2296/2382 2108/2195/2276 2111/2196/2277 2232/2298/2384
f 2107/2237/2318 2227/2297/2383 2230/2299/2385 2110/2239/2320
f 2232/2298/2384 2111/2196/2277 2114/2197/2278 2235/2300/2386
f 2110/2239/2320 2230/2299/2385 2233/2301/2387 2113/2241/2322
f 2235/2300/2386 2114/2197/2278 2117/2198/2279 2238/2302/2388
f 2113/2241/2322 2233/2301/2387 2236/2303/2389 2116/2243/2324
f 2238/2302/2388 2117/2198/2279 2120/2199/2280 2241/2304/2390
f 2116/2243/2324 2236/2303/2389 2239/2305/2391 2119/2245/2326
f 2241/2304/2390 2120/2199/2280 2123/2200/2281 2244/3433/2392
f 2119/2245/2326 2239/2305/2391 2242/2306/2393 2122/3435/2328
f 2244/3433/2392 2123/2200/2281 2126/3432/2282 2247/3438/2394
f 2122/3435/2328 2242/2306/2393 2245/3434/2395 2125/3427/2330
f 2247/2307/2394 2126/2201/2282 2129/2202/2283 2250/2309/2396
f 2125/2247/2330 2245/2308/2395 2248/2310/2397 2128/2249/2332
f 2250/2309/2396 2129/2202/2283 2132/2203/2284 2253/2311/2398
f 2128/2249/2332 2248/2310/2397 2251/2312/2399 2131/2251/2334
f 2253/2311/2398 2132/2203/2284 2135/2204/2285 2256/2313/2400
f 2131/2251/2334 2251/2312/2399 2254/2314/2401 2134/2253/2336
f 2256/2313/2400 2135/2204/2285 2138/2205/2286 2259/2315/2402
f 2134/2253/2336 2254/2314/2401 2257/2316/2403 2137/2255/2338
f 2259/2315/2402 2138/2205/2286 2141/2206/2287 2262/2317/2404
f 2137/2255/2338 2257/2316/2403 2260/2318/2405 2140/2257/2340
f 2262/2317/2404 2141/2206/2287 2144/2207/2288 2265/2319/2406
f 2140/2257/2340 2260/2318/2405 2263/2320/2407 2143/2259/2342
f 2265/2319/2406 2144/2207/2288 2147/2208/2289 2268/2321/2408
f 2143/2259/2342 2263/2320/2407 2266/2322/2409 2146/2261/2344
f 2268/2321/2408 2147/2208/2289 2150/2209/2290 2271/2323/2410
f 2146/2261/2344 2266/2322/2409 2269/2324/2411 2149/2263/2346
f 2271/2323/2410 2150/2209/2290 2153/2210/2291 2274/2325/2412
f 2149/2263/2346 2269/2324/2411 2272/2326/2413 2152/2265/2348
f 2274/2325/2412 2153/2210/2291 2156/2211/2292 2277/2327/2414
f 2152/2265/2348 2272/2326/2413 2275/2328/2415 2155/2267/2350
f 2277/2327/2414 2156/2211/2292 2159/2212/2293 2280/2329/2416
f 2155/2267/2350 2275/2328/2415 2278/2330/2417 2158/2269/2352
f 2102/2174/2254 2221/2294/2379 2280/2329/2416 2159/2212/2293
f 2223/2290/2374 2103/2214/2295 2158/2269/2352 2278/2330/2417
f 2224/2293/2377 2225/2292/2376 2228/2331/2418 2227/2297/2383
f 2225/2292/2381 2226/2295/2380 2229/2296/2382 2228/2331/2419
f 2227/2297/2383 2228/2331/2418 2231/2332/2420 2230/2299/2385
f 2228/2331/2419 2229/2296/2382 2232/2298/2384 2231/2332/2421
f 2230/2299/2385 2231/2332/2420 2234/2333/2422 2233/2301/2387
f 2231/2332/2421 2232/2298/2384 2235/2300/2386 2234/2333/2423
f 2233/2301/2387 2234/2333/2422 2237/2334/2424 2236/2303/2389
f 2234/2333/2423 2235/2300/2386 2238/2302/2388 2237/2334/2425
f 2236/2303/2389 2237/2334/2424 2240/2335/2426 2239/2305/2391
f 2237/2334/2425 2238/2302/2388 2241/2304/2390 2240/2335/2427
f 2239/2305/2391 2240/2335/2426 2243/3436/2428 2242/2306/2393
f 2240/2335/2427 2241/2304/2390 2244/3433/2392 2243/3436/2429
f 2242/2306/2393 2243/3436/2428 2246/3437/2430 2245/3434/2395
f 2243/3436/2429 2244/3433/2392 2247/3438/2394 2246/3437/2431
f 2245/2308/2395 2246/2336/2430 2249/2337/2432 2248/2310/2397
f 2246/2336/2431 2247/2307/2394 2250/2309/2396 2249/2337/2433
f 2248/2310/2397 2249/2337/2432 2252/2338/2434 2251/2312/2399
f 2249/2337/2433 2250/2309/2396 2253/2311/2398 2252/2338/2435
f 2251/2312/2399 2252/2338/2434 2255/2339/2436 2254/2314/2401
f 2252/2338/2435 2253/2311/2398 2256/2313/2400 2255/2339/2437
f 2254/2314/2401 2255/2339/2436 2258/2340/2438 2257/2316/2403
f 2255/2339/2437 2256/2313/2400 2259/2315/2402 2258/2340/2439
f 2257/2316/2403 2258/2340/2438 2261/2341/2440 2260/2318/2405
f 2258/2340/2439 2259/2315/2402 2262/2317/2404 2261/2341/2441
f 2260/2318/2405 2261/2341/2440 2264/2342/2442 2263/2320/2407
f 2261/2341/2441 2262/2317/2404 2265/2319/2406 2264/2342/2443
f 2263/2320/2407 2264/2342/2442 2267/2343/2444 2266/2322/2409
f 2264/2342/2443 2265/2319/2406 2268/2321/2408 2267/2343/2445
f 2266/2322/2409 2267/2343/2444 2270/2344/2446 2269/2324/2411
f 2267/2343/2445 2268/2321/2408 2271/2323/2410 2270/2344/2447
f 2269/2324/2411 2270/2344/2446 2273/2345/2448 2272/2326/2413
f 2270/2344/2447 2271/2323/2410 2274/2325/2412 2273/2345/2449
f 2272/2326/2413 2273/2345/2448 2276/2346/2450 2275/2328/2415
f 2273/2345/2449 2274/2325/2412 2277/2327/2414 2276/2346/2451
f 2275/2328/2415 2276/2346/2450 2279/2347/2452 2278/2330/2417
f 2276/2346/2451 2277/2327/2414 2280/2329/2416 2279/2347/2453
f 2221/2294/2379 2222/2291/2378 2279/2347/2453 2280/2329/2416
f 2222/2291/2375 2223/2290/2374 2278/2330/2417 2279/2347/2452
f 2304/2348/2454 2305/2349/2455 2315/2350/2456 2314/2351/2457
f 2303/2352/2458 2304/2348/2454 2314/2351/2457 2313/2353/2459
f 2301/2354/2460 2302/2355/2461 2312/2356/2462 2311/2357/2463
f 2302/2355/2461 2303/2352/2458 2313/2353/2459 2312/2356/2462
f 2305/2349/2455 2304/2348/2454 2309/2358/2464 2310/2359/2465
f 2304/2348/2454 2303/2352/2458 2308/2360/2466 2309/2358/2464
f 2303/2352/2458 2302/2355/2461 2307/2361/2467 2308/2360/2466
f 2302/2355/2461 2301/2354/2460 2306/2362/2468 2307/2361/2467
f 2314/2351/2457 2315/2350/2456 2325/2363/2469 2324/2364/2470
f 2313/2353/2459 2314/2351/2457 2324/2364/2470 2323/2365/2471
f 2311/2357/2463 2312/2356/2462 2322/2366/2472 2321/2367/2473
f 2312/2356/2462 2313/2353/2459 2323/2365/2471 2322/2366/2472
f 2310/2359/2465 2309/2358/2464 2319/2368/2474 2320/2369/2475
f 2309/2358/2464 2308/2360/2466 2318/2370/2476 2319/2368/2474
f 2308/2360/2466 2307/2361/2467 2317/2371/2477 2318/2370/2476
f 2307/2361/2467 2306/2362/2468 2316/2372/2478 2317/2371/2477
f 2324/2364/2470 2325/2363/2469 2335/2373/2479 2334/2374/2480
f 2323/2365/2471 2324/2364/2470 2334/2374/2480 2333/2375/2481
f 2321/2367/2473 2322/2366/2472 2332/2376/2482 2331/2377/2483
f 2322/2366/2472 2323/2365/2471 2333/2375/2481 2332/2376/2482
f 2320/2369/2475 2319/2368/2474 2329/2378/2484 2330/2379/2485
f 2319/2368/2474 2318/2370/2476 2328/2380/2486 2329/2378/2484
f 2318/2370/2476 2317/2371/2477 2327/2381/2487 2328/2380/2486
f 2317/2371/2477 2316/2372/2478 2326/2382/2488 2327/2381/2487
f 2334/2374/2480 2335/2373/2479 2345/2383/2489 2344/2384/2490
f 2333/2375/2481 2334/2374/2480 2344/2384/2490 2343/2385/2491
f 2331/2377/2483 2332/2376/2482 2342/2386/2492 2341/2387/2493
f 2332/2376/2482 2333/2375/2481 2343/2385/2491 2342/2386/2492
f 2330/2379/2485 2329/2378/2484 2339/2388/2494 2340/2389/2495
f 2329/2378/2484 2328/2380/2486 2338/2390/2496 2339/2388/2494
f 2328/2380/2486 2327/2381/2487 2337/2391/2497 2338/2390/2496
f 2327/2381/2487 2326/2382/2488 2336/2392/2498 2337/2391/2497
f 2344/2384/2490 2345/2383/2489 2355/2393/2499 2354/2394/2500
f 2343/2385/2491 2344/2384/2490 2354/2394/2500 2353/2395/2501
f 2341/2387/2493 2342/2386/2492 2352/2396/2502 2351/2397/2503
f 2342/2386/2492 2343/2385/2491 2353/2395/2501 2352/2396/2502
f 2340/2389/2495 2339/2388/2494 2349/2398/2504 2350/2399/2505
f 2339/2388/2494 2338/2390/2496 2348/2400/2506 2349/2398/2504
f 2338/2390/2496 2337/2391/2497 2347/2401/2507 2348/2400/2506
f 2337/2391/2497 2336/2392/2498 2346/2402/2508 2347/2401/2507
f 2354/2394/2500 2355/2393/2499 2365/2403/2509 2364/2404/2510
f 2353/2395/2501 2354/2394/2500 2364/2404/2510 2363/2405/2511
f 2351/2397/2503 2352/2396/2502 2362/2406/2512 2361/2407/2513
f 2352/2396/2502 2353/2395/2501 2363/2405/2511 2362/2406/2512
f 2350/2399/2505 2349/2398/2504 2359/2408/2514 2360/2409/2515
f 2349/2398/2504 2348/2400/2506 2358/2410/2516 2359/2408/2514
f 2348/2400/2506 2347/2401/2507 2357/2411/2517 2358/2410/2516
f 2347/2401/2507 2346/2402/2508 2356/2412/2518 2357/2411/2517
f 2364/2404/2510 2365/2403/2509 2375/2413/2519 2374/2414/2520
f 2363/2405/2511 2364/2404/2510 2374/2414/2520 2373/2415/2521
f 2361/2407/2513 2362/2406/2512 2372/2416/2522 2371/2417/2523
f 2362/2406/2512 2363/2405/2511 2373/2415/2521 2372/2416/2522
f 2360/2409/2515 2359/2408/2514 2369/2418/2524 2370/2419/2525
f 2359/2408/2514 2358/2410/2516 2368/2420/2526 2369/2418/2524
f 2358/2410/2516 2357/2411/2517 2367/2421/2527 2368/2420/2526
f 2357/2411/2517 2356/2412/2518 2366/2422/2528 2367/2421/2527
f 2374/2414/2520 2375/2413/2519 2385/2423/2529 2384/2424/2530
f 2373/2415/2521 2374/2414/2520 2384/2424/2530 2383/2425/2531
f 2371/2417/2523 2372/2416/2522 2382/2426/2532 2381/2427/2533
f 2372/2416/2522 2373/2415/2521 2383/2425/2531 2382/2426/2532
f 2370/2419/2525 2369/2418/2524 2379/2428/2534 2380/2429/2535
f 2369/2418/2524 2368/2420/2526 2378/2430/2536 2379/2428/2534
f 2368/2420/2526 2367/2421/2527 2377/2431/2537 2378/2430/2536
f 2367/2421/2527 2366/2422/2528 2376/2432/2538 2377/2431/2537
f 2384/2424/2530 2385/2423/2529 2395/2433/2539 2394/2434/2540
f 2383/2425/2531 2384/2424/2530 2394/2434/2540 2393/2435/2541
f 2381/2427/2533 2382/2426/2532 2392/2436/2542 2391/2437/2543
f 2382/2426/2532 2383/2425/2531 2393/2435/2541 2392/2436/2542
f 2380/3440/2535 2379/3439/2534 2389/2438/2544 2390/3453/2545
f 2379/3439/2534 2378/3441/2536 2388/2439/2546 2389/2438/2544
f 2378/3441/2536 2377/3442/2537 2387/2440/2547 2388/2439/2546
f 2377/3442/2537 2376/3448/2538 2386/2441/2548 2387/2440/2547
f 2394/2434/2540 2395/2433/2539 2400/2442/2549 2399/2443/2550
f 2393/2435/2541 2394/2434/2540 2399/2443/2550 2398/2444/2551
f 2391/2437/2543 2392/2436/2542 2397/2445/2552 2396/2446/2553
f 2392/2436/2542 2393/2435/2541 2398/2444/2551 2397/2445/2552
f 2390/3453/2545 2389/2438/2544 2399/2443/2550 2400/2442/2549
f 2389/2438/2544 2388/2439/2546 2398/2444/2551 2399/2443/2550
f 2388/2439/2546 2387/2440/2547 2397/2445/2552 2398/2444/2551
f 2387/2440/2547 2386/2441/2548 2396/2446/2553 2397/2445/2552
f 2401/2447/2554 1981/2137/2216 1984/2138/2217 2404/2448/2555
f 2404/2448/2555 1984/2138/2217 1990/2140/2219 2410/2449/2556
f 1981/2137/2216 2401/2447/2554 2407/2450/2557 1987/2142/2221
f 2410/2449/2556 1990/2140/2219 1996/2144/2223 2416/2451/2558
f 1987/2142/2221 2407/2450/2557 2413/2452/2559 1993/2146/2225
f 2416/2451/2558 1996/2144/2223 2002/2148/2227 2422/2453/2560
f 1993/2146/2225 2413/2452/2559 2419/2454/2561 1999/2150/2229
f 2422/2453/2560 2002/2148/2227 2008/2152/2231 2428/2455/2562
f 1999/2150/2229 2419/2454/2561 2425/2456/2563 2005/2154/2233
f 2428/2455/2562 2008/2152/2231 2014/2156/2235 2434/2457/2564
f 2005/2154/2233 2425/2456/2563 2431/2458/2565 2011/2158/2237
f 2434/2457/2564 2014/2156/2235 2020/2160/2239 2440/2459/2566
f 2011/2158/2237 2431/2458/2565 2437/2460/2567 2017/2162/2241
f 2440/2459/2566 2020/2160/2239 2026/2164/2243 2446/2461/2568
f 2017/2162/2241 2437/2460/2567 2443/2462/2569 2023/2166/2245
f 2446/3444/2568 2026/3420/2243 2032/3443/2247 2452/2463/2570
f 2023/2166/2245 2443/2462/2569 2449/2464/2571 2029/2169/2249
f 2452/2463/2570 2032/3443/2247 2038/2171/2251 2458/2465/2572
f 2029/2169/2249 2449/2464/2571 2455/2466/2573 2035/2173/2253
f 2035/2173/2253 2455/2466/2573 2458/2465/2572 2038/2171/2251
f 2403/2467/2574 2406/2468/2575 2464/2469/2576 2461/2470/2577
f 2409/2471/2578 2403/2467/2574 2461/2470/2577 2467/2472/2579
f 2406/2468/2575 2412/2473/2580 2470/2474/2581 2464/2469/2576
f 2415/2475/2582 2409/2471/2578 2467/2472/2579 2473/2476/2583
f 2412/2473/2580 2418/2477/2584 2476/2478/2585 2470/2474/2581
f 2421/2479/2586 2415/2475/2582 2473/2476/2583 2479/2480/2587
f 2418/2477/2584 2424/2481/2588 2482/2482/2589 2476/2478/2585
f 2427/2483/2590 2421/2479/2586 2479/2480/2587 2485/2484/2591
f 2424/2481/2588 2430/2485/2592 2488/2486/2593 2482/2482/2589
f 2433/2487/2594 2427/2483/2590 2485/2484/2591 2491/2488/2595
f 2430/2485/2592 2436/2489/2596 2494/2490/2597 2488/2486/2593
f 2439/2491/2598 2433/2487/2594 2491/2488/2595 2497/2492/2599
f 2436/2489/2596 2442/2493/2600 2500/2494/2601 2494/2490/2597
f 2445/2495/2602 2439/2491/2598 2497/2492/2599 2503/2496/2603
f 2442/2493/2600 2448/2497/2604 2506/2498/2605 2500/2494/2601
f 2451/2499/2606 2445/2495/2602 2503/2496/2603 2509/2500/2607
f 2448/3450/2604 2454/3445/2608 2512/2501/2609 2506/3446/2605
f 2457/2502/2610 2451/2499/2606 2509/2500/2607 2515/2503/2611
f 2454/3445/2608 2460/2504/2612 2518/2505/2613 2512/2501/2609
f 2460/2504/2612 2457/2502/2610 2515/2503/2611 2518/2505/2613
f 2463/2506/2614 2466/2507/2615 2306/2362/2468 2301/2354/2460
f 2469/2508/2616 2463/2506/2614 2301/2354/2460 2311/2357/2463
f 2466/2507/2615 2472/2509/2617 2316/2372/2478 2306/2362/2468
f 2475/2510/2618 2469/2508/2616 2311/2357/2463 2321/2367/2473
f 2472/2509/2617 2478/2511/2619 2326/2382/2488 2316/2372/2478
f 2481/2512/2620 2475/2510/2618 2321/2367/2473 2331/2377/2483
f 2478/2511/2619 2484/2513/2621 2336/2392/2498 2326/2382/2488
f 2487/2514/2622 2481/2512/2620 2331/2377/2483 2341/2387/2493
f 2484/2513/2621 2490/2515/2623 2346/2402/2508 2336/2392/2498
f 2493/2516/2624 2487/2514/2622 2341/2387/2493 2351/2397/2503
f 2490/2515/2623 2496/2517/2625 2356/2412/2518 2346/2402/2508
f 2499/2518/2626 2493/2516/2624 2351/2397/2503 2361/2407/2513
f 2496/2517/2625 2502/2519/2627 2366/2422/2528 2356/2412/2518
f 2505/2520/2628 2499/2518/2626 2361/2407/2513 2371/2417/2523
f 2502/2519/2627 2508/2521/2629 2376/2432/2538 2366/2422/2528
f 2511/2522/2630 2505/2520/2628 2371/2417/2523 2381/2427/2533
f 2508/3452/2629 2514/3447/2631 2386/2441/2548 2376/3448/2538
f 2517/2523/2632 2511/2522/2630 2381/2427/2533 2391/2437/2543
f 2514/3447/2631 2520/2524/2633 2396/2446/2553 2386/2441/2548
f 2520/2524/2633 2517/2523/2632 2391/2437/2543 2396/2446/2553
f 2401/2447/2554 2402/2525/2634 2408/2526/2635 2407/2450/2557
f 2402/2525/2636 2403/2467/2574 2409/2471/2578 2408/2526/2637
f 2403/2467/2574 2402/2525/2636 2405/2527/2638 2406/2468/2575
f 2402/2525/2634 2401/2447/2554 2404/2448/2555 2405/2527/2639
f 2407/2450/2557 2408/2526/2635 2414/2528/2640 2413/2452/2559
f 2408/2526/2637 2409/2471/2578 2415/2475/2582 2414/2528/2641
f 2406/2468/2575 2405/2527/2638 2411/2529/2642 2412/2473/2580
f 2405/2527/2639 2404/2448/2555 2410/2449/2556 2411/2529/2643
f 2413/2452/2559 2414/2528/2640 2420/2530/2644 2419/2454/2561
f 2414/2528/2641 2415/2475/2582 2421/2479/2586 2420/2530/2645
f 2412/2473/2580 2411/2529/2642 2417/2531/2646 2418/2477/2584
f 2411/2529/2643 2410/2449/2556 2416/2451/2558 2417/2531/2647
f 2419/2454/2561 2420/2530/2644 2426/2532/2648 2425/2456/2563
f 2420/2530/2645 2421/2479/2586 2427/2483/2590 2426/2532/2649
f 2418/2477/2584 2417/2531/2646 2423/2533/2650 2424/2481/2588
f 2417/2531/2647 2416/2451/2558 2422/2453/2560 2423/2533/2651
f 2425/2456/2563 2426/2532/2648 2432/2534/2652 2431/2458/2565
f 2426/2532/2649 2427/2483/2590 2433/2487/2594 2432/2534/2653
f 2424/2481/2588 2423/2533/2650 2429/2535/2654 2430/2485/2592
f 2423/2533/2651 2422/2453/2560 2428/2455/2562 2429/2535/2655
f 2431/2458/2565 2432/2534/2652 2438/2536/2656 2437/2460/2567
f 2432/2534/2653 2433/2487/2594 2439/2491/2598 2438/2536/2657
f 2430/2485/2592 2429/2535/2654 2435/2537/2658 2436/2489/2596
f 2429/2535/2655 2428/2455/2562 2434/2457/2564 2435/2537/2659
f 2437/2460/2567 2438/2536/2656 2444/2538/2660 2443/2462/2569
f 2438/2536/2657 2439/2491/2598 2445/2495/2602 2444/2538/2661
f 2436/2489/2596 2435/2537/2658 2441/2539/2662 2442/2493/2600
f 2435/2537/2659 2434/2457/2564 2440/2459/2566 2441/2539/2663
f 2443/2462/2569 2444/2538/2660 2450/2540/2664 2449/2464/2571
f 2444/2538/2661 2445/2495/2602 2451/2499/2606 2450/2540/2665
f 2442/2493/2600 2441/2539/2662 2447/2541/2666 2448/2497/2604
f 2441/2539/2663 2440/2459/2566 2446/2461/2568 2447/2541/2667
f 2449/2464/2571 2450/2540/2664 2456/2542/2668 2455/2466/2573
f 2450/2540/2665 2451/2499/2606 2457/2502/2610 2456/2542/2669
f 2448/3450/2604 2447/3449/2666 2453/2543/2670 2454/3445/2608
f 2447/3449/2667 2446/3444/2568 2452/2463/2570 2453/2543/2671
f 2455/2466/2573 2456/2542/2668 2459/2544/2672 2458/2465/2572
f 2456/2542/2669 2457/2502/2610 2460/2504/2612 2459/2544/2673
f 2454/3445/2608 2453/2543/2670 2459/2544/2673 2460/2504/2612
f 2453/2543/2671 2452/2463/2570 2458/2465/2572 2459/2544/2672
f 2461/2470/2577 2462/2545/2674 2468/2546/2675 2467/2472/2579
f 2462/2545/2676 2463/2506/2614 2469/2508/2616 2468/2546/2677
f 2463/2506/2614 2462/2545/2676 2465/2547/2678 2466/2507/2615
f 2462/2545/2674 2461/2470/2577 2464/2469/2576 2465/2547/2679
f 2467/2472/2579 2468/2546/2675 2474/2548/2680 2473/2476/2583
f 2468/2546/2677 2469/2508/2616 2475/2510/2618 2474/2548/2681
f 2466/2507/2615 2465/2547/2678 2471/2549/2682 2472/2509/2617
f 2465/2547/2679 2464/2469/2576 2470/2474/2581 2471/2549/2683
f 2473/2476/2583 2474/2548/2680 2480/2550/2684 2479/2480/2587
f 2474/2548/2681 2475/2510/2618 2481/2512/2620 2480/2550/2685
f 2472/2509/2617 2471/2549/2682 2477/2551/2686 2478/2511/2619
f 2471/2549/2683 2470/2474/2581 2476/2478/2585 2477/2551/2687
f 2479/2480/2587 2480/2550/2684 2486/2552/2688 2485/2484/2591
f 2480/2550/2685 2481/2512/2620 2487/2514/2622 2486/2552/2689
f 2478/2511/2619 2477/2551/2686 2483/2553/2690 2484/2513/2621
f 2477/2551/2687 2476/2478/2585 2482/2482/2589 2483/2553/2691
f 2485/2484/2591 2486/2552/2688 2492/2554/2692 2491/2488/2595
f 2486/2552/2689 2487/2514/2622 2493/2516/2624 2492/2554/2693
f 2484/2513/2621 2483/2553/2690 2489/2555/2694 2490/2515/2623
f 2483/2553/2691 2482/2482/2589 2488/2486/2593 2489/2555/2695
f 2491/2488/2595 2492/2554/2692 2498/2556/2696 2497/2492/2599
f 2492/2554/2693 2493/2516/2624 2499/2518/2626 2498/2556/2697
f 2490/2515/2623 2489/2555/2694 2495/2557/2698 2496/2517/2625
f 2489/2555/2695 2488/2486/2593 2494/2490/2597 2495/2557/2699
f 2497/2492/2599 2498/2556/2696 2504/2558/2700 2503/2496/2603
f 2498/2556/2697 2499/2518/2626 2505/2520/2628 2504/2558/2701
f 2496/2517/2625 2495/2557/2698 2501/2559/2702 2502/2519/2627
f 2495/2557/2699 2494/2490/2597 2500/2494/2601 2501/2559/2703
f 2503/2496/2603 2504/2558/2700 2510/2560/2704 2509/2500/2607
f 2504/2558/2701 2505/2520/2628 2511/2522/2630 2510/2560/2705
f 2502/2519/2627 2501/2559/2702 2507/2561/2706 2508/2521/2629
f 2501/2559/2703 2500/2494/2601 2506/2498/2605 2507/2561/2707
f 2509/2500/2607 2510/2560/2704 2516/2562/2708 2515/2503/2611
f 2510/2560/2705 2511/2522/2630 2517/2523/2632 2516/2562/2709
f 2508/3452/2629 2507/3451/2706 2513/2563/2710 2514/3447/2631
f 2507/3451/2707 2506/3446/2605 2512/2501/2609 2513/2563/2711
f 2515/2503/2611 2516/2562/2708 2519/2564/2712 2518/2505/2613
f 2516/2562/2709 2517/2523/2632 2520/2524/2633 2519/2564/2713
f 2514/3447/2631 2513/2563/2710 2519/2564/2713 2520/2524/2633
f 2513/2563/2711 2512/2501/2609 2518/2505/2613 2519/2564/2712
f 2305/2349/2455 2310/2359/2465 2532/2565/2714 2526/2566/2715
f 2315/2350/2456 2305/2349/2455 2526/2566/2715 2538/2567/2716
f 2310/2359/2465 2320/2369/2475 2544/2568/2717 2532/2565/2714
f 2325/2363/2469 2315/2350/2456 2538/2567/2716 2550/2569/2718
f 2320/2369/2475 2330/2379/2485 2556/2570/2719 2544/2568/2717
f 2335/2373/2479 2325/2363/2469 2550/2569/2718 2562/2571/2720
f 2330/2379/2485 2340/2389/2495 2568/2572/2721 2556/2570/2719
f 2345/2383/2489 2335/2373/2479 2562/2571/2720 2574/2573/2722
f 2340/2389/2495 2350/2399/2505 2580/2574/2723 2568/2572/2721
f 2355/2393/2499 2345/2383/2489 2574/2573/2722 2586/2575/2724
f 2350/2399/2505 2360/2409/2515 2592/2576/2725 2580/2574/2723
f 2365/2403/2509 2355/2393/2499 2586/2575/2724 2598/2577/2726
f 2360/2409/2515 2370/2419/2525 2604/2578/2727 2592/2576/2725
f 2375/2413/2519 2365/2403/2509 2598/2577/2726 2610/2579/2728
f 2370/2419/2525 2380/2429/2535 2616/2580/2729 2604/2578/2727
f 2385/2423/2529 2375/2413/2519 2610/2579/2728 2622/2581/2730
f 2380/3440/2535 2390/3453/2545 2628/2582/2731 2616/3454/2729
f 2395/2433/2539 2385/2423/2529 2622/2581/2730 2634/2583/2732
f 2390/3453/2545 2400/2442/2549 2640/2584/2733 2628/2582/2731
f 2400/2442/2549 2395/2433/2539 2634/2583/2732 2640/2584/2733
f 2525/2585/2734 2526/2566/2715 2532/2565/2714 2531/2586/2735
f 2524/2587/2736 2525/2585/2734 2531/2586/2735 2530/2588/2737
f 2523/2589/2738 2524/2587/2736 2530/2588/2737 2529/2590/2739
f 2521/2591/2740 2522/2592/2741 2528/2593/2742 2527/2594/2743
f 2522/2592/2741 2523/2589/2738 2529/2590/2739 2528/2593/2742
f 2531/2586/2735 2532/2565/2714 2544/2568/2717 2543/2595/2744
f 2530/2588/2737 2531/2586/2735 2543/2595/2744 2542/2596/2745
f 2529/2590/2739 2530/2588/2737 2542/2596/2745 2541/2597/2746
f 2527/2594/2743 2528/2593/2742 2540/2598/2747 2539/2599/2748
f 2528/2593/2742 2529/2590/2739 2541/2597/2746 2540/2598/2747
f 2526/2566/2715 2525/2585/2734 2537/2600/2749 2538/2567/2716
f 2525/2585/2734 2524/2587/2736 2536/2601/2750 2537/2600/2749
f 2524/2587/2736 2523/2589/2738 2535/2602/2751 2536/2601/2750
f 2523/2589/2738 2522/2592/2741 2534/2603/2752 2535/2602/2751
f 2522/2592/2741 2521/2591/2740 2533/2604/2753 2534/2603/2752
f 2543/2595/2744 2544/2568/2717 2556/2570/2719 2555/2605/2754
f 2542/2596/2745 2543/2595/2744 2555/2605/2754 2554/2606/2755
f 2541/2597/2746 2542/2596/2745 2554/2606/2755 2553/2607/2756
f 2539/2599/2748 2540/2598/2747 2552/2608/2757 2551/2609/2758
f 2540/2598/2747 2541/2597/2746 2553/2607/2756 2552/2608/2757
f 2538/2567/2716 2537/2600/2749 2549/2610/2759 2550/2569/2718
f 2537/2600/2749 2536/2601/2750 2548/2611/2760 2549/2610/2759
f 2536/2601/2750 2535/2602/2751 2547/2612/2761 2548/2611/2760
f 2535/2602/2751 2534/2603/2752 2546/2613/2762 2547/2612/2761
f 2534/2603/2752 2533/2604/2753 2545/2614/2763 2546/2613/2762
f 2555/2605/2754 2556/2570/2719 2568/2572/2721 2567/2615/2764
f 2554/2606/2755 2555/2605/2754 2567/2615/2764 2566/2616/2765
f 2553/2607/2756 2554/2606/2755 2566/2616/2765 2565/2617/2766
f 2551/2609/2758 2552/2608/2757 2564/2618/2767 2563/2619/2768
f 2552/2608/2757 2553/2607/2756 2565/2617/2766 2564/2618/2767
f 2550/2569/2718 2549/2610/2759 2561/2620/2769 2562/2571/2720
f 2549/2610/2759 2548/2611/2760 2560/2621/2770 2561/2620/2769
f 2548/2611/2760 2547/2612/2761 2559/2622/2771 2560/2621/2770
f 2547/2612/2761 2546/2613/2762 2558/2623/2772 2559/2622/2771
f 2546/2613/2762 2545/2614/2763 2557/2624/2773 2558/2623/2772
f 2567/2615/2764 2568/2572/2721 2580/2574/2723 2579/2625/2774
f 2566/2616/2765 2567/2615/2764 2579/2625/2774 2578/2626/2775
f 2565/2617/2766 2566/2616/2765 2578/2626/2775 2577/2627/2776
f 2563/2619/2768 2564/2618/2767 2576/2628/2777 2575/2629/2778
f 2564/2618/2767 2565/2617/2766 2577/2627/2776 2576/2628/2777
f 2562/2571/2720 2561/2620/2769 2573/2630/2779 2574/2573/2722
f 2561/2620/2769 2560/2621/2770 2572/2631/2780 2573/2630/2779
f 2560/2621/2770 2559/2622/2771 2571/2632/2781 2572/2631/2780
f 2559/2622/2771 2558/2623/2772 2570/2633/2782 2571/2632/2781
f 2558/2623/2772 2557/2624/2773 2569/2634/2783 2570/2633/2782
f 2579/2625/2774 2580/2574/2723 2592/2576/2725 2591/2635/2784
f 2578/2626/2775 2579/2625/2774 2591/2635/2784 2590/2636/2785
f 2577/2627/2776 2578/2626/2775 2590/2636/2785 2589/2637/2786
f 2575/2629/2778 2576/2628/2777 2588/2638/2787 2587/2639/2788
f 2576/2628/2777 2577/2627/2776 2589/2637/2786 2588/2638/2787
f 2574/2573/2722 2573/2630/2779 2585/2640/2789 2586/2575/2724
f 2573/2630/2779 2572/2631/2780 2584/2641/2790 2585/2640/2789
f 2572/2631/2780 2571/2632/2781 2583/2642/2791 2584/2641/2790
f 2571/2632/2781 2570/2633/2782 2582/2643/2792 2583/2642/2791
f 2570/2633/2782 2569/2634/2783 2581/2644/2793 2582/2643/2792
f 2591/2635/2784 2592/2576/2725 2604/2578/2727 2603/2645/2794
f 2590/2636/2785 2591/2635/2784 2603/2645/2794 2602/2646/2795
f 2589/2637/2786 2590/2636/2785 2602/2646/2795 2601/2647/2796
f 2587/2639/2788 2588/2638/2787 2600/2648/2797 2599/2649/2798
f 2588/2638/2787 2589/2637/2786 2601/2647/2796 2600/2648/2797
f 2586/2575/2724 2585/2640/2789 2597/2650/2799 2598/2577/2726
f 2585/2640/2789 2584/2641/2790 2596/2651/2800 2597/2650/2799
f 2584/2641/2790 2583/2642/2791 2595/2652/2801 2596/2651/2800
f 2583/2642/2791 2582/2643/2792 2594/2653/2802 2595/2652/2801
f 2582/2643/2792 2581/2644/2793 2593/2654/2803 2594/2653/2802
f 2603/2645/2794 2604/2578/2727 2616/2580/2729 2615/2655/2804
f 2602/2646/2795 2603/2645/2794 2615/2655/2804 2614/2656/2805
f 2601/2647/2796 2602/2646/2795 2614/2656/2805 2613/2657/2806
f 2599/2649/2798 2600/2648/2797 2612/2658/2807 2611/2659/2808
f 2600/2648/2797 2601/2647/2796 2613/2657/2806 2612/2658/2807
f 2598/2577/2726 2597/2650/2799 2609/2660/2809 2610/2579/2728
f 2597/2650/2799 2596/2651/2800 2608/2661/2810 2609/2660/2809
f 2596/2651/2800 2595/2652/2801 2607/2662/2811 2608/2661/2810
f 2595/2652/2801 2594/2653/2802 2606/2663/2812 2607/2662/2811
f 2594/2653/2802 2593/2654/2803 2605/2664/2813 2606/2663/2812
f 2615/3455/2804 2616/3454/2729 2628/2582/2731 2627/2665/2814
f 2614/3456/2805 2615/3455/2804 2627/2665/2814 2626/2666/2815
f 2613/3459/2806 2614/3456/2805 2626/2666/2815 2625/2667/2816
f 2611/3458/2808 2612/3457/2807 2624/2668/2817 2623/3468/2818
f 2612/3457/2807 2613/3459/2806 2625/2667/2816 2624/2668/2817
f 2610/2579/2728 2609/2660/2809 2621/2669/2819 2622/2581/2730
f 2609/2660/2809 2608/2661/2810 2620/2670/2820 2621/2669/2819
f 2608/2661/2810 2607/2662/2811 2619/2671/2821 2620/2670/2820
f 2607/2662/2811 2606/2663/2812 2618/2672/2822 2619/2671/2821
f 2606/2663/2812 2605/2664/2813 2617/2673/2823 2618/2672/2822
f 2627/2665/2814 2628/2582/2731 2640/2584/2733 2639/2674/2824
f 2626/2666/2815 2627/2665/2814 2639/2674/2824 2638/2675/2825
f 2625/2667/2816 2626/2666/2815 2638/2675/2825 2637/2676/2826
f 2623/3468/2818 2624/2668/2817 2636/2677/2827 2635/2678/2828
f 2624/2668/2817 2625/2667/2816 2637/2676/2826 2636/2677/2827
f 2622/2581/2730 2621/2669/2819 2633/2679/2829 2634/2583/2732
f 2621/2669/2819 2620/2670/2820 2632/2680/2830 2633/2679/2829
f 2620/2670/2820 2619/2671/2821 2631/2681/2831 2632/2680/2830
f 2619/2671/2821 2618/2672/2822 2630/2682/2832 2631/2681/2831
f 2618/2672/2822 2617/2673/2823 2629/2683/2833 2630/2682/2832
f 2634/2583/2732 2633/2679/2829 2639/2674/2824 2640/2584/2733
f 2633/2679/2829 2632/2680/2830 2638/2675/2825 2639/2674/2824
f 2632/2680/2830 2631/2681/2831 2637/2676/2826 2638/2675/2825
f 2631/2681/2831 2630/2682/2832 2636/2677/2827 2637/2676/2826
f 2630/2682/2832 2629/2683/2833 2635/2678/2828 2636/2677/2827
f 2647/2684/2834 2654/2685/2835 2282/2686/2836 2281/2687/2837
f 2661/2688/2838 2647/2684/2834 2281/2687/2837 2283/2689/2839
f 2654/2685/2835 2668/2690/2840 2284/2691/2841 2282/2686/2836
f 2675/2692/2842 2661/2688/2838 2283/2689/2839 2285/2693/2843
f 2668/2690/2840 2682/2694/2844 2286/2695/2845 2284/2691/2841
f 2689/2696/2846 2675/2692/2842 2285/2693/2843 2287/2697/2847
f 2682/2694/2844 2696/2698/2848 2288/2699/2849 2286/2695/2845
f 2703/2700/2850 2689/2696/2846 2287/2697/2847 2289/2701/2851
f 2696/2698/2848 2710/2702/2852 2290/2703/2853 2288/2699/2849
f 2717/2704/2854 2703/2700/2850 2289/2701/2851 2291/2705/2855
f 2710/2702/2852 2724/2706/2856 2292/2707/2857 2290/2703/2853
f 2731/2708/2858 2717/2704/2854 2291/2705/2855 2293/2709/2859
f 2724/2706/2856 2738/2710/2860 2294/2711/2861 2292/2707/2857
f 2745/2712/2862 2731/2708/2858 2293/2709/2859 2295/2713/2863
f 2738/2710/2860 2752/2714/2864 2296/2715/2865 2294/2711/2861
f 2759/2716/2866 2745/2712/2862 2295/2713/2863 2297/2717/2867
f 2752/3463/2864 2766/3460/2868 2298/3475/2869 2296/3461/2865
f 2773/2718/2870 2759/2716/2866 2297/2717/2867 2299/2719/2871
f 2766/3460/2868 2780/2720/2872 2300/2721/2873 2298/3475/2869
f 2780/2720/2872 2773/2718/2870 2299/2719/2871 2300/2721/2873
f 2646/2722/2874 2647/2684/2834 2661/2688/2838 2660/2723/2875
f 2645/2724/2876 2646/2722/2874 2660/2723/2875 2659/2725/2877
f 2644/2726/2878 2645/2724/2876 2659/2725/2877 2658/2727/2879
f 2643/2728/2880 2644/2726/2878 2658/2727/2879 2657/2729/2881
f 2641/2730/2882 2642/2731/2883 2656/2732/2884 2655/2733/2885
f 2642/2731/2883 2643/2728/2880 2657/2729/2881 2656/2732/2884
f 2647/2684/2834 2646/2722/2874 2653/2734/2886 2654/2685/2835
f 2646/2722/2874 2645/2724/2876 2652/2735/2887 2653/2734/2886
f 2645/2724/2876 2644/2726/2878 2651/2736/2888 2652/2735/2887
f 2644/2726/2878 2643/2728/2880 2650/2737/2889 2651/2736/2888
f 2643/2728/2880 2642/2731/2883 2649/2738/2890 2650/2737/2889
f 2642/2731/2883 2641/2730/2882 2648/2739/2891 2649/2738/2890
f 2660/2723/2875 2661/2688/2838 2675/2692/2842 2674/2740/2892
f 2659/2725/2877 2660/2723/2875 2674/2740/2892 2673/2741/2893
f 2658/2727/2879 2659/2725/2877 2673/2741/2893 2672/2742/2894
f 2657/2729/2881 2658/2727/2879 2672/2742/2894 2671/2743/2895
f 2655/2733/2885 2656/2732/2884 2670/2744/2896 2669/2745/2897
f 2656/2732/2884 2657/2729/2881 2671/2743/2895 2670/2744/2896
f 2654/2685/2835 2653/2734/2886 2667/2746/2898 2668/2690/2840
f 2653/2734/2886 2652/2735/2887 2666/2747/2899 2667/2746/2898
f 2652/2735/2887 2651/2736/2888 2665/2748/2900 2666/2747/2899
f 2651/2736/2888 2650/2737/2889 2664/2749/2901 2665/2748/2900
f 2650/2737/2889 2649/2738/2890 2663/2750/2902 2664/2749/2901
f 2649/2738/2890 2648/2739/2891 2662/2751/2903 2663/2750/2902
f 2674/2740/2892 2675/2692/2842 2689/2696/2846 2688/2752/2904
f 2673/2741/2893 2674/2740/2892 2688/2752/2904 2687/2753/2905
f 2672/2742/2894 2673/2741/2893 2687/2753/2905 2686/2754/2906
f 2671/2743/2895 2672/2742/2894 2686/2754/2906 2685/2755/2907
f 2669/2745/2897 2670/2744/2896 2684/2756/2908 2683/2757/2909
f 2670/2744/2896 2671/2743/2895 2685/2755/2907 2684/2756/2908
f 2668/2690/2840 2667/2746/2898 2681/2758/2910 2682/2694/2844
f 2667/2746/2898 2666/2747/2899 2680/2759/2911 2681/2758/2910
f 2666/2747/2899 2665/2748/2900 2679/2760/2912 2680/2759/2911
f 2665/2748/2900 2664/2749/2901 2678/2761/2913 2679/2760/2912
f 2664/2749/2901 2663/2750/2902 2677/2762/2914 2678/2761/2913
f 2663/2750/2902 2662/2751/2903 2676/2763/2915 2677/2762/2914
f 2688/2752/2904 2689/2696/2846 2703/2700/2850 2702/2764/2916
f 2687/2753/2905 2688/2752/2904 2702/2764/2916 2701/2765/2917
f 2686/2754/2906 2687/2753/2905 2701/2765/2917 2700/2766/2918
f 2685/2755/2907 2686/2754/2906 2700/2766/2918 2699/2767/2919
f 2683/2757/2909 2684/2756/2908 2698/2768/2920 2697/2769/2921
f 2684/2756/2908 2685/2755/2907 2699/2767/2919 2698/2768/2920
f 2682/2694/2844 2681/2758/2910 2695/2770/2922 2696/2698/2848
f 2681/2758/2910 2680/2759/2911 2694/2771/2923 2695/2770/2922
f 2680/2759/2911 2679/2760/2912 2693/2772/2924 2694/2771/2923
f 2679/2760/2912 2678/2761/2913 2692/2773/2925 2693/2772/2924
f 2678/2761/2913 2677/2762/2914 2691/2774/2926 2692/2773/2925
f 2677/2762/2914 2676/2763/2915 2690/2775/2927 2691/2774/2926
f 2702/2764/2916 2703/2700/2850 2717/2704/2854 2716/2776/2928
f 2701/2765/2917 2702/2764/2916 2716/2776/2928 2715/2777/2929
f 2700/2766/2918 2701/2765/2917 2715/2777/2929 2714/2778/2930
f 2699/2767/2919 2700/2766/2918 2714/2778/2930 2713/2779/2931
f 2697/2769/2921 2698/2768/2920 2712/2780/2932 2711/2781/2933
f 2698/2768/2920 2699/2767/2919 2713/2779/2931 2712/2780/2932
f 2696/2698/2848 2695/2770/2922 2709/2782/2934 2710/2702/2852
f 2695/2770/2922 2694/2771/2923 2708/2783/2935 2709/2782/2934
f 2694/2771/2923 2693/2772/2924 2707/2784/2936 2708/2783/2935
f 2693/2772/2924 2692/2773/2925 2706/2785/2937 2707/2784/2936
f 2692/2773/2925 2691/2774/2926 2705/2786/2938 2706/2785/2937
f 2691/2774/2926 2690/2775/2927 2704/2787/2939 2705/2786/2938
f 2716/2776/2928 2717/2704/2854 2731/2708/2858 2730/2788/2940
f 2715/2777/2929 2716/2776/2928 2730/2788/2940 2729/2789/2941
f 2714/2778/2930 2715/2777/2929 2729/2789/2941 2728/2790/2942
f 2713/2779/2931 2714/2778/2930 2728/2790/2942 2727/2791/2943
f 2711/2781/2933 2712/2780/2932 2726/2792/2944 2725/2793/2945
f 2712/2780/2932 2713/2779/2931 2727/2791/2943 2726/2792/2944
f 2710/2702/2852 2709/2782/2934 2723/2794/2946 2724/2706/2856
f 2709/2782/2934 2708/2783/2935 2722/2795/2947 2723/2794/2946
f 2708/2783/2935 2707/2784/2936 2721/2796/2948 2722/2795/2947
f 2707/2784/2936 2706/2785/2937 2720/2797/2949 2721/2796/2948
f 2706/2785/2937 2705/2786/2938 2719/2798/2950 2720/2797/2949
f 2705/2786/2938 2704/2787/2939 2718/2799/2951 2719/2798/2950
f 2730/2788/2940 2731/2708/2858 2745/2712/2862 2744/2800/2952
f 2729/2789/2941 2730/2788/2940 2744/2800/2952 2743/2801/2953
f 2728/2790/2942 2729/2789/2941 2743/2801/2953 2742/2802/2954
f 2727/2791/2943 2728/2790/2942 2742/2802/2954 2741/2803/2955
f 2725/2793/2945 2726/2792/2944 2740/2804/2956 2739/2805/2957
f 2726/2792/2944 2727/2791/2943 2741/2803/2955 2740/2804/2956
f 2724/2706/2856 2723/2794/2946 2737/2806/2958 2738/2710/2860
f 2723/2794/2946 2722/2795/2947 2736/2807/2959 2737/2806/2958
f 2722/2795/2947 2721/2796/2948 2735/2808/2960 2736/2807/2959
f 2721/2796/2948 2720/2797/2949 2734/2809/2961 2735/2808/2960
f 2720/2797/2949 2719/2798/2950 2733/2810/2962 2734/2809/2961
f 2719/2798/2950 2718/2799/2951 2732/2811/2963 2733/2810/2962
f 2744/2800/2952 2745/2712/2862 2759/2716/2866 2758/2812/2964
f 2743/2801/2953 2744/2800/2952 2758/2812/2964 2757/2813/2965
f 2742/2802/2954 2743/2801/2953 2757/2813/2965 2756/2814/2966
f 2741/2803/2955 2742/2802/2954 2756/2814/2966 2755/2815/2967
f 2739/2805/2957 2740/2804/2956 2754/2816/2968 2753/2817/2969
f 2740/2804/2956 2741/2803/2955 2755/2815/2967 2754/2816/2968
f 2738/2710/2860 2737/2806/2958 2751/2818/2970 2752/2714/2864
f 2737/2806/2958 2736/2807/2959 2750/2819/2971 2751/2818/2970
f 2736/2807/2959 2735/2808/2960 2749/2820/2972 2750/2819/2971
f 2735/2808/2960 2734/2809/2961 2748/2821/2973 2749/2820/2972
f 2734/2809/2961 2733/2810/2962 2747/2822/2974 2748/2821/2973
f 2733/2810/2962 2732/2811/2963 2746/2823/2975 2747/2822/2974
f 2758/2812/2964 2759/2716/2866 2773/2718/2870 2772/2824/2976
f 2757/2813/2965 2758/2812/2964 2772/2824/2976 2771/2825/2977
f 2756/2814/2966 2757/2813/2965 2771/2825/2977 2770/2826/2978
f 2755/2815/2967 2756/2814/2966 2770/2826/2978 2769/2827/2979
f 2753/2817/2969 2754/2816/2968 2768/2828/2980 2767/2829/2981
f 2754/2816/2968 2755/2815/2967 2769/2827/2979 2768/2828/2980
f 2752/3463/2864 2751/3462/2970 2765/2830/2982 2766/3460/2868
f 2751/3462/2970 2750/3464/2971 2764/2831/2983 2765/2830/2982
f 2750/3464/2971 2749/3465/2972 2763/2832/2984 2764/2831/2983
f 2749/3465/2972 2748/3466/2973 2762/2833/2985 2763/2832/2984
f 2748/3466/2973 2747/3467/2974 2761/2834/2986 2762/2833/2985
f 2747/3467/2974 2746/3471/2975 2760/2835/2987 2761/2834/2986
f 2772/2824/2976 2773/2718/2870 2780/2720/2872 2779/2836/2988
f 2771/2825/2977 2772/2824/2976 2779/2836/2988 2778/2837/2989
f 2770/2826/2978 2771/2825/2977 2778/2837/2989 2777/2838/2990
f 2769/2827/2979 2770/2826/2978 2777/2838/2990 2776/2839/2991
f 2767/2829/2981 2768/2828/2980 2775/2840/2992 2774/2841/2993
f 2768/2828/2980 2769/2827/2979 2776/2839/2991 2775/2840/2992
f 2766/3460/2868 2765/2830/2982 2779/2836/2988 2780/2720/2872
f 2765/2830/2982 2764/2831/2983 2778/2837/2989 2779/2836/2988
f 2764/2831/2983 2763/2832/2984 2777/2838/2990 2778/2837/2989
f 2763/2832/2984 2762/2833/2985 2776/2839/2991 2777/2838/2990
f 2762/2833/2985 2761/2834/2986 2775/2840/2992 2776/2839/2991
f 2761/2834/2986 2760/2835/2987 2774/2841/2993 2775/2840/2992
f 2521/2591/2740 2527/2594/2743 2785/2842/2994 2781/2843/2995
f 2533/2604/2753 2521/2591/2740 2781/2843/2995 2789/2844/2996
f 2527/2594/2743 2539/2599/2748 2793/2845/2997 2785/2842/2994
f 2545/2614/2763 2533/2604/2753 2789/2844/2996 2797/2846/2998
f 2539/2599/2748 2551/2609/2758 2801/2847/2999 2793/2845/2997
f 2557/2624/2773 2545/2614/2763 2797/2846/2998 2805/2848/3000
f 2551/2609/2758 2563/2619/2768 2809/2849/3001 2801/2847/2999
f 2569/2634/2783 2557/2624/2773 2805/2848/3000 2813/2850/3002
f 2563/2619/2768 2575/2629/2778 2817/2851/3003 2809/2849/3001
f 2581/2644/2793 2569/2634/2783 2813/2850/3002 2821/2852/3004
f 2575/2629/2778 2587/2639/2788 2825/2853/3005 2817/2851/3003
f 2593/2654/2803 2581/2644/2793 2821/2852/3004 2829/2854/3006
f 2587/2639/2788 2599/2649/2798 2833/2855/3007 2825/2853/3005
f 2605/2664/2813 2593/2654/2803 2829/2854/3006 2837/2856/3008
f 2599/2649/2798 2611/2659/2808 2841/2857/3009 2833/2855/3007
f 2617/2673/2823 2605/2664/2813 2837/2856/3008 2845/2858/3010
f 2611/3458/2808 2623/3468/2818 2849/2859/3011 2841/3469/3009
f 2629/2683/2833 2617/2673/2823 2845/2858/3010 2853/2860/3012
f 2623/3468/2818 2635/2678/2828 2857/2861/3013 2849/2859/3011
f 2635/2678/2828 2629/2683/2833 2853/2860/3012 2857/2861/3013
f 2784/2862/3014 2788/2863/3015 2648/2739/2891 2641/2730/2882
f 2792/2864/3016 2784/2862/3014 2641/2730/2882 2655/2733/2885
f 2788/2863/3015 2796/2865/3017 2662/2751/2903 2648/2739/2891
f 2800/2866/3018 2792/2864/3016 2655/2733/2885 2669/2745/2897
f 2796/2865/3017 2804/2867/3019 2676/2763/2915 2662/2751/2903
f 2808/2868/3020 2800/2866/3018 2669/2745/2897 2683/2757/2909
f 2804/2867/3019 2812/2869/3021 2690/2775/2927 2676/2763/2915
f 2816/2870/3022 2808/2868/3020 2683/2757/2909 2697/2769/2921
f 2812/2869/3021 2820/2871/3023 2704/2787/2939 2690/2775/2927
f 2824/2872/3024 2816/2870/3022 2697/2769/2921 2711/2781/2933
f 2820/2871/3023 2828/2873/3025 2718/2799/2951 2704/2787/2939
f 2832/2874/3026 2824/2872/3024 2711/2781/2933 2725/2793/2945
f 2828/2873/3025 2836/2875/3027 2732/2811/2963 2718/2799/2951
f 2840/2876/3028 2832/2874/3026 2725/2793/2945 2739/2805/2957
f 2836/2875/3027 2844/2877/3029 2746/2823/2975 2732/2811/2963
f 2848/2878/3030 2840/2876/3028 2739/2805/2957 2753/2817/2969
f 2844/3473/3029 2852/3470/3031 2760/2835/2987 2746/3471/2975
f 2856/2879/3032 2848/2878/3030 2753/2817/2969 2767/2829/2981
f 2852/3470/3031 2860/2880/3033 2774/2841/2993 2760/2835/2987
f 2860/2880/3033 2856/2879/3032 2767/2829/2981 2774/2841/2993
f 2783/2881/3034 2784/2862/3014 2792/2864/3016 2791/2882/3035
f 2781/2843/2995 2782/2883/3036 2790/2884/3037 2789/2844/2996
f 2782/2883/3036 2783/2881/3034 2791/2882/3035 2790/2884/3037
f 2784/2862/3014 2783/2881/3034 2787/2885/3038 2788/2863/3015
f 2783/2881/3034 2782/2883/3036 2786/2886/3039 2787/2885/3038
f 2782/2883/3036 2781/2843/2995 2785/2842/2994 2786/2886/3039
f 2791/2882/3035 2792/2864/3016 2800/2866/3018 2799/2887/3040
f 2789/2844/2996 2790/2884/3037 2798/2888/3041 2797/2846/2998
f 2790/2884/3037 2791/2882/3035 2799/2887/3040 2798/2888/3041
f 2788/2863/3015 2787/2885/3038 2795/2889/3042 2796/2865/3017
f 2787/2885/3038 2786/2886/3039 2794/2890/3043 2795/2889/3042
f 2786/2886/3039 2785/2842/2994 2793/2845/2997 2794/2890/3043
f 2799/2887/3040 2800/2866/3018 2808/2868/3020 2807/2891/3044
f 2797/2846/2998 2798/2888/3041 2806/2892/3045 2805/2848/3000
f 2798/2888/3041 2799/2887/3040 2807/2891/3044 2806/2892/3045
f 2796/2865/3017 2795/2889/3042 2803/2893/3046 2804/2867/3019
f 2795/2889/3042 2794/2890/3043 2802/2894/3047 2803/2893/3046
f 2794/2890/3043 2793/2845/2997 2801/2847/2999 2802/2894/3047
f 2807/2891/3044 2808/2868/3020 2816/2870/3022 2815/2895/3048
f 2805/2848/3000 2806/2892/3045 2814/2896/3049 2813/2850/3002
f 2806/2892/3045 2807/2891/3044 2815/2895/3048 2814/2896/3049
f 2804/2867/3019 2803/2893/3046 2811/2897/3050 2812/2869/3021
f 2803/2893/3046 2802/2894/3047 2810/2898/3051 2811/2897/3050
f 2802/2894/3047 2801/2847/2999 2809/2849/3001 2810/2898/3051
f 2815/2895/3048 2816/2870/3022 2824/2872/3024 2823/2899/3052
f 2813/2850/3002 2814/2896/3049 2822/2900/3053 2821/2852/3004
f 2814/2896/3049 2815/2895/3048 2823/2899/3052 2822/2900/3053
f 2812/2869/3021 2811/2897/3050 2819/2901/3054 2820/2871/3023
f 2811/2897/3050 2810/2898/3051 2818/2902/3055 2819/2901/3054
f 2810/2898/3051 2809/2849/3001 2817/2851/3003 2818/2902/3055
f 2823/2899/3052 2824/2872/3024 2832/2874/3026 2831/2903/3056
f 2821/2852/3004 2822/2900/3053 2830/2904/3057 2829/2854/3006
f 2822/2900/3053 2823/2899/3052 2831/2903/3056 2830/2904/3057
f 2820/2871/3023 2819/2901/3054 2827/2905/3058 2828/2873/3025
f 2819/2901/3054 2818/2902/3055 2826/2906/3059 2827/2905/3058
f 2818/2902/3055 2817/2851/3003 2825/2853/3005 2826/2906/3059
f 2831/2903/3056 2832/2874/3026 2840/2876/3028 2839/2907/3060
f 2829/2854/3006 2830/2904/3057 2838/2908/3061 2837/2856/3008
f 2830/2904/3057 2831/2903/3056 2839/2907/3060 2838/2908/3061
f 2828/2873/3025 2827/2905/3058 2835/2909/3062 2836/2875/3027
f 2827/2905/3058 2826/2906/3059 2834/2910/3063 2835/2909/3062
f 2826/2906/3059 2825/2853/3005 2833/2855/3007 2834/2910/3063
f 2839/2907/3060 2840/2876/3028 2848/2878/3030 2847/2911/3064
f 2837/2856/3008 2838/2908/3061 2846/2912/3065 2845/2858/3010
f 2838/2908/3061 2839/2907/3060 2847/2911/3064 2846/2912/3065
f 2836/2875/3027 2835/2909/3062 2843/2913/3066 2844/2877/3029
f 2835/2909/3062 2834/2910/3063 2842/2914/3067 2843/2913/3066
f 2834/2910/3063 2833/2855/3007 2841/2857/3009 2842/2914/3067
f 2847/2911/3064 2848/2878/3030 2856/2879/3032 2855/2915/3068
f 2845/2858/3010 2846/2912/3065 2854/2916/3069 2853/2860/3012
f 2846/2912/3065 2847/2911/3064 2855/2915/3068 2854/2916/3069
f 2844/3473/3029 2843/3472/3066 2851/2917/3070 2852/3470/3031
f 2843/3472/3066 2842/3474/3067 2850/2918/3071 2851/2917/3070
f 2842/3474/3067 2841/3469/3009 2849/2859/3011 2850/2918/3071
f 2855/2915/3068 2856/2879/3032 2860/2880/3033 2859/2919/3072
f 2853/2860/3012 2854/2916/3069 2858/2920/3073 2857/2861/3013
f 2854/2916/3069 2855/2915/3068 2859/2919/3072 2858/2920/3073
f 2852/3470/3031 2851/2917/3070 2859/2919/3072 2860/2880/3033
f 2851/2917/3070 2850/2918/3071 2858/2920/3073 2859/2919/3072
f 2850/2918/3071 2849/2859/3011 2857/2861/3013 2858/2920/3073
f 2861/3258/3074 2862/3259/3075 2963/3023/3076 2962/3022/3077
f 2863/3260/3078 2861/3258/3074 2962/3022/3077 2964/3024/3079
f 2862/3259/3075 2864/3261/3080 2965/3025/3081 2963/3023/3076
f 2865/3262/3082 2863/3260/3078 2964/3024/3079 2966/3026/3083
f 2864/3261/3080 2866/3263/3084 2967/3027/3085 2965/3025/3081
f 2867/3264/3086 2865/3262/3082 2966/3026/3083 2968/3028/3087
f 2866/3263/3084 2868/3265/3088 2969/3029/3089 2967/3027/3085
f 2869/3266/3090 2867/3264/3086 2968/3028/3087 2970/3030/3091
f 2868/3265/3088 2870/3267/3092 2971/3031/3093 2969/3029/3089
f 2871/3268/3094 2869/3266/3090 2970/3030/3091 2972/3032/3095
f 2870/3267/3092 2872/3269/3096 2973/3033/3097 2971/3031/3093
f 2873/3270/3098 2871/3268/3094 2972/3032/3095 2974/3034/3099
f 2872/3269/3096 2874/3153/3100 2975/3035/3101 2973/3033/3097
f 2875/3271/3102 2873/3270/3098 2974/3034/3099 2976/3036/3103
f 2874/3153/3100 2876/3272/3104 2977/3037/3105 2975/3035/3101
f 2877/3273/3106 2875/3271/3102 2976/3036/3103 2978/3038/3107
f 2876/3272/3104 2878/3274/3108 2979/3039/3109 2977/3037/3105
f 2879/3276/3110 2877/3273/3106 2978/3038/3107 2980/3040/3111
f 2878/3274/3108 2880/3275/3112 2981/3041/3113 2979/3039/3109
f 2880/3275/3112 2879/3276/3110 2980/3040/3111 2981/3041/3113
f 2281/2687/2837 2282/2686/2836 2986/2921/3114 2982/2922/3115
f 2283/2689/2839 2281/2687/2837 2982/2922/3115 2990/2923/3116
f 2282/2686/2836 2284/2691/2841 2994/2924/3117 2986/2921/3114
f 2285/2693/2843 2283/2689/2839 2990/2923/3116 2998/2925/3118
f 2284/2691/2841 2286/2695/2845 3002/2926/3119 2994/2924/3117
f 2287/2697/2847 2285/2693/2843 2998/2925/3118 3006/2927/3120
f 2286/2695/2845 2288/2699/2849 3010/2928/3121 3002/2926/3119
f 2289/2701/2851 2287/2697/2847 3006/2927/3120 3014/2929/3122
f 2288/2699/2849 2290/2703/2853 3018/2930/3123 3010/2928/3121
f 2291/2705/2855 2289/2701/2851 3014/2929/3122 3022/2931/3124
f 2290/2703/2853 2292/2707/2857 3026/2932/3125 3018/2930/3123
f 2293/2709/2859 2291/2705/2855 3022/2931/3124 3030/2933/3126
f 2292/2707/2857 2294/2711/2861 3034/2934/3127 3026/2932/3125
f 2295/2713/2863 2293/2709/2859 3030/2933/3126 3038/2935/3128
f 2294/2711/2861 2296/2715/2865 3042/2936/3129 3034/2934/3127
f 2297/2717/2867 2295/2713/2863 3038/2935/3128 3046/2937/3130
f 2296/3461/2865 2298/3475/2869 3050/2938/3131 3042/3476/3129
f 2299/2719/2871 2297/2717/2867 3046/2937/3130 3054/2939/3132
f 2298/3475/2869 2300/2721/2873 3058/2940/3133 3050/2938/3131
f 2300/2721/2873 2299/2719/2871 3054/2939/3132 3058/2940/3133
f 2984/2941/3134 2985/2942/3135 2993/2943/3136 2992/2944/3137
f 2982/2922/3115 2983/2945/3138 2991/2946/3139 2990/2923/3116
f 2983/2945/3138 2984/2941/3134 2992/2944/3137 2991/2946/3139
f 2985/2942/3135 2984/2941/3134 2988/2947/3140 2989/2948/3141
f 2984/2941/3134 2983/2945/3138 2987/2949/3142 2988/2947/3140
f 2983/2945/3138 2982/2922/3115 2986/2921/3114 2987/2949/3142
f 2992/2944/3137 2993/2943/3136 3001/2950/3143 3000/2951/3144
f 2990/2923/3116 2991/2946/3139 2999/2952/3145 2998/2925/3118
f 2991/2946/3139 2992/2944/3137 3000/2951/3144 2999/2952/3145
f 2989/2948/3141 2988/2947/3140 2996/2953/3146 2997/2954/3147
f 2988/2947/3140 2987/2949/3142 2995/2955/3148 2996/2953/3146
f 2987/2949/3142 2986/2921/3114 2994/2924/3117 2995/2955/3148
f 3000/2951/3144 3001/2950/3143 3009/2956/3149 3008/2957/3150
f 2998/2925/3118 2999/2952/3145 3007/2958/3151 3006/2927/3120
f 2999/2952/3145 3000/2951/3144 3008/2957/3150 3007/2958/3151
f 2997/2954/3147 2996/2953/3146 3004/2959/3152 3005/2960/3153
f 2996/2953/3146 2995/2955/3148 3003/2961/3154 3004/2959/3152
f 2995/2955/3148 2994/2924/3117 3002/2926/3119 3003/2961/3154
f 3008/2957/3150 3009/2956/3149 3017/2962/3155 3016/2963/3156
f 3006/2927/3120 3007/2958/3151 3015/2964/3157 3014/2929/3122
f 3007/2958/3151 3008/2957/3150 3016/2963/3156 3015/2964/3157
f 3005/2960/3153 3004/2959/3152 3012/2965/3158 3013/2966/3159
f 3004/2959/3152 3003/2961/3154 3011/2967/3160 3012/2965/3158
f 3003/2961/3154 3002/2926/3119 3010/2928/3121 3011/2967/3160
f 3016/2963/3156 3017/2962/3155 3025/2968/3161 3024/2969/3162
f 3014/2929/3122 3015/2964/3157 3023/2970/3163 3022/2931/3124
f 3015/2964/3157 3016/2963/3156 3024/2969/3162 3023/2970/3163
f 3013/2966/3159 3012/2965/3158 3020/2971/3164 3021/2972/3165
f 3012/2965/3158 3011/2967/3160 3019/2973/3166 3020/2971/3164
f 3011/2967/3160 3010/2928/3121 3018/2930/3123 3019/2973/3166
f 3024/2969/3162 3025/2968/3161 3033/2974/3167 3032/2975/3168
f 3022/2931/3124 3023/2970/3163 3031/2976/3169 3030/2933/3126
f 3023/2970/3163 3024/2969/3162 3032/2975/3168 3031/2976/3169
f 3021/2972/3165 3020/2971/3164 3028/2977/3170 3029/2978/3171
f 3020/2971/3164 3019/2973/3166 3027/2979/3172 3028/2977/3170
f 3019/2973/3166 3018/2930/3123 3026/2932/3125 3027/2979/3172
f 3032/2975/3168 3033/2974/3167 3041/2980/3173 3040/2981/3174
f 3030/2933/3126 3031/2976/3169 3039/2982/3175 3038/2935/3128
f 3031/2976/3169 3032/2975/3168 3040/2981/3174 3039/2982/3175
f 3029/2978/3171 3028/2977/3170 3036/2983/3176 3037/2984/3177
f 3028/2977/3170 3027/2979/3172 3035/2985/3178 3036/2983/3176
f 3027/2979/3172 3026/2932/3125 3034/2934/3127 3035/2985/3178
f 3040/2981/3174 3041/2980/3173 3049/2986/3179 3048/2987/3180
f 3038/2935/3128 3039/2982/3175 3047/2988/3181 3046/2937/3130
f 3039/2982/3175 3040/2981/3174 3048/2987/3180 3047/2988/3181
f 3037/2984/3177 3036/2983/3176 3044/2989/3182 3045/2990/3183
f 3036/2983/3176 3035/2985/3178 3043/2991/3184 3044/2989/3182
f 3035/2985/3178 3034/2934/3127 3042/2936/3129 3043/2991/3184
f 3048/2987/3180 3049/2986/3179 3057/2992/3185 3056/2993/3186
f 3046/2937/3130 3047/2988/3181 3055/2994/3187 3054/2939/3132
f 3047/2988/3181 3048/2987/3180 3056/2993/3186 3055/2994/3187
f 3045/3478/3183 3044/3477/3182 3052/2995/3188 3053/3482/3189
f 3044/3477/3182 3043/3479/3184 3051/2996/3190 3052/2995/3188
f 3043/3479/3184 3042/3476/3129 3050/2938/3131 3051/2996/3190
f 3056/2993/3186 3057/2992/3185 3061/2997/3191 3060/2998/3192
f 3054/2939/3132 3055/2994/3187 3059/2999/3193 3058/2940/3133
f 3055/2994/3187 3056/2993/3186 3060/2998/3192 3059/2999/3193
f 3053/3482/3189 3052/2995/3188 3060/2998/3192 3061/2997/3191
f 3052/2995/3188 3051/2996/3190 3059/2999/3193 3060/2998/3192
f 3051/2996/3190 3050/2938/3131 3058/2940/3133 3059/2999/3193
f 3062/3000/3194 3066/3001/3195 2862/3002/3075 2861/3003/3074
f 3070/3004/3196 3062/3000/3194 2861/3003/3074 2863/3005/3078
f 3066/3001/3195 3074/3006/3197 2864/3007/3080 2862/3002/3075
f 3078/3008/3198 3070/3004/3196 2863/3005/3078 2865/3009/3082
f 3074/3006/3197 3082/3010/3199 2866/3011/3084 2864/3007/3080
f 3086/3012/3200 3078/3008/3198 2865/3009/3082 2867/3013/3086
f 3082/3010/3199 3090/3014/3201 2868/3015/3088 2866/3011/3084
f 3094/3016/3202 3086/3012/3200 2867/3013/3086 2869/3017/3090
f 3090/3014/3201 3098/3018/3203 2870/3019/3092 2868/3015/3088
f 3102/3020/3204 3094/3016/3202 2869/3017/3090 2871/3021/3094
f 3098/3018/3203 3106/3042/3205 2872/3043/3096 2870/3019/3092
f 3110/3044/3206 3102/3020/3204 2871/3021/3094 2873/3045/3098
f 3106/3042/3205 3114/3046/3207 2874/3047/3100 2872/3043/3096
f 3118/3048/3208 3110/3044/3206 2873/3045/3098 2875/3049/3102
f 3114/3046/3207 3122/3050/3209 2876/3051/3104 2874/3047/3100
f 3126/3052/3210 3118/3048/3208 2875/3049/3102 2877/3053/3106
f 3122/3485/3209 3130/3480/3211 2878/3054/3108 2876/3481/3104
f 3134/3055/3212 3126/3052/3210 2877/3053/3106 2879/3056/3110
f 3130/3480/3211 3138/3057/3213 2880/3058/3112 2878/3054/3108
f 3138/3057/3213 3134/3055/3212 2879/3056/3110 2880/3058/3112
f 2985/2942/3135 2989/2948/3141 3069/3059/3214 3065/3060/3215
f 2993/2943/3136 2985/2942/3135 3065/3060/3215 3073/3061/3216
f 2989/2948/3141 2997/2954/3147 3077/3062/3217 3069/3059/3214
f 3001/2950/3143 2993/2943/3136 3073/3061/3216 3081/3063/3218
f 2997/2954/3147 3005/2960/3153 3085/3064/3219 3077/3062/3217
f 3009/2956/3149 3001/2950/3143 3081/3063/3218 3089/3065/3220
f 3005/2960/3153 3013/2966/3159 3093/3066/3221 3085/3064/3219
f 3017/2962/3155 3009/2956/3149 3089/3065/3220 3097/3067/3222
f 3013/2966/3159 3021/2972/3165 3101/3068/3223 3093/3066/3221
f 3025/2968/3161 3017/2962/3155 3097/3067/3222 3105/3069/3224
f 3021/2972/3165 3029/2978/3171 3109/3070/3225 3101/3068/3223
f 3033/2974/3167 3025/2968/3161 3105/3069/3224 3113/3071/3226
f 3029/2978/3171 3037/2984/3177 3117/3072/3227 3109/3070/3225
f 3041/2980/3173 3033/2974/3167 3113/3071/3226 3121/3073/3228
f 3037/2984/3177 3045/2990/3183 3125/3074/3229 3117/3072/3227
f 3049/2986/3179 3041/2980/3173 3121/3073/3228 3129/3075/3230
f 3045/3478/3183 3053/3482/3189 3133/3076/3231 3125/3483/3229
f 3057/2992/3185 3049/2986/3179 3129/3075/3230 3137/3077/3232
f 3053/3482/3189 3061/2997/3191 3141/3078/3233 3133/3076/3231
f 3061/2997/3191 3057/2992/3185 3137/3077/3232 3141/3078/3233
f 3064/3079/3234 3065/3060/3215 3069/3059/3214 3068/3080/3235
f 3062/3000/3194 3063/3081/3236 3067/3082/3237 3066/3001/3195
f 3063/3081/3236 3064/3079/3234 3068/3080/3235 3067/3082/3237
f 3068/3080/3235 3069/3059/3214 3077/3062/3217 3076/3083/3238
f 3066/3001/3195 3067/3082/3237 3075/3084/3239 3074/3006/3197
f 3067/3082/3237 3068/3080/3235 3076/3083/3238 3075/3084/3239
f 3065/3060/3215 3064/3079/3234 3072/3085/3240 3073/3061/3216
f 3064/3079/3234 3063/3081/3236 3071/3086/3241 3072/3085/3240
f 3063/3081/3236 3062/3000/3194 3070/3004/3196 3071/3086/3241
f 3076/3083/3238 3077/3062/3217 3085/3064/3219 3084/3087/3242
f 3074/3006/3197 3075/3084/3239 3083/3088/3243 3082/3010/3199
f 3075/3084/3239 3076/3083/3238 3084/3087/3242 3083/3088/3243
f 3073/3061/3216 3072/3085/3240 3080/3089/3244 3081/3063/3218
f 3072/3085/3240 3071/3086/3241 3079/3090/3245 3080/3089/3244
f 3071/3086/3241 3070/3004/3196 3078/3008/3198 3079/3090/3245
f 3084/3087/3242 3085/3064/3219 3093/3066/3221 3092/3091/3246
f 3082/3010/3199 3083/3088/3243 3091/3092/3247 3090/3014/3201
f 3083/3088/3243 3084/3087/3242 3092/3091/3246 3091/3092/3247
f 3081/3063/3218 3080/3089/3244 3088/3093/3248 3089/3065/3220
f 3080/3089/3244 3079/3090/3245 3087/3094/3249 3088/3093/3248
f 3079/3090/3245 3078/3008/3198 3086/3012/3200 3087/3094/3249
f 3092/3091/3246 3093/3066/3221 3101/3068/3223 3100/3095/3250
f 3090/3014/3201 3091/3092/3247 3099/3096/3251 3098/3018/3203
f 3091/3092/3247 3092/3091/3246 3100/3095/3250 3099/3096/3251
f 3089/3065/3220 3088/3093/3248 3096/3097/3252 3097/3067/3222
f 3088/3093/3248 3087/3094/3249 3095/3098/3253 3096/3097/3252
f 3087/3094/3249 3086/3012/3200 3094/3016/3202 3095/3098/3253
f 3100/3095/3250 3101/3068/3223 3109/3070/3225 3108/3099/3254
f 3098/3018/3203 3099/3096/3251 3107/3100/3255 3106/3042/3205
f 3099/3096/3251 3100/3095/3250 3108/3099/3254 3107/3100/3255
f 3097/3067/3222 3096/3097/3252 3104/3101/3256 3105/3069/3224
f 3096/3097/3252 3095/3098/3253 3103/3102/3257 3104/3101/3256
f 3095/3098/3253 3094/3016/3202 3102/3020/3204 3103/3102/3257
f 3108/3099/3254 3109/3070/3225 3117/3072/3227 3116/3103/3258
f 3106/3042/3205 3107/3100/3255 3115/3104/3259 3114/3046/3207
f 3107/3100/3255 3108/3099/3254 3116/3103/3258 3115/3104/3259
f 3105/3069/3224 3104/3101/3256 3112/3105/3260 3113/3071/3226
f 3104/3101/3256 3103/3102/3257 3111/3106/3261 3112/3105/3260
f 3103/3102/3257 3102/3020/3204 3110/3044/3206 3111/3106/3261
f 3116/3103/3258 3117/3072/3227 3125/3074/3229 3124/3107/3262
f 3114/3046/3207 3115/3104/3259 3123/3108/3263 3122/3050/3209
f 3115/3104/3259 3116/3103/3258 3124/3107/3262 3123/3108/3263
f 3113/3071/3226 3112/3105/3260 3120/3109/3264 3121/3073/3228
f 3112/3105/3260 3111/3106/3261 3119/3110/3265 3120/3109/3264
f 3111/3106/3261 3110/3044/3206 3118/3048/3208 3119/3110/3265
f 3124/3486/3262 3125/3483/3229 3133/3076/3231 3132/3111/3266
f 3122/3485/3209 3123/3484/3263 3131/3112/3267 3130/3480/3211
f 3123/3484/3263 3124/3486/3262 3132/3111/3266 3131/3112/3267
f 3121/3073/3228 3120/3109/3264 3128/3113/3268 3129/3075/3230
f 3120/3109/3264 3119/3110/3265 3127/3114/3269 3128/3113/3268
f 3119/3110/3265 3118/3048/3208 3126/3052/3210 3127/3114/3269
f 3132/3111/3266 3133/3076/3231 3141/3078/3233 3140/3115/3270
f 3130/3480/3211 3131/3112/3267 3139/3116/3271 3138/3057/3213
f 3131/3112/3267 3132/3111/3266 3140/3115/3270 3139/3116/3271
f 3129/3075/3230 3128/3113/3268 3136/3117/3272 3137/3077/3232
f 3128/3113/3268 3127/3114/3269 3135/3118/3273 3136/3117/3272
f 3127/3114/3269 3126/3052/3210 3134/3055/3212 3135/3118/3273
f 3137/3077/3232 3136/3117/3272 3140/3115/3270 3141/3078/3233
f 3136/3117/3272 3135/3118/3273 3139/3116/3271 3140/3115/3270
f 3135/3118/3273 3134/3055/3212 3138/3057/3213 3139/3116/3271
f 3162/3119/3274 3163/3120/3275 3143/3121/3276 3142/3122/3277
f 3163/3120/3275 3164/3123/3278 3144/3124/3279 3143/3121/3276
f 3164/3123/3278 3165/3125/3280 3145/3126/3281 3144/3124/3279
f 3165/3125/3280 3166/3127/3282 3146/3128/3283 3145/3126/3281
f 3166/3127/3282 3167/3129/3284 3147/3130/3285 3146/3128/3283
f 3167/3129/3284 3168/3131/3286 3148/3132/3287 3147/3130/3285
f 3168/3131/3286 3169/3133/3288 3149/3134/3289 3148/3132/3287
f 3169/3487/3288 3170/3135/3290 3150/3490/3291 3149/3488/3289
f 3170/3135/3290 3171/3136/3292 3151/3137/3293 3150/3490/3291
f 3171/3136/3292 3172/3138/3294 3152/3139/3295 3151/3137/3293
f 3172/3138/3294 3173/3140/3296 3153/3141/3297 3152/3139/3295
f 3173/3140/3296 3174/3142/3298 3154/3143/3299 3153/3141/3297
f 3174/3142/3298 3175/3144/3300 3155/3145/3301 3154/3143/3299
f 3175/3144/3300 3176/3146/3302 3156/3147/3303 3155/3145/3301
f 3176/3146/3302 3177/3148/3304 3157/3149/3305 3156/3147/3303
f 3177/3148/3304 3178/3150/3306 3158/3151/3307 3157/3149/3305
f 3178/3150/3306 3179/3152/3308 3159/3154/3309 3158/3151/3307
f 3179/3152/3308 3180/3155/3310 3160/3156/3311 3159/3154/3309
f 3180/3155/3310 3181/3157/3312 3161/3158/3313 3160/3156/3311
f 3181/3157/3312 3162/3119/3274 3142/3122/3277 3161/3158/3313
f 1358/1423/1493 1376/1441/1511 3163/3120/3275 3162/3119/3274
f 1376/1441/1511 1394/1459/1529 3164/3123/3278 3163/3120/3275
f 1394/1459/1529 1412/1477/1547 3165/3125/3280 3164/3123/3278
f 1412/1477/1547 1430/1495/1565 3166/3127/3282 3165/3125/3280
f 1430/1495/1565 1448/1513/1583 3167/3129/3284 3166/3127/3282
f 1448/1513/1583 1466/1531/1601 3168/3131/3286 3167/3129/3284
f 1466/1531/1601 1484/1549/1619 3169/3133/3288 3168/3131/3286
f 1484/3380/1619 1502/3489/1637 3170/3135/3290 3169/3487/3288
f 1502/3489/1637 1520/1574/1645 3171/3136/3292 3170/3135/3290
f 1520/1574/1645 1511/1557/1627 3172/3138/3294 3171/3136/3292
f 1511/1557/1627 1493/1539/1609 3173/3140/3296 3172/3138/3294
f 1493/1539/1609 1475/1521/1591 3174/3142/3298 3173/3140/3296
f 1475/1521/1591 1457/1503/1573 3175/3144/3300 3174/3142/3298
f 1457/1503/1573 1439/1485/1555 3176/3146/3302 3175/3144/3300
f 1439/1485/1555 1421/1467/1537 3177/3148/3304 3176/3146/3302
f 1421/1467/1537 1403/1449/1519 3178/3150/3306 3177/3148/3304
f 1403/1449/1519 1385/1431/1501 3179/3152/3308 3178/3150/3306
f 1385/1431/1501 1367/1406/1476 3180/3155/3310 3179/3152/3308
f 1367/1406/1476 1349/1405/1475 3181/3157/3312 3180/3155/3310
f 1349/1405/1475 1358/1423/1493 3162/3119/3274 3181/3157/3312
f 3186/3159/3314 3185/3160/3315 3188/3161/3316 3187/3162/3317
f 3185/3160/3315 3184/3163/3318 3189/3164/3319 3188/3161/3316
f 3184/3163/3318 3183/3165/3320 3190/3166/3321 3189/3164/3319
f 3183/3165/3320 3182/3167/3322 3191/3168/3323 3190/3166/3321
f 3161/3158/3313 3142/3122/3277 3191/3168/3323 3182/3167/3322
f 3160/3156/3311 3161/3158/3313 3182/3167/3322 3192/3169/3324
f 3142/3122/3277 3143/3121/3276 3201/3170/3325 3191/3168/3323
f 3159/3154/3309 3160/3156/3311 3192/3169/3324 3202/3171/3326
f 3143/3121/3276 3144/3124/3279 3211/3172/3327 3201/3170/3325
f 3158/3151/3307 3159/3154/3309 3202/3171/3326 3212/3173/3328
f 3144/3124/3279 3145/3126/3281 3221/3174/3329 3211/3172/3327
f 3157/3149/3305 3158/3151/3307 3212/3173/3328 3222/3175/3330
f 3145/3126/3281 3146/3128/3283 3231/3176/3331 3221/3174/3329
f 3156/3147/3303 3157/3149/3305 3222/3175/3330 3232/3177/3332
f 3146/3128/3283 3147/3130/3285 3241/3178/3333 3231/3176/3331
f 3155/3145/3301 3156/3147/3303 3232/3177/3332 3242/3179/3334
f 3147/3130/3285 3148/3132/3287 3251/3180/3335 3241/3178/3333
f 3154/3143/3299 3155/3145/3301 3242/3179/3334 3252/3181/3336
f 3148/3132/3287 3149/3134/3289 3261/3182/3337 3251/3180/3335
f 3153/3141/3297 3154/3143/3299 3252/3181/3336 3262/3183/3338
f 3149/3488/3289 3150/3490/3291 3271/3184/3339 3261/3491/3337
f 3152/3139/3295 3153/3141/3297 3262/3183/3338 3272/3185/3340
f 3150/3490/3291 3151/3137/3293 3281/3186/3341 3271/3184/3339
f 3151/3137/3293 3152/3139/3295 3272/3185/3340 3281/3186/3341
f 3186/3159/3314 3187/3162/3317 2042/1761/1835 2041/1760/1834
f 3187/3162/3317 3197/3187/3342 2043/1766/1840 2042/1761/1835
f 3197/3187/3342 3207/3188/3343 2044/1770/1844 2043/1766/1840
f 3207/3188/3343 3217/3189/3344 2045/1774/1848 2044/1770/1844
f 3217/3189/3344 3227/3190/3345 2046/1778/1852 2045/1774/1848
f 3227/3190/3345 3237/3191/3346 2047/1782/1856 2046/1778/1852
f 3237/3191/3346 3247/3192/3347 2048/1786/1860 2047/1782/1856
f 3247/3192/3347 3257/3193/3348 2049/1790/1864 2048/1786/1860
f 3257/3496/3348 3267/3492/3349 2050/1794/1868 2049/3493/1864
f 3267/3492/3349 3277/3194/3350 2051/1798/1872 2050/1794/1868
f 3277/3194/3350 3276/3195/3351 2052/1796/1870 2051/1798/1872
f 3276/3195/3351 3266/3196/3352 2053/1792/1866 2052/1796/1870
f 3266/3196/3352 3256/3197/3353 2054/1788/1862 2053/1792/1866
f 3256/3197/3353 3246/3198/3354 2055/1784/1858 2054/1788/1862
f 3246/3198/3354 3236/3199/3355 2056/1780/1854 2055/1784/1858
f 3236/3199/3355 3226/3200/3356 2057/1776/1850 2056/1780/1854
f 3226/3200/3356 3216/3201/3357 2058/1772/1846 2057/1776/1850
f 3216/3201/3357 3206/3202/3358 2059/1768/1842 2058/1772/1846
f 3206/3202/3358 3196/3203/3359 2060/1764/1838 2059/1768/1842
f 3196/3203/3359 3186/3159/3314 2041/1760/1834 2060/1764/1838
f 3185/3160/3315 3186/3159/3314 3196/3203/3359 3195/3204/3360
f 3184/3163/3318 3185/3160/3315 3195/3204/3360 3194/3205/3361
f 3182/3167/3322 3183/3165/3320 3193/3206/3362 3192/3169/3324
f 3183/3165/3320 3184/3163/3318 3194/3205/3361 3193/3206/3362
f 3190/3166/3321 3191/3168/3323 3201/3170/3325 3200/3207/3363
f 3189/3164/3319 3190/3166/3321 3200/3207/3363 3199/3208/3364
f 3187/3162/3317 3188/3161/3316 3198/3209/3365 3197/3187/3342
f 3188/3161/3316 3189/3164/3319 3199/3208/3364 3198/3209/3365
f 3195/3204/3360 3196/3203/3359 3206/3202/3358 3205/3210/3366
f 3194/3205/3361 3195/3204/3360 3205/3210/3366 3204/3211/3367
f 3192/3169/3324 3193/3206/3362 3203/3212/3368 3202/3171/3326
f 3193/3206/3362 3194/3205/3361 3204/3211/3367 3203/3212/3368
f 3200/3207/3363 3201/3170/3325 3211/3172/3327 3210/3213/3369
f 3199/3208/3364 3200/3207/3363 3210/3213/3369 3209/3214/3370
f 3197/3187/3342 3198/3209/3365 3208/3215/3371 3207/3188/3343
f 3198/3209/3365 3199/3208/3364 3209/3214/3370 3208/3215/3371
f 3205/3210/3366 3206/3202/3358 3216/3201/3357 3215/3216/3372
f 3204/3211/3367 3205/3210/3366 3215/3216/3372 3214/3217/3373
f 3202/3171/3326 3203/3212/3368 3213/3218/3374 3212/3173/3328
f 3203/3212/3368 3204/3211/3367 3214/3217/3373 3213/3218/3374
f 3210/3213/3369 3211/3172/3327 3221/3174/3329 3220/3219/3375
f 3209/3214/3370 3210/3213/3369 3220/3219/3375 3219/3220/3376
f 3207/3188/3343 3208/3215/3371 3218/3221/3377 3217/3189/3344
f 3208/3215/3371 3209/3214/3370 3219/3220/3376 3218/3221/3377
f 3215/3216/3372 3216/3201/3357 3226/3200/3356 3225/3222/3378
f 3214/3217/3373 3215/3216/3372 3225/3222/3378 3224/3223/3379
f 3212/3173/3328 3213/3218/3374 3223/3224/3380 3222/3175/3330
f 3213/3218/3374 3214/3217/3373 3224/3223/3379 3223/3224/3380
f 3220/3219/3375 3221/3174/3329 3231/3176/3331 3230/3225/3381
f 3219/3220/3376 3220/3219/3375 3230/3225/3381 3229/3226/3382
f 3217/3189/3344 3218/3221/3377 3228/3227/3383 3227/3190/3345
f 3218/3221/3377 3219/3220/3376 3229/3226/3382 3228/3227/3383
f 3225/3222/3378 3226/3200/3356 3236/3199/3355 3235/3228/3384
f 3224/3223/3379 3225/3222/3378 3235/3228/3384 3234/3229/3385
f 3222/3175/3330 3223/3224/3380 3233/3230/3386 3232/3177/3332
f 3223/3224/3380 3224/3223/3379 3234/3229/3385 3233/3230/3386
f 3230/3225/3381 3231/3176/3331 3241/3178/3333 3240/3231/3387
f 3229/3226/3382 3230/3225/3381 3240/3231/3387 3239/3232/3388
f 3227/3190/3345 3228/3227/3383 3238/3233/3389 3237/3191/3346
f 3228/3227/3383 3229/3226/3382 3239/3232/3388 3238/3233/3389
f 3235/3228/3384 3236/3199/3355 3246/3198/3354 3245/3234/3390
f 3234/3229/3385 3235/3228/3384 3245/3234/3390 3244/3235/3391
f 3232/3177/3332 3233/3230/3386 3243/3236/3392 3242/3179/3334
f 3233/3230/3386 3234/3229/3385 3244/3235/3391 3243/3236/3392
f 3240/3231/3387 3241/3178/3333 3251/3180/3335 3250/3237/3393
f 3239/3232/3388 3240/3231/3387 3250/3237/3393 3249/3238/3394
f 3237/3191/3346 3238/3233/3389 3248/3239/3395 3247/3192/3347
f 3238/3233/3389 3239/3232/3388 3249/3238/3394 3248/3239/3395
f 3245/3234/3390 3246/3198/3354 3256/3197/3353 3255/3240/3396
f 3244/3235/3391 3245/3234/3390 3255/3240/3396 3254/3241/3397
f 3242/3179/3334 3243/3236/3392 3253/3242/3398 3252/3181/3336
f 3243/3236/3392 3244/3235/3391 3254/3241/3397 3253/3242/3398
f 3250/3237/3393 3251/3180/3335 3261/3182/3337 3260/3243/3399
f 3249/3238/3394 3250/3237/3393 3260/3243/3399 3259/3244/3400
f 3247/3192/3347 3248/3239/3395 3258/3245/3401 3257/3193/3348
f 3248/3239/3395 3249/3238/3394 3259/3244/3400 3258/3245/3401
f 3255/3240/3396 3256/3197/3353 3266/3196/3352 3265/3246/3402
f 3254/3241/3397 3255/3240/3396 3265/3246/3402 3264/3247/3403
f 3252/3181/3336 3253/3242/3398 3263/3248/3404 3262/3183/3338
f 3253/3242/3398 3254/3241/3397 3264/3247/3403 3263/3248/3404
f 3260/3494/3399 3261/3491/3337 3271/3184/3339 3270/3249/3405
f 3259/3497/3400 3260/3494/3399 3270/3249/3405 3269/3250/3406
f 3257/3496/3348 3258/3495/3401 3268/3251/3407 3267/3492/3349
f 3258/3495/3401 3259/3497/3400 3269/3250/3406 3268/3251/3407
f 3265/3246/3402 3266/3196/3352 3276/3195/3351 3275/3252/3408
f 3264/3247/3403 3265/3246/3402 3275/3252/3408 3274/3253/3409
f 3262/3183/3338 3263/3248/3404 3273/3254/3410 3272/3185/3340
f 3263/3248/3404 3264/3247/3403 3274/3253/3409 3273/3254/3410
f 3270/3249/3405 3271/3184/3339 3281/3186/3341 3280/3255/3411
f 3269/3250/3406 3270/3249/3405 3280/3255/3411 3279/3256/3412
f 3267/3492/3349 3268/3251/3407 3278/3257/3413 3277/3194/3350
f 3268/3251/3407 3269/3250/3406 3279/3256/3412 3278/3257/3413
f 3272/3185/3340 3273/3254/3410 3280/3255/3411 3281/3186/3341
f 3273/3254/3410 3274/3253/3409 3279/3256/3412 3280/3255/3411
f 3274/3253/3409 3275/3252/3408 3278/3257/3413 3279/3256/3412
f 3275/3252/3408 3276/3195/3351 3277/3194/3350 3278/3257/3413