mtllib chessKitExport.mtl
v 1.326450 0.958011 11.323419
v 1.793924 0.958011 11.085237
v 2.164910 0.958011 10.714251
v 2.403087 0.958011 10.246782
v 2.485166 0.958011 9.728591
v 2.403087 0.958011 9.210401
v 2.164910 0.958011 8.742931
v 1.793924 0.958011 8.371946
v 1.326450 0.958011 8.133763
v 0.808265 0.958011 8.051685
v 0.290073 0.958011 8.133763
v -0.177401 0.958011 8.371947
v -0.548386 0.958011 8.742931
v -0.786563 0.958011 9.210401
v -0.868644 0.958011 9.728591
v -0.786563 0.958011 10.246782
v -0.548378 0.958011 10.714251
v -0.177401 0.958011 11.085236
v 0.290073 0.958011 11.323418
v 0.808265 0.958011 11.405491
v 1.326450 1.103596 11.323419
v 1.793924 1.103596 11.085237
v 2.164910 1.103596 10.714251
v 2.403087 1.103596 10.246782
v 2.485166 1.103596 9.728591
v 2.403087 1.103596 9.210401
v 2.164910 1.103596 8.742931
v 1.793924 1.103596 8.371946
v 1.326450 1.103596 8.133763
v 0.808265 1.103596 8.051685
v 0.290073 1.103596 8.133763
v -0.177401 1.103596 8.371947
v -0.548386 1.103596 8.742931
v -0.786563 1.103596 9.210401
v -0.868644 1.103596 9.728591
v -0.786563 1.103596 10.246782
v -0.548378 1.103596 10.714251
v -0.177401 1.103596 11.085236
v 0.290073 1.103596 11.323418
v 0.808265 1.103596 11.405491
v 0.808265 0.958011 9.728591
v 1.310945 2.048927 11.275692
v 1.764425 2.048927 11.044637
v 2.124309 2.048927 10.684751
v 2.355367 2.048927 10.231274
v 2.434985 2.048927 9.728591
v 2.355367 2.048927 9.225907
v 2.124309 2.048927 8.772431
v 1.764425 2.048927 8.412547
v 1.310945 2.048927 8.181489
v 0.808265 2.048927 8.101869
v 0.305578 2.048927 8.181489
v -0.147894 2.048927 8.412547
v -0.507785 2.048927 8.772431
v -0.738837 2.048927 9.225907
v -0.818463 2.048927 9.728591
v -0.738837 2.048927 10.231274
v -0.507785 2.048927 10.684751
v -0.147894 2.048927 11.044637
v 0.305578 2.048927 11.275692
v 0.808265 2.048927 11.355313
v 1.194345 2.527592 10.916840
v 1.542636 2.527592 10.739373
v 1.819041 2.527592 10.462968
v 1.996511 2.527592 10.114677
v 2.057660 2.527592 9.728591
v 1.996511 2.527592 9.342505
v 1.819041 2.527592 8.994214
v 1.542636 2.527592 8.717809
v 1.194345 2.527592 8.540342
v 0.808265 2.527592 8.479195
v 0.422179 2.527592 8.540342
v 0.073886 2.527592 8.717809
v -0.202517 2.527592 8.994214
v -0.379988 2.527592 9.342506
v -0.441138 2.527592 9.728591
v -0.379988 2.527592 10.114677
v -0.202517 2.527592 10.462968
v 0.073886 2.527592 10.739373
v 0.422179 2.527592 10.916840
v 0.808265 2.527592 10.977988
v 1.284181 1.593397 11.193313
v 1.279924 1.606011 11.180205
v 1.278423 1.624002 11.175608
v 1.280164 1.641706 11.180956
v 1.713510 1.593397 10.974558
v 1.705411 1.606011 10.963408
v 1.702571 1.624002 10.959499
v 1.705877 1.641706 10.964048
v 2.054233 1.593397 10.633839
v 2.043077 1.606011 10.625739
v 2.039173 1.624002 10.622898
v 2.043720 1.641706 10.626204
v 2.272987 1.593397 10.204507
v 2.259876 1.606011 10.200250
v 2.255277 1.624002 10.198755
v 2.260631 1.641706 10.200495
v 2.348359 1.593397 9.728591
v 2.334583 1.606011 9.728591
v 2.329746 1.624002 9.728591
v 2.335370 1.641706 9.728591
v 2.272987 1.593397 9.252675
v 2.259876 1.606011 9.256932
v 2.255277 1.624002 9.258427
v 2.260631 1.641706 9.256688
v 2.054233 1.593397 8.823344
v 2.043077 1.606011 8.831444
v 2.039173 1.624002 8.834285
v 2.043720 1.641706 8.830978
v 1.713510 1.593397 8.482625
v 1.705411 1.606011 8.493776
v 1.702571 1.624002 8.497684
v 1.705877 1.641706 8.493134
v 1.284181 1.593397 8.263869
v 1.279924 1.606011 8.276978
v 1.278423 1.624002 8.281574
v 1.280164 1.641706 8.276227
v 0.808265 1.593397 8.188491
v 0.808265 1.606011 8.202274
v 0.808265 1.624002 8.207109
v 0.808265 1.641706 8.201484
v 0.332346 1.593397 8.263869
v 0.336607 1.606011 8.276978
v 0.338100 1.624002 8.281574
v 0.336359 1.641706 8.276226
v -0.096987 1.593397 8.482625
v -0.088889 1.606011 8.493776
v -0.086041 1.624002 8.497684
v -0.089354 1.641706 8.493134
v -0.437701 1.593397 8.823344
v -0.426555 1.606011 8.831444
v -0.422649 1.624002 8.834285
v -0.427197 1.641706 8.830978
v -0.656460 1.593397 9.252675
v -0.643353 1.606011 9.256932
v -0.638755 1.624002 9.258427
v -0.644099 1.641706 9.256688
v -0.731835 1.593397 9.728591
v -0.718059 1.606011 9.728591
v -0.713222 1.624002 9.728591
v -0.718848 1.641706 9.728591
v -0.656460 1.593397 10.204507
v -0.643353 1.606011 10.200250
v -0.638755 1.624002 10.198755
v -0.644099 1.641706 10.200495
v -0.437701 1.593397 10.633839
v -0.426555 1.606011 10.625739
v -0.422649 1.624002 10.622898
v -0.427197 1.641706 10.626204
v -0.096987 1.593397 10.974557
v -0.088889 1.606011 10.963406
v -0.086041 1.624002 10.959498
v -0.089354 1.641706 10.964048
v 0.332346 1.593397 11.193313
v 0.336607 1.606011 11.180204
v 0.338100 1.624002 11.175608
v 0.336359 1.641706 11.180956
v 0.808265 1.593397 11.268686
v 0.808265 1.606011 11.254908
v 0.808265 1.624002 11.250071
v 0.808265 1.641706 11.255698
v 1.319905 1.921030 11.303278
v 1.321468 1.861323 11.308082
v 1.319934 1.801565 11.303362
v 1.315368 1.744080 11.289294
v 1.307941 1.691139 11.266441
v 1.781465 1.921030 11.068097
v 1.784446 1.861324 11.072190
v 1.781521 1.801565 11.068172
v 1.772826 1.744080 11.056206
v 1.758710 1.691139 11.036766
v 2.147768 1.921030 10.701797
v 2.151860 1.861324 10.704772
v 2.147840 1.801565 10.701851
v 2.135879 1.744080 10.693159
v 2.116437 1.691139 10.679035
v 2.382951 1.921030 10.240238
v 2.387756 1.861323 10.241800
v 2.383033 1.801565 10.240265
v 2.368968 1.744080 10.235694
v 2.346109 1.691139 10.228269
v 2.463987 1.921030 9.728591
v 2.469041 1.861324 9.728591
v 2.464069 1.801565 9.728591
v 2.449277 1.744080 9.728591
v 2.425258 1.691139 9.728591
v 2.382951 1.921030 9.216945
v 2.387756 1.861323 9.215384
v 2.383033 1.801565 9.216917
v 2.368968 1.744080 9.221488
v 2.346109 1.691139 9.228913
v 2.147768 1.921030 8.755385
v 2.151860 1.861324 8.752410
v 2.147840 1.801565 8.755331
v 2.135879 1.744080 8.764023
v 2.116437 1.691139 8.778146
v 1.781465 1.921030 8.389087
v 1.784446 1.861324 8.384992
v 1.781521 1.801565 8.389015
v 1.772826 1.744080 8.400980
v 1.758710 1.691139 8.420415
v 1.319905 1.921030 8.153905
v 1.321468 1.861323 8.149101
v 1.319934 1.801565 8.153820
v 1.315368 1.744080 8.167888
v 1.307941 1.691139 8.190742
v 0.808265 1.921030 8.072868
v 0.808265 1.861324 8.067816
v 0.808265 1.801565 8.072783
v 0.808265 1.744080 8.087574
v 0.808265 1.691139 8.111597
v 0.296619 1.921030 8.153905
v 0.295055 1.861323 8.149101
v 0.296588 1.801565 8.153820
v 0.301156 1.744080 8.167888
v 0.308582 1.691139 8.190742
v -0.164942 1.921030 8.389087
v -0.167919 1.861324 8.384992
v -0.164994 1.801565 8.389015
v -0.156304 1.744080 8.400980
v -0.142186 1.691139 8.420415
v -0.531245 1.921030 8.755386
v -0.535338 1.861324 8.752410
v -0.531318 1.801565 8.755331
v -0.519347 1.744080 8.764023
v -0.499915 1.691139 8.778146
v -0.766419 1.921030 9.216945
v -0.771232 1.861323 9.215384
v -0.766511 1.801565 9.216917
v -0.752444 1.744080 9.221488
v -0.729586 1.691139 9.228913
v -0.847463 1.921030 9.728591
v -0.852515 1.861324 9.728591
v -0.847546 1.801565 9.728591
v -0.832755 1.744080 9.728591
v -0.808728 1.691139 9.728591
v -0.766419 1.921030 10.240238
v -0.771232 1.861323 10.241800
v -0.766511 1.801565 10.240265
v -0.752444 1.744080 10.235694
v -0.729586 1.691139 10.228269
v -0.531245 1.921030 10.701797
v -0.535338 1.861324 10.704772
v -0.531318 1.801565 10.701851
v -0.519347 1.744080 10.693159
v -0.499915 1.691139 10.679035
v -0.164942 1.921030 11.068096
v -0.167919 1.861324 11.072189
v -0.164994 1.801565 11.068167
v -0.156304 1.744080 11.056201
v -0.142186 1.691139 11.036766
v 0.296619 1.921030 11.303276
v 0.295055 1.861323 11.308081
v 0.296588 1.801565 11.303361
v 0.301156 1.744080 11.289294
v 0.308582 1.691139 11.266441
v 0.808265 1.921030 11.384313
v 0.808265 1.861323 11.389366
v 0.808265 1.801565 11.384399
v 0.808265 1.744080 11.369607
v 0.808265 1.691139 11.345580
v 1.326450 1.450311 11.323419
v 1.325000 1.483698 11.318939
v 1.320743 1.514550 11.305832
v 1.314000 1.540525 11.285109
v 1.305320 1.559614 11.258371
v 1.793924 1.450311 11.085237
v 1.791148 1.483698 11.081422
v 1.783048 1.514550 11.070276
v 1.770238 1.540525 11.052643
v 1.753717 1.559614 11.029900
v 2.164910 1.450311 10.714251
v 2.161090 1.483698 10.711481
v 2.149944 1.514550 10.703379
v 2.132316 1.540525 10.690571
v 2.109571 1.559614 10.674049
v 2.403087 1.450311 10.246782
v 2.398610 1.483698 10.245326
v 2.385499 1.514550 10.241069
v 2.364784 1.540525 10.234332
v 2.338041 1.559614 10.225648
v 2.485166 1.450311 9.728591
v 2.480455 1.483698 9.728591
v 2.466673 1.514550 9.728591
v 2.444877 1.540525 9.728591
v 2.416767 1.559614 9.728591
v 2.403087 1.450311 9.210401
v 2.398610 1.483698 9.211856
v 2.385499 1.514550 9.216113
v 2.364779 1.540525 9.222849
v 2.338041 1.559614 9.231534
v 2.164910 1.450311 8.742931
v 2.161090 1.483698 8.745702
v 2.149944 1.514550 8.753803
v 2.132316 1.540525 8.766611
v 2.109571 1.559614 8.783133
v 1.793924 1.450311 8.371946
v 1.791148 1.483698 8.375760
v 1.783048 1.514550 8.386906
v 1.770238 1.540525 8.404542
v 1.753717 1.559614 8.427283
v 1.326450 1.450311 8.133763
v 1.325000 1.483698 8.138243
v 1.320743 1.514550 8.151350
v 1.314000 1.540525 8.172074
v 1.305320 1.559614 8.198812
v 0.808265 1.450311 8.051685
v 0.808265 1.483698 8.056397
v 0.808265 1.514550 8.070180
v 0.808265 1.540525 8.091972
v 0.808265 1.559614 8.120084
v 0.290073 1.450311 8.133763
v 0.291524 1.483698 8.138243
v 0.295781 1.514550 8.151350
v 0.302522 1.540525 8.172074
v 0.311202 1.559614 8.198812
v -0.177401 1.450311 8.371947
v -0.174626 1.483698 8.375760
v -0.166526 1.514550 8.386906
v -0.153714 1.540525 8.404542
v -0.137194 1.559614 8.427283
v -0.548386 1.450311 8.742931
v -0.544566 1.483698 8.745702
v -0.533421 1.514550 8.753803
v -0.515792 1.540525 8.766611
v -0.493048 1.559614 8.783133
v -0.786563 1.450311 9.210401
v -0.782088 1.483698 9.211856
v -0.768977 1.514550 9.216113
v -0.748252 1.540525 9.222849
v -0.721518 1.559614 9.231535
v -0.868644 1.450311 9.728591
v -0.863932 1.483698 9.728591
v -0.850146 1.514550 9.728591
v -0.828354 1.540525 9.728591
v -0.800244 1.559614 9.728591
v -0.786563 1.450311 10.246782
v -0.782088 1.483698 10.245326
v -0.768977 1.514550 10.241069
v -0.748252 1.540525 10.234332
v -0.721518 1.559614 10.225648
v -0.548378 1.450311 10.714251
v -0.544566 1.483698 10.711481
v -0.533421 1.514550 10.703379
v -0.515792 1.540525 10.690571
v -0.493048 1.559614 10.674049
v -0.177401 1.450311 11.085236
v -0.174626 1.483698 11.081421
v -0.166526 1.514550 11.070276
v -0.153714 1.540525 11.052641
v -0.137194 1.559614 11.029899
v 0.290073 1.450311 11.323418
v 0.291524 1.483698 11.318939
v 0.295789 1.514550 11.305831
v 0.302522 1.540525 11.285107
v 0.311207 1.559614 11.258370
v 0.808265 1.450311 11.405491
v 0.808265 1.483698 11.400780
v 0.808265 1.514550 11.387001
v 0.808265 1.540525 11.365209
v 0.808265 1.559614 11.337096
v 1.130418 2.736604 10.720095
v 1.107291 2.843292 10.648913
v 1.096363 2.968761 10.615259
v 1.098848 3.098933 10.622913
v 1.114478 3.219212 10.671015
v 1.141500 3.316114 10.754176
v 1.421043 2.736603 10.572015
v 1.377055 2.843291 10.511463
v 1.356256 2.968759 10.482836
v 1.360980 3.098932 10.489346
v 1.390716 3.219210 10.530266
v 1.442109 3.316114 10.601008
v 1.651689 2.736603 10.341373
v 1.591130 2.843290 10.297382
v 1.562503 2.968758 10.276583
v 1.569017 3.098932 10.281313
v 1.609937 3.219210 10.311043
v 1.680677 3.316114 10.362438
v 1.799766 2.736604 10.050750
v 1.728581 2.843292 10.027622
v 1.694929 2.968761 10.016687
v 1.702583 3.098933 10.019173
v 1.750684 3.219213 10.034803
v 1.833850 3.316114 10.061823
v 1.850785 2.736604 9.728591
v 1.775943 2.843292 9.728591
v 1.740554 2.968761 9.728591
v 1.748601 3.098933 9.728591
v 1.799184 3.219213 9.728591
v 1.886622 3.316114 9.728591
v 1.799766 2.736604 9.406432
v 1.728581 2.843292 9.429560
v 1.694929 2.968761 9.440496
v 1.702583 3.098933 9.438009
v 1.750684 3.219213 9.422379
v 1.833850 3.316114 9.395359
v 1.651689 2.736604 9.115810
v 1.591130 2.843292 9.159801
v 1.562503 2.968761 9.180600
v 1.569017 3.098933 9.175871
v 1.609937 3.219213 9.146141
v 1.680677 3.316114 9.094747
v 1.421043 2.736604 8.885168
v 1.377055 2.843292 8.945719
v 1.356256 2.968761 8.974348
v 1.360980 3.098933 8.967838
v 1.390708 3.219213 8.926917
v 1.442109 3.316114 8.856177
v 1.130418 2.736604 8.737088
v 1.107290 2.843292 8.808270
v 1.096355 2.968761 8.841923
v 1.098848 3.098933 8.834269
v 1.114477 3.219213 8.786167
v 1.141490 3.316114 8.703007
v 0.808265 2.736604 8.686066
v 0.808265 2.843292 8.760907
v 0.808265 2.968761 8.796295
v 0.808265 3.098933 8.788249
v 0.808265 3.219213 8.737668
v 0.808267 3.316114 8.650229
v 0.486104 2.736604 8.737088
v 0.509233 2.843292 8.808270
v 0.520168 2.968761 8.841923
v 0.517683 3.098933 8.834269
v 0.502054 3.219213 8.786167
v 0.475032 3.316114 8.703007
v 0.195480 2.736604 8.885168
v 0.239477 2.843292 8.945719
v 0.260274 2.968761 8.974348
v 0.255542 3.098933 8.967838
v 0.225816 3.219213 8.926917
v 0.174415 3.316114 8.856177
v -0.035160 2.736604 9.115810
v 0.025394 2.843292 9.159801
v 0.054021 2.968761 9.180599
v 0.047506 3.098933 9.175871
v 0.006585 3.219212 9.146141
v -0.064154 3.316114 9.094747
v -0.183234 2.736604 9.406432
v -0.112057 2.843292 9.429561
v -0.078406 2.968761 9.440496
v -0.086060 3.098933 9.438009
v -0.134160 3.219213 9.422379
v -0.217318 3.316114 9.395359
v -0.234263 2.736604 9.728591
v -0.159421 2.843292 9.728591
v -0.124030 2.968761 9.728591
v -0.132079 3.098933 9.728591
v -0.182662 3.219213 9.728591
v -0.270098 3.316114 9.728591
v -0.183243 2.736604 10.050750
v -0.112057 2.843292 10.027621
v -0.078406 2.968761 10.016686
v -0.086060 3.098933 10.019173
v -0.134160 3.219213 10.034803
v -0.217318 3.316114 10.061822
v -0.035160 2.736604 10.341372
v 0.025394 2.843292 10.297382
v 0.054021 2.968761 10.276583
v 0.047506 3.098933 10.281311
v 0.006585 3.219212 10.311041
v -0.064154 3.316114 10.362435
v 0.195480 2.736604 10.572015
v 0.239469 2.843292 10.511463
v 0.260266 2.968761 10.482835
v 0.255542 3.098933 10.489345
v 0.225808 3.219212 10.530265
v 0.174415 3.316114 10.601005
v 0.486104 2.736604 10.720091
v 0.509233 2.843292 10.648913
v 0.520170 2.968761 10.615259
v 0.517683 3.098933 10.622913
v 0.502054 3.219213 10.671015
v 0.475032 3.316114 10.754176
v 0.808267 2.736604 10.771116
v 0.808267 2.843292 10.696273
v 0.808267 2.968761 10.660885
v 0.808267 3.098933 10.668933
v 0.808267 3.219213 10.719513
v 0.808267 3.316114 10.806954
v 1.253316 2.319172 11.098316
v 1.654804 2.319172 10.893747
v 1.973416 2.319172 10.575129
v 2.177990 2.319172 10.173643
v 2.248481 2.319172 9.728591
v 2.177990 2.319172 9.283540
v 1.973416 2.319172 8.882054
v 1.654796 2.319172 8.563435
v 1.253308 2.319172 8.358868
v 0.808265 2.319172 8.288376
v 0.363211 2.319172 8.358868
v -0.038272 2.319172 8.563435
v -0.356892 2.319172 8.882054
v -0.561459 2.319172 9.283541
v -0.631951 2.319172 9.728591
v -0.561459 2.319172 10.173641
v -0.356892 2.319172 10.575128
v -0.038273 2.319172 10.893747
v 0.363216 2.319172 11.098315
v 0.808265 2.319172 11.168807
v 1.063417 6.086046 10.513838
v 1.293576 6.086045 10.396566
v 1.476226 6.086045 10.213913
v 1.593511 6.086049 9.983734
v 1.633924 6.086049 9.728591
v 1.593511 6.086049 9.473448
v 1.476236 6.086049 9.243280
v 1.293575 6.086049 9.060618
v 1.063407 6.086049 8.943341
v 0.808265 6.086049 8.902932
v 0.553115 6.086049 8.943341
v 0.322946 6.086049 9.060622
v 0.140296 6.086046 9.243276
v 0.023013 6.086049 9.473449
v -0.017402 6.086049 9.728591
v 0.023013 6.086049 9.983733
v 0.140296 6.086049 10.213905
v 0.322946 6.086046 10.396562
v 0.553115 6.086049 10.513840
v 0.808268 6.086049 10.554249
v 1.162639 3.364415 10.819257
v 1.164575 3.376649 10.825191
v 1.164754 3.391655 10.825760
v 1.163138 3.404768 10.820790
v 1.482327 3.364412 10.656365
v 1.485994 3.376648 10.661416
v 1.486346 3.391652 10.661902
v 1.483279 3.404766 10.657675
v 1.736037 3.364412 10.402660
v 1.741082 3.376648 10.406328
v 1.741569 3.391652 10.406683
v 1.737342 3.404766 10.403610
v 1.898925 3.364415 10.082970
v 1.904859 3.376652 10.084898
v 1.905431 3.391655 10.085083
v 1.900459 3.404768 10.083469
v 1.955052 3.364415 9.728591
v 1.961297 3.376652 9.728591
v 1.961896 3.391655 9.728591
v 1.956666 3.404768 9.728591
v 1.898925 3.364415 9.374212
v 1.904859 3.376652 9.372284
v 1.905431 3.391655 9.372099
v 1.900459 3.404768 9.373713
v 1.736037 3.364415 9.054523
v 1.741082 3.376652 9.050856
v 1.741569 3.391655 9.050503
v 1.737342 3.404768 9.053573
v 1.482327 3.364415 8.800818
v 1.485994 3.376652 8.795767
v 1.486346 3.391655 8.795282
v 1.483279 3.404768 8.799508
v 1.162639 3.364415 8.637925
v 1.164565 3.376652 8.631991
v 1.164752 3.391655 8.631423
v 1.163137 3.404768 8.636391
v 0.808267 3.364415 8.581798
v 0.808267 3.376652 8.575558
v 0.808267 3.391655 8.574958
v 0.808267 3.404768 8.580185
v 0.453883 3.364415 8.637925
v 0.451957 3.376652 8.631991
v 0.451770 3.391655 8.631423
v 0.453386 3.404768 8.636391
v 0.134197 3.364415 8.800818
v 0.130529 3.376652 8.795767
v 0.130178 3.391655 8.795282
v 0.133245 3.404768 8.799508
v -0.119513 3.364415 9.054523
v -0.124558 3.376649 9.050856
v -0.125045 3.391655 9.050503
v -0.120820 3.404768 9.053573
v -0.282403 3.364415 9.374212
v -0.288337 3.376652 9.372284
v -0.288908 3.391655 9.372099
v -0.283936 3.404768 9.373713
v -0.338530 3.364415 9.728591
v -0.344773 3.376652 9.728591
v -0.345374 3.391655 9.728591
v -0.340144 3.404768 9.728591
v -0.282403 3.364415 10.082969
v -0.288337 3.376652 10.084898
v -0.288908 3.391655 10.085083
v -0.283936 3.404768 10.083467
v -0.119513 3.364415 10.402659
v -0.124560 3.376652 10.406327
v -0.125045 3.391655 10.406679
v -0.120820 3.404768 10.403609
v 0.134197 3.364415 10.656365
v 0.130529 3.376649 10.661415
v 0.130178 3.391655 10.661901
v 0.133243 3.404768 10.657673
v 0.453883 3.364415 10.819257
v 0.451957 3.376652 10.825191
v 0.451770 3.391655 10.825760
v 0.453386 3.404768 10.820791
v 0.808267 3.364415 10.875384
v 0.808267 3.376652 10.881624
v 0.808267 3.391655 10.882223
v 0.808267 3.404768 10.876997
v 1.138849 3.469814 10.746025
v 1.142267 3.451489 10.756533
v 1.144475 3.434402 10.763348
v 1.147994 3.419737 10.774181
v 1.437074 3.469814 10.594076
v 1.443561 3.451489 10.603012
v 1.447774 3.434402 10.608808
v 1.454475 3.419737 10.618024
v 1.673740 3.469814 10.357404
v 1.682677 3.451489 10.363896
v 1.688478 3.434402 10.368109
v 1.697694 3.419737 10.374803
v 1.825700 3.469816 10.059176
v 1.836202 3.451490 10.062589
v 1.843017 3.434404 10.064805
v 1.853851 3.419738 10.068324
v 1.878057 3.469816 9.728591
v 1.889106 3.451490 9.728591
v 1.896274 3.434404 9.728591
v 1.907657 3.419738 9.728591
v 1.825700 3.469816 9.398006
v 1.836202 3.451490 9.394593
v 1.843017 3.434404 9.392379
v 1.853851 3.419738 9.388859
v 1.673740 3.469816 9.099780
v 1.682685 3.451490 9.093290
v 1.688478 3.434404 9.089076
v 1.697694 3.419738 9.082381
v 1.437074 3.469816 8.863110
v 1.443561 3.451490 8.854171
v 1.447774 3.434404 8.848375
v 1.454475 3.419738 8.839158
v 1.138849 3.469816 8.711156
v 1.142257 3.451490 8.700650
v 1.144473 3.434404 8.693833
v 1.147994 3.419738 8.683001
v 0.808267 3.469816 8.658798
v 0.808267 3.451490 8.647750
v 0.808267 3.434404 8.640583
v 0.808267 3.419738 8.629193
v 0.477674 3.469816 8.711156
v 0.474265 3.451490 8.700650
v 0.472049 3.434404 8.693833
v 0.468528 3.419738 8.683001
v 0.179456 3.469816 8.863110
v 0.172963 3.451490 8.854171
v 0.168748 3.434404 8.848375
v 0.162052 3.419738 8.839158
v -0.057217 3.469814 9.099780
v -0.066155 3.451489 9.093290
v -0.071955 3.434402 9.089076
v -0.081172 3.419737 9.082381
v -0.209176 3.469816 9.398006
v -0.219680 3.451490 9.394593
v -0.226495 3.434404 9.392379
v -0.237328 3.419738 9.388859
v -0.261534 3.469816 9.728591
v -0.272582 3.451490 9.728591
v -0.279750 3.434404 9.728591
v -0.291135 3.419738 9.728591
v -0.209176 3.469816 10.059175
v -0.219680 3.451490 10.062588
v -0.226495 3.434404 10.064803
v -0.237328 3.419738 10.068323
v -0.057217 3.469816 10.357401
v -0.066155 3.451490 10.363893
v -0.071955 3.434404 10.368106
v -0.081172 3.419738 10.374800
v 0.179448 3.469814 10.594073
v 0.172963 3.451489 10.603010
v 0.168748 3.434402 10.608807
v 0.162052 3.419737 10.618023
v 0.477674 3.469816 10.746025
v 0.474265 3.451490 10.756533
v 0.472049 3.434404 10.763348
v 0.468528 3.419738 10.774181
v 0.808267 3.469816 10.798384
v 0.808267 3.451490 10.809432
v 0.808267 3.434404 10.816599
v 0.808267 3.419738 10.827986
v 1.156726 5.504662 9.248973
v 1.287879 5.504662 9.380129
v 1.372083 5.504662 9.545393
v 1.401105 5.504662 9.728591
v 1.372083 5.504662 9.911789
v 1.287879 5.504660 10.077060
v 1.156726 5.504660 10.208211
v 0.991466 5.504660 10.292415
v 0.808267 5.504662 10.321431
v 0.625057 5.504662 10.292415
v 0.459796 5.504660 10.208209
v 0.328643 5.504662 10.077057
v 0.244439 5.504662 9.911788
v 0.215417 5.504662 9.728591
v 0.244439 5.504662 9.545394
v 0.328643 5.504660 9.380126
v 0.459796 5.504662 9.248974
v 0.625066 5.504662 9.164767
v 0.808265 5.504662 9.135752
v 0.991456 5.504662 9.164767
v 1.156726 5.213970 9.248973
v 1.287879 5.213970 9.380129
v 1.372083 5.213970 9.545393
v 1.401104 5.213970 9.728591
v 1.372083 5.213970 9.911789
v 1.287879 5.213968 10.077060
v 1.156726 5.213968 10.208210
v 0.991466 5.213968 10.292415
v 0.808267 5.213970 10.321431
v 0.625058 5.213970 10.292415
v 0.459796 5.213968 10.208209
v 0.328643 5.213970 10.077056
v 0.244439 5.213970 9.911788
v 0.215417 5.213970 9.728591
v 0.244439 5.213970 9.545394
v 0.328643 5.213968 9.380126
v 0.459796 5.213970 9.248974
v 0.625066 5.213970 9.164767
v 0.808265 5.213970 9.135752
v 0.991456 5.213970 9.164767
v 1.190883 4.923278 9.201954
v 1.334901 4.923278 9.345968
v 1.427360 4.923278 9.527433
v 1.459218 4.923278 9.728591
v 1.427360 4.923278 9.929749
v 1.334900 4.923276 10.111221
v 1.190885 4.923276 10.255229
v 1.009425 4.923278 10.347690
v 0.808267 4.923278 10.379548
v 0.607099 4.923278 10.347690
v 0.425639 4.923278 10.255228
v 0.281623 4.923278 10.111217
v 0.189162 4.923278 9.929749
v 0.157304 4.923278 9.728591
v 0.189162 4.923278 9.527435
v 0.281623 4.923278 9.345965
v 0.425638 4.923278 9.201956
v 0.607107 4.923278 9.109492
v 0.808265 4.923278 9.077633
v 1.009416 4.923278 9.109492
v 1.228398 4.632585 9.150325
v 1.386531 4.632585 9.308457
v 1.488054 4.632585 9.507712
v 1.523040 4.632585 9.728591
v 1.488054 4.632585 9.949469
v 1.386522 4.632584 10.148730
v 1.228398 4.632584 10.306859
v 1.029145 4.632584 10.408383
v 0.808267 4.632585 10.443365
v 0.587379 4.632585 10.408383
v 0.388124 4.632584 10.306856
v 0.230001 4.632585 10.148727
v 0.128469 4.632585 9.949468
v 0.093484 4.632585 9.728591
v 0.128469 4.632585 9.507713
v 0.230001 4.632584 9.308454
v 0.388124 4.632585 9.150327
v 0.587387 4.632585 9.048799
v 0.808265 4.632585 9.013817
v 1.029136 4.632585 9.048799
v 1.259469 4.341893 9.107562
v 1.429288 4.341893 9.277387
v 1.538328 4.341893 9.491379
v 1.575893 4.341893 9.728591
v 1.538328 4.341893 9.965803
v 1.429286 4.341891 10.179798
v 1.259469 4.341891 10.349622
v 1.045478 4.341892 10.458655
v 0.808267 4.341893 10.496224
v 0.571046 4.341893 10.458654
v 0.357053 4.341892 10.349618
v 0.187236 4.341893 10.179796
v 0.078196 4.341893 9.965802
v 0.040630 4.341893 9.728591
v 0.078196 4.341893 9.491379
v 0.187236 4.341892 9.277385
v 0.357053 4.341893 9.107563
v 0.571046 4.341893 8.998527
v 0.808265 4.341893 8.960958
v 1.045473 4.341893 8.998527
v 1.294168 4.051201 9.059792
v 1.477064 4.051201 9.242682
v 1.594484 4.051201 9.473132
v 1.634940 4.051201 9.728591
v 1.594484 4.051201 9.984049
v 1.477056 4.051199 10.214505
v 1.294176 4.051199 10.397389
v 1.063723 4.051199 10.514810
v 0.808267 4.051201 10.555270
v 0.552804 4.051201 10.514808
v 0.322355 4.051199 10.397388
v 0.139467 4.051201 10.214501
v 0.022047 4.051201 9.984048
v -0.018418 4.051201 9.728591
v 0.022048 4.051201 9.473132
v 0.139467 4.051199 9.242681
v 0.322355 4.051201 9.059793
v 0.552804 4.051201 8.942373
v 0.808265 4.051201 8.901912
v 1.063718 4.051201 8.942373
v 1.324336 3.806672 9.018273
v 1.518577 3.806672 9.212514
v 1.643289 3.806672 9.457273
v 1.686261 3.806672 9.728591
v 1.643289 3.806672 9.999909
v 1.518577 3.806669 10.244670
v 1.324336 3.806669 10.438912
v 1.079585 3.806670 10.563621
v 0.808267 3.806672 10.606593
v 0.536947 3.806672 10.563621
v 0.292186 3.806670 10.438909
v 0.097946 3.806672 10.244669
v -0.026766 3.806672 9.999909
v -0.069737 3.806672 9.728591
v -0.026766 3.806672 9.457273
v 0.097946 3.806670 9.212514
v 0.292186 3.806672 9.018273
v 0.536947 3.806672 8.893561
v 0.808267 3.806672 8.850588
v 1.079576 3.806672 8.893561
v 1.424791 3.501121 10.577173
v 1.395046 3.561146 10.536227
v 1.369380 3.626319 10.500902
v 1.348128 3.695811 10.471657
v 1.331546 3.768811 10.448833
v 1.528499 3.768811 10.251880
v 1.551326 3.695811 10.268461
v 1.580575 3.626319 10.289711
v 1.615894 3.561146 10.315375
v 1.656846 3.501121 10.345123
v 1.654960 3.768814 10.003698
v 1.681787 3.695813 10.012418
v 1.716171 3.626321 10.023588
v 1.757694 3.561147 10.037081
v 1.805825 3.501121 10.052720
v 1.698524 3.768814 9.728591
v 1.726737 3.695813 9.728591
v 1.762893 3.626321 9.728591
v 1.806550 3.561147 9.728591
v 1.857166 3.501121 9.728591
v 1.654960 3.768814 9.453484
v 1.681787 3.695813 9.444766
v 1.716171 3.626321 9.433594
v 1.757694 3.561147 9.420102
v 1.805825 3.501121 9.404462
v 1.528499 3.768814 9.205306
v 1.551326 3.695813 9.188723
v 1.580575 3.626321 9.167475
v 1.615894 3.561147 9.141810
v 1.656846 3.501121 9.112061
v 1.331546 3.768814 9.008351
v 1.348127 3.695813 8.985526
v 1.369380 3.626321 8.956279
v 1.395044 3.561147 8.920957
v 1.424791 3.501121 8.880009
v 1.083366 3.768814 8.881896
v 1.092086 3.695813 8.855066
v 1.103261 3.626321 8.820685
v 1.116748 3.561147 8.779159
v 1.132386 3.501121 8.731024
v 0.808267 3.768814 8.838326
v 0.808267 3.695813 8.810113
v 0.808267 3.626321 8.773962
v 0.808267 3.561147 8.730303
v 0.808267 3.501121 8.679688
v 0.533157 3.768814 8.881896
v 0.524436 3.695813 8.855066
v 0.513261 3.626321 8.820685
v 0.499775 3.561147 8.779159
v 0.484128 3.501121 8.731024
v 0.284976 3.768814 9.008351
v 0.268396 3.695813 8.985527
v 0.247144 3.626321 8.956280
v 0.221486 3.561147 8.920957
v 0.191732 3.501121 8.880009
v 0.088024 3.768811 9.205305
v 0.065196 3.695811 9.188722
v 0.035947 3.626319 9.167475
v 0.000629 3.561146 9.141810
v -0.040322 3.501121 9.112060
v -0.038436 3.768814 9.453484
v -0.065264 3.695813 9.444766
v -0.099640 3.626321 9.433594
v -0.141170 3.561147 9.420102
v -0.189301 3.501121 9.404462
v -0.082001 3.768814 9.728591
v -0.110213 3.695813 9.728591
v -0.146369 3.626321 9.728591
v -0.190028 3.561147 9.728591
v -0.240643 3.501121 9.728591
v -0.038436 3.768814 10.003697
v -0.065264 3.695813 10.012416
v -0.099640 3.626321 10.023586
v -0.141171 3.561147 10.037079
v -0.189301 3.501121 10.052718
v 0.088024 3.768814 10.251877
v 0.065196 3.695813 10.268460
v 0.035947 3.626321 10.289707
v 0.000629 3.561147 10.315372
v -0.040322 3.501121 10.345121
v 0.284976 3.768811 10.448831
v 0.268396 3.695811 10.471656
v 0.247142 3.626319 10.500902
v 0.221477 3.561146 10.536225
v 0.191732 3.501121 10.577172
v 0.533157 3.768814 10.575285
v 0.524436 3.695813 10.602117
v 0.513263 3.626321 10.636498
v 0.499776 3.561147 10.678023
v 0.484136 3.501121 10.726159
v 0.808267 3.768814 10.618856
v 0.808267 3.695813 10.647069
v 0.808267 3.626321 10.683219
v 0.808267 3.561147 10.726879
v 0.808267 3.501121 10.777494
v 1.083375 3.768811 10.575285
v 1.092088 3.695811 10.602117
v 1.103261 3.626319 10.636498
v 1.116756 3.561146 10.678023
v 1.132396 3.501121 10.726159
v 1.162029 6.132364 10.817338
v 1.174871 6.149415 10.856881
v 1.183748 6.182963 10.884193
v 1.186679 6.225480 10.893201
v 1.183011 6.267379 10.881934
v 1.173608 6.299152 10.852984
v 1.481145 6.132363 10.654737
v 1.505588 6.149415 10.688372
v 1.522470 6.182961 10.711606
v 1.528032 6.225479 10.719271
v 1.521073 6.267375 10.709685
v 1.503175 6.299150 10.685058
v 1.734401 6.132362 10.401486
v 1.768041 6.149412 10.425923
v 1.791272 6.182961 10.442803
v 1.798936 6.225479 10.448371
v 1.789346 6.267375 10.441407
v 1.764726 6.299149 10.423515
v 1.897008 6.132364 10.082345
v 1.936553 6.149415 10.095193
v 1.963865 6.182963 10.104068
v 1.972875 6.225480 10.106995
v 1.961607 6.267379 10.103334
v 1.932651 6.299152 10.093928
v 1.953041 6.132364 9.728591
v 1.994615 6.149415 9.728591
v 2.023328 6.182963 9.728591
v 2.032804 6.225480 9.728591
v 2.020955 6.267379 9.728591
v 1.990514 6.299152 9.728591
v 1.897008 6.132364 9.374836
v 1.936553 6.149415 9.361988
v 1.963865 6.182963 9.353114
v 1.972875 6.225480 9.350186
v 1.961607 6.267379 9.353848
v 1.932651 6.299152 9.363254
v 1.734403 6.132364 9.055709
v 1.768041 6.149415 9.031270
v 1.791272 6.182963 9.014389
v 1.798936 6.225480 9.008823
v 1.789356 6.267379 9.015787
v 1.764726 6.299152 9.033678
v 1.481145 6.132364 8.802447
v 1.505578 6.149415 8.768811
v 1.522460 6.182963 8.745577
v 1.528032 6.225480 8.737916
v 1.521062 6.267379 8.747500
v 1.503175 6.299152 8.772126
v 1.162019 6.132364 8.639843
v 1.174861 6.149415 8.600302
v 1.183736 6.182963 8.572989
v 1.186668 6.225480 8.563981
v 1.183002 6.267379 8.575248
v 1.173597 6.299152 8.604198
v 0.808267 6.132364 8.583816
v 0.808267 6.149415 8.542241
v 0.808267 6.182963 8.513521
v 0.808267 6.225480 8.504050
v 0.808267 6.267379 8.515897
v 0.808267 6.299152 8.546336
v 0.454504 6.132364 8.639843
v 0.441661 6.149415 8.600302
v 0.432786 6.182963 8.572989
v 0.429855 6.225480 8.563981
v 0.433521 6.267379 8.575248
v 0.442926 6.299152 8.604198
v 0.135376 6.132364 8.802454
v 0.110934 6.149415 8.768816
v 0.094052 6.182963 8.745582
v 0.088489 6.225480 8.737919
v 0.095449 6.267379 8.747504
v 0.113338 6.299152 8.772128
v -0.117879 6.132364 9.055705
v -0.151519 6.149415 9.031267
v -0.174750 6.182963 9.014387
v -0.182414 6.225480 9.008819
v -0.172824 6.267379 9.015783
v -0.148204 6.299152 9.033674
v -0.280478 6.132364 9.374835
v -0.320021 6.149415 9.361988
v -0.347333 6.182963 9.353112
v -0.356343 6.225480 9.350186
v -0.345074 6.267379 9.353847
v -0.316127 6.299152 9.363252
v -0.336518 6.132364 9.728591
v -0.378093 6.149415 9.728591
v -0.406813 6.182963 9.728591
v -0.416281 6.225480 9.728591
v -0.404433 6.267379 9.728591
v -0.373993 6.299152 9.728591
v -0.280478 6.132364 10.082347
v -0.320021 6.149415 10.095195
v -0.347333 6.182963 10.104069
v -0.356343 6.225480 10.106997
v -0.345074 6.267379 10.103335
v -0.316127 6.299152 10.093929
v -0.117879 6.132367 10.401478
v -0.151519 6.149415 10.425915
v -0.174750 6.182963 10.442795
v -0.182414 6.225480 10.448362
v -0.172824 6.267379 10.441399
v -0.148204 6.299152 10.423508
v 0.135376 6.132363 10.654730
v 0.110934 6.149415 10.688367
v 0.094052 6.182962 10.711601
v 0.088489 6.225480 10.719263
v 0.095449 6.267379 10.709678
v 0.113342 6.299150 10.685054
v 0.454504 6.132364 10.817338
v 0.441652 6.149415 10.856881
v 0.432775 6.182963 10.884193
v 0.429855 6.225480 10.893201
v 0.433511 6.267379 10.881935
v 0.442916 6.299152 10.852985
v 0.808277 6.132364 10.873366
v 0.808277 6.149415 10.914941
v 0.808277 6.182963 10.943660
v 0.808277 6.225480 10.953132
v 0.808277 6.267379 10.941284
v 0.808277 6.299152 10.910846
v 1.143697 6.358990 10.760922
v 1.153526 6.384423 10.791170
v 1.159335 6.420759 10.809054
v 1.160121 6.461679 10.811466
v 1.155742 6.500069 10.798000
v 1.146968 6.529247 10.771001
v 1.446283 6.358988 10.606747
v 1.464978 6.384423 10.632478
v 1.476030 6.420755 10.647689
v 1.477521 6.461677 10.649744
v 1.469194 6.500069 10.638286
v 1.452508 6.529244 10.615319
v 1.686406 6.358988 10.366618
v 1.712142 6.384422 10.385313
v 1.727357 6.420755 10.396365
v 1.729409 6.461675 10.397858
v 1.717954 6.500067 10.389535
v 1.694982 6.529244 10.372848
v 1.840593 6.358990 10.064015
v 1.870845 6.384423 10.073844
v 1.888723 6.420759 10.079654
v 1.891137 6.461679 10.080439
v 1.877672 6.500069 10.076063
v 1.850671 6.529247 10.067290
v 1.893716 6.358990 9.728591
v 1.925523 6.384423 9.728591
v 1.944322 6.420759 9.728591
v 1.946868 6.461679 9.728591
v 1.932700 6.500069 9.728591
v 1.904311 6.529247 9.728591
v 1.840593 6.358990 9.393166
v 1.870845 6.384423 9.383338
v 1.888723 6.420759 9.377528
v 1.891137 6.461679 9.376743
v 1.877672 6.500069 9.381119
v 1.850671 6.529247 9.389892
v 1.686416 6.358990 9.090576
v 1.712142 6.384423 9.071882
v 1.727357 6.420759 9.060828
v 1.729409 6.461679 9.059337
v 1.717954 6.500069 9.067660
v 1.694990 6.529247 9.084347
v 1.446273 6.358990 8.850439
v 1.464969 6.384426 8.824707
v 1.476020 6.420759 8.809495
v 1.477519 6.461679 8.807441
v 1.469194 6.500072 8.818898
v 1.452508 6.529247 8.841866
v 1.143686 6.358990 8.696259
v 1.153514 6.384423 8.666010
v 1.159326 6.420759 8.648128
v 1.160112 6.461679 8.645715
v 1.155731 6.500069 8.659181
v 1.146959 6.529247 8.686181
v 0.808267 6.358990 8.643136
v 0.808267 6.384423 8.611330
v 0.808267 6.420759 8.592528
v 0.808267 6.461679 8.589988
v 0.808267 6.500069 8.604149
v 0.808267 6.529247 8.632538
v 0.472837 6.358990 8.696259
v 0.463008 6.384423 8.666010
v 0.457197 6.420759 8.648128
v 0.456411 6.461679 8.645715
v 0.460792 6.500069 8.659181
v 0.469564 6.529247 8.686181
v 0.170240 6.358990 8.850443
v 0.151544 6.384423 8.824710
v 0.140493 6.420759 8.809499
v 0.139001 6.461679 8.807445
v 0.147321 6.500069 8.818901
v 0.164014 6.529247 8.841868
v -0.069884 6.358990 9.090573
v -0.095620 6.384423 9.071877
v -0.110833 6.420759 9.060826
v -0.112887 6.461679 9.059334
v -0.101431 6.500069 9.067657
v -0.078459 6.529247 9.084344
v -0.224066 6.358990 9.393166
v -0.254313 6.384423 9.383337
v -0.272200 6.420759 9.377526
v -0.274615 6.461679 9.376742
v -0.261144 6.500069 9.381118
v -0.234149 6.529247 9.389891
v -0.277194 6.358990 9.728591
v -0.309001 6.384423 9.728591
v -0.327799 6.420759 9.728591
v -0.330346 6.461679 9.728591
v -0.316178 6.500069 9.728591
v -0.287789 6.529247 9.728591
v -0.224070 6.358990 10.064016
v -0.254313 6.384423 10.073844
v -0.272200 6.420759 10.079654
v -0.274615 6.461679 10.080439
v -0.261144 6.500069 10.076063
v -0.234149 6.529247 10.067290
v -0.069884 6.358992 10.366609
v -0.095620 6.384427 10.385305
v -0.110835 6.420759 10.396356
v -0.112887 6.461680 10.397848
v -0.101431 6.500072 10.389526
v -0.078459 6.529247 10.372840
v 0.170240 6.358990 10.606742
v 0.151544 6.384423 10.632473
v 0.140493 6.420759 10.647684
v 0.139001 6.461679 10.649738
v 0.147321 6.500069 10.638282
v 0.164014 6.529247 10.615315
v 0.472832 6.358990 10.760923
v 0.463007 6.384423 10.791172
v 0.457197 6.420759 10.809055
v 0.456411 6.461679 10.811468
v 0.460782 6.500069 10.798002
v 0.469554 6.529247 10.771001
v 0.808277 6.358990 10.814046
v 0.808277 6.384423 10.845851
v 0.808277 6.420759 10.864654
v 0.808277 6.461679 10.867194
v 0.808277 6.500069 10.853033
v 0.808277 6.529247 10.824644
v 1.137067 6.892539 10.740517
v 1.142753 6.923386 10.758016
v 1.146192 6.957534 10.768583
v 1.147197 6.993274 10.771688
v 1.145728 7.028829 10.767174
v 1.141862 7.062435 10.755268
v 1.433669 6.892536 10.589391
v 1.444490 6.923385 10.604275
v 1.451017 6.957530 10.613266
v 1.452941 6.993272 10.615905
v 1.450147 7.028827 10.612068
v 1.442792 7.062434 10.601937
v 1.669056 6.892536 10.354012
v 1.683940 6.923385 10.364827
v 1.692930 6.957530 10.371359
v 1.695571 6.993272 10.373277
v 1.691728 7.028827 10.370489
v 1.681600 7.062434 10.363129
v 1.820190 6.892539 10.057385
v 1.837684 6.923386 10.063071
v 1.848257 6.957534 10.066504
v 1.851364 6.993274 10.067514
v 1.846849 7.028829 10.066047
v 1.834939 7.062435 10.062179
v 1.872266 6.892539 9.728591
v 1.890661 6.923386 9.728591
v 1.901773 6.957534 9.728591
v 1.905036 6.993274 9.728591
v 1.900293 7.028829 9.728591
v 1.887771 7.062435 9.728591
v 1.820190 6.892539 9.399797
v 1.837684 6.923386 9.394111
v 1.848257 6.957534 9.390678
v 1.851364 6.993274 9.389668
v 1.846849 7.028829 9.391134
v 1.834939 7.062435 9.395003
v 1.669057 6.892539 9.103186
v 1.683940 6.923386 9.092371
v 1.692930 6.957534 9.085840
v 1.695571 6.993274 9.083921
v 1.691738 7.028829 9.086711
v 1.681605 7.062435 9.094068
v 1.433668 6.892539 8.867795
v 1.444480 6.923386 8.852909
v 1.451007 6.957534 8.843922
v 1.452932 6.993274 8.841280
v 1.450137 7.028829 8.845118
v 1.442783 7.062435 8.855247
v 1.137058 6.892539 8.716663
v 1.142743 6.923386 8.699166
v 1.146181 6.957534 8.688599
v 1.147186 6.993274 8.685493
v 1.145717 7.028829 8.690005
v 1.141853 7.062435 8.701912
v 0.808265 6.892539 8.664591
v 0.808265 6.923386 8.646191
v 0.808265 6.957534 8.635079
v 0.808265 6.993274 8.631816
v 0.808265 7.028829 8.636560
v 0.808265 7.062435 8.649079
v 0.479465 6.892539 8.716663
v 0.473779 6.923386 8.699166
v 0.470351 6.957534 8.688599
v 0.469341 6.993274 8.685493
v 0.470807 7.028829 8.690005
v 0.474679 7.062435 8.701912
v 0.182853 6.892539 8.867800
v 0.172031 6.923386 8.852912
v 0.165506 6.957534 8.843925
v 0.163581 6.993274 8.841283
v 0.166376 7.028829 8.845122
v 0.173730 7.062435 8.855250
v -0.052525 6.892539 9.103183
v -0.067418 6.923386 9.092367
v -0.076407 6.957534 9.085837
v -0.079049 6.993274 9.083917
v -0.075206 7.028829 9.086706
v -0.065077 7.062435 9.094066
v -0.203666 6.892539 9.399795
v -0.221160 6.923386 9.394109
v -0.231726 6.957534 9.390675
v -0.234832 6.993274 9.389668
v -0.230317 7.028829 9.391133
v -0.218417 7.062435 9.395002
v -0.255744 6.892539 9.728591
v -0.274138 6.923386 9.728591
v -0.285251 6.957534 9.728591
v -0.288514 6.993274 9.728591
v -0.283770 7.028829 9.728591
v -0.271249 7.062435 9.728591
v -0.203666 6.892539 10.057384
v -0.221160 6.923386 10.063070
v -0.231726 6.957534 10.066503
v -0.234832 6.993274 10.067511
v -0.230317 7.028829 10.066045
v -0.218417 7.062435 10.062176
v -0.052525 6.892539 10.354000
v -0.067418 6.923386 10.364816
v -0.076407 6.957534 10.371346
v -0.079047 6.993274 10.373265
v -0.075206 7.028831 10.370476
v -0.065077 7.062435 10.363117
v 0.182853 6.892539 10.589383
v 0.172031 6.923386 10.604270
v 0.165506 6.957534 10.613258
v 0.163581 6.993274 10.615900
v 0.166376 7.028829 10.612060
v 0.173730 7.062435 10.601932
v 0.479465 6.892539 10.740518
v 0.473779 6.923386 10.758017
v 0.470340 6.957534 10.768584
v 0.469337 6.993274 10.771690
v 0.470798 7.028829 10.767177
v 0.474670 7.062435 10.755271
v 0.808277 6.892539 10.792591
v 0.808277 6.923386 10.810990
v 0.808277 6.957534 10.822104
v 0.808277 6.993274 10.825366
v 0.808277 7.028829 10.820620
v 0.808277 7.062435 10.808102
v 1.156621 6.334149 10.800708
v 1.144451 6.337160 10.763236
v 1.144523 6.340904 10.763461
v 1.141086 6.354763 10.752882
v 1.470870 6.334148 10.640592
v 1.447713 6.337158 10.608716
v 1.447848 6.340902 10.608905
v 1.441312 6.354760 10.599907
v 1.720254 6.334148 10.391209
v 1.688383 6.337158 10.368049
v 1.688569 6.340902 10.368188
v 1.679570 6.354760 10.361651
v 1.880381 6.334149 10.076944
v 1.842904 6.337160 10.064769
v 1.843131 6.340904 10.064841
v 1.832555 6.354763 10.061403
v 1.935548 6.334149 9.728591
v 1.896150 6.337160 9.728591
v 1.896388 6.340904 9.728591
v 1.885265 6.354763 9.728591
v 1.880381 6.334149 9.380238
v 1.842904 6.337160 9.392415
v 1.843131 6.340904 9.392342
v 1.832555 6.354763 9.395778
v 1.720264 6.334149 9.065985
v 1.688383 6.337160 9.089145
v 1.688571 6.340904 9.089006
v 1.679580 6.354763 9.095543
v 1.470870 6.334149 8.816593
v 1.447703 6.337160 8.848470
v 1.447847 6.340904 8.848278
v 1.441312 6.354763 8.857276
v 1.156612 6.334149 8.656472
v 1.144441 6.337160 8.693945
v 1.144514 6.340904 8.693721
v 1.141076 6.354763 8.704299
v 0.808267 6.334149 8.601301
v 0.808267 6.337160 8.640702
v 0.808267 6.340904 8.640467
v 0.808267 6.354763 8.651588
v 0.459911 6.334149 8.656471
v 0.472081 6.337160 8.693945
v 0.472009 6.340904 8.693721
v 0.475446 6.354763 8.704299
v 0.145652 6.334149 8.816596
v 0.168809 6.337160 8.848473
v 0.168671 6.340904 8.848281
v 0.175210 6.354763 8.857280
v -0.103730 6.334149 9.065982
v -0.071855 6.337160 9.089141
v -0.072047 6.340904 9.089003
v -0.063048 6.354763 9.095539
v -0.263854 6.334149 9.380238
v -0.226382 6.337160 9.392414
v -0.226609 6.340904 9.392341
v -0.216025 6.354763 9.395777
v -0.319027 6.334149 9.728591
v -0.279627 6.337160 9.728591
v -0.279866 6.340904 9.728591
v -0.268742 6.354763 9.728591
v -0.263854 6.334149 10.076944
v -0.226382 6.337160 10.064769
v -0.226609 6.340904 10.064841
v -0.216025 6.354763 10.061404
v -0.103730 6.334152 10.391199
v -0.071855 6.337162 10.368042
v -0.072047 6.340905 10.368179
v -0.063048 6.354763 10.361641
v 0.145652 6.334149 10.640587
v 0.168809 6.337160 10.608710
v 0.168671 6.340902 10.608901
v 0.175210 6.354763 10.599903
v 0.459901 6.334149 10.800711
v 0.472081 6.337160 10.763238
v 0.472009 6.340904 10.763461
v 0.475446 6.354763 10.752884
v 0.808277 6.334149 10.855880
v 0.808277 6.337160 10.816480
v 0.808277 6.340904 10.816715
v 0.808277 6.354763 10.805593
v 1.116260 6.603291 10.676472
v 1.116447 6.598508 10.677049
v 1.116994 6.594020 10.678744
v 1.117875 6.590103 10.681455
v 1.119027 6.587003 10.685005
v 1.394094 6.603289 10.534909
v 1.394445 6.598506 10.535400
v 1.395492 6.594017 10.536844
v 1.397169 6.590100 10.539148
v 1.399366 6.587001 10.542169
v 1.614573 6.603289 10.314428
v 1.615064 6.598506 10.314785
v 1.616504 6.594017 10.315833
v 1.618814 6.590100 10.317508
v 1.621829 6.587001 10.319702
v 1.756141 6.603291 10.036576
v 1.756721 6.598508 10.036764
v 1.758418 6.594020 10.037315
v 1.761128 6.590103 10.038196
v 1.764676 6.587003 10.039349
v 1.804923 6.603291 9.728591
v 1.805526 6.598508 9.728591
v 1.807315 6.594020 9.728591
v 1.810163 6.590103 9.728591
v 1.813893 6.587003 9.728591
v 1.756141 6.603291 9.420606
v 1.756721 6.598508 9.420418
v 1.758418 6.594020 9.419867
v 1.761128 6.590103 9.418987
v 1.764675 6.587003 9.417833
v 1.614578 6.603291 9.142768
v 1.615066 6.598508 9.142412
v 1.616514 6.594020 9.141363
v 1.618814 6.590103 9.139688
v 1.621839 6.587003 9.137495
v 1.394082 6.603291 8.922275
v 1.394440 6.598508 8.921785
v 1.395490 6.594020 8.920342
v 1.397160 6.590103 8.918036
v 1.399356 6.587003 8.915016
v 1.116250 6.603291 8.780709
v 1.116435 6.598508 8.780132
v 1.116985 6.594020 8.778437
v 1.117866 6.590103 8.775726
v 1.119024 6.587003 8.772174
v 0.808267 6.603291 8.731930
v 0.808267 6.598508 8.731325
v 0.808267 6.594020 8.729540
v 0.808267 6.590103 8.726692
v 0.808267 6.587003 8.722958
v 0.500274 6.603291 8.780709
v 0.500087 6.598508 8.780132
v 0.499538 6.594020 8.778437
v 0.498657 6.590103 8.775726
v 0.497507 6.587003 8.772174
v 0.222430 6.603291 8.922279
v 0.222078 6.598508 8.921787
v 0.221031 6.594020 8.920345
v 0.219354 6.590103 8.918039
v 0.217157 6.587003 8.915019
v 0.001946 6.603290 9.142765
v 0.001458 6.598508 9.142408
v 0.000018 6.594020 9.141359
v -0.002291 6.590103 9.139685
v -0.005307 6.587003 9.137490
v -0.139619 6.603291 9.420605
v -0.140198 6.598508 9.420417
v -0.141894 6.594020 9.419867
v -0.144600 6.590103 9.418987
v -0.148152 6.587003 9.417832
v -0.188401 6.603291 9.728591
v -0.189002 6.598508 9.728591
v -0.190793 6.594020 9.728591
v -0.193641 6.590103 9.728591
v -0.197371 6.587003 9.728591
v -0.139619 6.603291 10.036575
v -0.140198 6.598508 10.036762
v -0.141894 6.594020 10.037314
v -0.144600 6.590103 10.038194
v -0.148152 6.587003 10.039349
v 0.001946 6.603291 10.314418
v 0.001458 6.598508 10.314774
v 0.000018 6.594020 10.315823
v -0.002291 6.590103 10.317498
v -0.005307 6.587003 10.319692
v 0.222429 6.603291 10.534905
v 0.222078 6.598508 10.535396
v 0.221031 6.594020 10.536838
v 0.219354 6.590103 10.539144
v 0.217157 6.587003 10.542163
v 0.500272 6.603291 10.676473
v 0.500087 6.598508 10.677051
v 0.499533 6.594020 10.678746
v 0.498649 6.590103 10.681456
v 0.497497 6.587003 10.685008
v 0.808277 6.603291 10.725252
v 0.808277 6.598508 10.725856
v 0.808277 6.594020 10.727642
v 0.808277 6.590103 10.730490
v 0.808277 6.587003 10.734224
v 1.116260 6.794084 10.676472
v 1.116374 6.798779 10.676836
v 1.116727 6.803355 10.677920
v 1.117305 6.807691 10.679697
v 1.118093 6.811674 10.682118
v 1.394094 6.794082 10.534909
v 1.394319 6.798777 10.535220
v 1.394984 6.803353 10.536143
v 1.396081 6.807690 10.537654
v 1.397582 6.811673 10.539713
v 1.614573 6.794082 10.314430
v 1.614879 6.798777 10.314655
v 1.615802 6.803353 10.315326
v 1.617313 6.807690 10.316424
v 1.619373 6.811673 10.317920
v 1.756141 6.794084 10.036576
v 1.756505 6.798779 10.036695
v 1.757591 6.803355 10.037047
v 1.759372 6.807691 10.037625
v 1.761787 6.811674 10.038411
v 1.804923 6.794084 9.728591
v 1.805307 6.798779 9.728591
v 1.806445 6.803355 9.728591
v 1.808311 6.807691 9.728591
v 1.810857 6.811674 9.728591
v 1.756141 6.794084 9.420606
v 1.756505 6.798779 9.420487
v 1.757591 6.803355 9.420134
v 1.759372 6.807691 9.419558
v 1.761787 6.811674 9.418771
v 1.614578 6.794084 9.142768
v 1.614888 6.798779 9.142542
v 1.615810 6.803355 9.141872
v 1.617322 6.807691 9.140774
v 1.619382 6.811674 9.139279
v 1.394082 6.794084 8.922275
v 1.394311 6.798779 8.921965
v 1.394975 6.803355 8.921042
v 1.396080 6.807691 8.919531
v 1.397573 6.811674 8.917472
v 1.116250 6.794084 8.780709
v 1.116365 6.798779 8.780344
v 1.116716 6.803355 8.779261
v 1.117296 6.807691 8.777484
v 1.118083 6.811674 8.775064
v 0.808265 6.794084 8.731930
v 0.808265 6.798779 8.731548
v 0.808265 6.803355 8.730406
v 0.808265 6.807691 8.728539
v 0.808265 6.811674 8.725995
v 0.500274 6.794084 8.780709
v 0.500159 6.798779 8.780344
v 0.499807 6.803355 8.779261
v 0.499227 6.807691 8.777484
v 0.498439 6.811674 8.775064
v 0.222429 6.794084 8.922279
v 0.222203 6.798779 8.921969
v 0.221538 6.803355 8.921046
v 0.220441 6.807691 8.919535
v 0.218940 6.811674 8.917476
v 0.001954 6.794084 9.142764
v 0.001644 6.798779 9.142539
v 0.000714 6.803355 9.141868
v -0.000790 6.807691 9.140771
v -0.002850 6.811674 9.139274
v -0.139619 6.794084 9.420605
v -0.139981 6.798779 9.420486
v -0.141068 6.803355 9.420134
v -0.142840 6.807691 9.419557
v -0.145263 6.811674 9.418771
v -0.188401 6.794084 9.728591
v -0.188784 6.798779 9.728591
v -0.189923 6.803355 9.728591
v -0.191788 6.807691 9.728591
v -0.194335 6.811674 9.728591
v -0.139619 6.794084 10.036574
v -0.139981 6.798779 10.036693
v -0.141068 6.803355 10.037046
v -0.142840 6.807691 10.037623
v -0.145263 6.811674 10.038409
v 0.001954 6.794085 10.314418
v 0.001644 6.798781 10.314643
v 0.000714 6.803355 10.315314
v -0.000790 6.807695 10.316412
v -0.002850 6.811678 10.317908
v 0.222429 6.794084 10.534905
v 0.222203 6.798779 10.535214
v 0.221538 6.803355 10.536138
v 0.220441 6.807691 10.537649
v 0.218940 6.811674 10.539707
v 0.500272 6.794084 10.676473
v 0.500150 6.798779 10.676838
v 0.499797 6.803355 10.677922
v 0.499227 6.807691 10.679698
v 0.498439 6.811674 10.682118
v 0.808277 6.794084 10.725252
v 0.808277 6.798779 10.725634
v 0.808277 6.803355 10.726776
v 0.808277 6.807691 10.728643
v 0.808277 6.811674 10.731188
v 1.138549 7.073499 10.745059
v 1.436485 7.073496 10.593255
v 1.672920 7.073496 10.356821
v 1.824735 7.073499 10.058862
v 1.877040 7.073499 9.728591
v 1.824735 7.073499 9.398320
v 1.672920 7.073499 9.100380
v 1.436475 7.073499 8.863930
v 1.138530 7.073499 8.712121
v 0.808265 7.073499 8.659812
v 0.477994 7.073499 8.712121
v 0.180039 7.073499 8.863935
v -0.056396 7.073499 9.100374
v -0.208205 7.073499 9.398319
v -0.260518 7.073499 9.728591
v -0.208205 7.073499 10.058860
v -0.056396 7.073499 10.356810
v 0.180038 7.073499 10.593247
v 0.477985 7.073499 10.745060
v 0.808277 7.073499 10.797368
v 1.548581 8.436918 10.732964
v 1.549607 8.455993 10.734169
v 1.547233 8.474720 10.730805
v 1.541663 8.491462 10.723166
v 1.533407 8.504745 10.711930
v 1.201986 8.436918 10.912569
v 1.202588 8.455993 10.914032
v 1.201366 8.474720 10.910096
v 1.198434 8.491462 10.901112
v 1.194053 8.504745 10.887875
v 1.822698 8.436918 10.455053
v 1.824043 8.455993 10.455885
v 1.820749 8.474720 10.453418
v 1.813096 8.491462 10.447873
v 1.801765 8.504745 10.439740
v 1.997537 8.436918 10.105998
v 1.999078 8.455993 10.106371
v 1.995176 8.474720 10.105046
v 1.986185 8.491462 10.102137
v 1.972898 8.504745 10.097904
v 2.055961 8.436918 9.720021
v 2.057536 8.455993 9.719901
v 2.053415 8.474720 9.719845
v 2.043968 8.491462 9.719858
v 2.030017 8.504745 9.719938
v 1.992244 8.436918 9.334881
v 1.993705 8.455993 9.334280
v 1.989770 8.474720 9.335499
v 1.980789 8.491462 9.338432
v 1.967552 8.504745 9.342817
v 1.812629 8.436918 8.988281
v 1.813832 8.455993 8.987258
v 1.810474 8.474720 8.989633
v 1.802831 8.491462 8.995198
v 1.791595 8.504745 9.003460
v 1.534703 8.436918 8.714147
v 1.535531 8.455993 8.712802
v 1.533067 8.474720 8.716101
v 1.527516 8.491462 8.723754
v 1.519385 8.504745 8.735084
v 1.185674 8.436918 8.539313
v 1.186048 8.455993 8.537777
v 1.184720 8.474720 8.541677
v 1.181810 8.491462 8.550669
v 1.177575 8.504745 8.563956
v 0.799691 8.436918 8.480897
v 0.799575 8.455993 8.479321
v 0.799514 8.474720 8.483439
v 0.799525 8.491462 8.492891
v 0.799608 8.504745 8.506836
v 0.414556 8.436918 8.544610
v 0.413955 8.455993 8.543148
v 0.415168 8.474720 8.547082
v 0.418108 8.491462 8.556067
v 0.422490 8.504745 8.569305
v 0.067941 8.436918 8.724227
v 0.066925 8.455993 8.723022
v 0.069297 8.474720 8.726387
v 0.074859 8.491462 8.734026
v 0.083125 8.504745 8.745261
v -0.206174 8.436918 9.002144
v -0.207520 8.455993 9.001314
v -0.204225 8.474720 9.003781
v -0.196572 8.491462 9.009325
v -0.185242 8.504745 9.017457
v -0.381015 8.436918 9.351181
v -0.382548 8.455993 9.350808
v -0.378653 8.474720 9.352134
v -0.369662 8.491462 9.355042
v -0.356374 8.504745 9.359275
v -0.439434 8.436918 9.737161
v -0.441012 8.455993 9.737281
v -0.436892 8.474720 9.737337
v -0.427444 8.491462 9.737324
v -0.413495 8.504745 9.737244
v -0.375720 8.436918 10.122296
v -0.377181 8.455993 10.122896
v -0.373246 8.474720 10.121677
v -0.364257 8.491462 10.118745
v -0.351020 8.504745 10.114359
v -0.196107 8.436918 10.468906
v -0.197308 8.455993 10.469930
v -0.193947 8.474720 10.467553
v -0.186309 8.491462 10.461988
v -0.175071 8.504745 10.453726
v 0.081809 8.436918 10.743030
v 0.080980 8.455993 10.744375
v 0.083446 8.474720 10.741077
v 0.088987 8.491462 10.733424
v 0.097118 8.504745 10.722094
v 0.430850 8.436918 10.917870
v 0.430481 8.455993 10.919406
v 0.431807 8.474720 10.915506
v 0.434713 8.491462 10.906514
v 0.438947 8.504745 10.893227
v 0.816842 8.436918 10.976284
v 0.816966 8.455993 10.977861
v 0.817018 8.474720 10.973742
v 0.817008 8.491462 10.964291
v 0.816924 8.504745 10.950345
v 1.126792 7.088268 10.708887
v 1.123302 7.093013 10.698107
v 1.120465 7.100973 10.689225
v 1.118549 7.111372 10.683103
v 1.117732 7.123205 10.680336
v 1.118114 7.144471 10.681191
v 1.414125 7.088265 10.562484
v 1.407474 7.093013 10.553309
v 1.402028 7.100970 10.545740
v 1.398319 7.111372 10.540511
v 1.396692 7.123205 10.538129
v 1.397313 7.144469 10.538826
v 0.808277 7.088268 10.759334
v 0.808288 7.093013 10.748004
v 0.808328 7.100973 10.738679
v 0.808401 7.111372 10.732264
v 0.808484 7.123205 10.729381
v 0.808578 7.144471 10.730310
v 1.642148 7.088265 10.334465
v 1.632991 7.093013 10.327793
v 1.625473 7.100970 10.322277
v 1.620317 7.111372 10.318453
v 1.618037 7.123205 10.316690
v 1.618844 7.144469 10.317160
v 1.788558 7.088268 10.047109
v 1.777787 7.093013 10.043594
v 1.768932 7.100973 10.040671
v 1.762853 7.111372 10.038625
v 1.760139 7.123205 10.037654
v 1.761050 7.144471 10.037853
v 1.839009 7.088268 9.728591
v 1.827678 7.093013 9.728576
v 1.818355 7.100973 9.728533
v 1.811935 7.111372 9.728467
v 1.809056 7.123205 9.728382
v 1.809979 7.144471 9.728289
v 1.788558 7.088268 9.410074
v 1.777778 7.093013 9.413560
v 1.768901 7.100973 9.416401
v 1.762779 7.111372 9.418320
v 1.760005 7.123205 9.419131
v 1.760864 7.144471 9.418755
v 1.642148 7.088268 9.122734
v 1.632972 7.093013 9.129383
v 1.625410 7.100973 9.134828
v 1.620180 7.111372 9.138545
v 1.617797 7.123205 9.140171
v 1.618493 7.144471 9.139549
v 1.414113 7.088268 8.894700
v 1.407443 7.093013 8.903858
v 1.401928 7.100973 8.911377
v 1.398101 7.111372 8.916527
v 1.396341 7.123205 8.918810
v 1.396808 7.144471 8.918003
v 1.126783 7.088268 8.748292
v 1.123262 7.093013 8.759064
v 1.120340 7.100973 8.767919
v 1.118301 7.111372 8.774000
v 1.117326 7.123205 8.776716
v 1.117523 7.144471 8.775804
v 0.808265 7.088268 8.697846
v 0.808246 7.093013 8.709176
v 0.808204 7.100973 8.718502
v 0.808141 7.111372 8.724917
v 0.808054 7.123205 8.727800
v 0.807956 7.144471 8.726871
v 0.489749 7.088268 8.748292
v 0.493230 7.093013 8.759073
v 0.496070 7.100973 8.767955
v 0.497995 7.111372 8.774076
v 0.498802 7.123205 8.776845
v 0.498430 7.144471 8.775991
v 0.202398 7.088268 8.894704
v 0.209048 7.093013 8.903879
v 0.214491 7.100973 8.911449
v 0.218205 7.111372 8.916677
v 0.219836 7.123205 8.919060
v 0.219211 7.144471 8.918364
v -0.025626 7.088268 9.122730
v -0.016469 7.093013 9.129401
v -0.008950 7.100973 9.134918
v -0.003794 7.111372 9.138743
v -0.001515 7.123205 9.140506
v -0.002322 7.144471 9.140035
v -0.172036 7.088268 9.410072
v -0.161265 7.093013 9.413588
v -0.152409 7.100973 9.416510
v -0.146330 7.111372 9.418556
v -0.143615 7.123205 9.419528
v -0.144526 7.144471 9.419329
v -0.222487 7.088268 9.728591
v -0.211156 7.093013 9.728606
v -0.201833 7.100973 9.728648
v -0.195412 7.111372 9.728715
v -0.192534 7.123205 9.728800
v -0.193463 7.144471 9.728893
v -0.172036 7.088268 10.047107
v -0.161254 7.093013 10.043619
v -0.152369 7.100973 10.040778
v -0.146251 7.111372 10.038860
v -0.143481 7.123205 10.038049
v -0.144340 7.144471 10.038425
v -0.025626 7.088268 10.334454
v -0.016450 7.093013 10.327805
v -0.008879 7.100973 10.322359
v -0.003648 7.111372 10.318642
v -0.001265 7.123206 10.317016
v -0.001961 7.144471 10.317639
v 0.202398 7.088268 10.562479
v 0.209069 7.093013 10.553320
v 0.214580 7.100973 10.545802
v 0.218412 7.111372 10.540651
v 0.220172 7.123205 10.538369
v 0.219697 7.144471 10.539175
v 0.489740 7.088268 10.708889
v 0.493251 7.093013 10.698117
v 0.496181 7.100973 10.689263
v 0.498222 7.111372 10.683182
v 0.499196 7.123205 10.680466
v 0.499000 7.144471 10.681379
v 0.808268 9.154999 9.728587
v 1.135814 8.976302 10.172768
v 1.132365 8.981536 10.168084
v 1.129745 8.987983 10.164530
v 1.128108 8.995269 10.162315
v 1.127551 9.002992 10.161562
v 0.982538 8.976301 10.252241
v 0.980693 8.981534 10.246719
v 0.979305 8.987979 10.242530
v 0.978435 8.995269 10.239917
v 0.978135 9.002990 10.239030
v 1.257024 8.976301 10.049828
v 1.252292 8.981534 10.046441
v 1.248698 8.987979 10.043871
v 1.246461 8.995269 10.042268
v 1.245704 9.002990 10.041724
v 1.334331 8.976301 9.895412
v 1.328780 8.981534 9.893654
v 1.324575 8.987979 9.892319
v 1.321946 8.995269 9.891487
v 1.321055 9.002990 9.891204
v 1.360132 8.976301 9.724683
v 1.354310 8.981534 9.724725
v 1.349899 8.987979 9.724756
v 1.347143 8.995269 9.724775
v 1.346212 9.002990 9.724781
v 1.331918 8.976301 9.554335
v 1.326397 8.981534 9.556174
v 1.322202 8.987979 9.557568
v 1.319593 8.995269 9.558437
v 1.318702 9.002990 9.558732
v 1.252437 8.976301 9.401048
v 1.247755 8.981534 9.404503
v 1.244203 8.987979 9.407124
v 1.241987 8.995269 9.408758
v 1.241231 9.002990 9.409313
v 1.129476 8.976301 9.279820
v 1.126088 8.981534 9.284553
v 1.123521 8.987979 9.288143
v 1.121915 8.995269 9.290382
v 1.121375 9.002990 9.291142
v 0.975081 8.976301 9.202522
v 0.973329 8.981534 9.208070
v 0.971994 8.987979 9.212278
v 0.971156 8.995269 9.214903
v 0.970876 9.002990 9.215794
v 0.804351 8.976301 9.176720
v 0.804393 8.981534 9.182541
v 0.804424 8.987979 9.186956
v 0.804445 8.995269 9.189709
v 0.804454 9.002990 9.190644
v 0.634006 8.976301 9.204937
v 0.635840 8.981534 9.210460
v 0.637237 8.987979 9.214650
v 0.638107 8.995269 9.217262
v 0.638398 9.002990 9.218149
v 0.480718 8.976301 9.284418
v 0.484168 8.981534 9.289102
v 0.486787 8.987979 9.292655
v 0.488424 8.995269 9.294871
v 0.488983 9.002990 9.295624
v 0.359498 8.976301 9.407368
v 0.364230 8.981534 9.410756
v 0.367816 8.987979 9.413326
v 0.370061 8.995269 9.414928
v 0.370818 9.002990 9.415473
v 0.282191 8.976301 9.561772
v 0.287742 8.981534 9.563532
v 0.291948 8.987979 9.564866
v 0.294578 8.995269 9.565698
v 0.295469 9.002990 9.565982
v 0.256391 8.976301 9.732498
v 0.262212 8.981534 9.732457
v 0.266624 8.987979 9.732425
v 0.269380 8.995269 9.732406
v 0.270312 9.002990 9.732399
v 0.284614 8.976301 9.902844
v 0.290136 8.981534 9.901005
v 0.294320 8.987979 9.899612
v 0.296939 8.995269 9.898742
v 0.297820 9.002990 9.898447
v 0.364087 8.976301 10.056143
v 0.368778 8.981534 10.052688
v 0.372331 8.987979 10.050067
v 0.374547 8.995269 10.048433
v 0.375293 9.002990 10.047878
v 0.487035 8.976301 10.177357
v 0.490423 8.981534 10.172625
v 0.492992 8.987979 10.169035
v 0.494596 8.995269 10.166796
v 0.495136 9.002990 10.166035
v 0.641443 8.976301 10.254659
v 0.643201 8.981534 10.249111
v 0.644530 8.987979 10.244902
v 0.645368 8.995269 10.242278
v 0.645647 9.002990 10.241386
v 0.812181 8.976301 10.280461
v 0.812141 8.981534 10.274640
v 0.812108 8.987979 10.270225
v 0.812087 8.995269 10.267472
v 0.812078 9.002990 10.266537
v 1.063625 9.154999 10.074863
v 1.095586 9.140746 10.118212
v 1.118985 9.101802 10.149946
v 1.127551 9.048605 10.161562
v 0.944122 9.154999 10.136820
v 0.961129 9.140746 10.187925
v 0.973579 9.101802 10.225337
v 0.978135 9.048605 10.239030
v 1.158105 9.154999 9.979027
v 1.201904 9.140746 10.010376
v 1.233970 9.101802 10.033324
v 1.245704 9.048605 10.041724
v 1.218373 9.154999 9.858643
v 1.269714 9.140746 9.874923
v 1.307300 9.101802 9.886841
v 1.321055 9.048605 9.891204
v 1.238494 9.154999 9.725544
v 1.292354 9.140746 9.725163
v 1.331783 9.101802 9.724884
v 1.346212 9.048605 9.724781
v 1.216497 9.154999 9.592745
v 1.267600 9.140746 9.575739
v 1.305009 9.101802 9.563289
v 1.318702 9.048605 9.558732
v 1.154539 9.154999 9.473246
v 1.197885 9.140746 9.441279
v 1.229619 9.101802 9.417878
v 1.241231 9.048605 9.409313
v 1.058673 9.154999 9.378736
v 1.090024 9.140746 9.334940
v 1.112976 9.101802 9.302878
v 1.121375 9.048605 9.291142
v 0.938312 9.154999 9.318477
v 0.954593 9.140746 9.267136
v 0.966514 9.101802 9.229551
v 0.970876 9.048605 9.215794
v 0.805211 9.154999 9.298362
v 0.804830 9.140746 9.244503
v 0.804549 9.101802 9.205076
v 0.804454 9.048605 9.190644
v 0.672412 9.154999 9.320360
v 0.655406 9.140746 9.269255
v 0.642955 9.101802 9.231843
v 0.638398 9.048605 9.218149
v 0.552911 9.154999 9.382321
v 0.520946 9.140746 9.338972
v 0.497548 9.101802 9.307239
v 0.488983 9.048605 9.295624
v 0.458410 9.154999 9.478171
v 0.414619 9.140746 9.446822
v 0.382552 9.101802 9.423873
v 0.370818 9.048605 9.415473
v 0.398151 9.154999 9.598543
v 0.346809 9.140746 9.582262
v 0.309223 9.101802 9.570343
v 0.295469 9.048605 9.565982
v 0.378036 9.154999 9.731636
v 0.324170 9.140746 9.732017
v 0.284749 9.101802 9.732297
v 0.270312 9.048605 9.732399
v 0.400035 9.154999 9.864435
v 0.348932 9.140746 9.881441
v 0.311513 9.101802 9.893890
v 0.297820 9.048605 9.898447
v 0.461993 9.154999 9.983948
v 0.418647 9.140746 10.015913
v 0.386913 9.101802 10.039313
v 0.375298 9.048605 10.047878
v 0.557838 9.154999 10.078441
v 0.526487 9.140746 10.122238
v 0.503536 9.101802 10.154300
v 0.495136 9.048605 10.166035
v 0.678211 9.154999 10.138704
v 0.661929 9.140746 10.190045
v 0.650008 9.101802 10.227629
v 0.645647 9.048605 10.241386
v 0.811313 9.154999 10.158819
v 0.811694 9.140746 10.212678
v 0.811975 9.101802 10.252105
v 0.812078 9.048605 10.266537
v 1.254197 5.988786 9.114816
v 1.225746 5.910583 9.153968
v 1.201946 5.828055 9.186726
v 1.183032 5.742036 9.212756
v 1.169196 5.653353 9.231806
v 1.160558 5.562824 9.243698
v 1.422036 5.988786 9.282657
v 1.382886 5.910583 9.311103
v 1.350126 5.828055 9.334904
v 1.324098 5.742036 9.353817
v 1.305043 5.653353 9.367657
v 1.293153 5.562824 9.376295
v 1.529794 5.988786 9.494150
v 1.483767 5.910583 9.509105
v 1.445258 5.828055 9.521617
v 1.414663 5.742036 9.531560
v 1.392270 5.653353 9.538836
v 1.378288 5.562824 9.543378
v 1.566926 5.988786 9.728591
v 1.518535 5.910584 9.728591
v 1.478040 5.828055 9.728591
v 1.445869 5.742036 9.728591
v 1.422322 5.653354 9.728591
v 1.407621 5.562825 9.728591
v 1.529794 5.988786 9.963032
v 1.483767 5.910583 9.948077
v 1.445258 5.828055 9.935565
v 1.414663 5.742036 9.925622
v 1.392270 5.653354 9.918346
v 1.378288 5.562825 9.913804
v 1.422032 5.988784 10.174535
v 1.382877 5.910582 10.146087
v 1.350126 5.828055 10.122287
v 1.324090 5.742036 10.103373
v 1.305042 5.653353 10.089533
v 1.293151 5.562823 10.080893
v 1.254197 5.988784 10.342368
v 1.225755 5.910582 10.303216
v 1.201955 5.828055 10.270457
v 1.183042 5.742034 10.244426
v 1.169196 5.653353 10.225377
v 1.160558 5.562823 10.213486
v 0.993484 5.562824 10.298617
v 0.998021 5.653353 10.312595
v 1.005302 5.742036 10.334990
v 1.015245 5.828055 10.365590
v 1.027757 5.910583 10.404100
v 1.042713 5.988786 10.450126
v 0.808268 5.988786 10.487257
v 0.808268 5.910584 10.438862
v 0.808267 5.828055 10.398371
v 0.808267 5.742036 10.366196
v 0.808267 5.653354 10.342649
v 0.808267 5.562825 10.327952
v 0.573811 5.988786 10.450126
v 0.588767 5.910583 10.404100
v 0.601282 5.828055 10.365590
v 0.611230 5.742036 10.334990
v 0.618501 5.653353 10.312595
v 0.623048 5.562824 10.298617
v 0.362325 5.988786 10.342364
v 0.390775 5.910583 10.303213
v 0.414569 5.828055 10.270455
v 0.433488 5.742036 10.244424
v 0.447326 5.653353 10.225375
v 0.455964 5.562824 10.213484
v 0.194488 5.988786 10.174528
v 0.233646 5.910583 10.146081
v 0.266397 5.828055 10.122282
v 0.292434 5.742036 10.103370
v 0.311481 5.653353 10.089529
v 0.323371 5.562824 10.080889
v 0.086728 5.988786 9.963032
v 0.132757 5.910584 9.948076
v 0.171266 5.828055 9.935564
v 0.201861 5.742036 9.925621
v 0.224262 5.653353 9.918345
v 0.238235 5.562824 9.913804
v 0.049598 5.988786 9.728591
v 0.097987 5.910583 9.728591
v 0.138479 5.828055 9.728591
v 0.170654 5.742036 9.728591
v 0.194198 5.653353 9.728591
v 0.208902 5.562824 9.728591
v 0.086728 5.988786 9.494151
v 0.132757 5.910584 9.509105
v 0.171266 5.828055 9.521617
v 0.201861 5.742036 9.531560
v 0.224262 5.653353 9.538836
v 0.238235 5.562824 9.543378
v 0.194488 5.988786 9.282654
v 0.233646 5.910583 9.311101
v 0.266397 5.828055 9.334901
v 0.292434 5.742036 9.353813
v 0.311481 5.653353 9.367654
v 0.323371 5.562824 9.376292
v 0.362325 5.988786 9.114820
v 0.390767 5.910584 9.153971
v 0.414567 5.828055 9.186728
v 0.433480 5.742036 9.212759
v 0.447326 5.653353 9.231808
v 0.455964 5.562824 9.243698
v 0.573820 5.988786 9.007056
v 0.588775 5.910583 9.053081
v 0.601287 5.828055 9.091592
v 0.611230 5.742036 9.122192
v 0.618511 5.653353 9.144586
v 0.623048 5.562824 9.158564
v 0.808265 5.988786 8.969925
v 0.808265 5.910584 9.018320
v 0.808265 5.828055 9.058811
v 0.808265 5.742036 9.090986
v 0.808265 5.653354 9.114533
v 0.808265 5.562825 9.129230
v 1.042703 5.988786 9.007056
v 1.027747 5.910583 9.053081
v 1.015235 5.828055 9.091592
v 1.005292 5.742036 9.122192
v 0.998012 5.653353 9.144586
v 0.993474 5.562824 9.158564
v 0.683855 9.291758 9.357999
v 0.683855 9.133798 9.602857
v 0.683855 9.113026 9.728591
v 0.683855 9.133798 9.854326
v 0.683855 9.291758 10.099184
v 0.683855 9.480337 9.522095
v 0.655132 9.473580 9.602857
v 0.655132 9.473580 9.728591
v 0.655132 9.473580 9.854326
v 0.683855 9.480337 9.935087
v 0.932669 9.480337 9.522095
v 0.961392 9.473580 9.602857
v 0.961392 9.473580 9.728591
v 0.961392 9.473580 9.854326
v 0.932669 9.480337 9.935087
v 0.932669 9.291758 9.357999
v 0.932669 9.133798 9.602857
v 0.932669 9.113026 9.728591
v 0.932669 9.133798 9.854326
v 0.932669 9.291758 10.099184
v 0.683855 9.718964 9.522095
v 0.655132 9.725719 9.602857
v 0.961392 9.725719 9.602857
v 0.932669 9.718964 9.522095
v 0.655132 9.725719 9.728591
v 0.961392 9.725719 9.728591
v 0.655132 9.725719 9.854326
v 0.961392 9.725719 9.854326
v 0.683855 9.718964 9.935087
v 0.932669 9.718964 9.935087
v 0.683855 9.968233 9.404335
v 0.683855 10.017197 9.602857
v 0.932669 10.017197 9.602857
v 0.932669 9.968233 9.404335
v 0.683855 10.039005 9.728591
v 0.932669 10.039005 9.728591
v 0.683855 10.017197 9.854326
v 0.932669 10.017197 9.854326
v 0.683855 9.968233 10.052848
v 0.932669 9.968233 10.052848
v 0.683855 9.473580 9.251468
v 0.932669 9.473580 9.251468
v 0.683855 9.770054 9.251468
v 0.932669 9.770054 9.251468
v 0.683855 9.473580 10.205715
v 0.932669 9.473580 10.205715
v 0.932669 9.770054 10.205715
v 0.683855 9.770054 10.205715
vt 0.852559 0.023068
vt 0.822561 0.036695
vt 0.798242 0.058925
vt 0.781984 0.087582
vt 0.775376 0.119860
vt 0.779066 0.152601
vt 0.792693 0.182598
vt 0.814923 0.206917
vt 0.843580 0.223175
vt 0.875858 0.229783
vt 0.908599 0.226093
vt 0.938597 0.212466
vt 0.962915 0.190236
vt 0.979174 0.161579
vt 0.985782 0.129301
vt 0.982091 0.096560
vt 0.968464 0.066563
vt 0.946234 0.042244
vt 0.917578 0.025985
vt 0.885299 0.019378
vt 0.521751 0.522608
vt 0.491130 0.522608
vt 0.491130 0.506406
vt 0.521752 0.506406
vt 0.460508 0.522608
vt 0.460508 0.506406
vt 0.429886 0.522608
vt 0.429886 0.506406
vt 0.399265 0.522608
vt 0.399265 0.506406
vt 0.368643 0.522608
vt 0.368643 0.506406
vt 0.338021 0.522608
vt 0.338021 0.506406
vt 0.307399 0.522608
vt 0.307399 0.506406
vt 0.276777 0.522608
vt 0.276777 0.506406
vt 0.880579 0.124580
vt 0.246155 0.522608
vt 0.246156 0.506406
vt 0.215533 0.522608
vt 0.215534 0.506406
vt 0.184912 0.522608
vt 0.184912 0.506406
vt 0.154290 0.522608
vt 0.154290 0.506406
vt 0.123668 0.522608
vt 0.123668 0.506406
vt 0.093046 0.522608
vt 0.093046 0.506406
vt 0.062424 0.522608
vt 0.062424 0.506406
vt 0.613617 0.522608
vt 0.613617 0.506406
vt 0.582995 0.522608
vt 0.582995 0.506406
vt 0.552373 0.522608
vt 0.552373 0.506406
vt 0.521752 0.576651
vt 0.521752 0.575275
vt 0.552373 0.575275
vt 0.552373 0.576651
vt 0.521752 0.579031
vt 0.521751 0.578050
vt 0.552373 0.578050
vt 0.552373 0.579031
vt 0.491130 0.576651
vt 0.491130 0.575275
vt 0.491130 0.578050
vt 0.491130 0.579031
vt 0.460508 0.576651
vt 0.460508 0.575275
vt 0.460508 0.578050
vt 0.460508 0.579031
vt 0.429886 0.576651
vt 0.429886 0.575275
vt 0.429886 0.578050
vt 0.429886 0.579031
vt 0.399265 0.576651
vt 0.399265 0.575275
vt 0.399265 0.578050
vt 0.399265 0.579031
vt 0.368643 0.576651
vt 0.368643 0.575275
vt 0.368643 0.578050
vt 0.368643 0.579031
vt 0.338021 0.576651
vt 0.338021 0.575275
vt 0.338021 0.578050
vt 0.338021 0.579031
vt 0.307399 0.576651
vt 0.307399 0.575275
vt 0.307399 0.578050
vt 0.307399 0.579031
vt 0.276777 0.576651
vt 0.276777 0.575275
vt 0.276777 0.578050
vt 0.276777 0.579031
vt 0.246155 0.576651
vt 0.246155 0.575275
vt 0.246155 0.578050
vt 0.246155 0.579031
vt 0.215534 0.576651
vt 0.215533 0.575275
vt 0.215534 0.578050
vt 0.215533 0.579031
vt 0.184912 0.576651
vt 0.184911 0.575275
vt 0.184911 0.578050
vt 0.184911 0.579031
vt 0.154289 0.576651
vt 0.154290 0.575275
vt 0.154290 0.578050
vt 0.154290 0.579031
vt 0.123668 0.576651
vt 0.123668 0.575275
vt 0.123668 0.578050
vt 0.123668 0.579031
vt 0.093046 0.576651
vt 0.093046 0.575275
vt 0.093046 0.578050
vt 0.093046 0.579031
vt 0.062424 0.576651
vt 0.062424 0.575275
vt 0.062424 0.578050
vt 0.062424 0.579031
vt 0.031802 0.575275
vt 0.613617 0.576651
vt 0.613617 0.575275
vt 0.613617 0.578050
vt 0.613617 0.579031
vt 0.582995 0.576651
vt 0.582995 0.575275
vt 0.582995 0.578050
vt 0.582995 0.579031
vt 0.521752 0.553560
vt 0.491130 0.553560
vt 0.491130 0.543617
vt 0.521752 0.543617
vt 0.460508 0.553560
vt 0.460508 0.543617
vt 0.429886 0.553560
vt 0.429886 0.543617
vt 0.399265 0.553560
vt 0.399265 0.543617
vt 0.368643 0.553560
vt 0.368643 0.543617
vt 0.338021 0.553560
vt 0.338021 0.543617
vt 0.307399 0.553560
vt 0.307399 0.543617
vt 0.276777 0.553560
vt 0.276777 0.543617
vt 0.246155 0.553560
vt 0.246156 0.543617
vt 0.215534 0.553560
vt 0.215533 0.543617
vt 0.184912 0.553560
vt 0.184912 0.543617
vt 0.154289 0.553560
vt 0.154289 0.543617
vt 0.123668 0.553560
vt 0.123668 0.543617
vt 0.093046 0.553560
vt 0.093046 0.543617
vt 0.062424 0.553560
vt 0.062424 0.543617
vt 0.031803 0.553560
vt 0.613617 0.553560
vt 0.613617 0.543617
vt 0.582995 0.553560
vt 0.582995 0.543617
vt 0.552373 0.553560
vt 0.552373 0.543617
vt 0.491130 0.571432
vt 0.521752 0.571432
vt 0.460508 0.571432
vt 0.429886 0.571432
vt 0.399265 0.571432
vt 0.368643 0.571432
vt 0.338021 0.571432
vt 0.307399 0.571432
vt 0.276777 0.571432
vt 0.246155 0.571432
vt 0.215533 0.571432
vt 0.184911 0.571432
vt 0.154290 0.571432
vt 0.123668 0.571432
vt 0.093046 0.571432
vt 0.062424 0.571432
vt 0.613617 0.571432
vt 0.582995 0.571432
vt 0.552373 0.571432
vt 0.521751 0.567316
vt 0.491130 0.567316
vt 0.521752 0.562847
vt 0.491130 0.562847
vt 0.521752 0.558202
vt 0.491130 0.558202
vt 0.460508 0.567316
vt 0.460508 0.562847
vt 0.460508 0.558202
vt 0.429886 0.567316
vt 0.429886 0.562847
vt 0.429886 0.558202
vt 0.399265 0.567316
vt 0.399265 0.562847
vt 0.399265 0.558202
vt 0.368643 0.567316
vt 0.368643 0.562847
vt 0.368643 0.558202
vt 0.338021 0.567316
vt 0.338021 0.562847
vt 0.338021 0.558202
vt 0.307399 0.567316
vt 0.307399 0.562847
vt 0.307399 0.558202
vt 0.276777 0.567316
vt 0.276777 0.562847
vt 0.276777 0.558202
vt 0.246155 0.567316
vt 0.246155 0.562847
vt 0.246155 0.558202
vt 0.215533 0.567316
vt 0.215533 0.562847
vt 0.215533 0.558202
vt 0.184912 0.567316
vt 0.184912 0.562847
vt 0.184912 0.558202
vt 0.154290 0.567316
vt 0.154290 0.562847
vt 0.154290 0.558202
vt 0.123668 0.567316
vt 0.123668 0.562847
vt 0.123668 0.558202
vt 0.093046 0.567316
vt 0.093046 0.562847
vt 0.093046 0.558202
vt 0.062424 0.567316
vt 0.062424 0.562847
vt 0.062424 0.558202
vt 0.613617 0.567316
vt 0.613617 0.562847
vt 0.613617 0.558202
vt 0.582995 0.567316
vt 0.582995 0.562847
vt 0.582995 0.558202
vt 0.552373 0.567316
vt 0.552373 0.562847
vt 0.552373 0.558202
vt 0.521752 0.617108
vt 0.491130 0.617108
vt 0.491130 0.590154
vt 0.521752 0.590154
vt 0.460508 0.617108
vt 0.460508 0.590154
vt 0.429886 0.617108
vt 0.429886 0.590154
vt 0.399265 0.617108
vt 0.399265 0.590154
vt 0.368643 0.617108
vt 0.368643 0.590154
vt 0.338021 0.617108
vt 0.338021 0.590154
vt 0.307399 0.617108
vt 0.307399 0.590154
vt 0.276777 0.617108
vt 0.276777 0.590154
vt 0.246155 0.617108
vt 0.246155 0.590154
vt 0.215534 0.617108
vt 0.215534 0.590154
vt 0.184911 0.617108
vt 0.184911 0.590154
vt 0.154289 0.617108
vt 0.154289 0.590154
vt 0.123668 0.617108
vt 0.123668 0.590154
vt 0.093046 0.617108
vt 0.093046 0.590154
vt 0.062424 0.617108
vt 0.062424 0.590154
vt 0.031802 0.617108
vt 0.613617 0.617108
vt 0.613617 0.590154
vt 0.582995 0.617108
vt 0.582995 0.590154
vt 0.552373 0.617108
vt 0.552373 0.590154
vt 0.521751 0.581657
vt 0.491130 0.581657
vt 0.460508 0.581657
vt 0.429886 0.581657
vt 0.399265 0.581657
vt 0.368643 0.581657
vt 0.338021 0.581657
vt 0.307399 0.581657
vt 0.276777 0.581657
vt 0.246155 0.581657
vt 0.215533 0.581657
vt 0.184912 0.581657
vt 0.154290 0.581657
vt 0.123668 0.581657
vt 0.093046 0.581657
vt 0.062424 0.581657
vt 0.031802 0.581657
vt 0.613617 0.581657
vt 0.582995 0.581657
vt 0.552373 0.581657
vt 0.521752 0.583141
vt 0.552373 0.583141
vt 0.521751 0.585160
vt 0.552373 0.585160
vt 0.521751 0.587559
vt 0.552373 0.587559
vt 0.491130 0.583141
vt 0.491130 0.585160
vt 0.491130 0.587559
vt 0.460508 0.583141
vt 0.460508 0.585160
vt 0.460508 0.587559
vt 0.429886 0.583141
vt 0.429886 0.585160
vt 0.429886 0.587559
vt 0.399265 0.583141
vt 0.399265 0.585160
vt 0.399265 0.587559
vt 0.368643 0.583141
vt 0.368643 0.585160
vt 0.368643 0.587559
vt 0.338021 0.583141
vt 0.338021 0.585160
vt 0.338021 0.587559
vt 0.307399 0.583141
vt 0.307399 0.585160
vt 0.307399 0.587559
vt 0.276777 0.583141
vt 0.276777 0.585160
vt 0.276777 0.587559
vt 0.246155 0.583141
vt 0.246155 0.585160
vt 0.246155 0.587559
vt 0.215534 0.583141
vt 0.215533 0.585160
vt 0.215533 0.587559
vt 0.184912 0.583141
vt 0.184912 0.585160
vt 0.184912 0.587559
vt 0.154290 0.583141
vt 0.154289 0.585160
vt 0.154290 0.587559
vt 0.123668 0.583141
vt 0.123668 0.585160
vt 0.123668 0.587559
vt 0.093046 0.583141
vt 0.093046 0.585160
vt 0.093046 0.587559
vt 0.062424 0.583141
vt 0.062424 0.585160
vt 0.062424 0.587559
vt 0.613617 0.583141
vt 0.613617 0.585160
vt 0.613617 0.587559
vt 0.582995 0.583141
vt 0.582995 0.585160
vt 0.582995 0.587559
vt 0.491130 0.490157
vt 0.521752 0.490157
vt 0.460508 0.490157
vt 0.429886 0.490157
vt 0.399265 0.490157
vt 0.368643 0.490157
vt 0.338021 0.490157
vt 0.307399 0.490157
vt 0.276777 0.490157
vt 0.246156 0.490157
vt 0.215534 0.490157
vt 0.184912 0.490157
vt 0.154289 0.490157
vt 0.123668 0.490157
vt 0.093046 0.490157
vt 0.062424 0.490157
vt 0.613617 0.490157
vt 0.582995 0.490157
vt 0.552373 0.490157
vt 0.521751 0.452639
vt 0.521751 0.445105
vt 0.552373 0.445105
vt 0.552373 0.452639
vt 0.521751 0.461989
vt 0.552373 0.461989
vt 0.521751 0.472109
vt 0.552373 0.472109
vt 0.521752 0.481863
vt 0.552373 0.481863
vt 0.491130 0.452639
vt 0.491130 0.445105
vt 0.491130 0.461989
vt 0.491130 0.472109
vt 0.491130 0.481863
vt 0.460508 0.452639
vt 0.460508 0.445105
vt 0.460508 0.461989
vt 0.460509 0.472109
vt 0.460508 0.481863
vt 0.429886 0.452639
vt 0.429886 0.445105
vt 0.429886 0.461989
vt 0.429887 0.472109
vt 0.429887 0.481863
vt 0.399265 0.452639
vt 0.399265 0.445105
vt 0.399265 0.461989
vt 0.399265 0.472109
vt 0.399265 0.481863
vt 0.368643 0.452639
vt 0.368643 0.445105
vt 0.368643 0.461989
vt 0.368643 0.472109
vt 0.368643 0.481863
vt 0.338021 0.452639
vt 0.338021 0.445105
vt 0.338021 0.461989
vt 0.338021 0.472109
vt 0.338021 0.481863
vt 0.307399 0.452639
vt 0.307399 0.445105
vt 0.307399 0.461989
vt 0.307400 0.472109
vt 0.307399 0.481863
vt 0.276778 0.452639
vt 0.276777 0.445105
vt 0.276778 0.461989
vt 0.276777 0.472109
vt 0.276777 0.481863
vt 0.246156 0.452639
vt 0.246156 0.445105
vt 0.246156 0.461989
vt 0.246156 0.472109
vt 0.246156 0.481863
vt 0.215534 0.452639
vt 0.215534 0.445105
vt 0.215534 0.461989
vt 0.215534 0.472109
vt 0.215534 0.481863
vt 0.184912 0.452639
vt 0.184911 0.445105
vt 0.184912 0.461989
vt 0.184912 0.472109
vt 0.184912 0.481863
vt 0.154289 0.452639
vt 0.154289 0.445105
vt 0.154289 0.461989
vt 0.154290 0.472109
vt 0.154290 0.481863
vt 0.123668 0.452639
vt 0.123668 0.445105
vt 0.123668 0.461989
vt 0.123668 0.472109
vt 0.123668 0.481863
vt 0.093046 0.452639
vt 0.093046 0.445105
vt 0.093046 0.461989
vt 0.093046 0.472109
vt 0.093046 0.481863
vt 0.062424 0.452639
vt 0.062424 0.445105
vt 0.062424 0.461989
vt 0.062424 0.472109
vt 0.062424 0.481863
vt 0.031803 0.445105
vt 0.613617 0.452639
vt 0.613617 0.445105
vt 0.613617 0.461989
vt 0.613617 0.472109
vt 0.613617 0.481863
vt 0.582995 0.452639
vt 0.582995 0.445105
vt 0.582995 0.461989
vt 0.582995 0.472109
vt 0.582995 0.481863
vt 0.491130 0.441351
vt 0.521752 0.441351
vt 0.460508 0.441351
vt 0.429886 0.441350
vt 0.399265 0.441350
vt 0.368643 0.441350
vt 0.338021 0.441350
vt 0.307399 0.441350
vt 0.276777 0.441350
vt 0.246156 0.441350
vt 0.215533 0.441350
vt 0.184912 0.441351
vt 0.154290 0.441351
vt 0.123668 0.441350
vt 0.093046 0.441350
vt 0.062424 0.441350
vt 0.613617 0.441351
vt 0.582995 0.441351
vt 0.552373 0.441351
vt 0.521752 0.439233
vt 0.521752 0.438213
vt 0.552373 0.438213
vt 0.552373 0.439233
vt 0.521751 0.440399
vt 0.552373 0.440399
vt 0.491130 0.439233
vt 0.491130 0.438214
vt 0.491130 0.440400
vt 0.460508 0.439233
vt 0.460508 0.438214
vt 0.460508 0.440400
vt 0.429886 0.439233
vt 0.429887 0.438213
vt 0.429886 0.440399
vt 0.399265 0.439233
vt 0.399265 0.438213
vt 0.399265 0.440399
vt 0.368643 0.439233
vt 0.368643 0.438213
vt 0.368643 0.440399
vt 0.338021 0.439233
vt 0.338021 0.438213
vt 0.338021 0.440399
vt 0.307399 0.439233
vt 0.307399 0.438213
vt 0.307399 0.440399
vt 0.276777 0.439233
vt 0.276777 0.438213
vt 0.276777 0.440399
vt 0.246156 0.439233
vt 0.246156 0.438213
vt 0.246156 0.440399
vt 0.215533 0.439233
vt 0.215534 0.438213
vt 0.215534 0.440399
vt 0.184912 0.439233
vt 0.184912 0.438213
vt 0.184912 0.440399
vt 0.154290 0.439233
vt 0.154290 0.438213
vt 0.154290 0.440399
vt 0.123668 0.439233
vt 0.123668 0.438213
vt 0.123668 0.440399
vt 0.093046 0.439233
vt 0.093046 0.438213
vt 0.093046 0.440399
vt 0.062424 0.439233
vt 0.062424 0.438213
vt 0.062424 0.440399
vt 0.031802 0.438213
vt 0.613617 0.439233
vt 0.613617 0.438213
vt 0.613617 0.440399
vt 0.582995 0.439233
vt 0.582995 0.438213
vt 0.582995 0.440399
vt 0.491130 0.437050
vt 0.521752 0.437050
vt 0.460508 0.437050
vt 0.429886 0.437050
vt 0.399265 0.437050
vt 0.368643 0.437050
vt 0.338021 0.437050
vt 0.307399 0.437050
vt 0.276777 0.437050
vt 0.246156 0.437050
vt 0.215533 0.437050
vt 0.184912 0.437050
vt 0.154289 0.437050
vt 0.123668 0.437050
vt 0.093046 0.437050
vt 0.062424 0.437050
vt 0.613617 0.437050
vt 0.582995 0.437050
vt 0.552373 0.437050
vt 0.521752 0.435910
vt 0.491130 0.435910
vt 0.521751 0.433157
vt 0.521751 0.434581
vt 0.491130 0.434581
vt 0.491130 0.433157
vt 0.460508 0.435910
vt 0.460509 0.434581
vt 0.460509 0.433157
vt 0.429887 0.435909
vt 0.429886 0.434581
vt 0.429886 0.433157
vt 0.399265 0.435909
vt 0.399265 0.434581
vt 0.399265 0.433157
vt 0.368643 0.435909
vt 0.368643 0.434581
vt 0.368643 0.433157
vt 0.338021 0.435909
vt 0.338021 0.434581
vt 0.338021 0.433157
vt 0.307399 0.435909
vt 0.307399 0.434581
vt 0.307399 0.433157
vt 0.276777 0.435909
vt 0.276777 0.434581
vt 0.276777 0.433157
vt 0.246156 0.435909
vt 0.246156 0.434581
vt 0.246156 0.433157
vt 0.215533 0.435909
vt 0.215534 0.434581
vt 0.215533 0.433157
vt 0.184912 0.435909
vt 0.184912 0.434581
vt 0.184912 0.433157
vt 0.154290 0.435910
vt 0.154290 0.434581
vt 0.154290 0.433157
vt 0.123668 0.435909
vt 0.123668 0.434581
vt 0.123668 0.433157
vt 0.093046 0.435909
vt 0.093046 0.434581
vt 0.093046 0.433157
vt 0.062424 0.435909
vt 0.062424 0.434581
vt 0.062424 0.433157
vt 0.031802 0.433157
vt 0.613617 0.435910
vt 0.613617 0.434581
vt 0.613617 0.433157
vt 0.582995 0.435910
vt 0.582995 0.434581
vt 0.582995 0.433157
vt 0.552373 0.435910
vt 0.552373 0.434581
vt 0.552373 0.433157
vt 0.338021 0.297565
vt 0.307399 0.297565
vt 0.307399 0.274966
vt 0.338021 0.274966
vt 0.368643 0.297565
vt 0.368643 0.274966
vt 0.399265 0.297565
vt 0.399265 0.274966
vt 0.429887 0.297565
vt 0.429887 0.274966
vt 0.460509 0.297565
vt 0.460509 0.274966
vt 0.491130 0.297565
vt 0.491130 0.274966
vt 0.521751 0.297565
vt 0.521751 0.274966
vt 0.552373 0.297565
vt 0.552373 0.274966
vt 0.582996 0.297565
vt 0.582996 0.274966
vt 0.613617 0.297565
vt 0.613617 0.274967
vt 0.031802 0.274966
vt 0.062424 0.297565
vt 0.062424 0.274966
vt 0.093046 0.297565
vt 0.093046 0.274966
vt 0.123668 0.297565
vt 0.123668 0.274966
vt 0.154290 0.297565
vt 0.154290 0.274966
vt 0.184911 0.297565
vt 0.184911 0.274966
vt 0.215534 0.297565
vt 0.215534 0.274966
vt 0.246156 0.297565
vt 0.246156 0.274966
vt 0.276777 0.297565
vt 0.276777 0.274966
vt 0.338022 0.320164
vt 0.307399 0.320164
vt 0.368643 0.320164
vt 0.399265 0.320164
vt 0.429887 0.320164
vt 0.460509 0.320164
vt 0.491130 0.320164
vt 0.521751 0.320164
vt 0.552373 0.320164
vt 0.582996 0.320164
vt 0.613617 0.320164
vt 0.062424 0.320164
vt 0.093046 0.320164
vt 0.123667 0.320164
vt 0.154290 0.320164
vt 0.184911 0.320164
vt 0.215534 0.320164
vt 0.246156 0.320164
vt 0.276777 0.320164
vt 0.338022 0.342762
vt 0.307399 0.342762
vt 0.368643 0.342762
vt 0.399265 0.342762
vt 0.429887 0.342762
vt 0.460509 0.342762
vt 0.491130 0.342762
vt 0.521751 0.342762
vt 0.552373 0.342762
vt 0.582996 0.342762
vt 0.613617 0.342762
vt 0.062424 0.342762
vt 0.093046 0.342762
vt 0.123668 0.342762
vt 0.154290 0.342762
vt 0.184911 0.342762
vt 0.215534 0.342762
vt 0.246156 0.342762
vt 0.276777 0.342762
vt 0.338021 0.365361
vt 0.307400 0.365361
vt 0.368643 0.365361
vt 0.399265 0.365361
vt 0.429886 0.365361
vt 0.460509 0.365361
vt 0.491130 0.365361
vt 0.521751 0.365361
vt 0.552373 0.365361
vt 0.582996 0.365361
vt 0.613617 0.365361
vt 0.062424 0.365361
vt 0.093046 0.365361
vt 0.123668 0.365361
vt 0.154290 0.365361
vt 0.184911 0.365361
vt 0.215533 0.365361
vt 0.246156 0.365361
vt 0.276777 0.365361
vt 0.338022 0.387959
vt 0.307399 0.387959
vt 0.368643 0.387959
vt 0.399265 0.387959
vt 0.429886 0.387959
vt 0.460509 0.387960
vt 0.491130 0.387960
vt 0.521751 0.387960
vt 0.552373 0.387959
vt 0.582995 0.387959
vt 0.613617 0.387960
vt 0.062424 0.387959
vt 0.093046 0.387959
vt 0.123668 0.387959
vt 0.154290 0.387959
vt 0.184912 0.387959
vt 0.215533 0.387959
vt 0.246156 0.387959
vt 0.276777 0.387959
vt 0.338021 0.406969
vt 0.307399 0.406969
vt 0.368643 0.406969
vt 0.399265 0.406969
vt 0.429887 0.406969
vt 0.460509 0.406969
vt 0.491130 0.406969
vt 0.521751 0.406969
vt 0.552373 0.406969
vt 0.582995 0.406969
vt 0.613617 0.406969
vt 0.062424 0.406969
vt 0.093046 0.406969
vt 0.123668 0.406969
vt 0.154290 0.406969
vt 0.184912 0.406969
vt 0.215534 0.406969
vt 0.246156 0.406969
vt 0.276777 0.406969
vt 0.491130 0.409912
vt 0.491130 0.415588
vt 0.460508 0.415588
vt 0.460509 0.409912
vt 0.491130 0.420990
vt 0.460508 0.420990
vt 0.491130 0.426057
vt 0.460509 0.426057
vt 0.491130 0.430723
vt 0.460508 0.430723
vt 0.521751 0.409912
vt 0.429886 0.409912
vt 0.399265 0.409912
vt 0.368643 0.409912
vt 0.338021 0.409912
vt 0.307399 0.409912
vt 0.276777 0.409912
vt 0.246156 0.409912
vt 0.215534 0.409912
vt 0.184912 0.409912
vt 0.154290 0.409912
vt 0.123668 0.409912
vt 0.093046 0.409912
vt 0.062424 0.409912
vt 0.031802 0.409912
vt 0.613617 0.409913
vt 0.582995 0.409912
vt 0.552373 0.409912
vt 0.429887 0.430723
vt 0.399265 0.430723
vt 0.368643 0.430723
vt 0.338021 0.430723
vt 0.307399 0.430723
vt 0.276777 0.430723
vt 0.246156 0.430723
vt 0.215533 0.430723
vt 0.184912 0.430723
vt 0.154289 0.430723
vt 0.123668 0.430723
vt 0.093046 0.430723
vt 0.062424 0.430723
vt 0.613617 0.430723
vt 0.582995 0.430723
vt 0.552373 0.430723
vt 0.521751 0.430723
vt 0.429887 0.426056
vt 0.429886 0.420990
vt 0.429887 0.415587
vt 0.399265 0.426056
vt 0.399265 0.420990
vt 0.399265 0.415587
vt 0.368643 0.426056
vt 0.368643 0.420990
vt 0.368643 0.415587
vt 0.338021 0.426056
vt 0.338021 0.420990
vt 0.338021 0.415587
vt 0.307399 0.426056
vt 0.307399 0.420990
vt 0.307399 0.415587
vt 0.276777 0.426056
vt 0.276778 0.420990
vt 0.276777 0.415587
vt 0.246156 0.426056
vt 0.246156 0.420990
vt 0.246156 0.415587
vt 0.215534 0.426056
vt 0.215533 0.420990
vt 0.215533 0.415587
vt 0.184912 0.426056
vt 0.184911 0.420990
vt 0.184912 0.415587
vt 0.154290 0.426057
vt 0.154289 0.420990
vt 0.154290 0.415588
vt 0.123668 0.426056
vt 0.123668 0.420990
vt 0.123668 0.415587
vt 0.093046 0.426056
vt 0.093046 0.420990
vt 0.093046 0.415587
vt 0.062424 0.426056
vt 0.062424 0.420990
vt 0.062424 0.415587
vt 0.613617 0.426057
vt 0.613617 0.420990
vt 0.613617 0.415588
vt 0.582995 0.426057
vt 0.582995 0.420990
vt 0.582995 0.415587
vt 0.552373 0.426056
vt 0.552373 0.420990
vt 0.552373 0.415587
vt 0.521751 0.426057
vt 0.521751 0.420990
vt 0.521752 0.415588
vt 0.521750 0.229769
vt 0.491130 0.229769
vt 0.491130 0.226168
vt 0.521751 0.226168
vt 0.460510 0.229769
vt 0.460509 0.226169
vt 0.429887 0.229769
vt 0.429886 0.226168
vt 0.399265 0.229769
vt 0.399265 0.226168
vt 0.368643 0.229769
vt 0.368643 0.226168
vt 0.338021 0.229769
vt 0.338021 0.226168
vt 0.307399 0.229769
vt 0.307399 0.226168
vt 0.276778 0.229769
vt 0.276777 0.226168
vt 0.246156 0.229769
vt 0.246156 0.226168
vt 0.215533 0.229769
vt 0.215533 0.226168
vt 0.184911 0.229769
vt 0.184911 0.226168
vt 0.154290 0.229769
vt 0.154290 0.226168
vt 0.123668 0.229769
vt 0.123668 0.226168
vt 0.093046 0.229769
vt 0.093046 0.226168
vt 0.062424 0.229769
vt 0.062424 0.226168
vt 0.613617 0.229769
vt 0.613617 0.226168
vt 0.582995 0.229769
vt 0.582995 0.226168
vt 0.552373 0.229769
vt 0.552372 0.226168
vt 0.521751 0.215672
vt 0.521751 0.213202
vt 0.552372 0.213202
vt 0.552372 0.215672
vt 0.521751 0.218929
vt 0.552372 0.218929
vt 0.521751 0.222235
vt 0.552372 0.222235
vt 0.521751 0.224843
vt 0.552372 0.224843
vt 0.491130 0.215673
vt 0.491130 0.213202
vt 0.491130 0.218930
vt 0.491130 0.222235
vt 0.491130 0.224843
vt 0.460509 0.215673
vt 0.460509 0.213202
vt 0.460509 0.218930
vt 0.460509 0.222235
vt 0.460509 0.224843
vt 0.429886 0.215672
vt 0.429886 0.213202
vt 0.429886 0.218929
vt 0.429886 0.222235
vt 0.429886 0.224843
vt 0.399265 0.215672
vt 0.399265 0.213202
vt 0.399265 0.218929
vt 0.399265 0.222235
vt 0.399265 0.224843
vt 0.368643 0.215672
vt 0.368643 0.213202
vt 0.368643 0.218929
vt 0.368643 0.222235
vt 0.368643 0.224843
vt 0.338021 0.215672
vt 0.338021 0.213202
vt 0.338021 0.218929
vt 0.338021 0.222235
vt 0.338021 0.224843
vt 0.307399 0.215672
vt 0.307399 0.213202
vt 0.307399 0.218929
vt 0.307399 0.222235
vt 0.307399 0.224843
vt 0.276777 0.215672
vt 0.276777 0.213202
vt 0.276777 0.218929
vt 0.276777 0.222235
vt 0.276777 0.224843
vt 0.246156 0.215672
vt 0.246156 0.213202
vt 0.246156 0.218929
vt 0.246156 0.222235
vt 0.246156 0.224843
vt 0.215534 0.215672
vt 0.215534 0.213202
vt 0.215533 0.218929
vt 0.215534 0.222235
vt 0.215534 0.224843
vt 0.184911 0.215672
vt 0.184911 0.213202
vt 0.184911 0.218929
vt 0.184911 0.222235
vt 0.184911 0.224843
vt 0.154290 0.215672
vt 0.154290 0.213202
vt 0.154290 0.218929
vt 0.154290 0.222235
vt 0.154290 0.224843
vt 0.123668 0.215672
vt 0.123668 0.213202
vt 0.123668 0.218929
vt 0.123668 0.222235
vt 0.123668 0.224843
vt 0.093046 0.215672
vt 0.093046 0.213202
vt 0.093046 0.218929
vt 0.093046 0.222235
vt 0.093046 0.224843
vt 0.062424 0.215672
vt 0.062424 0.213202
vt 0.062424 0.218929
vt 0.062424 0.222235
vt 0.062424 0.224843
vt 0.031802 0.213202
vt 0.613618 0.215672
vt 0.613618 0.213202
vt 0.613617 0.218929
vt 0.613618 0.222235
vt 0.613617 0.224843
vt 0.582996 0.215672
vt 0.582996 0.213202
vt 0.582995 0.218929
vt 0.582996 0.222235
vt 0.582996 0.224843
vt 0.521751 0.197583
vt 0.521751 0.195314
vt 0.552372 0.195314
vt 0.552372 0.197583
vt 0.521751 0.200567
vt 0.552372 0.200567
vt 0.521751 0.203748
vt 0.552372 0.203748
vt 0.521751 0.208550
vt 0.521751 0.206573
vt 0.552372 0.206573
vt 0.552372 0.208550
vt 0.491130 0.197583
vt 0.491130 0.195315
vt 0.491130 0.200567
vt 0.491130 0.203749
vt 0.491130 0.206573
vt 0.491130 0.208550
vt 0.460509 0.197583
vt 0.460509 0.195315
vt 0.460509 0.200567
vt 0.460509 0.203749
vt 0.460509 0.206573
vt 0.460509 0.208550
vt 0.429886 0.197583
vt 0.429886 0.195314
vt 0.429886 0.200567
vt 0.429886 0.203748
vt 0.429886 0.206573
vt 0.429886 0.208550
vt 0.399265 0.197583
vt 0.399265 0.195314
vt 0.399265 0.200567
vt 0.399265 0.203748
vt 0.399265 0.206573
vt 0.399265 0.208550
vt 0.368643 0.197583
vt 0.368643 0.195314
vt 0.368643 0.200567
vt 0.368643 0.203748
vt 0.368643 0.206573
vt 0.368643 0.208550
vt 0.338021 0.197583
vt 0.338021 0.195314
vt 0.338021 0.200567
vt 0.338021 0.203748
vt 0.338021 0.206573
vt 0.338021 0.208550
vt 0.307399 0.197582
vt 0.307399 0.195314
vt 0.307399 0.200567
vt 0.307399 0.203748
vt 0.307399 0.206573
vt 0.307399 0.208550
vt 0.276777 0.197583
vt 0.276777 0.195314
vt 0.276777 0.200567
vt 0.276777 0.203748
vt 0.276777 0.206573
vt 0.276777 0.208550
vt 0.246156 0.197583
vt 0.246156 0.195314
vt 0.246156 0.200567
vt 0.246156 0.203748
vt 0.246156 0.206573
vt 0.246156 0.208550
vt 0.215534 0.197583
vt 0.215534 0.195314
vt 0.215533 0.200567
vt 0.215533 0.203748
vt 0.215533 0.206573
vt 0.215533 0.208550
vt 0.184911 0.197583
vt 0.184911 0.195314
vt 0.184911 0.200567
vt 0.184911 0.203748
vt 0.184911 0.206573
vt 0.184911 0.208550
vt 0.154290 0.197583
vt 0.154290 0.195314
vt 0.154290 0.200567
vt 0.154290 0.203748
vt 0.154290 0.206573
vt 0.154290 0.208550
vt 0.123668 0.197583
vt 0.123668 0.195314
vt 0.123668 0.200567
vt 0.123668 0.203748
vt 0.123668 0.206573
vt 0.123668 0.208550
vt 0.093046 0.197583
vt 0.093046 0.195314
vt 0.093046 0.200567
vt 0.093046 0.203748
vt 0.093046 0.206573
vt 0.093046 0.208550
vt 0.062424 0.197583
vt 0.062424 0.195314
vt 0.062424 0.200567
vt 0.062424 0.203748
vt 0.062424 0.206573
vt 0.062424 0.208550
vt 0.031802 0.195314
vt 0.613618 0.197583
vt 0.613617 0.195314
vt 0.613617 0.200567
vt 0.613617 0.203748
vt 0.613618 0.206573
vt 0.613617 0.208550
vt 0.582996 0.197583
vt 0.582996 0.195314
vt 0.582995 0.200567
vt 0.582995 0.203748
vt 0.582995 0.206573
vt 0.582996 0.208550
vt 0.521751 0.156477
vt 0.521751 0.153864
vt 0.552372 0.153864
vt 0.552372 0.156477
vt 0.521751 0.159241
vt 0.552372 0.159241
vt 0.521750 0.162019
vt 0.552372 0.162019
vt 0.521751 0.167072
vt 0.521751 0.164674
vt 0.552372 0.164674
vt 0.552372 0.167072
vt 0.491130 0.156477
vt 0.491129 0.153864
vt 0.491129 0.159241
vt 0.491130 0.162019
vt 0.491130 0.164674
vt 0.491130 0.167072
vt 0.460510 0.156477
vt 0.460510 0.153864
vt 0.460509 0.159241
vt 0.460510 0.162019
vt 0.460510 0.164674
vt 0.460509 0.167072
vt 0.429886 0.156476
vt 0.429886 0.153864
vt 0.429886 0.159241
vt 0.429886 0.162019
vt 0.429886 0.164674
vt 0.429886 0.167072
vt 0.399265 0.156476
vt 0.399265 0.153864
vt 0.399265 0.159241
vt 0.399265 0.162019
vt 0.399265 0.164674
vt 0.399265 0.167072
vt 0.368643 0.156476
vt 0.368643 0.153864
vt 0.368643 0.159241
vt 0.368643 0.162019
vt 0.368643 0.164674
vt 0.368643 0.167072
vt 0.338021 0.156476
vt 0.338021 0.153864
vt 0.338021 0.159241
vt 0.338021 0.162019
vt 0.338021 0.164674
vt 0.338021 0.167072
vt 0.307399 0.156476
vt 0.307399 0.153864
vt 0.307399 0.159241
vt 0.307399 0.162019
vt 0.307399 0.164674
vt 0.307399 0.167072
vt 0.276777 0.156476
vt 0.276777 0.153864
vt 0.276777 0.159241
vt 0.276778 0.162019
vt 0.276777 0.164674
vt 0.276777 0.167072
vt 0.246156 0.156476
vt 0.246156 0.153864
vt 0.246156 0.159241
vt 0.246156 0.162019
vt 0.246156 0.164674
vt 0.246156 0.167072
vt 0.215534 0.156476
vt 0.215534 0.153864
vt 0.215534 0.159241
vt 0.215534 0.162019
vt 0.215533 0.164674
vt 0.215533 0.167072
vt 0.184911 0.156476
vt 0.184911 0.153864
vt 0.184911 0.159241
vt 0.184911 0.162019
vt 0.184911 0.164674
vt 0.184911 0.167072
vt 0.154290 0.156476
vt 0.154290 0.153864
vt 0.154290 0.159241
vt 0.154290 0.162019
vt 0.154290 0.164674
vt 0.154290 0.167072
vt 0.123668 0.156476
vt 0.123668 0.153864
vt 0.123668 0.159241
vt 0.123668 0.162019
vt 0.123668 0.164674
vt 0.123668 0.167072
vt 0.093046 0.156476
vt 0.093046 0.153864
vt 0.093046 0.159241
vt 0.093046 0.162019
vt 0.093046 0.164674
vt 0.093046 0.167072
vt 0.062424 0.156476
vt 0.062424 0.153864
vt 0.062424 0.159241
vt 0.062424 0.162019
vt 0.062424 0.164674
vt 0.062424 0.167072
vt 0.031802 0.153864
vt 0.613617 0.156477
vt 0.613618 0.153864
vt 0.613618 0.159241
vt 0.613617 0.162019
vt 0.613618 0.164674
vt 0.613617 0.167072
vt 0.582996 0.156477
vt 0.582995 0.153864
vt 0.582995 0.159241
vt 0.582996 0.162019
vt 0.582995 0.164674
vt 0.582995 0.167072
vt 0.491130 0.210482
vt 0.521751 0.210481
vt 0.460509 0.210482
vt 0.429886 0.210481
vt 0.399265 0.210481
vt 0.368643 0.210481
vt 0.338021 0.210481
vt 0.307399 0.210481
vt 0.276777 0.210481
vt 0.246156 0.210481
vt 0.215534 0.210481
vt 0.184911 0.210481
vt 0.154290 0.210481
vt 0.123668 0.210481
vt 0.093046 0.210481
vt 0.062424 0.210481
vt 0.613617 0.210481
vt 0.582996 0.210481
vt 0.552372 0.210481
vt 0.521751 0.208879
vt 0.491130 0.208879
vt 0.460509 0.208879
vt 0.429886 0.208879
vt 0.399265 0.208879
vt 0.368643 0.208879
vt 0.338021 0.208879
vt 0.307399 0.208879
vt 0.276777 0.208879
vt 0.246156 0.208879
vt 0.215533 0.208879
vt 0.184911 0.208879
vt 0.154290 0.208879
vt 0.123668 0.208879
vt 0.093046 0.208879
vt 0.062424 0.208879
vt 0.031802 0.208879
vt 0.613617 0.208879
vt 0.582995 0.208879
vt 0.552372 0.208879
vt 0.521751 0.209956
vt 0.552372 0.209956
vt 0.521751 0.210247
vt 0.552372 0.210247
vt 0.491130 0.209956
vt 0.491130 0.210247
vt 0.460509 0.209956
vt 0.460509 0.210247
vt 0.429886 0.209956
vt 0.429887 0.210247
vt 0.399265 0.209956
vt 0.399265 0.210247
vt 0.368643 0.209956
vt 0.368643 0.210247
vt 0.338021 0.209956
vt 0.338021 0.210247
vt 0.307399 0.209956
vt 0.307399 0.210247
vt 0.276777 0.209956
vt 0.276777 0.210247
vt 0.246156 0.209956
vt 0.246156 0.210247
vt 0.215533 0.209956
vt 0.215533 0.210247
vt 0.184911 0.209956
vt 0.184911 0.210247
vt 0.154290 0.209956
vt 0.154290 0.210247
vt 0.123668 0.209956
vt 0.123668 0.210247
vt 0.093046 0.209956
vt 0.093046 0.210247
vt 0.062424 0.209956
vt 0.062424 0.210247
vt 0.613618 0.209956
vt 0.613618 0.210247
vt 0.582995 0.209956
vt 0.582995 0.210247
vt 0.521750 0.189558
vt 0.491129 0.189558
vt 0.491129 0.174726
vt 0.521750 0.174726
vt 0.460510 0.189558
vt 0.460510 0.174726
vt 0.429887 0.189558
vt 0.429887 0.174726
vt 0.399265 0.189558
vt 0.399265 0.174726
vt 0.368643 0.189558
vt 0.368643 0.174726
vt 0.338021 0.189558
vt 0.338021 0.174726
vt 0.307399 0.189558
vt 0.307399 0.174726
vt 0.276778 0.189558
vt 0.276778 0.174726
vt 0.246156 0.189558
vt 0.246156 0.174726
vt 0.215533 0.189558
vt 0.215533 0.174726
vt 0.184911 0.189558
vt 0.184910 0.174726
vt 0.154290 0.189558
vt 0.154290 0.174726
vt 0.123668 0.189558
vt 0.123668 0.174726
vt 0.093046 0.189558
vt 0.093046 0.174726
vt 0.062424 0.189558
vt 0.062424 0.174726
vt 0.031802 0.189558
vt 0.613618 0.189558
vt 0.613618 0.174726
vt 0.582995 0.189558
vt 0.582995 0.174726
vt 0.552372 0.189558
vt 0.552372 0.174726
vt 0.491130 0.190825
vt 0.521751 0.190824
vt 0.460510 0.190825
vt 0.429886 0.190824
vt 0.399265 0.190824
vt 0.368643 0.190824
vt 0.338021 0.190824
vt 0.307399 0.190824
vt 0.276778 0.190824
vt 0.246156 0.190824
vt 0.215534 0.190824
vt 0.184911 0.190824
vt 0.154290 0.190824
vt 0.123668 0.190824
vt 0.093046 0.190824
vt 0.062424 0.190824
vt 0.613618 0.190824
vt 0.582996 0.190824
vt 0.552372 0.190824
vt 0.521751 0.173358
vt 0.491130 0.173358
vt 0.460510 0.173358
vt 0.429886 0.173358
vt 0.399265 0.173358
vt 0.368643 0.173358
vt 0.338021 0.173358
vt 0.307399 0.173358
vt 0.276777 0.173358
vt 0.246156 0.173358
vt 0.215533 0.173358
vt 0.184911 0.173358
vt 0.154290 0.173358
vt 0.123668 0.173358
vt 0.093046 0.173358
vt 0.062424 0.173358
vt 0.031801 0.173358
vt 0.613618 0.173358
vt 0.582995 0.173358
vt 0.552372 0.173358
vt 0.521751 0.190583
vt 0.491130 0.190584
vt 0.521751 0.190279
vt 0.491130 0.190279
vt 0.521751 0.189930
vt 0.491130 0.189930
vt 0.460509 0.190584
vt 0.460510 0.190279
vt 0.460510 0.189930
vt 0.429886 0.190583
vt 0.429886 0.190279
vt 0.429886 0.189930
vt 0.399265 0.190583
vt 0.399265 0.190279
vt 0.399265 0.189930
vt 0.368643 0.190583
vt 0.368643 0.190279
vt 0.368643 0.189930
vt 0.338021 0.190583
vt 0.338021 0.190279
vt 0.338021 0.189930
vt 0.307399 0.190583
vt 0.307399 0.190279
vt 0.307399 0.189930
vt 0.276777 0.190583
vt 0.276777 0.190279
vt 0.276777 0.189930
vt 0.246156 0.190583
vt 0.246156 0.190279
vt 0.246156 0.189930
vt 0.215533 0.190583
vt 0.215533 0.190279
vt 0.215533 0.189930
vt 0.184911 0.190583
vt 0.184911 0.190279
vt 0.184911 0.189930
vt 0.154290 0.190583
vt 0.154290 0.190279
vt 0.154290 0.189930
vt 0.123668 0.190583
vt 0.123668 0.190279
vt 0.123668 0.189930
vt 0.093046 0.190583
vt 0.093046 0.190279
vt 0.093046 0.189930
vt 0.062424 0.190583
vt 0.062424 0.190279
vt 0.062424 0.189930
vt 0.613617 0.190583
vt 0.613617 0.190279
vt 0.613617 0.189930
vt 0.582996 0.190583
vt 0.582996 0.190279
vt 0.582995 0.189930
vt 0.552372 0.190583
vt 0.552372 0.190279
vt 0.552372 0.189930
vt 0.521751 0.173668
vt 0.552372 0.173668
vt 0.521751 0.174005
vt 0.552372 0.174005
vt 0.521751 0.174361
vt 0.552372 0.174361
vt 0.491130 0.173668
vt 0.491130 0.174005
vt 0.491129 0.174361
vt 0.460510 0.173668
vt 0.460510 0.174005
vt 0.460510 0.174361
vt 0.429886 0.173668
vt 0.429886 0.174005
vt 0.429887 0.174361
vt 0.399265 0.173668
vt 0.399265 0.174005
vt 0.399265 0.174361
vt 0.368643 0.173668
vt 0.368643 0.174005
vt 0.368643 0.174361
vt 0.338021 0.173668
vt 0.338021 0.174005
vt 0.338021 0.174361
vt 0.307399 0.173668
vt 0.307399 0.174005
vt 0.307399 0.174361
vt 0.276777 0.173668
vt 0.276777 0.174005
vt 0.276777 0.174361
vt 0.246156 0.173668
vt 0.246156 0.174005
vt 0.246156 0.174361
vt 0.215533 0.173668
vt 0.215534 0.174005
vt 0.215534 0.174361
vt 0.184911 0.173668
vt 0.184911 0.174005
vt 0.184910 0.174361
vt 0.154290 0.173668
vt 0.154290 0.174005
vt 0.154290 0.174361
vt 0.123668 0.173668
vt 0.123668 0.174005
vt 0.123668 0.174361
vt 0.093046 0.173668
vt 0.093046 0.174005
vt 0.093046 0.174361
vt 0.062424 0.173668
vt 0.062424 0.174005
vt 0.062424 0.174361
vt 0.613617 0.173668
vt 0.613617 0.174005
vt 0.613618 0.174361
vt 0.582995 0.173668
vt 0.582996 0.174005
vt 0.582996 0.174361
vt 0.491129 0.153004
vt 0.521750 0.153004
vt 0.460510 0.153004
vt 0.429886 0.153004
vt 0.399265 0.153004
vt 0.368643 0.153004
vt 0.338021 0.153004
vt 0.307399 0.153004
vt 0.276777 0.153004
vt 0.246156 0.153004
vt 0.215534 0.153004
vt 0.184911 0.153004
vt 0.154290 0.153004
vt 0.123668 0.153004
vt 0.093046 0.153004
vt 0.062424 0.153004
vt 0.031802 0.153004
vt 0.613618 0.153004
vt 0.582996 0.153004
vt 0.552372 0.153004
vt 0.490441 0.042770
vt 0.490439 0.041738
vt 0.521060 0.041738
vt 0.521062 0.042770
vt 0.490445 0.044072
vt 0.521066 0.044072
vt 0.490460 0.047011
vt 0.490451 0.045528
vt 0.521073 0.045528
vt 0.521081 0.047011
vt 0.551682 0.041738
vt 0.551684 0.042770
vt 0.551688 0.044072
vt 0.551694 0.045528
vt 0.551703 0.047011
vt 0.459821 0.042770
vt 0.459819 0.041738
vt 0.459825 0.044072
vt 0.459832 0.045528
vt 0.459840 0.047011
vt 0.429197 0.042770
vt 0.429196 0.041738
vt 0.429202 0.044072
vt 0.429208 0.045528
vt 0.429217 0.047011
vt 0.398576 0.042770
vt 0.398574 0.041738
vt 0.398580 0.044072
vt 0.398587 0.045528
vt 0.398595 0.047011
vt 0.367954 0.042770
vt 0.367952 0.041738
vt 0.367958 0.044072
vt 0.367965 0.045528
vt 0.367973 0.047011
vt 0.337332 0.042770
vt 0.337331 0.041738
vt 0.337336 0.044072
vt 0.337343 0.045528
vt 0.337351 0.047011
vt 0.306710 0.042770
vt 0.306708 0.041738
vt 0.306714 0.044072
vt 0.306721 0.045528
vt 0.306730 0.047011
vt 0.276088 0.042770
vt 0.276087 0.041738
vt 0.276093 0.044072
vt 0.276100 0.045528
vt 0.276108 0.047011
vt 0.245466 0.042770
vt 0.245465 0.041738
vt 0.245471 0.044072
vt 0.245478 0.045528
vt 0.245486 0.047011
vt 0.214845 0.042770
vt 0.214843 0.041738
vt 0.214849 0.044072
vt 0.214856 0.045528
vt 0.214864 0.047011
vt 0.184222 0.042770
vt 0.184221 0.041738
vt 0.184226 0.044072
vt 0.184233 0.045528
vt 0.184241 0.047011
vt 0.153601 0.042770
vt 0.153600 0.041738
vt 0.153605 0.044072
vt 0.153612 0.045528
vt 0.153621 0.047011
vt 0.122979 0.042770
vt 0.122978 0.041738
vt 0.122983 0.044072
vt 0.122990 0.045528
vt 0.122998 0.047011
vt 0.092357 0.042770
vt 0.092356 0.041738
vt 0.092361 0.044072
vt 0.092368 0.045528
vt 0.092377 0.047011
vt 0.061736 0.042770
vt 0.061734 0.041738
vt 0.061740 0.044072
vt 0.061747 0.045528
vt 0.061755 0.047011
vt 0.031111 0.041738
vt 0.612929 0.042770
vt 0.612928 0.041738
vt 0.612933 0.044072
vt 0.612940 0.045528
vt 0.612948 0.047011
vt 0.582306 0.042770
vt 0.582305 0.041738
vt 0.582310 0.044072
vt 0.582317 0.045528
vt 0.582326 0.047011
vt 0.521751 0.151856
vt 0.491130 0.151856
vt 0.552372 0.151856
vt 0.460510 0.151856
vt 0.429886 0.151856
vt 0.399265 0.151856
vt 0.368643 0.151856
vt 0.338021 0.151856
vt 0.307399 0.151856
vt 0.276777 0.151856
vt 0.246156 0.151856
vt 0.215534 0.151856
vt 0.184911 0.151856
vt 0.154290 0.151856
vt 0.123668 0.151856
vt 0.093046 0.151856
vt 0.062424 0.151856
vt 0.613618 0.151856
vt 0.582995 0.151856
vt 0.521721 0.147487
vt 0.491100 0.147487
vt 0.460480 0.147487
vt 0.429857 0.147487
vt 0.399235 0.147487
vt 0.368613 0.147487
vt 0.337992 0.147487
vt 0.307369 0.147487
vt 0.276748 0.147487
vt 0.246126 0.147487
vt 0.282836 0.776830
vt 0.282015 0.776059
vt 0.300184 0.753253
vt 0.299157 0.752770
vt 0.298137 0.752291
vt 0.215504 0.147487
vt 0.259883 0.794667
vt 0.259339 0.793681
vt 0.184881 0.147487
vt 0.232534 0.804541
vt 0.232322 0.803434
vt 0.154261 0.147487
vt 0.203475 0.805480
vt 0.203616 0.804362
vt 0.123638 0.147486
vt 0.175549 0.797393
vt 0.176028 0.796374
vt 0.093016 0.147486
vt 0.151488 0.781073
vt 0.152259 0.780251
vt 0.062395 0.147486
vt 0.133648 0.758115
vt 0.134635 0.757572
vt 0.031772 0.147486
vt 0.123776 0.730770
vt 0.124883 0.730558
vt 0.613589 0.147487
vt 0.122837 0.701711
vt 0.123955 0.701852
vt 0.582966 0.147487
vt 0.130924 0.673785
vt 0.131944 0.674264
vt 0.552343 0.147487
vt 0.147245 0.649724
vt 0.148066 0.650495
vt 0.521730 0.149140
vt 0.170201 0.631885
vt 0.170744 0.632873
vt 0.552352 0.149140
vt 0.197547 0.622012
vt 0.197759 0.623119
vt 0.521738 0.150060
vt 0.226605 0.621073
vt 0.226464 0.622191
vt 0.552360 0.150060
vt 0.254531 0.629160
vt 0.254052 0.630180
vt 0.521745 0.150868
vt 0.278593 0.645481
vt 0.277822 0.646303
vt 0.552367 0.150868
vt 0.296432 0.668436
vt 0.295444 0.668979
vt 0.521749 0.151487
vt 0.306305 0.695782
vt 0.305198 0.695994
vt 0.308369 0.724985
vt 0.307244 0.724843
vt 0.306126 0.724702
vt 0.259350 0.754761
vt 0.244365 0.766420
vt 0.226505 0.772881
vt 0.207525 0.773506
vt 0.189281 0.768237
vt 0.173558 0.757586
vt 0.161896 0.742598
vt 0.155436 0.724741
vt 0.154811 0.705760
vt 0.160081 0.687516
vt 0.170731 0.671794
vt 0.185718 0.660132
vt 0.203576 0.653672
vt 0.222555 0.653047
vt 0.240800 0.658317
vt 0.256524 0.668968
vt 0.268184 0.683953
vt 0.274645 0.701812
vt 0.275270 0.720793
vt 0.270000 0.739038
vt 0.215040 0.713278
vt 0.281200 0.775294
vt 0.291253 0.749071
vt 0.258800 0.792701
vt 0.276463 0.770869
vt 0.232112 0.802336
vt 0.255663 0.787029
vt 0.203755 0.803253
vt 0.230881 0.795972
vt 0.176503 0.795362
vt 0.204551 0.796820
vt 0.153024 0.779436
vt 0.179248 0.789490
vt 0.135615 0.757033
vt 0.157449 0.774699
vt 0.125980 0.730348
vt 0.141287 0.753896
vt 0.125064 0.701992
vt 0.132345 0.729117
vt 0.132955 0.674739
vt 0.131497 0.702788
vt 0.148881 0.651259
vt 0.138827 0.677484
vt 0.171283 0.633851
vt 0.153618 0.655685
vt 0.197969 0.624217
vt 0.174420 0.639524
vt 0.226325 0.623300
vt 0.199200 0.630581
vt 0.253577 0.631191
vt 0.225529 0.629733
vt 0.277058 0.647117
vt 0.250832 0.637064
vt 0.294465 0.669517
vt 0.272633 0.651855
vt 0.304100 0.696204
vt 0.288793 0.672655
vt 0.305017 0.724562
vt 0.297736 0.697435
vt 0.297126 0.751816
vt 0.298584 0.723766
vt 0.265087 0.760138
vt 0.270792 0.765513
vt 0.277118 0.742379
vt 0.284204 0.745729
vt 0.248160 0.773307
vt 0.251924 0.780182
vt 0.227986 0.780603
vt 0.229441 0.788305
vt 0.206547 0.781309
vt 0.205551 0.789083
vt 0.185940 0.775354
vt 0.182590 0.782440
vt 0.168181 0.763323
vt 0.162806 0.769028
vt 0.155009 0.746393
vt 0.148134 0.750157
vt 0.147714 0.726222
vt 0.140012 0.727677
vt 0.147009 0.704783
vt 0.139234 0.703787
vt 0.152963 0.684176
vt 0.145877 0.680826
vt 0.164994 0.666417
vt 0.159290 0.661041
vt 0.181923 0.653246
vt 0.178159 0.646370
vt 0.202095 0.645950
vt 0.200640 0.638248
vt 0.223533 0.645244
vt 0.224529 0.637471
vt 0.244141 0.651200
vt 0.247490 0.644113
vt 0.261901 0.663231
vt 0.267276 0.657526
vt 0.275071 0.680159
vt 0.281946 0.676394
vt 0.282367 0.700331
vt 0.290069 0.698875
vt 0.283072 0.721771
vt 0.290847 0.722767
vt 0.552371 0.151487
vt 0.491109 0.149140
vt 0.491117 0.150060
vt 0.491124 0.150868
vt 0.491128 0.151487
vt 0.582975 0.149140
vt 0.582983 0.150060
vt 0.582990 0.150868
vt 0.582994 0.151487
vt 0.460490 0.149140
vt 0.460498 0.150060
vt 0.460504 0.150868
vt 0.460508 0.151487
vt 0.429866 0.149140
vt 0.429874 0.150060
vt 0.429881 0.150868
vt 0.429885 0.151487
vt 0.399244 0.149140
vt 0.399253 0.150060
vt 0.399259 0.150868
vt 0.399263 0.151487
vt 0.368623 0.149140
vt 0.368631 0.150060
vt 0.368637 0.150868
vt 0.368641 0.151487
vt 0.338001 0.149140
vt 0.338009 0.150060
vt 0.338015 0.150868
vt 0.338019 0.151487
vt 0.307379 0.149140
vt 0.307387 0.150060
vt 0.307393 0.150868
vt 0.307397 0.151487
vt 0.276757 0.149140
vt 0.276766 0.150060
vt 0.276771 0.150868
vt 0.276775 0.151487
vt 0.246135 0.149140
vt 0.246144 0.150060
vt 0.246150 0.150868
vt 0.246154 0.151487
vt 0.215513 0.149140
vt 0.215522 0.150060
vt 0.215528 0.150868
vt 0.215532 0.151487
vt 0.184890 0.149140
vt 0.184898 0.150060
vt 0.184905 0.150868
vt 0.184910 0.151487
vt 0.154270 0.149140
vt 0.154278 0.150060
vt 0.154284 0.150868
vt 0.154289 0.151487
vt 0.123647 0.149140
vt 0.123656 0.150060
vt 0.123662 0.150868
vt 0.123666 0.151487
vt 0.093025 0.149140
vt 0.093034 0.150060
vt 0.093040 0.150868
vt 0.093044 0.151487
vt 0.062404 0.149140
vt 0.062412 0.150060
vt 0.062419 0.150868
vt 0.062423 0.151487
vt 0.613597 0.149140
vt 0.613605 0.150060
vt 0.613612 0.150868
vt 0.613616 0.151487
vt 0.490439 0.005079
vt 0.521058 0.005079
vt 0.459821 0.005079
vt 0.429197 0.005079
vt 0.398575 0.005079
vt 0.367953 0.005079
vt 0.337331 0.005079
vt 0.306708 0.005079
vt 0.276087 0.005079
vt 0.245465 0.005079
vt 0.214843 0.005079
vt 0.184221 0.005079
vt 0.153600 0.005079
vt 0.122977 0.005079
vt 0.092356 0.005079
vt 0.061734 0.005079
vt 0.612928 0.005079
vt 0.582304 0.005079
vt 0.551681 0.005079
vt 0.490438 0.004672
vt 0.521059 0.004672
vt 0.551681 0.004672
vt 0.459822 0.004672
vt 0.429197 0.004672
vt 0.398575 0.004672
vt 0.367953 0.004672
vt 0.337331 0.004672
vt 0.306708 0.004672
vt 0.276088 0.004672
vt 0.245465 0.004672
vt 0.214842 0.004672
vt 0.184220 0.004672
vt 0.153600 0.004672
vt 0.122977 0.004672
vt 0.092356 0.004672
vt 0.061734 0.004672
vt 0.031110 0.004672
vt 0.612928 0.004672
vt 0.582305 0.004672
vt 0.491130 0.270445
vt 0.491130 0.263407
vt 0.521751 0.263407
vt 0.521750 0.270445
vt 0.491130 0.256513
vt 0.521750 0.256513
vt 0.491129 0.249825
vt 0.521750 0.249826
vt 0.491130 0.243410
vt 0.521751 0.243410
vt 0.491130 0.237330
vt 0.521751 0.237330
vt 0.338021 0.237330
vt 0.307399 0.237330
vt 0.368643 0.237330
vt 0.399265 0.237330
vt 0.429887 0.237330
vt 0.460510 0.237330
vt 0.552372 0.237330
vt 0.582996 0.237330
vt 0.613617 0.237330
vt 0.031802 0.237330
vt 0.062424 0.237330
vt 0.093046 0.237330
vt 0.123668 0.237330
vt 0.154290 0.237330
vt 0.184911 0.237330
vt 0.215533 0.237330
vt 0.246156 0.237330
vt 0.276777 0.237330
vt 0.307399 0.270445
vt 0.338021 0.270445
vt 0.368643 0.270445
vt 0.399265 0.270445
vt 0.429887 0.270445
vt 0.460510 0.270445
vt 0.552373 0.270445
vt 0.582995 0.270445
vt 0.613617 0.270445
vt 0.062424 0.270445
vt 0.093046 0.270445
vt 0.123668 0.270445
vt 0.154290 0.270445
vt 0.184911 0.270445
vt 0.885682 0.010271
vt 0.850109 0.014288
vt 0.920756 0.017442
vt 0.951898 0.035102
vt 0.976057 0.061520
vt 0.990871 0.094110
vt 0.994889 0.129684
vt 0.987717 0.164758
vt 0.970058 0.195899
vt 0.943640 0.220059
vt 0.911049 0.234872
vt 0.875475 0.238890
vt 0.840401 0.231718
vt 0.809260 0.214059
vt 0.785100 0.187641
vt 0.770287 0.155050
vt 0.766269 0.119477
vt 0.773441 0.084403
vt 0.791100 0.053262
vt 0.817518 0.029102
vt 0.215533 0.270445
vt 0.246156 0.270445
vt 0.283664 0.777606
vt 0.260430 0.795662
vt 0.232747 0.805655
vt 0.203334 0.806606
vt 0.175066 0.798420
vt 0.150712 0.781900
vt 0.132654 0.758662
vt 0.122662 0.730983
vt 0.121712 0.701570
vt 0.129897 0.673302
vt 0.146417 0.648948
vt 0.169653 0.630892
vt 0.197334 0.620898
vt 0.226747 0.619948
vt 0.255014 0.628133
vt 0.279370 0.644654
vt 0.297425 0.667888
vt 0.307419 0.695570
vt 0.276777 0.270445
vt 0.307399 0.263407
vt 0.276777 0.263407
vt 0.307399 0.256513
vt 0.276777 0.256513
vt 0.307399 0.249825
vt 0.276777 0.249825
vt 0.307399 0.243410
vt 0.276777 0.243410
vt 0.338021 0.263407
vt 0.338022 0.256513
vt 0.338021 0.249825
vt 0.338021 0.243410
vt 0.368643 0.263407
vt 0.368643 0.256513
vt 0.368643 0.249825
vt 0.368643 0.243410
vt 0.399265 0.263407
vt 0.399265 0.256513
vt 0.399265 0.249825
vt 0.399265 0.243410
vt 0.429886 0.263407
vt 0.429886 0.256513
vt 0.429887 0.249825
vt 0.429887 0.243410
vt 0.460510 0.263407
vt 0.460510 0.256513
vt 0.460509 0.249825
vt 0.460510 0.243410
vt 0.552373 0.263407
vt 0.552373 0.256513
vt 0.552373 0.249826
vt 0.552372 0.243410
vt 0.582996 0.263407
vt 0.582995 0.256513
vt 0.582996 0.249826
vt 0.582996 0.243410
vt 0.613617 0.263407
vt 0.613617 0.256513
vt 0.613617 0.249826
vt 0.613617 0.243410
vt 0.031801 0.263407
vt 0.031801 0.256513
vt 0.031802 0.249825
vt 0.031801 0.243410
vt 0.062424 0.263407
vt 0.062424 0.256513
vt 0.062424 0.249825
vt 0.062424 0.243410
vt 0.093046 0.263407
vt 0.093046 0.256513
vt 0.093046 0.249825
vt 0.093046 0.243410
vt 0.123668 0.263407
vt 0.123668 0.256513
vt 0.123668 0.249825
vt 0.123668 0.243410
vt 0.154290 0.263407
vt 0.154290 0.256513
vt 0.154290 0.249825
vt 0.154290 0.243410
vt 0.184911 0.263407
vt 0.184911 0.256513
vt 0.184910 0.249825
vt 0.184910 0.243410
vt 0.215534 0.263407
vt 0.215533 0.256513
vt 0.215533 0.249825
vt 0.215533 0.243410
vt 0.246156 0.263407
vt 0.246156 0.256513
vt 0.246156 0.249825
vt 0.246156 0.243410
vt 0.031802 0.522608
vt 0.001181 0.522608
vt 0.031802 0.506406
vt 0.031802 0.576651
vt 0.001180 0.576651
vt 0.031802 0.578050
vt 0.001181 0.578050
vt 0.001181 0.579031
vt 0.001181 0.553560
vt 0.031803 0.543617
vt 0.001181 0.575275
vt 0.031802 0.571432
vt 0.001181 0.571432
vt 0.031802 0.567316
vt 0.001181 0.567316
vt 0.031802 0.558202
vt 0.001181 0.558202
vt 0.031802 0.562847
vt 0.001181 0.562847
vt 0.001181 0.617108
vt 0.031802 0.590154
vt 0.001181 0.581657
vt 0.031802 0.579031
vt 0.031802 0.583141
vt 0.001181 0.583141
vt 0.031802 0.585160
vt 0.001180 0.585160
vt 0.031802 0.587559
vt 0.001181 0.587559
vt 0.001181 0.590154
vt 0.001181 0.506406
vt 0.031802 0.490157
vt 0.031802 0.452639
vt 0.001181 0.452639
vt 0.031802 0.461989
vt 0.001181 0.461989
vt 0.031802 0.472109
vt 0.001181 0.472109
vt 0.031802 0.481863
vt 0.001181 0.481863
vt 0.001181 0.490157
vt 0.001180 0.543617
vt 0.001181 0.445105
vt 0.031802 0.441350
vt 0.031802 0.439233
vt 0.001180 0.439233
vt 0.031802 0.440399
vt 0.001180 0.440399
vt 0.001180 0.441350
vt 0.001181 0.438213
vt 0.031802 0.437050
vt 0.001181 0.437050
vt 0.031802 0.434581
vt 0.001180 0.434581
vt 0.031802 0.435909
vt 0.001181 0.435910
vt 0.001181 0.297565
vt 0.001180 0.320164
vt 0.031802 0.297565
vt 0.001181 0.342762
vt 0.031802 0.320164
vt 0.001181 0.365361
vt 0.031802 0.342762
vt 0.001180 0.387959
vt 0.031802 0.365361
vt 0.001180 0.406969
vt 0.031802 0.387959
vt 0.001181 0.409912
vt 0.031802 0.406969
vt 0.001181 0.433157
vt 0.031802 0.430723
vt 0.001181 0.430723
vt 0.031802 0.426056
vt 0.001181 0.426057
vt 0.031802 0.415587
vt 0.001180 0.415588
vt 0.031803 0.420990
vt 0.001181 0.420990
vt 0.001181 0.229769
vt 0.031802 0.226168
vt 0.031802 0.215672
vt 0.001181 0.215672
vt 0.031802 0.218929
vt 0.001181 0.218929
vt 0.031802 0.222235
vt 0.001181 0.222235
vt 0.031802 0.224843
vt 0.001181 0.224843
vt 0.001181 0.226168
vt 0.031802 0.197582
vt 0.001181 0.197583
vt 0.031802 0.200567
vt 0.001181 0.200567
vt 0.031802 0.203748
vt 0.001181 0.203748
vt 0.031802 0.206573
vt 0.001181 0.206573
vt 0.001181 0.208550
vt 0.031802 0.156476
vt 0.001181 0.156476
vt 0.031802 0.159241
vt 0.001181 0.159241
vt 0.031802 0.162019
vt 0.001181 0.162019
vt 0.031802 0.164674
vt 0.001181 0.164674
vt 0.001181 0.167072
vt 0.001181 0.213202
vt 0.031802 0.210481
vt 0.001181 0.208879
vt 0.031802 0.208550
vt 0.031802 0.209956
vt 0.001181 0.209956
vt 0.031802 0.210247
vt 0.001181 0.210247
vt 0.001181 0.210481
vt 0.001181 0.189558
vt 0.031801 0.174726
vt 0.001181 0.195314
vt 0.031801 0.190824
vt 0.001181 0.173358
vt 0.031801 0.167072
vt 0.001181 0.190824
vt 0.031802 0.190583
vt 0.001181 0.190583
vt 0.031802 0.189930
vt 0.001181 0.189930
vt 0.031802 0.190279
vt 0.001181 0.190279
vt 0.031801 0.173668
vt 0.001181 0.173668
vt 0.031802 0.174005
vt 0.001181 0.174005
vt 0.031801 0.174361
vt 0.001181 0.174361
vt 0.001181 0.174726
vt 0.001181 0.153864
vt 0.031113 0.042770
vt 0.000493 0.042770
vt 0.031117 0.044072
vt 0.000497 0.044072
vt 0.031124 0.045528
vt 0.000503 0.045528
vt 0.000512 0.047011
vt 0.001181 0.153004
vt 0.031802 0.151856
vt 0.001152 0.147486
vt 0.031132 0.047011
vt 0.031781 0.149140
vt 0.001161 0.149140
vt 0.031789 0.150060
vt 0.001169 0.150060
vt 0.031796 0.150868
vt 0.001176 0.150868
vt 0.031800 0.151487
vt 0.001180 0.151487
vt 0.001181 0.151856
vt 0.000491 0.041738
vt 0.031110 0.005079
vt 0.000491 0.005079
vt 0.000491 0.004672
vt 0.001181 0.237330
vt 0.031801 0.229769
vt 0.001181 0.274966
vt 0.031801 0.270445
vt 0.001181 0.263407
vt 0.001181 0.270445
vt 0.001180 0.256513
vt 0.001181 0.249825
vt 0.001180 0.243410
vt 0.453617 0.796929
vt 0.689775 0.677144
vt 0.710944 0.677144
vt 0.733252 0.677144
vt 0.768411 0.677144
vt 0.678066 0.711911
vt 0.689775 0.711911
vt 0.710944 0.711911
vt 0.733252 0.711911
vt 0.929135 0.796929
vt 0.491573 0.834711
vt 0.689775 0.910530
vt 0.710944 0.910530
vt 0.733252 0.910530
vt 0.743666 0.910530
vt 0.646299 0.639202
vt 0.689775 0.639202
vt 0.710944 0.639202
vt 0.733252 0.639202
vt 0.967093 0.834711
vt 0.619513 0.796929
vt 0.689775 0.756681
vt 0.689775 0.872885
vt 0.678066 0.872885
vt 0.710944 0.756681
vt 0.710944 0.872885
vt 0.733252 0.756681
vt 0.733252 0.872885
vt 0.743666 0.756681
vt 0.801179 0.834711
vt 0.662301 0.796929
vt 0.689775 0.796929
vt 0.689775 0.834711
vt 0.661379 0.834711
vt 0.710944 0.796929
vt 0.710944 0.834711
vt 0.733252 0.796929
vt 0.733252 0.834711
vt 0.759259 0.796929
vt 0.759259 0.834711
vt 0.532678 0.834711
vt 0.635852 0.711911
vt 0.577694 0.796929
vt 0.635852 0.872885
vt 0.888028 0.796929
vt 0.783471 0.910530
vt 0.843008 0.834711
vt 0.783471 0.756681
vt 0.783471 0.872885
vt 0.743666 0.872885
vt 0.619513 0.834711
vt 0.888028 0.834711
vt 0.929135 0.834711
vt 0.635852 0.910530
vt 0.577694 0.834711
vt 0.678066 0.910530
vt 0.778764 0.965361
vt 0.646299 0.965361
vt 0.733252 0.965361
vt 0.710944 0.965361
vt 0.689775 0.965361
vt 0.783471 0.711911
vt 0.843008 0.796929
vt 0.801179 0.796929
vt 0.743666 0.711911
vt 0.532678 0.796929
vt 0.635852 0.756681
vt 0.678066 0.756681
vt 0.491573 0.796929
vt 0.655523 0.677144
vt 0.778764 0.639202
vt 0.967093 0.796929
vt 0.453617 0.834711
vn 0.309012 0.000000 0.951058
vn 0.587779 0.000000 0.809021
vn 0.587779 0.000000 0.809022
vn 0.309012 0.000000 0.951058
vn 0.809022 0.000000 0.587779
vn 0.809022 0.000000 0.587779
vn 0.951058 0.000000 0.309013
vn 0.951058 0.000000 0.309013
vn 1.000000 0.000000 0.000000
vn 1.000000 0.000000 -0.000000
vn 0.951058 0.000000 -0.309013
vn 0.951058 0.000000 -0.309013
vn 0.809021 0.000000 -0.587779
vn 0.809021 0.000000 -0.587779
vn 0.587779 0.000000 -0.809022
vn 0.587779 0.000000 -0.809022
vn 0.309018 0.000000 -0.951056
vn 0.309018 0.000000 -0.951056
vn 0.000000 0.000000 -1.000000
vn 0.000000 0.000000 -1.000000
vn -0.309016 0.000000 -0.951057
vn -0.309016 0.000000 -0.951057
vn -0.587779 0.000000 -0.809021
vn -0.587780 0.000000 -0.809021
vn -0.809022 0.000000 -0.587779
vn -0.809022 0.000000 -0.587778
vn -0.951057 0.000000 -0.309014
vn -0.951057 0.000000 -0.309014
vn -1.000000 0.000000 0.000000
vn -1.000000 0.000000 0.000000
vn -0.951055 0.000000 0.309022
vn -0.951055 0.000000 0.309021
vn -0.809022 0.000000 0.587779
vn -0.809022 0.000000 0.587778
vn -0.587783 0.000000 0.809019
vn -0.587783 0.000000 0.809018
vn -0.309011 0.000000 0.951058
vn -0.309011 0.000000 0.951058
vn -0.000000 0.000000 1.000000
vn -0.000000 0.000000 1.000000
vn 0.000000 -1.000000 0.000000
vn 0.000000 -1.000000 0.000000
vn -0.000000 -1.000000 0.000000
vn 0.000000 -1.000000 0.000000
vn 0.000000 -1.000000 0.000000
vn 0.000000 -1.000000 0.000000
vn 0.000000 -1.000000 -0.000000
vn -0.000000 -1.000000 0.000000
vn -0.000000 -1.000000 0.000000
vn 0.000000 -1.000000 -0.000000
vn -0.000000 -1.000000 0.000000
vn -0.000000 -1.000000 0.000000
vn 0.000000 -1.000000 0.000000
vn -0.000000 -1.000000 0.000000
vn -0.000000 -1.000000 0.000000
vn 0.000000 -1.000000 0.000000
vn 0.000000 -1.000000 0.000000
vn 0.000000 -1.000000 0.000000
vn -0.000000 -1.000000 0.000000
vn -0.000000 -1.000000 0.000000
vn 0.000000 -1.000000 0.000000
vn 0.244326 0.612273 0.751949
vn 0.464732 0.612275 0.639643
vn 0.426738 0.687685 0.587354
vn 0.224350 0.687685 0.690476
vn 0.639643 0.612276 0.464730
vn 0.587354 0.687683 0.426741
vn 0.751947 0.612275 0.244328
vn 0.690474 0.687686 0.224352
vn 0.790646 0.612274 0.000000
vn 0.726006 0.687688 -0.000000
vn 0.751947 0.612275 -0.244328
vn 0.690475 0.687685 -0.224352
vn 0.639642 0.612276 -0.464733
vn 0.587354 0.687681 -0.426744
vn 0.464728 0.612275 -0.639646
vn 0.426740 0.687681 -0.587357
vn 0.244326 0.612273 -0.751948
vn 0.224352 0.687682 -0.690478
vn 0.000000 0.612273 -0.790646
vn 0.000000 0.687683 -0.726011
vn -0.244325 0.612273 -0.751949
vn -0.224349 0.687683 -0.690478
vn -0.464731 0.612273 -0.639646
vn -0.426740 0.687682 -0.587356
vn -0.639645 0.612273 -0.464732
vn -0.587355 0.687682 -0.426740
vn -0.751949 0.612272 -0.244326
vn -0.690477 0.687683 -0.224352
vn -0.790648 0.612272 0.000000
vn -0.726012 0.687682 -0.000002
vn -0.751950 0.612271 0.244326
vn -0.690479 0.687680 0.224354
vn -0.639646 0.612273 0.464731
vn -0.587355 0.687681 0.426742
vn -0.464730 0.612273 0.639646
vn -0.426740 0.687682 0.587356
vn -0.244324 0.612273 0.751949
vn -0.224349 0.687683 0.690477
vn -0.000000 0.612272 0.790647
vn -0.000001 0.687685 0.726009
vn 0.294495 -0.302798 0.906414
vn 0.174340 -0.825655 0.536562
vn -0.000000 -0.825655 0.564176
vn 0.000000 -0.302817 0.953049
vn 0.149771 0.874693 0.460956
vn 0.208647 0.737646 0.642141
vn -0.000001 0.737637 0.675198
vn -0.000001 0.874694 0.484676
vn 0.298463 0.259549 0.918452
vn 0.298393 0.259549 0.918475
vn 0.000000 0.259552 0.965729
vn 0.000000 0.259552 0.965729
vn 0.560202 -0.302742 0.771052
vn 0.331614 -0.825654 0.456429
vn 0.567660 0.259413 0.781323
vn 0.567662 0.259413 0.781322
vn 0.284884 0.874693 0.392113
vn 0.396847 0.737683 0.546202
vn 0.771052 -0.302777 0.560183
vn 0.456434 -0.825649 0.331619
vn 0.781320 0.259357 0.567691
vn 0.781345 0.259357 0.567657
vn 0.392112 0.874695 0.284881
vn 0.546156 0.737731 0.396820
vn 0.906386 -0.302881 0.294497
vn 0.536564 -0.825654 0.174340
vn 0.918474 0.259500 0.298437
vn 0.918477 0.259500 0.298430
vn 0.460960 0.874692 0.149769
vn 0.642078 0.737705 0.208632
vn 0.953019 -0.302912 0.000000
vn 0.564170 -0.825658 0.000000
vn 0.965715 0.259605 -0.000001
vn 0.965715 0.259605 -0.000001
vn 0.484688 0.874687 -0.000000
vn 0.675182 0.737651 -0.000000
vn 0.906388 -0.302869 -0.294501
vn 0.536564 -0.825655 -0.174338
vn 0.918478 0.259493 -0.298433
vn 0.918479 0.259493 -0.298428
vn 0.460958 0.874692 -0.149769
vn 0.642071 0.737710 -0.208633
vn 0.771053 -0.302777 -0.560181
vn 0.456433 -0.825651 -0.331617
vn 0.781332 0.259339 -0.567682
vn 0.781354 0.259339 -0.567652
vn 0.392110 0.874696 -0.284880
vn 0.546152 0.737735 -0.396820
vn 0.560198 -0.302741 -0.771055
vn 0.331612 -0.825656 -0.456428
vn 0.567672 0.259383 -0.781325
vn 0.567672 0.259383 -0.781325
vn 0.284883 0.874694 -0.392112
vn 0.396845 0.737691 -0.546192
vn 0.294489 -0.302759 -0.906429
vn 0.174340 -0.825657 -0.536559
vn 0.298471 0.259494 -0.918465
vn 0.298397 0.259494 -0.918489
vn 0.149772 0.874695 -0.460953
vn 0.208633 0.737693 -0.642091
vn -0.000000 -0.302779 -0.953061
vn 0.000001 -0.825659 -0.564169
vn -0.000000 0.259504 -0.965742
vn -0.000000 0.259504 -0.965742
vn 0.000000 0.874696 -0.484671
vn -0.000000 0.737708 -0.675120
vn -0.294482 -0.302842 -0.906403
vn -0.174337 -0.825659 -0.536557
vn -0.298432 0.259482 -0.918481
vn -0.298434 0.259482 -0.918480
vn -0.149769 0.874697 -0.460949
vn -0.208617 0.737705 -0.642082
vn -0.560144 -0.302889 -0.771036
vn -0.331611 -0.825661 -0.456418
vn -0.567685 0.259472 -0.781286
vn -0.567630 0.259472 -0.781326
vn -0.284881 0.874697 -0.392107
vn -0.396861 0.737661 -0.546222
vn -0.771051 -0.302775 -0.560185
vn -0.456428 -0.825656 -0.331610
vn -0.781311 0.259442 -0.567664
vn -0.781327 0.259442 -0.567642
vn -0.392105 0.874697 -0.284882
vn -0.546268 0.737614 -0.396883
vn -0.906449 -0.302682 -0.294505
vn -0.536571 -0.825649 -0.174342
vn -0.918473 0.259511 -0.298432
vn -0.918475 0.259511 -0.298426
vn -0.460952 0.874695 -0.149771
vn -0.642186 0.737601 -0.208667
vn -0.953081 -0.302714 0.000000
vn -0.564180 -0.825652 0.000000
vn -0.965715 0.259605 0.000000
vn -0.965715 0.259605 0.000000
vn -0.484681 0.874691 0.000000
vn -0.675247 0.737592 0.000000
vn -0.906447 -0.302690 0.294503
vn -0.536571 -0.825649 0.174343
vn -0.918470 0.259518 0.298435
vn -0.918472 0.259518 0.298428
vn -0.460954 0.874694 0.149771
vn -0.642192 0.737596 0.208666
vn -0.771049 -0.302778 0.560186
vn -0.456428 -0.825655 0.331612
vn -0.781300 0.259455 0.567673
vn -0.781319 0.259455 0.567647
vn -0.392108 0.874696 0.284883
vn -0.546274 0.737612 0.396880
vn -0.560145 -0.302887 0.771036
vn -0.331611 -0.825661 0.456419
vn -0.567679 0.259471 0.781290
vn -0.567622 0.259471 0.781332
vn -0.284883 0.874695 0.392110
vn -0.396860 0.737664 0.546218
vn -0.294480 -0.302847 0.906402
vn -0.174338 -0.825657 0.536559
vn -0.298431 0.259489 0.918479
vn -0.298432 0.259489 0.918479
vn -0.149771 0.874694 0.460953
vn -0.208628 0.737674 0.642115
vn 0.304115 0.177401 0.935971
vn 0.578457 0.177412 0.796186
vn 0.520223 0.465486 0.716024
vn 0.273498 0.465491 0.841734
vn 0.796181 0.177409 0.578464
vn 0.716023 0.465489 0.520222
vn 0.935971 0.177400 0.304119
vn 0.841733 0.465494 0.273499
vn 0.984139 0.177397 0.000000
vn 0.885051 0.465494 0.000000
vn 0.935971 0.177399 -0.304118
vn 0.841732 0.465494 -0.273499
vn 0.796181 0.177410 -0.578465
vn 0.716021 0.465492 -0.520222
vn 0.578457 0.177414 -0.796186
vn 0.520221 0.465491 -0.716022
vn 0.304118 0.177398 -0.935971
vn 0.273500 0.465495 -0.841732
vn -0.000000 0.177388 -0.984141
vn -0.000000 0.465496 -0.885050
vn -0.304115 0.177400 -0.935972
vn -0.273499 0.465494 -0.841732
vn -0.578461 0.177420 -0.796182
vn -0.520220 0.465492 -0.716023
vn -0.796181 0.177424 -0.578460
vn -0.716022 0.465493 -0.520220
vn -0.935968 0.177413 -0.304118
vn -0.841732 0.465496 -0.273498
vn -0.984138 0.177406 -0.000000
vn -0.885049 0.465497 0.000000
vn -0.935968 0.177414 0.304119
vn -0.841732 0.465497 0.273497
vn -0.796181 0.177423 0.578460
vn -0.716022 0.465494 0.520219
vn -0.578461 0.177416 0.796182
vn -0.520218 0.465493 0.716023
vn -0.304113 0.177400 0.935972
vn -0.273499 0.465494 0.841732
vn -0.000001 0.177392 0.984140
vn -0.000001 0.465495 0.885051
vn 0.404179 -0.726065 0.556300
vn 0.212485 -0.726066 0.653971
vn 0.556301 -0.726066 0.404175
vn 0.653971 -0.726065 0.212488
vn 0.687632 -0.726060 -0.000000
vn 0.653969 -0.726067 -0.212489
vn 0.556301 -0.726065 -0.404177
vn 0.404180 -0.726060 -0.556305
vn 0.212488 -0.726066 -0.653971
vn 0.000001 -0.726066 -0.687625
vn -0.212488 -0.726062 -0.653974
vn -0.404184 -0.726053 -0.556311
vn -0.556311 -0.726056 -0.404178
vn -0.653967 -0.726069 -0.212485
vn -0.687617 -0.726073 0.000000
vn -0.653968 -0.726069 0.212485
vn -0.556311 -0.726057 0.404178
vn -0.404185 -0.726054 0.556310
vn -0.212487 -0.726063 0.653974
vn 0.000000 -0.726065 0.687626
vn 0.291879 -0.328415 0.898304
vn 0.555183 -0.328398 0.764151
vn 0.304801 -0.164526 0.938098
vn 0.579773 -0.164534 0.797992
vn 0.309017 0.000742 0.951056
vn 0.587794 0.000764 0.809010
vn 0.764148 -0.328403 0.555184
vn 0.797991 -0.164529 0.579777
vn 0.809016 0.000751 0.587786
vn 0.898309 -0.328409 0.291871
vn 0.938096 -0.164530 0.304804
vn 0.951056 0.000716 0.309018
vn 0.944538 -0.328401 -0.000000
vn 0.986370 -0.164545 -0.000000
vn 1.000000 0.000699 0.000000
vn 0.898309 -0.328408 -0.291872
vn 0.938096 -0.164529 -0.304805
vn 0.951056 0.000717 -0.309018
vn 0.764149 -0.328394 -0.555188
vn 0.797989 -0.164535 -0.579778
vn 0.809015 0.000746 -0.587788
vn 0.555185 -0.328383 -0.764156
vn 0.579772 -0.164547 -0.797990
vn 0.587789 0.000755 -0.809014
vn 0.291883 -0.328400 -0.898308
vn 0.304802 -0.164527 -0.938097
vn 0.309018 0.000740 -0.951056
vn 0.000000 -0.328407 -0.944536
vn -0.000000 -0.164516 -0.986374
vn -0.000000 0.000727 -1.000000
vn -0.291879 -0.328397 -0.898311
vn -0.304802 -0.164525 -0.938098
vn -0.309018 0.000737 -0.951056
vn -0.555191 -0.328376 -0.764154
vn -0.579770 -0.164551 -0.797991
vn -0.587785 0.000746 -0.809017
vn -0.764145 -0.328392 -0.555196
vn -0.797987 -0.164558 -0.579774
vn -0.809015 0.000758 -0.587788
vn -0.898303 -0.328425 -0.291873
vn -0.938094 -0.164539 -0.304805
vn -0.951057 0.000758 -0.309014
vn -0.944528 -0.328430 0.000000
vn -0.986372 -0.164532 0.000000
vn -1.000000 0.000746 -0.000000
vn -0.898302 -0.328425 0.291873
vn -0.938094 -0.164541 0.304803
vn -0.951057 0.000756 0.309016
vn -0.764143 -0.328394 0.555196
vn -0.797986 -0.164559 0.579774
vn -0.809015 0.000754 0.587787
vn -0.555193 -0.328377 0.764152
vn -0.579770 -0.164550 0.797991
vn -0.587787 0.000741 0.809015
vn -0.291879 -0.328402 0.898309
vn -0.304803 -0.164527 0.938097
vn -0.309017 0.000734 0.951056
vn 0.000000 -0.328421 0.944532
vn -0.000000 -0.164524 0.986373
vn -0.000001 0.000726 1.000000
vn 0.587736 0.012231 0.808960
vn 0.308988 0.012221 0.950987
vn 0.808962 0.012233 0.587734
vn 0.950987 0.012221 0.308990
vn 0.999925 0.012215 -0.000000
vn 0.950987 0.012221 -0.308990
vn 0.808962 0.012232 -0.587734
vn 0.587736 0.012230 -0.808960
vn 0.308994 0.012220 -0.950986
vn 0.000000 0.012219 -0.999925
vn -0.308993 0.012220 -0.950986
vn -0.587737 0.012230 -0.808960
vn -0.808962 0.012231 -0.587734
vn -0.950986 0.012219 -0.308992
vn -0.999925 0.012213 0.000000
vn -0.950984 0.012214 0.308998
vn -0.808962 0.012223 0.587734
vn -0.587740 0.012227 0.808957
vn -0.308987 0.012221 0.950988
vn -0.000000 0.012218 0.999925
vn 0.150143 0.874036 0.462080
vn 0.285588 0.874030 0.393078
vn 0.393071 0.874034 0.285588
vn 0.462077 0.874038 0.150140
vn 0.485861 0.874036 -0.000001
vn 0.462087 0.874032 -0.150143
vn 0.393075 0.874031 -0.285591
vn 0.285589 0.874029 -0.393081
vn 0.150147 0.874031 -0.462088
vn -0.000000 0.874035 -0.485863
vn -0.150147 0.874032 -0.462086
vn -0.285588 0.874031 -0.393077
vn -0.393071 0.874035 -0.285583
vn -0.462082 0.874035 -0.150140
vn -0.485866 0.874033 0.000000
vn -0.462081 0.874036 0.150141
vn -0.393070 0.874035 0.285584
vn -0.285586 0.874031 0.393077
vn -0.150140 0.874035 0.462082
vn -0.000000 0.874041 0.485853
vn 0.209678 0.734530 0.645369
vn -0.000001 0.734526 0.678580
vn 0.263272 0.523654 0.810231
vn -0.000001 0.523647 0.851935
vn 0.297327 0.272496 0.915064
vn -0.000000 0.272492 0.962158
vn 0.398859 0.734526 0.548983
vn 0.500749 0.523656 0.689228
vn 0.565532 0.272548 0.778390
vn 0.548998 0.734511 0.398867
vn 0.689238 0.523634 0.500759
vn 0.778378 0.272574 0.565536
vn 0.645387 0.734512 0.209686
vn 0.810238 0.523642 0.263275
vn 0.915056 0.272535 0.297315
vn 0.678584 0.734523 -0.000002
vn 0.851919 0.523673 -0.000001
vn 0.962152 0.272514 -0.000000
vn 0.645384 0.734514 -0.209689
vn 0.810227 0.523663 -0.263268
vn 0.915056 0.272535 -0.297315
vn 0.548998 0.734512 -0.398865
vn 0.689232 0.523647 -0.500753
vn 0.778380 0.272571 -0.565535
vn 0.398859 0.734529 -0.548980
vn 0.500743 0.523669 -0.689222
vn 0.565533 0.272544 -0.778391
vn 0.209677 0.734531 -0.645367
vn 0.263269 0.523682 -0.810214
vn 0.297330 0.272511 -0.915059
vn -0.000000 0.734525 -0.678582
vn 0.000000 0.523677 -0.851917
vn 0.000000 0.272520 -0.962150
vn -0.209677 0.734530 -0.645369
vn -0.263264 0.523681 -0.810216
vn -0.297325 0.272510 -0.915060
vn -0.398856 0.734529 -0.548982
vn -0.500742 0.523672 -0.689220
vn -0.565532 0.272538 -0.778394
vn -0.548994 0.734515 -0.398864
vn -0.689227 0.523660 -0.500745
vn -0.778382 0.272556 -0.565539
vn -0.645389 0.734508 -0.209693
vn -0.810214 0.523686 -0.263261
vn -0.915056 0.272536 -0.297314
vn -0.678600 0.734508 0.000000
vn -0.851895 0.523713 -0.000000
vn -0.962146 0.272534 0.000000
vn -0.645388 0.734509 0.209693
vn -0.810212 0.523688 0.263261
vn -0.915063 0.272510 0.297318
vn -0.548993 0.734516 0.398865
vn -0.689226 0.523661 0.500746
vn -0.778396 0.272513 0.565541
vn -0.398856 0.734527 0.548984
vn -0.500742 0.523670 0.689222
vn -0.565536 0.272534 0.778392
vn -0.209692 0.734528 0.645366
vn -0.263249 0.523668 0.810229
vn -0.297332 0.272513 0.915058
vn 0.435112 0.672321 0.598883
vn 0.228752 0.672324 0.704026
vn 0.598880 0.672323 0.435113
vn 0.704023 0.672328 0.228749
vn 0.740253 0.672329 0.000000
vn 0.704023 0.672328 -0.228749
vn 0.598881 0.672323 -0.435113
vn 0.435112 0.672321 -0.598883
vn 0.228752 0.672325 -0.704026
vn 0.000000 0.672325 -0.740256
vn -0.228750 0.672326 -0.704025
vn -0.435113 0.672325 -0.598879
vn -0.598880 0.672326 -0.435109
vn -0.704021 0.672329 -0.228754
vn -0.740250 0.672331 -0.000006
vn -0.704020 0.672330 0.228752
vn -0.598880 0.672323 0.435113
vn -0.435113 0.672323 0.598882
vn -0.228750 0.672325 0.704026
vn -0.000002 0.672326 0.740255
vn 0.258348 -0.548662 0.795126
vn 0.207924 -0.739773 0.639924
vn 0.000000 -0.739779 0.672850
vn -0.000001 -0.548661 0.836045
vn 0.300426 -0.234103 0.924630
vn -0.000001 -0.234101 0.972212
vn 0.307166 0.109293 0.945359
vn -0.000000 0.109295 0.994009
vn 0.277557 0.439580 0.854243
vn -0.000001 0.439579 0.898204
vn 0.491418 -0.548662 0.676372
vn 0.395496 -0.739770 0.544355
vn 0.571451 -0.234106 0.786535
vn 0.584269 0.109295 0.804167
vn 0.527952 0.439585 0.726658
vn 0.676375 -0.548664 0.491410
vn 0.544353 -0.739774 0.395492
vn 0.786537 -0.234109 0.571448
vn 0.804172 0.109291 0.584262
vn 0.726657 0.439593 0.527946
vn 0.795124 -0.548667 0.258346
vn 0.639923 -0.739776 0.207917
vn 0.924630 -0.234107 0.300422
vn 0.945361 0.109292 0.307163
vn 0.854237 0.439592 0.277556
vn 0.836040 -0.548669 -0.000000
vn 0.672856 -0.739773 -0.000000
vn 0.972211 -0.234107 -0.000000
vn 0.994009 0.109298 0.000000
vn 0.898200 0.439587 0.000000
vn 0.795124 -0.548667 -0.258347
vn 0.639923 -0.739776 -0.207919
vn 0.924629 -0.234107 -0.300424
vn 0.945360 0.109293 -0.307162
vn 0.854237 0.439592 -0.277557
vn 0.676371 -0.548666 -0.491414
vn 0.544349 -0.739776 -0.395494
vn 0.786536 -0.234103 -0.571452
vn 0.804172 0.109293 -0.584262
vn 0.726659 0.439591 -0.527946
vn 0.491413 -0.548662 -0.676375
vn 0.395493 -0.739776 -0.544349
vn 0.571455 -0.234098 -0.786535
vn 0.584267 0.109299 -0.804168
vn 0.527950 0.439584 -0.726660
vn 0.258356 -0.548659 -0.795126
vn 0.207920 -0.739777 -0.639921
vn 0.300434 -0.234102 -0.924627
vn 0.307163 0.109296 -0.945360
vn 0.277560 0.439580 -0.854242
vn -0.000001 -0.548660 -0.836046
vn 0.000000 -0.739778 -0.672850
vn -0.000000 -0.234102 -0.972212
vn 0.000000 0.109298 -0.994009
vn 0.000000 0.439581 -0.898203
vn -0.258350 -0.548662 -0.795126
vn -0.207920 -0.739779 -0.639919
vn -0.300428 -0.234100 -0.924630
vn -0.307165 0.109297 -0.945359
vn -0.277559 0.439585 -0.854240
vn -0.491408 -0.548663 -0.676378
vn -0.395492 -0.739777 -0.544350
vn -0.571452 -0.234104 -0.786536
vn -0.584265 0.109289 -0.804170
vn -0.527948 0.439589 -0.726659
vn -0.676376 -0.548659 -0.491416
vn -0.544350 -0.739776 -0.395491
vn -0.786534 -0.234108 -0.571453
vn -0.804168 0.109283 -0.584270
vn -0.726661 0.439581 -0.527951
vn -0.795134 -0.548651 -0.258349
vn -0.639921 -0.739777 -0.207919
vn -0.924629 -0.234107 -0.300424
vn -0.945361 0.109288 -0.307163
vn -0.854245 0.439573 -0.277561
vn -0.836049 -0.548654 0.000000
vn -0.672849 -0.739780 0.000000
vn -0.972211 -0.234107 0.000000
vn -0.994009 0.109294 -0.000000
vn -0.898203 0.439582 -0.000004
vn -0.795134 -0.548651 0.258350
vn -0.639920 -0.739778 0.207920
vn -0.924630 -0.234106 0.300424
vn -0.945361 0.109288 0.307163
vn -0.854238 0.439589 0.277560
vn -0.676380 -0.548657 0.491412
vn -0.544355 -0.739773 0.395492
vn -0.786538 -0.234107 0.571448
vn -0.804172 0.109287 0.584263
vn -0.726662 0.439584 0.527947
vn -0.491413 -0.548662 0.676375
vn -0.395495 -0.739771 0.544355
vn -0.571448 -0.234104 0.786539
vn -0.584266 0.109297 0.804169
vn -0.527952 0.439579 0.726661
vn -0.258347 -0.548661 0.795128
vn -0.207919 -0.739778 0.639921
vn -0.300424 -0.234100 0.924631
vn -0.307158 0.109298 0.945361
vn -0.277555 0.439577 0.854245
vn 0.374709 -0.770458 0.515740
vn 0.196982 -0.770459 0.606293
vn 0.515754 -0.770446 0.374714
vn 0.606310 -0.770441 0.196998
vn 0.637508 -0.770444 0.000000
vn 0.606314 -0.770437 -0.197004
vn 0.515768 -0.770430 -0.374728
vn 0.374724 -0.770438 -0.515759
vn 0.197005 -0.770446 -0.606301
vn -0.000001 -0.770449 -0.637502
vn -0.197001 -0.770448 -0.606301
vn -0.374715 -0.770444 -0.515756
vn -0.515751 -0.770447 -0.374716
vn -0.606292 -0.770457 -0.196993
vn -0.637484 -0.770464 -0.000000
vn -0.606292 -0.770456 0.196994
vn -0.515751 -0.770448 0.374714
vn -0.374712 -0.770450 0.515749
vn -0.196998 -0.770452 0.606297
vn -0.000002 -0.770453 0.637496
vn 0.287074 0.370168 0.883495
vn 0.149065 0.875963 0.458768
vn -0.000000 0.875965 0.482374
vn -0.000002 0.370203 0.928951
vn 0.275311 -0.454436 0.847167
vn -0.000013 -0.454326 0.890836
vn 0.308811 -0.039814 0.950290
vn 0.308738 -0.039814 0.950313
vn 0.000010 -0.039852 0.999206
vn 0.000010 -0.039852 0.999206
vn 0.546039 0.370080 0.751586
vn 0.283552 0.875952 0.390264
vn 0.587327 -0.039918 0.808365
vn 0.587326 -0.039918 0.808366
vn 0.523587 -0.454389 0.720685
vn 0.751557 0.370125 0.546048
vn 0.390272 0.875950 0.283548
vn 0.808377 -0.040045 0.587302
vn 0.808369 -0.040045 0.587313
vn 0.720726 -0.454235 0.523665
vn 0.883450 0.370299 0.287044
vn 0.458767 0.875963 0.149068
vn 0.950292 -0.040014 0.308780
vn 0.950294 -0.040014 0.308772
vn 0.847250 -0.454293 0.275289
vn 0.928876 0.370390 -0.000001
vn 0.482364 0.875971 -0.000000
vn 0.999201 -0.039972 -0.000000
vn 0.999201 -0.039972 -0.000000
vn 0.890801 -0.454394 0.000000
vn 0.883459 0.370279 -0.287042
vn 0.458766 0.875964 -0.149066
vn 0.950292 -0.040002 -0.308778
vn 0.950295 -0.040002 -0.308772
vn 0.847262 -0.454270 -0.275293
vn 0.751586 0.370079 -0.546040
vn 0.390271 0.875951 -0.283546
vn 0.808370 -0.040018 -0.587313
vn 0.808372 -0.040018 -0.587310
vn 0.720769 -0.454162 -0.523669
vn 0.546051 0.370027 -0.751604
vn 0.283553 0.875949 -0.390269
vn 0.587320 -0.039962 -0.808368
vn 0.587319 -0.039962 -0.808368
vn 0.523646 -0.454231 -0.720742
vn 0.287081 0.370143 -0.883504
vn 0.149065 0.875955 -0.458783
vn 0.308756 -0.039920 -0.950303
vn 0.308783 -0.039920 -0.950294
vn 0.275285 -0.454283 -0.847257
vn -0.000000 0.370214 -0.928946
vn 0.000000 0.875958 -0.482387
vn 0.000000 -0.039913 -0.999203
vn 0.000000 -0.039913 -0.999203
vn 0.000000 -0.454283 -0.890857
vn -0.287077 0.370138 -0.883507
vn -0.149061 0.875957 -0.458782
vn -0.308752 -0.039895 -0.950306
vn -0.308778 -0.039895 -0.950297
vn -0.275272 -0.454302 -0.847252
vn -0.546056 0.370009 -0.751609
vn -0.283549 0.875955 -0.390261
vn -0.587343 -0.039917 -0.808353
vn -0.587331 -0.039917 -0.808362
vn -0.523611 -0.454296 -0.720727
vn -0.751594 0.370038 -0.546057
vn -0.390261 0.875957 -0.283540
vn -0.808377 -0.039990 -0.587305
vn -0.808378 -0.039990 -0.587303
vn -0.720732 -0.454233 -0.523658
vn -0.883467 0.370257 -0.287045
vn -0.458762 0.875966 -0.149065
vn -0.950290 -0.040027 -0.308784
vn -0.950292 -0.040027 -0.308777
vn -0.847263 -0.454270 -0.275288
vn -0.928875 0.370394 0.000001
vn -0.482365 0.875970 0.000000
vn -0.999199 -0.040025 0.000000
vn -0.999199 -0.040025 0.000000
vn -0.890823 -0.454349 -0.000000
vn -0.883458 0.370273 0.287054
vn -0.458775 0.875960 0.149063
vn -0.950292 -0.039992 0.308781
vn -0.950296 -0.039992 0.308769
vn -0.847254 -0.454283 0.275296
vn -0.751596 0.370039 0.546054
vn -0.390267 0.875954 0.283542
vn -0.808373 -0.039930 0.587315
vn -0.808375 -0.039930 0.587312
vn -0.720723 -0.454271 0.523637
vn -0.546042 0.370001 0.751623
vn -0.283547 0.875959 0.390254
vn -0.587339 -0.039901 0.808357
vn -0.587325 -0.039901 0.808367
vn -0.523610 -0.454336 0.720702
vn -0.287072 0.370130 0.883512
vn -0.149059 0.875962 0.458773
vn -0.308762 -0.039889 0.950302
vn -0.308787 -0.039889 0.950294
vn -0.275266 -0.454316 0.847246
vn 0.247784 0.906807 0.341033
vn 0.130266 0.906805 0.400917
vn 0.341056 0.906799 0.247784
vn 0.400950 0.906790 0.130274
vn 0.421591 0.906786 -0.000000
vn 0.400941 0.906794 -0.130273
vn 0.341048 0.906802 -0.247784
vn 0.247785 0.906804 -0.341042
vn 0.130273 0.906797 -0.400935
vn 0.000001 0.906793 -0.421576
vn -0.130270 0.906797 -0.400935
vn -0.247779 0.906806 -0.341041
vn -0.341036 0.906809 -0.247774
vn -0.400932 0.906799 -0.130269
vn -0.421586 0.906788 -0.000000
vn -0.400941 0.906794 0.130274
vn -0.341041 0.906806 0.247779
vn -0.247773 0.906811 0.341031
vn -0.130267 0.906803 0.400922
vn 0.000000 0.906798 0.421565
vn 0.265668 0.510673 0.817700
vn 0.505346 0.510725 0.695547
vn 0.264638 0.516266 0.814515
vn 0.275331 0.454151 0.847313
vn 0.523669 0.454122 0.720794
vn 0.503436 0.516194 0.692889
vn 0.695541 0.510741 0.505338
vn 0.720776 0.454145 0.523673
vn 0.692910 0.516167 0.503435
vn 0.817689 0.510677 0.265695
vn 0.847310 0.454167 0.275314
vn 0.814548 0.516203 0.264663
vn 0.859801 0.510629 -0.000001
vn 0.890914 0.454171 -0.000001
vn 0.856452 0.516227 -0.000000
vn 0.817710 0.510645 -0.265691
vn 0.847316 0.454159 -0.275310
vn 0.814513 0.516263 -0.264653
vn 0.695551 0.510695 -0.505370
vn 0.720792 0.454149 -0.523649
vn 0.692845 0.516276 -0.503412
vn 0.505333 0.510733 -0.695550
vn 0.523658 0.454148 -0.720786
vn 0.503439 0.516217 -0.692870
vn 0.265679 0.510719 -0.817668
vn 0.275295 0.454171 -0.847314
vn 0.264682 0.516214 -0.814535
vn 0.000000 0.510696 -0.859761
vn -0.000000 0.454197 -0.890901
vn 0.000002 0.516251 -0.856438
vn -0.265677 0.510710 -0.817674
vn -0.275286 0.454190 -0.847307
vn -0.264668 0.516242 -0.814521
vn -0.505341 0.510740 -0.695539
vn -0.523646 0.454197 -0.720764
vn -0.503412 0.516237 -0.692874
vn -0.695529 0.510748 -0.505347
vn -0.720753 0.454191 -0.523666
vn -0.692881 0.516220 -0.503421
vn -0.817685 0.510687 -0.265688
vn -0.847308 0.454169 -0.275316
vn -0.814540 0.516214 -0.264666
vn -0.859794 0.510640 -0.000001
vn -0.890916 0.454168 -0.000000
vn -0.856449 0.516232 0.000000
vn -0.817683 0.510691 0.265688
vn -0.847308 0.454172 0.275311
vn -0.814536 0.516221 0.264664
vn -0.695529 0.510745 0.505350
vn -0.720766 0.454161 0.523674
vn -0.692908 0.516175 0.503429
vn -0.505344 0.510733 0.695542
vn -0.523652 0.454139 0.720795
vn -0.503456 0.516158 0.692902
vn -0.265682 0.510695 0.817682
vn -0.275292 0.454164 0.847319
vn -0.264674 0.516220 0.814533
vn 0.000001 0.510661 0.859782
vn 0.000002 0.454195 0.890902
vn -0.000000 0.516285 0.856417
vn 0.804736 0.102778 -0.584668
vn 0.584670 0.102775 -0.804735
vn 0.587677 -0.018947 -0.808874
vn 0.808878 -0.018947 -0.587671
vn 0.946019 0.102777 -0.307383
vn 0.950884 -0.018948 -0.308968
vn 0.994705 0.102774 0.000000
vn 0.999820 -0.018946 0.000000
vn 0.946021 0.102776 0.307379
vn 0.950885 -0.018946 0.308963
vn 0.804737 0.102777 0.584666
vn 0.808879 -0.018945 0.587670
vn 0.584671 0.102774 0.804734
vn 0.587678 -0.018947 0.808873
vn 0.307379 0.102776 0.946021
vn 0.308958 -0.018949 0.950887
vn 0.000000 0.102775 0.994705
vn -0.000000 -0.018948 0.999820
vn -0.307373 0.102775 0.946023
vn -0.308956 -0.018945 0.950888
vn -0.584675 0.102774 0.804731
vn -0.587682 -0.018943 0.808870
vn -0.804737 0.102776 0.584667
vn -0.808878 -0.018946 0.587671
vn -0.946019 0.102776 0.307383
vn -0.950884 -0.018946 0.308967
vn -0.994705 0.102774 -0.000000
vn -0.999821 -0.018944 0.000000
vn -0.946019 0.102776 -0.307384
vn -0.950884 -0.018946 -0.308968
vn -0.804737 0.102778 -0.584666
vn -0.808878 -0.018946 -0.587671
vn -0.584665 0.102775 -0.804738
vn -0.587673 -0.018947 -0.808877
vn -0.307375 0.102776 -0.946022
vn -0.308954 -0.018950 -0.950888
vn 0.000000 0.102778 -0.994704
vn -0.000000 -0.018951 -0.999820
vn 0.307379 0.102776 -0.946021
vn 0.308957 -0.018950 -0.950887
vn 0.791685 0.205887 -0.575191
vn 0.575187 0.205885 -0.791689
vn 0.930682 0.205887 -0.302392
vn 0.978576 0.205887 -0.000000
vn 0.930682 0.205883 0.302396
vn 0.791688 0.205880 0.575190
vn 0.575193 0.205882 0.791685
vn 0.302394 0.205884 0.930682
vn 0.000000 0.205882 0.978577
vn -0.302390 0.205884 0.930684
vn -0.575196 0.205881 0.791683
vn -0.791687 0.205880 0.575192
vn -0.930681 0.205882 0.302398
vn -0.978576 0.205884 0.000000
vn -0.930682 0.205882 -0.302398
vn -0.791687 0.205880 -0.575191
vn -0.575188 0.205881 -0.791690
vn -0.302394 0.205883 -0.930682
vn 0.000000 0.205883 -0.978577
vn 0.302397 0.205883 -0.930682
vn 0.793377 0.195685 -0.576420
vn 0.576418 0.195688 -0.793378
vn 0.932670 0.195686 -0.303040
vn 0.980666 0.195688 -0.000000
vn 0.932668 0.195686 0.303048
vn 0.793378 0.195684 0.576419
vn 0.576426 0.195686 0.793373
vn 0.303039 0.195687 0.932670
vn -0.000000 0.195685 0.980667
vn -0.303037 0.195686 0.932671
vn -0.576428 0.195685 0.793371
vn -0.793377 0.195684 0.576421
vn -0.932668 0.195685 0.303047
vn -0.980667 0.195686 0.000000
vn -0.932668 0.195685 -0.303048
vn -0.793377 0.195684 -0.576421
vn -0.576422 0.195688 -0.793375
vn -0.303038 0.195688 -0.932670
vn 0.000000 0.195686 -0.980667
vn 0.303041 0.195687 -0.932670
vn 0.794346 0.189564 -0.577130
vn 0.577128 0.189562 -0.794348
vn 0.933813 0.189566 -0.303411
vn 0.981868 0.189564 -0.000000
vn 0.933810 0.189567 0.303419
vn 0.794350 0.189567 0.577125
vn 0.577132 0.189564 0.794345
vn 0.303411 0.189563 0.933814
vn -0.000001 0.189563 0.981868
vn -0.303411 0.189561 0.933814
vn -0.577134 0.189560 0.794345
vn -0.794350 0.189561 0.577126
vn -0.933811 0.189560 0.303419
vn -0.981869 0.189558 -0.000001
vn -0.933811 0.189559 -0.303420
vn -0.794350 0.189561 -0.577126
vn -0.577133 0.189562 -0.794345
vn -0.303412 0.189564 -0.933813
vn 0.000000 0.189564 -0.981868
vn 0.303414 0.189563 -0.933813
vn 0.792317 0.202126 -0.575656
vn 0.575650 0.202127 -0.792320
vn 0.931428 0.202126 -0.302635
vn 0.979360 0.202125 -0.000000
vn 0.931425 0.202127 0.302641
vn 0.792319 0.202126 0.575653
vn 0.575656 0.202128 0.792316
vn 0.302637 0.202130 0.931426
vn -0.000001 0.202131 0.979358
vn -0.302636 0.202129 0.931426
vn -0.575652 0.202128 0.792318
vn -0.792319 0.202129 0.575652
vn -0.931425 0.202128 0.302642
vn -0.979359 0.202127 -0.000002
vn -0.931425 0.202127 -0.302643
vn -0.792320 0.202128 -0.575651
vn -0.575655 0.202127 -0.792317
vn -0.302636 0.202129 -0.931426
vn -0.000000 0.202132 -0.979358
vn 0.302640 0.202129 -0.931425
vn 0.789050 0.220779 -0.573287
vn 0.573279 0.220784 -0.789054
vn 0.927588 0.220781 -0.301390
vn 0.975323 0.220783 -0.000000
vn 0.927585 0.220786 0.301394
vn 0.789053 0.220785 0.573279
vn 0.573282 0.220784 0.789051
vn 0.301393 0.220787 0.927586
vn 0.000000 0.220787 0.975322
vn -0.301389 0.220789 0.927586
vn -0.573279 0.220791 0.789052
vn -0.789050 0.220795 0.573279
vn -0.927584 0.220797 0.301393
vn -0.975320 0.220795 -0.000001
vn -0.927583 0.220798 -0.301392
vn -0.789051 0.220796 -0.573278
vn -0.573281 0.220790 -0.789050
vn -0.301389 0.220788 -0.927587
vn 0.000000 0.220787 -0.975322
vn 0.301394 0.220788 -0.927585
vn 0.551919 0.343995 0.759640
vn 0.534888 0.414594 0.736211
vn 0.736207 0.414600 0.534889
vn 0.759636 0.344007 0.551916
vn 0.504461 0.513252 0.694328
vn 0.694333 0.513245 0.504461
vn 0.467927 0.605190 0.644041
vn 0.644044 0.605184 0.467931
vn 0.464225 0.613376 0.638956
vn 0.638957 0.613379 0.464220
vn 0.290164 0.343990 0.893015
vn 0.893013 0.344007 0.290150
vn 0.938970 0.343998 0.000000
vn 0.893013 0.344005 -0.290152
vn 0.759638 0.344004 -0.551916
vn 0.551916 0.343997 -0.759641
vn 0.290159 0.343993 -0.893015
vn -0.000000 0.343991 -0.938973
vn -0.290152 0.343993 -0.893018
vn -0.551914 0.343996 -0.759643
vn -0.759637 0.344006 -0.551917
vn -0.893012 0.344006 -0.290153
vn -0.938970 0.343998 0.000000
vn -0.893013 0.344006 0.290150
vn -0.759637 0.344006 0.551917
vn -0.551913 0.344001 0.759641
vn -0.290154 0.344000 0.893014
vn 0.000002 0.343995 0.938971
vn 0.488921 0.555072 0.672942
vn 0.672933 0.555071 0.488934
vn 0.791071 0.555105 0.257031
vn 0.751127 0.613388 0.244057
vn 0.831753 0.555145 -0.000000
vn 0.789775 0.613397 -0.000000
vn 0.791064 0.555114 -0.257033
vn 0.751124 0.613391 -0.244058
vn 0.672938 0.555065 -0.488934
vn 0.638956 0.613380 -0.464220
vn 0.488924 0.555081 -0.672932
vn 0.464220 0.613381 -0.638955
vn 0.257051 0.555096 -0.791071
vn 0.244051 0.613384 -0.751132
vn -0.000001 0.555075 -0.831800
vn -0.000000 0.613383 -0.789786
vn -0.257040 0.555056 -0.791102
vn -0.244059 0.613383 -0.751130
vn -0.488943 0.555021 -0.672969
vn -0.464232 0.613378 -0.638949
vn -0.672958 0.555037 -0.488939
vn -0.638956 0.613377 -0.464223
vn -0.791067 0.555110 -0.257033
vn -0.751126 0.613388 -0.244059
vn -0.831753 0.555145 0.000000
vn -0.789776 0.613395 -0.000000
vn -0.791062 0.555117 0.257032
vn -0.751129 0.613385 0.244058
vn -0.672933 0.555079 0.488926
vn -0.638959 0.613377 0.464220
vn -0.488922 0.555086 0.672930
vn -0.464220 0.613382 0.638955
vn -0.257053 0.555086 0.791077
vn -0.244048 0.613384 0.751133
vn 0.000003 0.555055 0.831814
vn 0.000001 0.613378 0.789790
vn 0.257037 0.555058 0.791102
vn 0.244059 0.613375 0.751137
vn 0.757129 0.605175 0.246006
vn 0.816240 0.513241 0.265210
vn 0.865465 0.414601 0.281206
vn 0.796098 0.605168 0.000000
vn 0.858245 0.513241 0.000000
vn 0.910003 0.414602 0.000000
vn 0.757131 0.605173 -0.246004
vn 0.816240 0.513239 -0.265211
vn 0.865464 0.414603 -0.281206
vn 0.644047 0.605181 -0.467931
vn 0.694336 0.513241 -0.504462
vn 0.736203 0.414604 -0.534891
vn 0.467929 0.605182 -0.644048
vn 0.504464 0.513245 -0.694331
vn 0.534885 0.414602 -0.736209
vn 0.246002 0.605181 -0.757126
vn 0.265217 0.513240 -0.816238
vn 0.281209 0.414595 -0.865467
vn 0.000000 0.605185 -0.796085
vn 0.000000 0.513235 -0.858248
vn -0.000000 0.414590 -0.910008
vn -0.245993 0.605188 -0.757122
vn -0.265215 0.513236 -0.816241
vn -0.281204 0.414593 -0.865469
vn -0.467921 0.605189 -0.644046
vn -0.504471 0.513234 -0.694334
vn -0.534887 0.414598 -0.736209
vn -0.644040 0.605190 -0.467929
vn -0.694340 0.513235 -0.504462
vn -0.736209 0.414593 -0.534891
vn -0.757122 0.605186 -0.246002
vn -0.816240 0.513239 -0.265213
vn -0.865474 0.414582 -0.281206
vn -0.796086 0.605183 -0.000001
vn -0.858242 0.513245 -0.000001
vn -0.910013 0.414579 0.000000
vn -0.757123 0.605184 0.246001
vn -0.816239 0.513242 0.265210
vn -0.865475 0.414579 0.281206
vn -0.644047 0.605184 0.467926
vn -0.694337 0.513243 0.504458
vn -0.736209 0.414592 0.534892
vn -0.467928 0.605183 0.644048
vn -0.504463 0.513244 0.694333
vn -0.534884 0.414602 0.736210
vn -0.245996 0.605183 0.757126
vn -0.265213 0.513238 0.816241
vn -0.281206 0.414596 0.865467
vn 0.000001 0.605187 0.796083
vn 0.000001 0.513235 0.858248
vn 0.000002 0.414590 0.910008
vn 0.246001 0.605192 0.757117
vn 0.265211 0.513247 0.816236
vn 0.281206 0.414588 0.865471
vn 0.044382 -0.989630 0.136608
vn 0.084426 -0.989630 0.116207
vn 0.107965 -0.982985 0.148606
vn 0.056759 -0.982985 0.174694
vn 0.116205 -0.989631 0.084422
vn 0.148605 -0.982986 0.107960
vn 0.136604 -0.989631 0.044382
vn 0.174690 -0.982986 0.056756
vn 0.143631 -0.989631 -0.000000
vn 0.183675 -0.982987 -0.000000
vn 0.136600 -0.989631 -0.044386
vn 0.174685 -0.982987 -0.056760
vn 0.116201 -0.989631 -0.084425
vn 0.148598 -0.982987 -0.107963
vn 0.084426 -0.989631 -0.116201
vn 0.107964 -0.982986 -0.148599
vn 0.044384 -0.989631 -0.136602
vn 0.056759 -0.982987 -0.174688
vn -0.000000 -0.989631 -0.143632
vn 0.000000 -0.982987 -0.183677
vn -0.044385 -0.989631 -0.136602
vn -0.056760 -0.982987 -0.174688
vn -0.084425 -0.989631 -0.116203
vn -0.107962 -0.982986 -0.148599
vn -0.116203 -0.989631 -0.084426
vn -0.148598 -0.982987 -0.107963
vn -0.136605 -0.989631 -0.044386
vn -0.174687 -0.982987 -0.056760
vn -0.143633 -0.989631 -0.000000
vn -0.183680 -0.982986 -0.000000
vn -0.136605 -0.989631 0.044389
vn -0.174687 -0.982987 0.056762
vn -0.116208 -0.989630 0.084425
vn -0.148600 -0.982987 0.107960
vn -0.084426 -0.989631 0.116201
vn -0.107963 -0.982987 0.148597
vn -0.044381 -0.989631 0.136605
vn -0.056756 -0.982986 0.174691
vn -0.000002 -0.989631 0.143634
vn -0.000001 -0.982986 0.183678
vn 0.270183 0.485275 0.831570
vn 0.193062 0.780826 0.594170
vn 0.000002 0.780826 0.624749
vn 0.000001 0.485260 0.874370
vn 0.308910 0.027307 0.950699
vn 0.000001 0.027303 0.999627
vn 0.277935 -0.437051 0.855417
vn -0.000000 -0.437042 0.899441
vn 0.186199 -0.798066 0.573080
vn 0.000001 -0.798066 0.602569
vn 0.513946 0.485276 0.707365
vn 0.367220 0.780819 0.505440
vn 0.587553 0.027316 0.808724
vn 0.528678 -0.437044 0.727662
vn 0.354176 -0.798070 0.487486
vn 0.707365 0.485286 0.513938
vn 0.505440 0.780819 0.367223
vn 0.808722 0.027323 0.587556
vn 0.727666 -0.437037 0.528678
vn 0.487490 -0.798070 0.354172
vn 0.831551 0.485305 0.270188
vn 0.594166 0.780829 0.193060
vn 0.950704 0.027302 0.308896
vn 0.855421 -0.437041 0.277939
vn 0.573089 -0.798059 0.186202
vn 0.874342 0.485309 -0.000000
vn 0.624739 0.780834 -0.000000
vn 0.999628 0.027279 0.000000
vn 0.899442 -0.437041 0.000000
vn 0.602589 -0.798052 -0.000000
vn 0.831556 0.485299 -0.270184
vn 0.594168 0.780830 -0.193053
vn 0.950703 0.027274 -0.308902
vn 0.855419 -0.437042 -0.277942
vn 0.573086 -0.798060 -0.186207
vn 0.707374 0.485277 -0.513934
vn 0.505438 0.780819 -0.367224
vn 0.808711 0.027285 -0.587572
vn 0.727655 -0.437049 -0.528683
vn 0.487488 -0.798066 -0.354183
vn 0.513928 0.485272 -0.707382
vn 0.367224 0.780816 -0.505443
vn 0.587575 0.027302 -0.808709
vn 0.528671 -0.437057 -0.727659
vn 0.354181 -0.798062 -0.487497
vn 0.270184 0.485271 -0.831572
vn 0.193059 0.780822 -0.594176
vn 0.308913 0.027304 -0.950698
vn 0.277939 -0.437054 -0.855415
vn 0.186202 -0.798061 -0.573086
vn -0.000001 0.485265 -0.874367
vn -0.000001 0.780825 -0.624750
vn -0.000000 0.027300 -0.999627
vn -0.000000 -0.437046 -0.899439
vn 0.000001 -0.798063 -0.602574
vn -0.270185 0.485259 -0.831579
vn -0.193057 0.780825 -0.594173
vn -0.308911 0.027299 -0.950699
vn -0.277936 -0.437046 -0.855419
vn -0.186200 -0.798065 -0.573081
vn -0.513947 0.485244 -0.707387
vn -0.367220 0.780826 -0.505431
vn -0.587560 0.027310 -0.808719
vn -0.528680 -0.437038 -0.727664
vn -0.354172 -0.798073 -0.487484
vn -0.707389 0.485245 -0.513943
vn -0.505442 0.780822 -0.367212
vn -0.808726 0.027322 -0.587551
vn -0.727670 -0.437035 -0.528675
vn -0.487483 -0.798075 -0.354170
vn -0.831575 0.485260 -0.270194
vn -0.594178 0.780820 -0.193062
vn -0.950702 0.027325 -0.308900
vn -0.855419 -0.437039 -0.277948
vn -0.573073 -0.798070 -0.186204
vn -0.874365 0.485268 0.000000
vn -0.624753 0.780822 0.000000
vn -0.999627 0.027326 -0.000000
vn -0.899443 -0.437038 -0.000000
vn -0.602568 -0.798068 0.000000
vn -0.831571 0.485268 0.270194
vn -0.594183 0.780816 0.193061
vn -0.950700 0.027326 0.308905
vn -0.855418 -0.437043 0.277946
vn -0.573066 -0.798074 0.186205
vn -0.707381 0.485259 0.513941
vn -0.505448 0.780817 0.367216
vn -0.808724 0.027324 0.587554
vn -0.727670 -0.437035 0.528675
vn -0.487479 -0.798079 0.354167
vn -0.513949 0.485249 0.707383
vn -0.367224 0.780823 0.505432
vn -0.587566 0.027317 0.808715
vn -0.528691 -0.437023 0.727665
vn -0.354170 -0.798080 0.487475
vn -0.270192 0.485248 0.831583
vn -0.193055 0.780825 0.594173
vn -0.308885 0.027304 0.950707
vn -0.277948 -0.437029 0.855424
vn -0.186194 -0.798072 0.573073
vn 0.263643 0.521622 0.811420
vn 0.184997 0.801006 0.569355
vn 0.000000 0.801006 0.598656
vn 0.000001 0.521611 0.853184
vn 0.305917 0.141453 0.941491
vn 0.000002 0.141434 0.989948
vn 0.298387 -0.259918 0.918372
vn 0.000001 -0.259919 0.965630
vn 0.184700 -0.801705 0.568467
vn 0.242084 -0.621497 0.745075
vn 0.000001 -0.621493 0.783420
vn 0.000002 -0.801708 0.597716
vn 0.501473 0.521640 0.690229
vn 0.351881 0.801006 0.484323
vn 0.581873 0.141461 0.800882
vn 0.567578 -0.259924 0.781214
vn 0.460473 -0.621512 0.633789
vn 0.351332 -0.801705 0.483565
vn 0.690233 0.521635 0.501473
vn 0.484318 0.801010 0.351878
vn 0.800887 0.141447 0.581870
vn 0.781219 -0.259919 0.567573
vn 0.633785 -0.621525 0.460460
vn 0.483558 -0.801713 0.351323
vn 0.811412 0.521636 0.263639
vn 0.569354 0.801008 0.184995
vn 0.941498 0.141431 0.305906
vn 0.918372 -0.259914 0.298391
vn 0.745073 -0.621501 0.242081
vn 0.568445 -0.801720 0.184701
vn 0.853165 0.521642 0.000001
vn 0.598661 0.801002 -0.000000
vn 0.989949 0.141424 0.000001
vn 0.965631 -0.259918 0.000000
vn 0.783435 -0.621473 -0.000000
vn 0.597708 -0.801714 0.000000
vn 0.811422 0.521619 -0.263643
vn 0.569361 0.801003 -0.184991
vn 0.941495 0.141434 -0.305913
vn 0.918370 -0.259914 -0.298398
vn 0.745089 -0.621477 -0.242091
vn 0.568473 -0.801700 -0.184705
vn 0.690242 0.521605 -0.501491
vn 0.484325 0.801006 -0.351879
vn 0.800884 0.141435 -0.581877
vn 0.781206 -0.259937 -0.567582
vn 0.633792 -0.621495 -0.460492
vn 0.483595 -0.801675 -0.351359
vn 0.501481 0.521624 -0.690236
vn 0.351883 0.801007 -0.484320
vn 0.581886 0.141435 -0.800877
vn 0.567570 -0.259958 -0.781208
vn 0.460477 -0.621500 -0.633796
vn 0.351355 -0.801670 -0.483606
vn 0.263638 0.521623 -0.811421
vn 0.184994 0.801005 -0.569358
vn 0.305921 0.141438 -0.941492
vn 0.298395 -0.259933 -0.918365
vn 0.242089 -0.621496 -0.745074
vn 0.184712 -0.801696 -0.568476
vn -0.000000 0.521616 -0.853180
vn -0.000000 0.801004 -0.598659
vn -0.000000 0.141435 -0.989947
vn -0.000000 -0.259917 -0.965631
vn 0.000001 -0.621491 -0.783421
vn 0.000001 -0.801709 -0.597715
vn -0.263635 0.521622 -0.811422
vn -0.184996 0.801006 -0.569356
vn -0.305916 0.141436 -0.941494
vn -0.298397 -0.259916 -0.918370
vn -0.242089 -0.621493 -0.745076
vn -0.184694 -0.801711 -0.568460
vn -0.501488 0.521632 -0.690224
vn -0.351877 0.801009 -0.484321
vn -0.581875 0.141430 -0.800886
vn -0.567587 -0.259917 -0.781209
vn -0.460477 -0.621504 -0.633793
vn -0.351322 -0.801717 -0.483552
vn -0.690235 0.521632 -0.501472
vn -0.484322 0.801009 -0.351876
vn -0.800888 0.141439 -0.581870
vn -0.781212 -0.259934 -0.567575
vn -0.633784 -0.621521 -0.460467
vn -0.483550 -0.801719 -0.351319
vn -0.811407 0.521641 -0.263645
vn -0.569361 0.801002 -0.184995
vn -0.941494 0.141454 -0.305909
vn -0.918359 -0.259960 -0.298390
vn -0.745059 -0.621514 -0.242088
vn -0.568450 -0.801716 -0.184704
vn -0.853161 0.521648 -0.000001
vn -0.598669 0.800997 -0.000000
vn -0.989945 0.141454 -0.000001
vn -0.965616 -0.259971 -0.000001
vn -0.783424 -0.621488 -0.000001
vn -0.597713 -0.801710 -0.000003
vn -0.811409 0.521640 0.263643
vn -0.569359 0.801005 0.184993
vn -0.941493 0.141457 0.305908
vn -0.918361 -0.259959 0.298387
vn -0.745071 -0.621500 0.242090
vn -0.568469 -0.801702 0.184710
vn -0.690233 0.521633 0.501474
vn -0.484319 0.801013 0.351872
vn -0.800884 0.141445 0.581874
vn -0.781215 -0.259933 0.567572
vn -0.633788 -0.621518 0.460466
vn -0.483567 -0.801705 0.351330
vn -0.501495 0.521618 0.690230
vn -0.351879 0.801012 0.484315
vn -0.581873 0.141418 0.800890
vn -0.567585 -0.259914 0.781211
vn -0.460483 -0.621500 0.633793
vn -0.351331 -0.801712 0.483554
vn -0.263646 0.521608 0.811428
vn -0.184992 0.801008 0.569354
vn -0.305903 0.141419 0.941501
vn -0.298387 -0.259915 0.918373
vn -0.242084 -0.621486 0.745084
vn -0.184701 -0.801711 0.568458
vn 0.300040 0.239122 0.923470
vn 0.275511 0.452825 0.847964
vn 0.000005 0.452841 0.891591
vn 0.000003 0.239113 0.970992
vn 0.308947 0.020520 0.950858
vn 0.000003 0.020513 0.999790
vn 0.302847 -0.198906 0.932051
vn 0.000001 -0.198904 0.980019
vn 0.252043 -0.578556 0.775723
vn 0.282041 -0.408522 0.868080
vn 0.000002 -0.408519 0.912750
vn 0.000001 -0.578557 0.815642
vn 0.570711 0.239136 0.785559
vn 0.524071 0.452814 0.721324
vn 0.587666 0.020511 0.808843
vn 0.576021 -0.198910 0.792865
vn 0.536503 -0.408520 0.738428
vn 0.479411 -0.578560 0.659873
vn 0.785538 0.239158 0.570731
vn 0.721326 0.452817 0.524066
vn 0.808852 0.020507 0.587654
vn 0.792850 -0.198931 0.576034
vn 0.738441 -0.408513 0.536490
vn 0.659872 -0.578565 0.479407
vn 0.923457 0.239164 0.300047
vn 0.847957 0.452832 0.275522
vn 0.950859 0.020498 0.308946
vn 0.932047 -0.198950 0.302831
vn 0.868086 -0.408500 0.282054
vn 0.775722 -0.578559 0.252041
vn 0.970981 0.239156 -0.000000
vn 0.891591 0.452841 -0.000000
vn 0.999790 0.020485 0.000000
vn 0.980009 -0.198951 0.000000
vn 0.912762 -0.408491 -0.000000
vn 0.815643 -0.578555 -0.000000
vn 0.923461 0.239147 -0.300047
vn 0.847941 0.452867 -0.275514
vn 0.950859 0.020468 -0.308947
vn 0.932044 -0.198954 -0.302838
vn 0.868083 -0.408499 -0.282065
vn 0.775728 -0.578549 -0.252046
vn 0.785549 0.239129 -0.570727
vn 0.721294 0.452871 -0.524064
vn 0.808842 0.020454 -0.587670
vn 0.792842 -0.198934 -0.576044
vn 0.738437 -0.408488 -0.536515
vn 0.659875 -0.578548 -0.479424
vn 0.570726 0.239116 -0.785554
vn 0.524069 0.452850 -0.721303
vn 0.587676 0.020471 -0.808838
vn 0.576035 -0.198910 -0.792855
vn 0.536514 -0.408476 -0.738444
vn 0.479426 -0.578555 -0.659867
vn 0.300045 0.239111 -0.923471
vn 0.275533 0.452847 -0.847945
vn 0.308953 0.020485 -0.950856
vn 0.302854 -0.198907 -0.932049
vn 0.282055 -0.408493 -0.868089
vn 0.252046 -0.578558 -0.775721
vn -0.000000 0.239109 -0.970993
vn -0.000000 0.452851 -0.891586
vn -0.000000 0.020482 -0.999790
vn 0.000000 -0.198904 -0.980019
vn 0.000000 -0.408499 -0.912759
vn 0.000000 -0.578557 -0.815642
vn -0.300054 0.239121 -0.923466
vn -0.275507 0.452853 -0.847950
vn -0.308951 0.020473 -0.950857
vn -0.302836 -0.198895 -0.932058
vn -0.282064 -0.408491 -0.868087
vn -0.252044 -0.578561 -0.775719
vn -0.570720 0.239139 -0.785551
vn -0.524068 0.452838 -0.721312
vn -0.587670 0.020482 -0.808841
vn -0.576029 -0.198894 -0.792863
vn -0.536509 -0.408514 -0.738427
vn -0.479415 -0.578571 -0.659862
vn -0.785548 0.239132 -0.570728
vn -0.721326 0.452818 -0.524066
vn -0.808859 0.020510 -0.587644
vn -0.792861 -0.198899 -0.576030
vn -0.738433 -0.408528 -0.536490
vn -0.659861 -0.578572 -0.479414
vn -0.923467 0.239106 -0.300061
vn -0.847966 0.452816 -0.275522
vn -0.950858 0.020509 -0.308946
vn -0.932055 -0.198898 -0.302842
vn -0.868090 -0.408484 -0.282064
vn -0.775716 -0.578562 -0.252052
vn -0.970997 0.239093 0.000000
vn -0.891601 0.452821 -0.000000
vn -0.999790 0.020498 0.000001
vn -0.980020 -0.198898 0.000001
vn -0.912778 -0.408455 0.000000
vn -0.815644 -0.578555 0.000000
vn -0.923468 0.239100 0.300062
vn -0.847966 0.452818 0.275519
vn -0.950858 0.020509 0.308946
vn -0.932056 -0.198891 0.302842
vn -0.868089 -0.408486 0.282066
vn -0.775713 -0.578567 0.252052
vn -0.785553 0.239122 0.570725
vn -0.721329 0.452813 0.524065
vn -0.808862 0.020511 0.587640
vn -0.792866 -0.198890 0.576027
vn -0.738435 -0.408526 0.536488
vn -0.659857 -0.578579 0.479412
vn -0.570729 0.239127 0.785549
vn -0.524068 0.452830 0.721317
vn -0.587678 0.020489 0.808836
vn -0.576031 -0.198899 0.792860
vn -0.536510 -0.408527 0.738418
vn -0.479415 -0.578573 0.659859
vn -0.300055 0.239113 0.923467
vn -0.275493 0.452850 0.847956
vn -0.308930 0.020490 0.950864
vn -0.302848 -0.198905 0.932051
vn -0.282044 -0.408519 0.868080
vn -0.252041 -0.578562 0.775720
vn 0.233603 0.917632 0.321531
vn 0.122811 0.917634 0.377976
vn 0.321529 0.917631 0.233607
vn 0.377984 0.917630 0.122812
vn 0.397428 0.917633 0.000000
vn 0.377978 0.917633 -0.122809
vn 0.321526 0.917634 -0.233599
vn 0.233600 0.917635 -0.321523
vn 0.122810 0.917634 -0.377976
vn 0.000000 0.917634 -0.397425
vn -0.122808 0.917635 -0.377975
vn -0.233595 0.917638 -0.321518
vn -0.321517 0.917639 -0.233592
vn -0.377971 0.917636 -0.122811
vn -0.397429 0.917633 0.000000
vn -0.377982 0.917631 0.122811
vn -0.321528 0.917632 0.233603
vn -0.233607 0.917632 0.321527
vn -0.122812 0.917633 0.377977
vn 0.000002 0.917635 0.397423
vn 0.306218 0.134320 0.942438
vn 0.582463 0.134305 0.801685
vn 0.801676 0.134402 0.582453
vn 0.942423 0.134433 0.306214
vn 0.990924 0.134422 -0.000001
vn 0.942438 0.134327 -0.306214
vn 0.801695 0.134309 -0.582449
vn 0.582465 0.134430 -0.801663
vn 0.306213 0.134398 -0.942428
vn 0.000000 0.134332 -0.990936
vn -0.306215 0.134374 -0.942431
vn -0.582455 0.134449 -0.801667
vn -0.801676 0.134523 -0.582425
vn -0.942406 0.134555 -0.306213
vn -0.990917 0.134472 -0.000002
vn -0.942415 0.134434 0.306237
vn -0.801666 0.134443 0.582458
vn -0.582449 0.134345 0.801688
vn -0.306204 0.134295 0.942445
vn -0.000001 0.134344 0.990935
vn 0.241011 0.625910 0.741721
vn 0.000003 0.625909 0.779896
vn 0.023545 0.997094 0.072456
vn 0.000002 0.997094 0.076184
vn 0.308399 -0.062621 0.949194
vn 0.308379 -0.062621 0.949200
vn -0.000000 -0.062749 0.998029
vn 0.000000 -0.062749 0.998029
vn 0.458416 0.625901 0.630954
vn 0.586664 -0.062243 0.807435
vn 0.586597 -0.062243 0.807483
vn 0.044781 0.997093 0.061636
vn 0.630950 0.625905 0.458416
vn 0.807507 -0.062407 0.586548
vn 0.807417 -0.062407 0.586672
vn 0.061635 0.997094 0.044782
vn 0.741718 0.625911 0.241017
vn 0.949143 -0.063166 0.308443
vn 0.949164 -0.063166 0.308380
vn 0.072455 0.997094 0.023544
vn 0.779895 0.625910 -0.000001
vn 0.997977 -0.063582 -0.000008
vn 0.997977 -0.063582 -0.000008
vn 0.076182 0.997094 -0.000000
vn 0.741777 0.625839 -0.241023
vn 0.949128 -0.063245 -0.308474
vn 0.949148 -0.063245 -0.308411
vn 0.072451 0.997094 -0.023540
vn 0.631021 0.625777 -0.458493
vn 0.807425 -0.063037 -0.586592
vn 0.807380 -0.063037 -0.586655
vn 0.061631 0.997094 -0.044774
vn 0.458435 0.625837 -0.631003
vn 0.586543 -0.063179 -0.807450
vn 0.586685 -0.063179 -0.807347
vn 0.044775 0.997094 -0.061629
vn 0.241005 0.625886 -0.741743
vn 0.308373 -0.062954 -0.949180
vn 0.308360 -0.062954 -0.949184
vn 0.023539 0.997094 -0.072453
vn -0.000000 0.625878 -0.779921
vn 0.000000 -0.062700 -0.998032
vn 0.000000 -0.062700 -0.998032
vn 0.000000 0.997094 -0.076183
vn -0.241011 0.625897 -0.741732
vn -0.308368 -0.062826 -0.949190
vn -0.308355 -0.062826 -0.949194
vn -0.023542 0.997094 -0.072455
vn -0.458421 0.625927 -0.630925
vn -0.586599 -0.063006 -0.807423
vn -0.586558 -0.063006 -0.807452
vn -0.044785 0.997094 -0.061634
vn -0.630924 0.625967 -0.458366
vn -0.807387 -0.063170 -0.586631
vn -0.807411 -0.063170 -0.586598
vn -0.061634 0.997094 -0.044780
vn -0.741653 0.626010 -0.240962
vn -0.949138 -0.063439 -0.308405
vn -0.949148 -0.063439 -0.308371
vn -0.072451 0.997094 -0.023543
vn -0.779805 0.626022 -0.000000
vn -0.997977 -0.063580 0.000008
vn -0.997977 -0.063580 0.000008
vn -0.076185 0.997094 -0.000000
vn -0.741628 0.626037 0.240966
vn -0.949133 -0.063392 0.308429
vn -0.949153 -0.063392 0.308367
vn -0.072452 0.997094 0.023538
vn -0.630897 0.625982 0.458383
vn -0.807419 -0.063043 0.586600
vn -0.807468 -0.063043 0.586533
vn -0.061616 0.997095 0.044774
vn -0.458429 0.625895 0.630950
vn -0.586649 -0.062824 0.807401
vn -0.586634 -0.062824 0.807412
vn -0.044765 0.997095 0.061632
vn -0.241008 0.625889 0.741740
vn -0.308399 -0.062725 0.949187
vn -0.308399 -0.062725 0.949187
vn -0.023540 0.997094 0.072453
vn 0.309015 0.003134 0.951052
vn 0.587782 0.003130 0.809014
vn 0.587780 -0.001972 0.809018
vn 0.309016 -0.001971 0.951055
vn 0.809023 0.003137 0.587769
vn 0.809026 -0.001971 0.587770
vn 0.951051 0.003142 0.309016
vn 0.951055 -0.001972 0.309015
vn 0.999995 0.003137 0.000000
vn 0.999998 -0.001976 -0.000000
vn 0.951051 0.003139 -0.309016
vn 0.951055 -0.001977 -0.309017
vn 0.809013 0.003138 -0.587782
vn 0.809015 -0.001982 -0.587784
vn 0.587785 0.003137 -0.809011
vn 0.587787 -0.001981 -0.809014
vn 0.309018 0.003139 -0.951051
vn 0.309021 -0.001974 -0.951053
vn 0.000001 0.003138 -0.999995
vn -0.000001 -0.001973 -0.999998
vn -0.309015 0.003137 -0.951052
vn -0.309018 -0.001974 -0.951054
vn -0.587786 0.003138 -0.809010
vn -0.587788 -0.001971 -0.809012
vn -0.809021 0.003150 -0.587772
vn -0.809020 -0.001962 -0.587777
vn -0.951050 0.003147 -0.309023
vn -0.951052 -0.001964 -0.309023
vn -0.999995 0.003133 0.000000
vn -0.999998 -0.001971 -0.000000
vn -0.951049 0.003147 0.309023
vn -0.951053 -0.001963 0.309023
vn -0.809023 0.003150 0.587768
vn -0.809022 -0.001958 0.587775
vn -0.587787 0.003137 0.809009
vn -0.587787 -0.001971 0.809013
vn -0.309006 0.003135 0.951055
vn -0.309004 -0.001978 0.951059
vn 0.000002 0.003136 0.999995
vn 0.000002 -0.001973 0.999998
vn 0.318602 0.840359 0.438509
vn 0.167498 0.840364 0.515492
vn 0.438515 0.840356 0.318600
vn 0.515502 0.840358 0.167500
vn 0.542030 0.840359 -0.000001
vn 0.515497 0.840362 -0.167492
vn 0.438501 0.840369 -0.318586
vn 0.318587 0.840368 -0.438501
vn 0.167498 0.840365 -0.515492
vn 0.000000 0.840364 -0.542023
vn -0.167492 0.840363 -0.515497
vn -0.318600 0.840360 -0.438508
vn -0.438510 0.840360 -0.318596
vn -0.515495 0.840363 -0.167496
vn -0.542024 0.840363 -0.000000
vn -0.515493 0.840364 0.167496
vn -0.438510 0.840361 0.318593
vn -0.318604 0.840361 0.438503
vn -0.167489 0.840365 0.515494
vn 0.000001 0.840366 0.542020
vn 0.246683 -0.602262 0.759228
vn 0.469219 -0.602275 0.645831
vn 0.645829 -0.602282 0.469213
vn 0.759216 -0.602277 0.246685
vn 0.798288 -0.602276 -0.000000
vn 0.759226 -0.602262 -0.246689
vn 0.645845 -0.602251 -0.469231
vn 0.469228 -0.602257 -0.645842
vn 0.246688 -0.602260 -0.759228
vn 0.000001 -0.602258 -0.798301
vn -0.246691 -0.602258 -0.759229
vn -0.469241 -0.602252 -0.645837
vn -0.645842 -0.602258 -0.469226
vn -0.759212 -0.602281 -0.246689
vn -0.798274 -0.602294 0.000000
vn -0.759205 -0.602288 0.246692
vn -0.645837 -0.602268 0.469220
vn -0.469237 -0.602257 0.645836
vn -0.246685 -0.602255 0.759233
vn 0.000001 -0.602257 0.798302
vn 0.223541 0.690440 0.687984
vn 0.425149 0.690514 0.585183
vn 0.269682 0.488018 0.830126
vn 0.512974 0.488038 0.706170
vn 0.299028 0.252552 0.920217
vn 0.568717 0.252437 0.782839
vn 0.585253 0.690444 0.425166
vn 0.706067 0.488110 0.513048
vn 0.782791 0.252585 0.568717
vn 0.688119 0.690291 0.223588
vn 0.830019 0.488196 0.269691
vn 0.920141 0.252902 0.298965
vn 0.723616 0.690202 -0.000001
vn 0.872699 0.488259 0.000001
vn 0.967456 0.253039 0.000002
vn 0.688192 0.690217 -0.223588
vn 0.830031 0.488173 -0.269695
vn 0.920105 0.253043 -0.298959
vn 0.585293 0.690325 -0.425304
vn 0.706123 0.488070 -0.513008
vn 0.782676 0.252957 -0.568710
vn 0.425140 0.690441 -0.585275
vn 0.513058 0.488021 -0.706122
vn 0.568703 0.252749 -0.782748
vn 0.223495 0.690485 -0.687953
vn 0.269709 0.488029 -0.830111
vn 0.298989 0.252636 -0.920207
vn -0.000000 0.690442 -0.723388
vn -0.000000 0.488045 -0.872819
vn -0.000000 0.252663 -0.967554
vn -0.223545 0.690458 -0.687964
vn -0.269686 0.488056 -0.830103
vn -0.298986 0.252601 -0.920218
vn -0.425137 0.690503 -0.585204
vn -0.512963 0.488114 -0.706126
vn -0.568694 0.252463 -0.782847
vn -0.585270 0.690429 -0.425167
vn -0.706067 0.488071 -0.513084
vn -0.782794 0.252501 -0.568750
vn -0.688140 0.690268 -0.223593
vn -0.830105 0.488039 -0.269710
vn -0.920164 0.252793 -0.298988
vn -0.723610 0.690209 -0.000001
vn -0.872782 0.488111 -0.000001
vn -0.967476 0.252962 0.000000
vn -0.688126 0.690281 0.223597
vn -0.830082 0.488068 0.269726
vn -0.920168 0.252795 0.298973
vn -0.585290 0.690407 0.425174
vn -0.706083 0.488074 0.513059
vn -0.782812 0.252437 0.568754
vn -0.425186 0.690484 0.585191
vn -0.513003 0.488148 0.706073
vn -0.568706 0.252409 0.782856
vn -0.223584 0.690465 0.687945
vn -0.269700 0.488135 0.830051
vn -0.298922 0.252647 0.920226
vn 0.000001 0.690409 0.723419
vn -0.000014 0.488077 0.872800
vn -0.000000 0.252684 0.967549
vn 0.272415 -0.472059 0.838421
vn 0.000001 -0.471932 0.881635
vn 0.292538 -0.322265 0.900315
vn -0.000000 -0.322291 0.946641
vn 0.304815 -0.163369 0.938295
vn 0.000015 -0.163478 0.986547
vn 0.518087 -0.472158 0.713199
vn 0.556410 -0.322143 0.765919
vn 0.579898 -0.163257 0.798164
vn 0.713188 -0.472068 0.518184
vn 0.765838 -0.322329 0.556414
vn 0.798149 -0.163283 0.579911
vn 0.838475 -0.471950 0.272437
vn 0.900245 -0.322481 0.292516
vn 0.938282 -0.163376 0.304853
vn 0.881631 -0.471939 -0.000004
vn 0.946602 -0.322404 0.000001
vn 0.986557 -0.163415 -0.000000
vn 0.838474 -0.471962 -0.272421
vn 0.900239 -0.322487 -0.292526
vn 0.938263 -0.163468 -0.304864
vn 0.713189 -0.472059 -0.518191
vn 0.765788 -0.322453 -0.556410
vn 0.798138 -0.163438 -0.579882
vn 0.518194 -0.472131 -0.713139
vn 0.556301 -0.322348 -0.765912
vn 0.579974 -0.163291 -0.798102
vn 0.272429 -0.472058 -0.838417
vn 0.292496 -0.322327 -0.900306
vn 0.304843 -0.163291 -0.938300
vn 0.000000 -0.471984 -0.881607
vn -0.000000 -0.322312 -0.946633
vn -0.000000 -0.163374 -0.986564
vn -0.272433 -0.472081 -0.838403
vn -0.292522 -0.322270 -0.900318
vn -0.304833 -0.163287 -0.938304
vn -0.518105 -0.472092 -0.713229
vn -0.556417 -0.322164 -0.765905
vn -0.579942 -0.163388 -0.798105
vn -0.713267 -0.471847 -0.518277
vn -0.765932 -0.322156 -0.556384
vn -0.798103 -0.163732 -0.579847
vn -0.838559 -0.471765 -0.272501
vn -0.900376 -0.322100 -0.292531
vn -0.938230 -0.163652 -0.304866
vn -0.881673 -0.471861 -0.000000
vn -0.946740 -0.322000 -0.000001
vn -0.986554 -0.163433 -0.000000
vn -0.838572 -0.471743 0.272499
vn -0.900376 -0.322077 0.292555
vn -0.938232 -0.163670 0.304850
vn -0.713305 -0.471762 0.518302
vn -0.765934 -0.322122 0.556401
vn -0.798079 -0.163763 0.579871
vn -0.518177 -0.471907 0.713300
vn -0.556435 -0.322044 0.765942
vn -0.579903 -0.163521 0.798106
vn -0.272367 -0.471902 0.838525
vn -0.292606 -0.322127 0.900342
vn -0.304865 -0.163472 0.938261
vn 0.421886 0.696281 0.580694
vn 0.221796 0.696309 0.682613
vn 0.580745 0.696226 0.421906
vn 0.682743 0.696177 0.221811
vn 0.717864 0.696183 -0.000001
vn 0.682678 0.696239 -0.221815
vn 0.580673 0.696302 -0.421880
vn 0.421864 0.696338 -0.580642
vn 0.221770 0.696341 -0.682589
vn -0.000001 0.696325 -0.717727
vn -0.221808 0.696315 -0.682603
vn -0.421885 0.696305 -0.580665
vn -0.580677 0.696308 -0.421863
vn -0.682594 0.696327 -0.221797
vn -0.717718 0.696334 0.000001
vn -0.682607 0.696315 0.221795
vn -0.580703 0.696282 0.421872
vn -0.421890 0.696299 0.580670
vn -0.221789 0.696341 0.682582
vn 0.000007 0.696335 0.717717
vn 0.471764 0.606855 0.639660
vn 0.344240 0.814607 0.466814
vn 0.183134 0.814606 0.550345
vn 0.251025 0.606841 0.754142
vn 0.555562 0.351932 0.753322
vn 0.295563 0.351959 0.888126
vn 0.581162 -0.185294 0.792412
vn 0.592150 0.065930 0.803126
vn 0.314992 0.065983 0.946798
vn 0.307846 -0.185293 0.933219
vn 0.004113 0.814606 0.580000
vn 0.005719 0.606852 0.794794
vn 0.006651 0.351944 0.935997
vn 0.007031 0.065992 0.997795
vn 0.004408 -0.185293 0.982673
vn 0.646357 0.606862 0.462539
vn 0.471650 0.814608 0.337581
vn 0.761178 0.351898 0.544771
vn 0.811354 0.065893 0.580829
vn 0.797597 -0.185293 0.574025
vn 0.757658 0.606849 0.240184
vn 0.552880 0.814609 0.175320
vn 0.892251 0.351921 0.282914
vn 0.951127 0.065954 0.301674
vn 0.935939 -0.185294 0.299474
vn 0.794806 0.606836 -0.005699
vn 0.579998 0.814608 -0.004108
vn 0.936004 0.351926 -0.006665
vn 0.997793 0.066038 -0.007005
vn 0.982673 -0.185295 -0.004403
vn 0.754138 0.606844 -0.251030
vn 0.550340 0.814608 -0.183138
vn 0.888148 0.351885 -0.295584
vn 0.946794 0.066010 -0.314999
vn 0.933216 -0.185293 -0.307855
vn 0.639621 0.606892 -0.471771
vn 0.466809 0.814606 -0.344247
vn 0.753341 0.351903 -0.555555
vn 0.803111 0.065950 -0.592168
vn 0.792406 -0.185292 -0.581171
vn 0.462528 0.606901 -0.646327
vn 0.337592 0.814606 -0.471645
vn 0.544787 0.351949 -0.761143
vn 0.580818 0.065968 -0.811356
vn 0.574039 -0.185293 -0.797587
vn 0.240178 0.606874 -0.757640
vn 0.175322 0.814607 -0.552882
vn 0.282905 0.351962 -0.892237
vn 0.301673 0.065981 -0.951126
vn 0.299472 -0.185294 -0.935939
vn -0.005709 0.606866 -0.794783
vn -0.004111 0.814606 -0.580000
vn -0.006672 0.351939 -0.935999
vn -0.006980 0.065961 -0.997798
vn -0.004406 -0.185293 -0.982673
vn -0.251010 0.606872 -0.754122
vn -0.183142 0.814606 -0.550341
vn -0.295608 0.351913 -0.888129
vn -0.314976 0.065962 -0.946805
vn -0.307854 -0.185292 -0.933216
vn -0.471793 0.606863 -0.639632
vn -0.344239 0.814608 -0.466812
vn -0.555574 0.351874 -0.753340
vn -0.592135 0.065980 -0.803133
vn -0.581164 -0.185291 -0.792411
vn -0.646358 0.606847 -0.462556
vn -0.471641 0.814609 -0.337591
vn -0.761193 0.351828 -0.544795
vn -0.811350 0.065950 -0.580828
vn -0.797593 -0.185290 -0.574032
vn -0.757654 0.606853 -0.240188
vn -0.552878 0.814609 -0.175324
vn -0.892282 0.351835 -0.282921
vn -0.951124 0.065926 -0.301688
vn -0.935937 -0.185290 -0.299482
vn -0.794774 0.606879 0.005708
vn -0.579997 0.814608 0.004116
vn -0.936007 0.351918 0.006666
vn -0.997797 0.065974 0.007000
vn -0.982674 -0.185291 0.004404
vn -0.754091 0.606904 0.251028
vn -0.550343 0.814606 0.183138
vn -0.888120 0.351966 0.295571
vn -0.946795 0.066006 0.314995
vn -0.933214 -0.185293 0.307859
vn -0.639653 0.606868 0.471758
vn -0.466820 0.814607 0.344230
vn -0.753338 0.351913 0.555553
vn -0.803118 0.066000 0.592154
vn -0.792417 -0.185293 0.581156
vn -0.462580 0.606826 0.646361
vn -0.337588 0.814607 0.471646
vn -0.544780 0.351879 0.761181
vn -0.580821 0.065999 0.811352
vn -0.574037 -0.185292 0.797589
vn -0.240192 0.606840 0.757663
vn -0.175317 0.814607 0.552882
vn -0.282900 0.351909 0.892260
vn -0.301659 0.065997 0.951129
vn -0.299466 -0.185293 0.935941
vn 0.113336 0.930313 0.348816
vn 0.111864 0.932191 0.344247
vn 0.212765 0.932194 0.292825
vn 0.215589 0.930307 0.296733
vn -0.000006 0.930312 0.366768
vn 0.000001 0.932188 0.361973
vn 0.292835 0.932194 0.212750
vn 0.296727 0.930307 0.215598
vn 0.344243 0.932194 0.111854
vn 0.348803 0.930316 0.113352
vn 0.361967 0.932191 0.000000
vn 0.366755 0.930317 0.000010
vn 0.344245 0.932193 -0.111853
vn 0.348807 0.930318 -0.113325
vn 0.292827 0.932196 -0.212752
vn 0.296713 0.930319 -0.215565
vn 0.212767 0.932190 -0.292835
vn 0.215583 0.930316 -0.296710
vn 0.111852 0.932186 -0.344266
vn 0.113352 0.930313 -0.348810
vn -0.000002 0.932186 -0.361980
vn 0.000011 0.930311 -0.366772
vn -0.111859 0.932188 -0.344258
vn -0.113326 0.930311 -0.348825
vn -0.212762 0.932190 -0.292839
vn -0.215576 0.930313 -0.296724
vn -0.292848 0.932186 -0.212763
vn -0.296724 0.930310 -0.215587
vn -0.344281 0.932178 -0.111865
vn -0.348830 0.930306 -0.113353
vn -0.362001 0.932178 0.000000
vn -0.366780 0.930308 -0.000009
vn -0.344263 0.932185 0.111865
vn -0.348814 0.930314 0.113332
vn -0.292845 0.932188 0.212761
vn -0.296720 0.930316 0.215566
vn -0.212768 0.932190 0.292834
vn -0.215584 0.930315 0.296711
vn -0.111851 0.932190 0.344254
vn -0.113338 0.930313 0.348816
vn 0.306757 -0.185019 0.933632
vn 0.580253 -0.185020 0.793142
vn 0.796959 -0.185018 0.575000
vn 0.935633 -0.185018 0.300599
vn 0.982729 -0.185020 -0.003238
vn 0.933629 -0.185021 -0.306764
vn 0.793136 -0.185020 -0.580262
vn 0.575013 -0.185020 -0.796949
vn 0.300596 -0.185020 -0.935633
vn -0.003242 -0.185019 -0.982729
vn -0.306763 -0.185019 -0.933629
vn -0.580254 -0.185020 -0.793141
vn -0.796954 -0.185018 -0.575007
vn -0.935630 -0.185018 -0.300607
vn -0.982730 -0.185019 0.003239
vn -0.933627 -0.185021 0.306770
vn -0.793145 -0.185022 0.580248
vn -0.575013 -0.185021 0.796949
vn -0.300591 -0.185020 0.935635
vn 0.003244 -0.185020 0.982729
vn 0.308604 0.060235 0.949282
vn 0.000191 0.060240 0.998184
vn 0.284389 0.391613 0.875078
vn 0.000044 0.391659 0.920111
vn 0.232403 0.658817 0.715506
vn -0.000097 0.658857 0.752268
vn 0.158162 0.858914 0.487085
vn -0.000078 0.858908 0.512130
vn 0.586873 0.060232 0.807435
vn 0.540885 0.391556 0.744398
vn 0.442115 0.658811 0.608690
vn 0.300952 0.858911 0.414366
vn -0.308262 0.060237 0.949393
vn -0.284328 0.391680 0.875068
vn -0.232493 0.658871 0.715427
vn -0.158358 0.858905 0.487037
vn 0.807676 0.060198 0.586546
vn 0.744423 0.391559 0.540847
vn 0.608559 0.658871 0.442203
vn 0.414266 0.858914 0.301081
vn 0.949393 0.060210 0.308266
vn 0.875112 0.391588 0.284318
vn 0.715414 0.658875 0.232519
vn 0.487031 0.858913 0.158333
vn 0.998182 0.060268 -0.000195
vn 0.920099 0.391687 -0.000017
vn 0.752268 0.658858 0.000071
vn 0.512142 0.858901 0.000078
vn 0.949267 0.060290 -0.308638
vn 0.875021 0.391777 -0.284338
vn 0.715518 0.658798 -0.232419
vn 0.487133 0.858878 -0.158210
vn 0.807429 0.060274 -0.586878
vn 0.744352 0.391709 -0.540837
vn 0.608700 0.658772 -0.442158
vn 0.414412 0.858873 -0.300998
vn 0.586569 0.060281 -0.807653
vn 0.540807 0.391636 -0.744412
vn 0.442264 0.658816 -0.608575
vn 0.301091 0.858905 -0.414278
vn 0.308267 0.060295 -0.949387
vn 0.284346 0.391634 -0.875083
vn 0.232516 0.658835 -0.715452
vn 0.158313 0.858924 -0.487017
vn -0.000185 0.060265 -0.998182
vn 0.000006 0.391652 -0.920113
vn 0.000059 0.658863 -0.752263
vn 0.000067 0.858916 -0.512117
vn -0.308657 0.060261 -0.949263
vn -0.284312 0.391675 -0.875076
vn -0.232419 0.658866 -0.715456
vn -0.158194 0.858903 -0.487094
vn -0.586860 0.060251 -0.807444
vn -0.540844 0.391698 -0.744352
vn -0.442110 0.658855 -0.608645
vn -0.300959 0.858901 -0.414382
vn -0.807668 0.060207 -0.586556
vn -0.744379 0.391683 -0.540819
vn -0.608540 0.658888 -0.442206
vn -0.414274 0.858909 -0.301085
vn -0.949390 0.060189 -0.308280
vn -0.875086 0.391644 -0.284322
vn -0.715409 0.658881 -0.232522
vn -0.487041 0.858908 -0.158331
vn -0.998189 0.060162 0.000197
vn -0.920124 0.391628 0.000027
vn -0.752247 0.658882 -0.000067
vn -0.512103 0.858924 -0.000073
vn -0.949266 0.060192 0.308660
vn -0.875080 0.391633 0.284355
vn -0.715443 0.658884 0.232406
vn -0.487025 0.858947 0.158166
vn -0.807444 0.060198 0.586865
vn -0.744368 0.391688 0.540830
vn -0.608618 0.658894 0.442090
vn -0.414334 0.858933 0.300934
vn -0.586561 0.060191 0.807665
vn -0.540777 0.391710 0.744394
vn -0.442235 0.658890 0.608516
vn -0.301072 0.858908 0.414286
vn 0.341913 0.817381 0.463664
vn 0.181896 0.817380 0.546630
vn 0.468466 0.817381 0.335304
vn 0.549148 0.817381 0.174139
vn 0.576085 0.817380 -0.004077
vn 0.546627 0.817381 -0.181900
vn 0.463658 0.817380 -0.341923
vn 0.335316 0.817379 -0.468460
vn 0.174141 0.817380 -0.549149
vn -0.004081 0.817380 -0.576085
vn -0.181904 0.817380 -0.546627
vn -0.341914 0.817380 -0.463664
vn -0.468456 0.817381 -0.335315
vn -0.549146 0.817382 -0.174144
vn -0.576084 0.817381 0.004088
vn -0.546630 0.817379 0.181900
vn -0.463671 0.817380 0.341904
vn -0.335309 0.817381 0.468462
vn -0.174135 0.817381 0.549150
vn 0.004084 0.817380 0.576085
vn 0.575932 0.241622 0.780974
vn 0.593399 0.017740 0.804713
vn 0.315676 0.017750 0.948701
vn 0.306392 0.241637 0.920726
vn 0.524545 0.467915 0.711272
vn 0.279075 0.467847 0.838592
vn 0.443130 0.665264 0.600883
vn 0.235657 0.665317 0.708392
vn 0.007080 0.017733 0.999818
vn 0.006885 0.241553 0.970363
vn 0.006267 0.467845 0.883789
vn 0.005302 0.665351 0.746512
vn 0.789125 0.241514 0.564759
vn 0.813051 0.017703 0.581924
vn 0.718664 0.467950 0.514340
vn 0.607106 0.665310 0.434493
vn 0.924992 0.241551 0.293331
vn 0.953070 0.017682 0.302234
vn 0.842452 0.467888 0.267124
vn 0.711618 0.665337 0.225670
vn 0.970363 0.241555 -0.006864
vn 0.999818 0.017696 -0.007076
vn 0.883771 0.467878 -0.006253
vn 0.746518 0.665345 -0.005278
vn 0.920744 0.241577 -0.306384
vn 0.948692 0.017746 -0.315704
vn 0.838556 0.467915 -0.279069
vn 0.708337 0.665363 -0.235691
vn 0.780966 0.241622 -0.575943
vn 0.804703 0.017745 -0.593412
vn 0.711276 0.467895 -0.524558
vn 0.600862 0.665309 -0.443090
vn 0.564759 0.241575 -0.789107
vn 0.581964 0.017701 -0.813022
vn 0.514411 0.467908 -0.718640
vn 0.434552 0.665276 -0.607102
vn 0.293289 0.241545 -0.925007
vn 0.302235 0.017701 -0.953069
vn 0.267157 0.467914 -0.842427
vn 0.225703 0.665311 -0.711631
vn -0.006881 0.241520 -0.970371
vn -0.007076 0.017715 -0.999818
vn -0.006272 0.467872 -0.883774
vn -0.005283 0.665351 -0.746512
vn -0.306357 0.241552 -0.920759
vn -0.315702 0.017721 -0.948693
vn -0.279048 0.467898 -0.838572
vn -0.235739 0.665332 -0.708351
vn -0.575920 0.241672 -0.780968
vn -0.593410 0.017728 -0.804705
vn -0.524543 0.467913 -0.711275
vn -0.443127 0.665249 -0.600901
vn -0.789025 0.241771 -0.564789
vn -0.813039 0.017712 -0.581939
vn -0.718685 0.467917 -0.514340
vn -0.607157 0.665212 -0.434572
vn -0.924937 0.241752 -0.293337
vn -0.953068 0.017694 -0.302240
vn -0.842428 0.467925 -0.267133
vn -0.711654 0.665295 -0.225682
vn -0.970342 0.241637 0.006871
vn -0.999819 0.017666 0.007073
vn -0.883757 0.467903 0.006262
vn -0.746578 0.665276 0.005294
vn -0.920752 0.241478 0.306438
vn -0.948696 0.017643 0.315696
vn -0.838562 0.467913 0.279053
vn -0.708384 0.665295 0.235741
vn -0.781022 0.241369 0.575974
vn -0.804731 0.017662 0.593377
vn -0.711279 0.467918 0.524532
vn -0.600758 0.665428 0.443053
vn -0.564772 0.241437 0.789139
vn -0.581951 0.017685 0.813031
vn -0.514391 0.467882 0.718671
vn -0.434486 0.665362 0.607054
vn -0.293256 0.241524 0.925023
vn -0.302226 0.017709 0.953072
vn -0.267186 0.467858 0.842449
vn -0.225629 0.665314 0.711652
vn 0.020411 0.997908 0.061342
vn 0.038370 0.997908 0.052034
vn -0.000001 1.000000 0.000000
vn 0.052571 0.997908 0.037626
vn 0.061624 0.997908 0.019543
vn 0.064651 0.997908 -0.000456
vn 0.061345 0.997908 -0.020413
vn 0.052033 0.997908 -0.038372
vn 0.037629 0.997908 -0.052571
vn 0.019543 0.997908 -0.061627
vn -0.000457 0.997908 -0.064649
vn -0.020413 0.997908 -0.061344
vn -0.038370 0.997908 -0.052032
vn -0.052572 0.997908 -0.037629
vn -0.061625 0.997908 -0.019543
vn -0.064649 0.997908 0.000458
vn -0.061343 0.997908 0.020412
vn -0.052034 0.997908 0.038369
vn -0.037629 0.997908 0.052571
vn -0.019544 0.997908 0.061626
vn 0.000458 0.997908 0.064648
vn 0.587483 0.141908 0.796697
vn 0.312537 0.141908 0.939246
vn 0.804945 0.141903 0.576132
vn 0.943574 0.141893 0.299224
vn 0.989857 0.141891 -0.007007
vn 0.939241 0.141891 -0.312559
vn 0.796688 0.141893 -0.587499
vn 0.576159 0.141902 -0.804925
vn 0.299214 0.141913 -0.943574
vn -0.007003 0.141911 -0.989855
vn -0.312554 0.141906 -0.939240
vn -0.587504 0.141905 -0.796682
vn -0.804933 0.141896 -0.576149
vn -0.943571 0.141904 -0.299226
vn -0.989853 0.141924 0.007003
vn -0.939238 0.141927 0.312552
vn -0.796700 0.141922 0.587476
vn -0.576147 0.141913 0.804932
vn -0.299207 0.141907 0.943577
vn 0.007015 0.141907 0.989855
vn 0.518372 0.486952 0.702971
vn 0.710251 0.486957 0.508347
vn 0.151831 0.966722 0.205903
vn 0.208031 0.966723 0.148894
vn 0.417067 0.711467 0.565570
vn 0.571425 0.711480 0.408986
vn 0.275770 0.486951 0.828752
vn 0.221875 0.711465 0.666775
vn 0.080773 0.966722 0.242742
vn 0.832565 0.486956 0.264024
vn 0.243858 0.966723 0.077336
vn 0.669825 0.711486 0.212422
vn 0.873412 0.486942 -0.006181
vn 0.255832 0.966720 -0.001807
vn 0.702692 0.711477 -0.004969
vn 0.828756 0.486933 -0.275790
vn 0.242754 0.966719 -0.080778
vn 0.666779 0.711458 -0.221885
vn 0.702970 0.486940 -0.518384
vn 0.205899 0.966721 -0.151841
vn 0.565572 0.711465 -0.417068
vn 0.508375 0.486957 -0.710231
vn 0.148905 0.966722 -0.208029
vn 0.409007 0.711477 -0.571414
vn 0.264012 0.486961 -0.832566
vn 0.077331 0.966723 -0.243859
vn 0.212406 0.711475 -0.669841
vn -0.006191 0.486955 -0.873405
vn -0.001811 0.966722 -0.255821
vn -0.004973 0.711467 -0.702702
vn -0.275786 0.486948 -0.828749
vn -0.080775 0.966722 -0.242741
vn -0.221881 0.711465 -0.666773
vn -0.518388 0.486949 -0.702961
vn -0.151838 0.966721 -0.205904
vn -0.417076 0.711464 -0.565567
vn -0.710240 0.486952 -0.508367
vn -0.208038 0.966720 -0.148907
vn -0.571414 0.711479 -0.409004
vn -0.832570 0.486948 -0.264023
vn -0.243850 0.966725 -0.077332
vn -0.669844 0.711466 -0.212425
vn -0.873403 0.486959 0.006185
vn -0.255800 0.966728 0.001814
vn -0.702709 0.711460 0.004981
vn -0.828736 0.486972 0.275781
vn -0.242743 0.966722 0.080777
vn -0.666748 0.711487 0.221885
vn -0.702974 0.486962 0.518359
vn -0.205904 0.966722 0.151831
vn -0.565572 0.711483 0.417037
vn -0.508367 0.486955 0.710238
vn -0.148887 0.966724 0.208031
vn -0.409003 0.711474 0.571421
vn -0.264007 0.486954 0.832572
vn -0.077322 0.966723 0.243859
vn -0.212400 0.711472 0.669847
vn 0.006189 0.486951 0.873407
vn 0.001812 0.966723 0.255821
vn 0.004979 0.711465 0.702704
vn 0.581851 -0.141776 0.800843
vn 0.574621 -0.210453 0.790898
vn 0.302090 -0.210451 0.929759
vn 0.305898 -0.141782 0.941448
vn 0.559532 -0.306320 0.770124
vn 0.294160 -0.306310 0.905342
vn 0.538997 -0.398896 0.741865
vn 0.283361 -0.398894 0.872118
vn 0.513268 -0.487329 0.706447
vn 0.269831 -0.487331 0.830482
vn 0.490398 -0.551287 0.674976
vn 0.257810 -0.551284 0.793486
vn 0.674979 -0.551286 -0.490395
vn 0.490400 -0.551287 -0.674975
vn 0.484070 -0.567247 -0.666264
vn 0.666264 -0.567251 -0.484064
vn 0.793481 -0.551288 -0.257815
vn 0.783231 -0.567263 -0.254485
vn 0.834312 -0.551293 0.000000
vn 0.823531 -0.567271 0.000000
vn 0.793478 -0.551291 0.257819
vn 0.783231 -0.567261 0.254488
vn 0.674984 -0.551288 0.490385
vn 0.666266 -0.567252 0.484060
vn 0.484066 -0.567254 0.666261
vn 0.254483 -0.567250 0.783240
vn 0.000000 -0.551279 0.834321
vn -0.000001 -0.567242 0.823551
vn -0.257815 -0.551281 0.793486
vn -0.254481 -0.567243 0.783246
vn -0.490406 -0.551285 0.674972
vn -0.484077 -0.567242 0.666263
vn -0.674983 -0.551285 0.490390
vn -0.666275 -0.567234 0.484070
vn -0.793480 -0.551288 0.257821
vn -0.783238 -0.567249 0.254492
vn -0.834312 -0.551293 -0.000000
vn -0.823533 -0.567269 0.000000
vn -0.793480 -0.551288 -0.257820
vn -0.783238 -0.567251 -0.254490
vn -0.674984 -0.551283 -0.490392
vn -0.666273 -0.567236 -0.484070
vn -0.490400 -0.551280 -0.674980
vn -0.484073 -0.567244 -0.666264
vn -0.257818 -0.551283 -0.793484
vn -0.254492 -0.567251 -0.783237
vn 0.000000 -0.551282 -0.834319
vn -0.000000 -0.567248 -0.823547
vn 0.257816 -0.551285 -0.793483
vn 0.254491 -0.567248 -0.783239
vn 0.581849 -0.141784 -0.800843
vn 0.800843 -0.141790 -0.581847
vn 0.941445 -0.141803 -0.305899
vn 0.989895 -0.141802 0.000001
vn 0.941446 -0.141799 0.305896
vn 0.800845 -0.141785 0.581845
vn 0.000001 -0.141784 0.989897
vn -0.305880 -0.141784 0.941453
vn -0.581849 -0.141778 0.800843
vn -0.800849 -0.141770 0.581844
vn -0.941447 -0.141775 0.305903
vn -0.989898 -0.141784 0.000000
vn -0.941448 -0.141776 -0.305902
vn -0.800848 -0.141771 -0.581844
vn -0.581846 -0.141779 -0.800846
vn -0.305896 -0.141788 -0.941448
vn -0.000001 -0.141792 -0.989896
vn 0.305899 -0.141789 -0.941447
vn 0.574623 -0.210446 -0.790899
vn 0.302092 -0.210445 -0.929760
vn 0.559531 -0.306301 -0.770133
vn 0.294166 -0.306302 -0.905342
vn 0.538997 -0.398894 -0.741867
vn 0.283368 -0.398894 -0.872116
vn 0.513258 -0.487339 -0.706446
vn 0.269836 -0.487334 -0.830478
vn 0.790893 -0.210456 -0.574628
vn 0.770130 -0.306296 -0.559538
vn 0.741865 -0.398889 -0.539002
vn 0.706449 -0.487336 -0.513258
vn 0.929753 -0.210464 -0.302099
vn 0.905349 -0.306285 -0.294165
vn 0.872122 -0.398882 -0.283367
vn 0.830482 -0.487328 -0.269834
vn 0.977602 -0.210464 0.000000
vn 0.951942 -0.306278 -0.000000
vn 0.917003 -0.398881 0.000000
vn 0.873218 -0.487330 0.000000
vn 0.929754 -0.210458 0.302100
vn 0.905346 -0.306289 0.294169
vn 0.872122 -0.398879 0.283369
vn 0.830481 -0.487327 0.269839
vn 0.790899 -0.210451 0.574621
vn 0.770132 -0.306312 0.559526
vn 0.741880 -0.398887 0.538983
vn 0.706460 -0.487326 0.513252
vn 0.000000 -0.210448 0.977605
vn -0.000001 -0.306304 0.951934
vn -0.000001 -0.398892 0.916998
vn 0.000001 -0.487330 0.873218
vn -0.302096 -0.210444 0.929759
vn -0.294153 -0.306306 0.905345
vn -0.283362 -0.398898 0.872116
vn -0.269834 -0.487331 0.830480
vn -0.574626 -0.210437 0.790899
vn -0.559530 -0.306314 0.770128
vn -0.539004 -0.398896 0.741860
vn -0.513268 -0.487327 0.706447
vn -0.790904 -0.210439 0.574618
vn -0.770129 -0.306317 0.559528
vn -0.741878 -0.398884 0.538989
vn -0.706451 -0.487330 0.513260
vn -0.929752 -0.210451 0.302112
vn -0.905340 -0.306304 0.294173
vn -0.872121 -0.398877 0.283377
vn -0.830479 -0.487328 0.269844
vn -0.977602 -0.210462 0.000000
vn -0.951937 -0.306295 -0.000000
vn -0.917003 -0.398881 0.000000
vn -0.873220 -0.487327 -0.000000
vn -0.929752 -0.210450 -0.302112
vn -0.905339 -0.306304 -0.294174
vn -0.872120 -0.398878 -0.283378
vn -0.830479 -0.487328 -0.269844
vn -0.790905 -0.210444 -0.574615
vn -0.770131 -0.306317 -0.559524
vn -0.741880 -0.398884 -0.538985
vn -0.706453 -0.487328 -0.513259
vn -0.574619 -0.210449 -0.790901
vn -0.559531 -0.306317 -0.770127
vn -0.538999 -0.398891 -0.741867
vn -0.513267 -0.487324 -0.706451
vn -0.302088 -0.210449 -0.929760
vn -0.294159 -0.306308 -0.905343
vn -0.283364 -0.398892 -0.872118
vn -0.269837 -0.487327 -0.830482
vn -0.000000 -0.210447 -0.977605
vn 0.000000 -0.306303 -0.951934
vn 0.000001 -0.398893 -0.916997
vn 0.000000 -0.487330 -0.873218
vn -0.994770 -0.023183 -0.099476
vn -0.997330 -0.058693 -0.043453
vn -0.996026 -0.032822 -0.082796
vn -0.996146 -0.009764 -0.087164
vn -0.996653 -0.081752 0.000000
vn -0.998865 -0.047634 0.000000
vn -0.997330 -0.058693 0.043453
vn -0.996026 -0.032822 0.082796
vn -0.994770 -0.023183 0.099476
vn -0.996146 -0.009764 0.087164
vn -0.000000 0.970905 -0.239464
vn -0.000000 0.977000 -0.213239
vn -0.000000 0.977000 -0.213239
vn -0.000000 0.970905 -0.239464
vn 0.000000 1.000000 0.000000
vn 0.000000 1.000000 0.000000
vn 0.000000 0.977000 0.213239
vn 0.000000 0.977000 0.213239
vn 0.000000 0.970905 0.239464
vn 0.000000 0.970905 0.239464
vn 0.996146 -0.009764 -0.087164
vn 0.996026 -0.032822 -0.082796
vn 0.997330 -0.058693 -0.043453
vn 0.994770 -0.023183 -0.099476
vn 0.998865 -0.047634 -0.000000
vn 0.996653 -0.081752 -0.000000
vn 0.996026 -0.032822 0.082796
vn 0.997330 -0.058693 0.043453
vn 0.996146 -0.009764 0.087164
vn 0.994770 -0.023183 0.099476
vn -0.000000 -0.840317 -0.542095
vn -0.000000 -0.900718 -0.434404
vn -0.000000 -0.900718 -0.434404
vn -0.000000 -0.840317 -0.542095
vn 0.000000 -1.000000 0.000000
vn 0.000000 -1.000000 0.000000
vn 0.000000 -0.900718 0.434404
vn 0.000000 -0.900718 0.434404
vn 0.000000 -0.840317 0.542095
vn 0.000000 -0.840317 0.542095
vn 0.000000 0.656440 0.754378
vn 0.000000 0.656440 0.754378
vn 0.000000 0.656440 0.754378
vn 0.000000 0.656440 0.754378
vn -0.000000 0.656440 -0.754378
vn -0.000000 0.656440 -0.754378
vn -0.000000 0.656440 -0.754378
vn -0.000000 0.656440 -0.754378
vn -0.995428 0.037053 -0.088030
vn -0.996430 0.009377 -0.083905
vn 0.996430 0.009377 -0.083905
vn 0.995428 0.037053 -0.088030
vn -0.000000 0.000000 -1.000000
vn -0.000000 0.000000 -1.000000
vn -0.000000 0.000000 -1.000000
vn -0.000000 0.000000 -1.000000
vn -0.998661 0.051729 0.000000
vn 0.998661 0.051729 -0.000000
vn -0.995428 0.037053 0.088030
vn 0.995428 0.037053 0.088030
vn -0.996430 0.009377 0.083905
vn 0.000000 0.000000 1.000000
vn 0.000000 0.000000 1.000000
vn 0.000000 0.000000 1.000000
vn 0.000000 0.000000 1.000000
vn 0.996430 0.009377 0.083905
vn -0.996454 0.065798 -0.052440
vn -0.993716 0.029256 -0.108036
vn 0.993716 0.029256 -0.108036
vn 0.996454 0.065798 -0.052440
vn -0.000000 -0.427154 -0.904179
vn -0.000000 -0.427154 -0.904179
vn -0.000000 -0.427154 -0.904179
vn -0.000000 -0.427154 -0.904179
vn -0.995519 0.094564 0.000000
vn 0.995519 0.094564 -0.000000
vn -0.996454 0.065798 0.052440
vn 0.996454 0.065798 0.052440
vn -0.993716 0.029256 0.108036
vn 0.000000 -0.427154 0.904179
vn 0.000000 -0.427154 0.904179
vn 0.000000 -0.427154 0.904179
vn 0.000000 -0.427154 0.904179
vn 0.993716 0.029256 0.108036
vn 0.000000 -0.999689 0.024957
vn 0.000000 -0.999689 0.024957
vn 0.000000 -0.999689 0.024957
vn 0.000000 -0.999689 0.024957
vn -1.000000 0.000000 0.000000
vn -1.000000 0.000000 0.000000
vn 0.000000 0.982643 0.185506
vn 0.000000 0.982643 0.185506
vn 0.000000 0.982643 0.185506
vn 0.000000 0.982643 0.185506
vn 1.000000 0.000000 0.000000
vn 1.000000 0.000000 0.000000
vn -0.000000 -0.999689 -0.024957
vn -0.000000 -0.999689 -0.024957
vn -0.000000 -0.999689 -0.024957
vn -0.000000 -0.999689 -0.024957
vn 1.000000 0.000000 -0.000000
vn 1.000000 0.000000 -0.000000
vn -0.000000 0.982643 -0.185506
vn -0.000000 0.982643 -0.185506
vn -0.000000 0.982643 -0.185506
vn -0.000000 0.982643 -0.185506
vn -1.000000 0.000000 -0.000000
vn -1.000000 0.000000 -0.000000
s 1
g king_01 king_Model chessPieces_KIT
usemtl initialShadingGroup
f 1/1/1 2/2/2 22/1976/3 21/1958/4
f 2/2/2 3/3/5 23/1975/6 22/1976/3
f 3/3/5 4/4/7 24/1974/8 23/1975/6
f 4/4/7 5/5/9 25/1973/10 24/1974/8
f 5/5/9 6/6/11 26/1972/12 25/1973/10
f 6/6/11 7/7/13 27/1971/14 26/1972/12
f 7/7/13 8/8/15 28/1970/16 27/1971/14
f 8/8/15 9/9/17 29/1969/18 28/1970/16
f 9/9/17 10/10/19 30/1968/20 29/1969/18
f 10/10/19 11/11/21 31/1967/22 30/1968/20
f 11/11/21 12/12/23 32/1966/24 31/1967/22
f 12/12/23 13/13/25 33/1965/26 32/1966/24
f 13/13/25 14/14/27 34/1964/28 33/1965/26
f 14/14/27 15/15/29 35/1963/30 34/1964/28
f 15/15/29 16/16/31 36/1962/32 35/1963/30
f 16/16/31 17/17/33 37/1961/34 36/1962/32
f 17/17/33 18/18/35 38/1960/36 37/1961/34
f 18/18/35 19/19/37 39/1959/38 38/1960/36
f 19/19/37 20/20/39 40/1957/40 39/1959/38
f 20/20/39 1/1/1 21/1958/4 40/1957/40
f 2/2/41 1/1/42 41/39/43
f 3/3/44 2/2/41 41/39/43
f 4/4/45 3/3/44 41/39/43
f 5/5/46 4/4/45 41/39/43
f 6/6/47 5/5/46 41/39/43
f 7/7/48 6/6/47 41/39/43
f 8/8/49 7/7/48 41/39/43
f 9/9/50 8/8/49 41/39/43
f 10/10/51 9/9/50 41/39/43
f 11/11/52 10/10/51 41/39/43
f 12/12/53 11/11/52 41/39/43
f 13/13/54 12/12/53 41/39/43
f 14/14/55 13/13/54 41/39/43
f 15/15/56 14/14/55 41/39/43
f 16/16/57 15/15/56 41/39/43
f 17/17/58 16/16/57 41/39/43
f 18/18/59 17/17/58 41/39/43
f 19/19/60 18/18/59 41/39/43
f 20/20/61 19/19/60 41/39/43
f 1/1/42 20/20/61 41/39/43
f 482/21/62 483/22/63 63/23/64 62/24/65
f 483/22/63 484/25/66 64/26/67 63/23/64
f 484/25/66 485/27/68 65/28/69 64/26/67
f 485/27/68 486/29/70 66/30/71 65/28/69
f 486/29/70 487/31/72 67/32/73 66/30/71
f 487/31/72 488/33/74 68/34/75 67/32/73
f 488/33/74 489/35/76 69/36/77 68/34/75
f 489/35/76 490/37/78 70/38/79 69/36/77
f 490/37/78 491/40/80 71/41/81 70/38/79
f 491/40/80 492/42/82 72/43/83 71/41/81
f 492/42/82 493/44/84 73/45/85 72/43/83
f 493/44/84 494/46/86 74/47/87 73/45/85
f 494/46/86 495/48/88 75/49/89 74/47/87
f 495/48/88 496/50/90 76/51/91 75/49/89
f 496/50/90 497/52/92 77/53/93 76/51/91
f 497/52/92 498/2070/94 78/2072/95 77/53/93
f 498/2070/94 499/2071/96 79/2100/97 78/2072/95
f 499/54/96 500/56/98 80/57/99 79/55/97
f 500/56/98 501/58/100 81/59/101 80/57/99
f 501/58/100 482/21/62 62/24/65 81/59/101
f 84/60/102 85/61/103 161/62/104 160/63/105
f 82/64/106 83/65/107 159/66/108 158/67/109
f 83/65/110 84/60/111 160/63/112 159/66/113
f 85/61/103 84/60/102 88/68/114 89/69/115
f 84/60/111 83/65/110 87/70/116 88/68/117
f 83/65/107 82/64/106 86/71/118 87/70/119
f 89/69/115 88/68/114 92/72/120 93/73/121
f 88/68/117 87/70/116 91/74/122 92/72/123
f 87/70/119 86/71/118 90/75/124 91/74/125
f 93/73/121 92/72/120 96/76/126 97/77/127
f 92/72/123 91/74/122 95/78/128 96/76/129
f 91/74/125 90/75/124 94/79/130 95/78/131
f 97/77/127 96/76/126 100/80/132 101/81/133
f 96/76/129 95/78/128 99/82/134 100/80/135
f 95/78/131 94/79/130 98/83/136 99/82/137
f 101/81/133 100/80/132 104/84/138 105/85/139
f 100/80/135 99/82/134 103/86/140 104/84/141
f 99/82/137 98/83/136 102/87/142 103/86/143
f 105/85/139 104/84/138 108/88/144 109/89/145
f 104/84/141 103/86/140 107/90/146 108/88/147
f 103/86/143 102/87/142 106/91/148 107/90/149
f 109/89/145 108/88/144 112/92/150 113/93/151
f 108/88/147 107/90/146 111/94/152 112/92/153
f 107/90/149 106/91/148 110/95/154 111/94/155
f 113/93/151 112/92/150 116/96/156 117/97/157
f 112/92/153 111/94/152 115/98/158 116/96/159
f 111/94/155 110/95/154 114/99/160 115/98/161
f 117/97/157 116/96/156 120/100/162 121/101/163
f 116/96/159 115/98/158 119/102/164 120/100/165
f 115/98/161 114/99/160 118/103/166 119/102/167
f 121/101/163 120/100/162 124/104/168 125/105/169
f 120/100/165 119/102/164 123/106/170 124/104/171
f 119/102/167 118/103/166 122/107/172 123/106/173
f 125/105/169 124/104/168 128/108/174 129/109/175
f 124/104/171 123/106/170 127/110/176 128/108/177
f 123/106/173 122/107/172 126/111/178 127/110/179
f 129/109/175 128/108/174 132/112/180 133/113/181
f 128/108/177 127/110/176 131/114/182 132/112/183
f 127/110/179 126/111/178 130/115/184 131/114/185
f 133/113/181 132/112/180 136/116/186 137/117/187
f 132/112/183 131/114/182 135/118/188 136/116/189
f 131/114/185 130/115/184 134/119/190 135/118/191
f 137/117/187 136/116/186 140/120/192 141/121/193
f 136/116/189 135/118/188 139/122/194 140/120/195
f 135/118/191 134/119/190 138/123/196 139/122/197
f 141/121/193 140/120/192 144/124/198 145/125/199
f 140/120/195 139/122/194 143/126/200 144/124/201
f 139/122/197 138/123/196 142/127/202 143/126/203
f 145/125/199 144/124/198 148/2073/204 149/128/205
f 144/124/201 143/126/200 147/2075/206 148/2073/207
f 143/126/203 142/127/202 146/2092/208 147/2075/209
f 149/128/205 148/2073/204 152/2074/210 153/2080/211
f 148/2073/207 147/2075/206 151/2076/212 152/2074/213
f 147/2075/209 146/2092/208 150/2077/214 151/2076/215
f 153/130/211 152/129/210 156/133/216 157/134/217
f 152/129/213 151/131/212 155/135/218 156/133/219
f 151/131/215 150/132/214 154/136/220 155/135/221
f 157/134/217 156/133/216 160/63/105 161/62/104
f 156/133/219 155/135/218 159/66/113 160/63/112
f 155/135/221 154/136/220 158/67/109 159/66/108
f 162/137/222 167/138/223 43/139/224 42/140/225
f 167/138/223 172/141/226 44/142/227 43/139/224
f 172/141/226 177/143/228 45/144/229 44/142/227
f 177/143/228 182/145/230 46/146/231 45/144/229
f 182/145/230 187/147/232 47/148/233 46/146/231
f 187/147/232 192/149/234 48/150/235 47/148/233
f 192/149/234 197/151/236 49/152/237 48/150/235
f 197/151/236 202/153/238 50/154/239 49/152/237
f 202/153/238 207/155/240 51/156/241 50/154/239
f 207/155/240 212/157/242 52/158/243 51/156/241
f 212/157/242 217/159/244 53/160/245 52/158/243
f 217/159/244 222/161/246 54/162/247 53/160/245
f 222/161/246 227/163/248 55/164/249 54/162/247
f 227/163/248 232/165/250 56/166/251 55/164/249
f 232/165/250 237/167/252 57/168/253 56/166/251
f 237/167/252 242/169/254 58/2079/255 57/168/253
f 242/169/254 247/2078/256 59/2111/257 58/2079/255
f 247/170/256 252/172/258 60/173/259 59/171/257
f 252/172/258 257/174/260 61/175/261 60/173/259
f 257/174/260 162/137/222 42/140/225 61/175/261
f 85/61/103 89/69/115 171/176/262 166/177/263
f 89/69/115 93/73/121 176/178/264 171/176/262
f 93/73/121 97/77/127 181/179/265 176/178/264
f 97/77/127 101/81/133 186/180/266 181/179/265
f 101/81/133 105/85/139 191/181/267 186/180/266
f 105/85/139 109/89/145 196/182/268 191/181/267
f 109/89/145 113/93/151 201/183/269 196/182/268
f 113/93/151 117/97/157 206/184/270 201/183/269
f 117/97/157 121/101/163 211/185/271 206/184/270
f 121/101/163 125/105/169 216/186/272 211/185/271
f 125/105/169 129/109/175 221/187/273 216/186/272
f 129/109/175 133/113/181 226/188/274 221/187/273
f 133/113/181 137/117/187 231/189/275 226/188/274
f 137/117/187 141/121/193 236/190/276 231/189/275
f 141/121/193 145/125/199 241/191/277 236/190/276
f 145/125/199 149/128/205 246/2081/278 241/191/277
f 149/128/205 153/2080/211 251/2082/279 246/2081/278
f 153/130/211 157/134/217 256/193/280 251/192/279
f 157/134/217 161/62/104 261/194/281 256/193/280
f 161/62/104 85/61/103 166/177/263 261/194/281
f 165/195/282 166/177/263 171/176/262 170/196/283
f 164/197/284 165/195/282 170/196/283 169/198/285
f 162/137/222 163/199/286 168/200/287 167/138/223
f 163/199/286 164/197/284 169/198/285 168/200/287
f 170/196/283 171/176/262 176/178/264 175/201/288
f 169/198/285 170/196/283 175/201/288 174/202/289
f 167/138/223 168/200/287 173/203/290 172/141/226
f 168/200/287 169/198/285 174/202/289 173/203/290
f 175/201/288 176/178/264 181/179/265 180/204/291
f 174/202/289 175/201/288 180/204/291 179/205/292
f 172/141/226 173/203/290 178/206/293 177/143/228
f 173/203/290 174/202/289 179/205/292 178/206/293
f 180/204/291 181/179/265 186/180/266 185/207/294
f 179/205/292 180/204/291 185/207/294 184/208/295
f 177/143/228 178/206/293 183/209/296 182/145/230
f 178/206/293 179/205/292 184/208/295 183/209/296
f 185/207/294 186/180/266 191/181/267 190/210/297
f 184/208/295 185/207/294 190/210/297 189/211/298
f 182/145/230 183/209/296 188/212/299 187/147/232
f 183/209/296 184/208/295 189/211/298 188/212/299
f 190/210/297 191/181/267 196/182/268 195/213/300
f 189/211/298 190/210/297 195/213/300 194/214/301
f 187/147/232 188/212/299 193/215/302 192/149/234
f 188/212/299 189/211/298 194/214/301 193/215/302
f 195/213/300 196/182/268 201/183/269 200/216/303
f 194/214/301 195/213/300 200/216/303 199/217/304
f 192/149/234 193/215/302 198/218/305 197/151/236
f 193/215/302 194/214/301 199/217/304 198/218/305
f 200/216/303 201/183/269 206/184/270 205/219/306
f 199/217/304 200/216/303 205/219/306 204/220/307
f 197/151/236 198/218/305 203/221/308 202/153/238
f 198/218/305 199/217/304 204/220/307 203/221/308
f 205/219/306 206/184/270 211/185/271 210/222/309
f 204/220/307 205/219/306 210/222/309 209/223/310
f 202/153/238 203/221/308 208/224/311 207/155/240
f 203/221/308 204/220/307 209/223/310 208/224/311
f 210/222/309 211/185/271 216/186/272 215/225/312
f 209/223/310 210/222/309 215/225/312 214/226/313
f 207/155/240 208/224/311 213/227/314 212/157/242
f 208/224/311 209/223/310 214/226/313 213/227/314
f 215/225/312 216/186/272 221/187/273 220/228/315
f 214/226/313 215/225/312 220/228/315 219/229/316
f 212/157/242 213/227/314 218/230/317 217/159/244
f 213/227/314 214/226/313 219/229/316 218/230/317
f 220/228/315 221/187/273 226/188/274 225/231/318
f 219/229/316 220/228/315 225/231/318 224/232/319
f 217/159/244 218/230/317 223/233/320 222/161/246
f 218/230/317 219/229/316 224/232/319 223/233/320
f 225/231/318 226/188/274 231/189/275 230/234/321
f 224/232/319 225/231/318 230/234/321 229/235/322
f 222/161/246 223/233/320 228/236/323 227/163/248
f 223/233/320 224/232/319 229/235/322 228/236/323
f 230/234/321 231/189/275 236/190/276 235/237/324
f 229/235/322 230/234/321 235/237/324 234/238/325
f 227/163/248 228/236/323 233/239/326 232/165/250
f 228/236/323 229/235/322 234/238/325 233/239/326
f 235/237/324 236/190/276 241/191/277 240/240/327
f 234/238/325 235/237/324 240/240/327 239/241/328
f 232/165/250 233/239/326 238/242/329 237/167/252
f 233/239/326 234/238/325 239/241/328 238/242/329
f 240/240/327 241/191/277 246/2081/278 245/2083/330
f 239/241/328 240/240/327 245/2083/330 244/2087/331
f 237/167/252 238/242/329 243/2085/332 242/169/254
f 238/242/329 239/241/328 244/2087/331 243/2085/332
f 245/2083/330 246/2081/278 251/2082/279 250/2084/333
f 244/2087/331 245/2083/330 250/2084/333 249/2088/334
f 242/169/254 243/2085/332 248/2086/335 247/2078/256
f 243/2085/332 244/2087/331 249/2088/334 248/2086/335
f 250/243/333 251/192/279 256/193/280 255/246/336
f 249/244/334 250/243/333 255/246/336 254/247/337
f 247/170/256 248/245/335 253/248/338 252/172/258
f 248/245/335 249/244/334 254/247/337 253/248/338
f 255/246/336 256/193/280 261/194/281 260/249/339
f 254/247/337 255/246/336 260/249/339 259/250/340
f 252/172/258 253/248/338 258/251/341 257/174/260
f 253/248/338 254/247/337 259/250/340 258/251/341
f 166/177/263 165/195/282 260/249/339 261/194/281
f 165/195/282 164/197/284 259/250/340 260/249/339
f 164/197/284 163/199/286 258/251/341 259/250/340
f 163/199/286 162/137/222 257/174/260 258/251/341
f 21/252/4 22/253/3 267/254/342 262/255/343
f 22/253/3 23/256/6 272/257/344 267/254/342
f 23/256/6 24/258/8 277/259/345 272/257/344
f 24/258/8 25/260/10 282/261/346 277/259/345
f 25/260/10 26/262/12 287/263/347 282/261/346
f 26/262/12 27/264/14 292/265/348 287/263/347
f 27/264/14 28/266/16 297/267/349 292/265/348
f 28/266/16 29/268/18 302/269/350 297/267/349
f 29/268/18 30/270/20 307/271/351 302/269/350
f 30/270/20 31/272/22 312/273/352 307/271/351
f 31/272/22 32/274/24 317/275/353 312/273/352
f 32/274/24 33/276/26 322/277/354 317/275/353
f 33/276/26 34/278/28 327/279/355 322/277/354
f 34/278/28 35/280/30 332/281/356 327/279/355
f 35/280/30 36/282/32 337/283/357 332/281/356
f 36/282/32 37/284/34 342/2090/358 337/283/357
f 37/284/34 38/2089/36 347/2099/359 342/2090/358
f 38/285/36 39/287/38 352/288/360 347/286/359
f 39/287/38 40/289/40 357/290/361 352/288/360
f 40/289/40 21/252/4 262/255/343 357/290/361
f 266/291/362 271/292/363 86/71/118 82/64/106
f 271/292/363 276/293/364 90/75/124 86/71/118
f 276/293/364 281/294/365 94/79/130 90/75/124
f 281/294/365 286/295/366 98/83/136 94/79/130
f 286/295/366 291/296/367 102/87/142 98/83/136
f 291/296/367 296/297/368 106/91/148 102/87/142
f 296/297/368 301/298/369 110/95/154 106/91/148
f 301/298/369 306/299/370 114/99/160 110/95/154
f 306/299/370 311/300/371 118/103/166 114/99/160
f 311/300/371 316/301/372 122/107/172 118/103/166
f 316/301/372 321/302/373 126/111/178 122/107/172
f 321/302/373 326/303/374 130/115/184 126/111/178
f 326/303/374 331/304/375 134/119/190 130/115/184
f 331/304/375 336/305/376 138/123/196 134/119/190
f 336/305/376 341/306/377 142/127/202 138/123/196
f 341/306/377 346/307/378 146/2092/208 142/127/202
f 346/307/378 351/2091/379 150/2077/214 146/2092/208
f 351/308/379 356/309/380 154/136/220 150/132/214
f 356/309/380 361/310/381 158/67/109 154/136/220
f 361/310/381 266/291/362 82/64/106 158/67/109
f 265/311/382 266/291/362 361/310/381 360/312/383
f 264/313/384 265/311/382 360/312/383 359/314/385
f 262/255/343 263/315/386 358/316/387 357/290/361
f 263/315/386 264/313/384 359/314/385 358/316/387
f 266/291/362 265/311/382 270/317/388 271/292/363
f 265/311/382 264/313/384 269/318/389 270/317/388
f 264/313/384 263/315/386 268/319/390 269/318/389
f 263/315/386 262/255/343 267/254/342 268/319/390
f 271/292/363 270/317/388 275/320/391 276/293/364
f 270/317/388 269/318/389 274/321/392 275/320/391
f 269/318/389 268/319/390 273/322/393 274/321/392
f 268/319/390 267/254/342 272/257/344 273/322/393
f 276/293/364 275/320/391 280/323/394 281/294/365
f 275/320/391 274/321/392 279/324/395 280/323/394
f 274/321/392 273/322/393 278/325/396 279/324/395
f 273/322/393 272/257/344 277/259/345 278/325/396
f 281/294/365 280/323/394 285/326/397 286/295/366
f 280/323/394 279/324/395 284/327/398 285/326/397
f 279/324/395 278/325/396 283/328/399 284/327/398
f 278/325/396 277/259/345 282/261/346 283/328/399
f 286/295/366 285/326/397 290/329/400 291/296/367
f 285/326/397 284/327/398 289/330/401 290/329/400
f 284/327/398 283/328/399 288/331/402 289/330/401
f 283/328/399 282/261/346 287/263/347 288/331/402
f 291/296/367 290/329/400 295/332/403 296/297/368
f 290/329/400 289/330/401 294/333/404 295/332/403
f 289/330/401 288/331/402 293/334/405 294/333/404
f 288/331/402 287/263/347 292/265/348 293/334/405
f 296/297/368 295/332/403 300/335/406 301/298/369
f 295/332/403 294/333/404 299/336/407 300/335/406
f 294/333/404 293/334/405 298/337/408 299/336/407
f 293/334/405 292/265/348 297/267/349 298/337/408
f 301/298/369 300/335/406 305/338/409 306/299/370
f 300/335/406 299/336/407 304/339/410 305/338/409
f 299/336/407 298/337/408 303/340/411 304/339/410
f 298/337/408 297/267/349 302/269/350 303/340/411
f 306/299/370 305/338/409 310/341/412 311/300/371
f 305/338/409 304/339/410 309/342/413 310/341/412
f 304/339/410 303/340/411 308/343/414 309/342/413
f 303/340/411 302/269/350 307/271/351 308/343/414
f 311/300/371 310/341/412 315/344/415 316/301/372
f 310/341/412 309/342/413 314/345/416 315/344/415
f 309/342/413 308/343/414 313/346/417 314/345/416
f 308/343/414 307/271/351 312/273/352 313/346/417
f 316/301/372 315/344/415 320/347/418 321/302/373
f 315/344/415 314/345/416 319/348/419 320/347/418
f 314/345/416 313/346/417 318/349/420 319/348/419
f 313/346/417 312/273/352 317/275/353 318/349/420
f 321/302/373 320/347/418 325/350/421 326/303/374
f 320/347/418 319/348/419 324/351/422 325/350/421
f 319/348/419 318/349/420 323/352/423 324/351/422
f 318/349/420 317/275/353 322/277/354 323/352/423
f 326/303/374 325/350/421 330/353/424 331/304/375
f 325/350/421 324/351/422 329/354/425 330/353/424
f 324/351/422 323/352/423 328/355/426 329/354/425
f 323/352/423 322/277/354 327/279/355 328/355/426
f 331/304/375 330/353/424 335/356/427 336/305/376
f 330/353/424 329/354/425 334/357/428 335/356/427
f 329/354/425 328/355/426 333/358/429 334/357/428
f 328/355/426 327/279/355 332/281/356 333/358/429
f 336/305/376 335/356/427 340/359/430 341/306/377
f 335/356/427 334/357/428 339/360/431 340/359/430
f 334/357/428 333/358/429 338/361/432 339/360/431
f 333/358/429 332/281/356 337/283/357 338/361/432
f 341/306/377 340/359/430 345/2093/433 346/307/378
f 340/359/430 339/360/431 344/2095/434 345/2093/433
f 339/360/431 338/361/432 343/2097/435 344/2095/434
f 338/361/432 337/283/357 342/2090/358 343/2097/435
f 346/307/378 345/2093/433 350/2094/436 351/2091/379
f 345/2093/433 344/2095/434 349/2096/437 350/2094/436
f 344/2095/434 343/2097/435 348/2098/438 349/2096/437
f 343/2097/435 342/2090/358 347/2099/359 348/2098/438
f 351/308/379 350/362/436 355/365/439 356/309/380
f 350/362/436 349/363/437 354/366/440 355/365/439
f 349/363/437 348/364/438 353/367/441 354/366/440
f 348/364/438 347/286/359 352/288/360 353/367/441
f 356/309/380 355/365/439 360/312/383 361/310/381
f 355/365/439 354/366/440 359/314/385 360/312/383
f 354/366/440 353/367/441 358/316/387 359/314/385
f 353/367/441 352/288/360 357/290/361 358/316/387
f 62/24/65 63/23/64 368/368/442 362/369/443
f 63/23/64 64/26/67 374/370/444 368/368/442
f 64/26/67 65/28/69 380/371/445 374/370/444
f 65/28/69 66/30/71 386/372/446 380/371/445
f 66/30/71 67/32/73 392/373/447 386/372/446
f 67/32/73 68/34/75 398/374/448 392/373/447
f 68/34/75 69/36/77 404/375/449 398/374/448
f 69/36/77 70/38/79 410/376/450 404/375/449
f 70/38/79 71/41/81 416/377/451 410/376/450
f 71/41/81 72/43/83 422/378/452 416/377/451
f 72/43/83 73/45/85 428/379/453 422/378/452
f 73/45/85 74/47/87 434/380/454 428/379/453
f 74/47/87 75/49/89 440/381/455 434/380/454
f 75/49/89 76/51/91 446/382/456 440/381/455
f 76/51/91 77/53/93 452/383/457 446/382/456
f 77/53/93 78/2072/95 458/2101/458 452/383/457
f 78/2072/95 79/2100/97 464/2110/459 458/2101/458
f 79/55/97 80/57/99 470/385/460 464/384/459
f 80/57/99 81/59/101 476/386/461 470/385/460
f 81/59/101 62/24/65 362/369/443 476/386/461
f 366/387/462 367/388/463 481/389/464 480/390/465
f 365/391/466 366/387/462 480/390/465 479/392/467
f 364/393/468 365/391/466 479/392/467 478/394/469
f 362/369/443 363/395/470 477/396/471 476/386/461
f 363/395/470 364/393/468 478/394/469 477/396/471
f 367/388/463 366/387/462 372/397/472 373/398/473
f 366/387/462 365/391/466 371/399/474 372/397/472
f 365/391/466 364/393/468 370/400/475 371/399/474
f 364/393/468 363/395/470 369/401/476 370/400/475
f 363/395/470 362/369/443 368/368/442 369/401/476
f 373/398/473 372/397/472 378/402/477 379/403/478
f 372/397/472 371/399/474 377/404/479 378/402/477
f 371/399/474 370/400/475 376/405/480 377/404/479
f 370/400/475 369/401/476 375/406/481 376/405/480
f 369/401/476 368/368/442 374/370/444 375/406/481
f 379/403/478 378/402/477 384/407/482 385/408/483
f 378/402/477 377/404/479 383/409/484 384/407/482
f 377/404/479 376/405/480 382/410/485 383/409/484
f 376/405/480 375/406/481 381/411/486 382/410/485
f 375/406/481 374/370/444 380/371/445 381/411/486
f 385/408/483 384/407/482 390/412/487 391/413/488
f 384/407/482 383/409/484 389/414/489 390/412/487
f 383/409/484 382/410/485 388/415/490 389/414/489
f 382/410/485 381/411/486 387/416/491 388/415/490
f 381/411/486 380/371/445 386/372/446 387/416/491
f 391/413/488 390/412/487 396/417/492 397/418/493
f 390/412/487 389/414/489 395/419/494 396/417/492
f 389/414/489 388/415/490 394/420/495 395/419/494
f 388/415/490 387/416/491 393/421/496 394/420/495
f 387/416/491 386/372/446 392/373/447 393/421/496
f 397/418/493 396/417/492 402/422/497 403/423/498
f 396/417/492 395/419/494 401/424/499 402/422/497
f 395/419/494 394/420/495 400/425/500 401/424/499
f 394/420/495 393/421/496 399/426/501 400/425/500
f 393/421/496 392/373/447 398/374/448 399/426/501
f 403/423/498 402/422/497 408/427/502 409/428/503
f 402/422/497 401/424/499 407/429/504 408/427/502
f 401/424/499 400/425/500 406/430/505 407/429/504
f 400/425/500 399/426/501 405/431/506 406/430/505
f 399/426/501 398/374/448 404/375/449 405/431/506
f 409/428/503 408/427/502 414/432/507 415/433/508
f 408/427/502 407/429/504 413/434/509 414/432/507
f 407/429/504 406/430/505 412/435/510 413/434/509
f 406/430/505 405/431/506 411/436/511 412/435/510
f 405/431/506 404/375/449 410/376/450 411/436/511
f 415/433/508 414/432/507 420/437/512 421/438/513
f 414/432/507 413/434/509 419/439/514 420/437/512
f 413/434/509 412/435/510 418/440/515 419/439/514
f 412/435/510 411/436/511 417/441/516 418/440/515
f 411/436/511 410/376/450 416/377/451 417/441/516
f 421/438/513 420/437/512 426/442/517 427/443/518
f 420/437/512 419/439/514 425/444/519 426/442/517
f 419/439/514 418/440/515 424/445/520 425/444/519
f 418/440/515 417/441/516 423/446/521 424/445/520
f 417/441/516 416/377/451 422/378/452 423/446/521
f 427/443/518 426/442/517 432/447/522 433/448/523
f 426/442/517 425/444/519 431/449/524 432/447/522
f 425/444/519 424/445/520 430/450/525 431/449/524
f 424/445/520 423/446/521 429/451/526 430/450/525
f 423/446/521 422/378/452 428/379/453 429/451/526
f 433/448/523 432/447/522 438/452/527 439/453/528
f 432/447/522 431/449/524 437/454/529 438/452/527
f 431/449/524 430/450/525 436/455/530 437/454/529
f 430/450/525 429/451/526 435/456/531 436/455/530
f 429/451/526 428/379/453 434/380/454 435/456/531
f 439/453/528 438/452/527 444/457/532 445/458/533
f 438/452/527 437/454/529 443/459/534 444/457/532
f 437/454/529 436/455/530 442/460/535 443/459/534
f 436/455/530 435/456/531 441/461/536 442/460/535
f 435/456/531 434/380/454 440/381/455 441/461/536
f 445/458/533 444/457/532 450/462/537 451/463/538
f 444/457/532 443/459/534 449/464/539 450/462/537
f 443/459/534 442/460/535 448/465/540 449/464/539
f 442/460/535 441/461/536 447/466/541 448/465/540
f 441/461/536 440/381/455 446/382/456 447/466/541
f 451/463/538 450/462/537 456/467/542 457/468/543
f 450/462/537 449/464/539 455/469/544 456/467/542
f 449/464/539 448/465/540 454/470/545 455/469/544
f 448/465/540 447/466/541 453/471/546 454/470/545
f 447/466/541 446/382/456 452/383/457 453/471/546
f 457/468/543 456/467/542 462/2102/547 463/472/548
f 456/467/542 455/469/544 461/2104/549 462/2102/547
f 455/469/544 454/470/545 460/2106/550 461/2104/549
f 454/470/545 453/471/546 459/2108/551 460/2106/550
f 453/471/546 452/383/457 458/2101/458 459/2108/551
f 463/472/548 462/2102/547 468/2103/552 469/2112/553
f 462/2102/547 461/2104/549 467/2105/554 468/2103/552
f 461/2104/549 460/2106/550 466/2107/555 467/2105/554
f 460/2106/550 459/2108/551 465/2109/556 466/2107/555
f 459/2108/551 458/2101/458 464/2110/459 465/2109/556
f 469/474/553 468/473/552 474/478/557 475/479/558
f 468/473/552 467/475/554 473/480/559 474/478/557
f 467/475/554 466/476/555 472/481/560 473/480/559
f 466/476/555 465/477/556 471/482/561 472/481/560
f 465/477/556 464/384/459 470/385/460 471/482/561
f 475/479/558 474/478/557 480/390/465 481/389/464
f 474/478/557 473/480/559 479/392/467 480/390/465
f 473/480/559 472/481/560 478/394/469 479/392/467
f 472/481/560 471/482/561 477/396/471 478/394/469
f 471/482/561 470/385/460 476/386/461 477/396/471
f 42/140/225 43/139/224 483/22/63 482/21/62
f 43/139/224 44/142/227 484/25/66 483/22/63
f 44/142/227 45/144/229 485/27/68 484/25/66
f 45/144/229 46/146/231 486/29/70 485/27/68
f 46/146/231 47/148/233 487/31/72 486/29/70
f 47/148/233 48/150/235 488/33/74 487/31/72
f 48/150/235 49/152/237 489/35/76 488/33/74
f 49/152/237 50/154/239 490/37/78 489/35/76
f 50/154/239 51/156/241 491/40/80 490/37/78
f 51/156/241 52/158/243 492/42/82 491/40/80
f 52/158/243 53/160/245 493/44/84 492/42/82
f 53/160/245 54/162/247 494/46/86 493/44/84
f 54/162/247 55/164/249 495/48/88 494/46/86
f 55/164/249 56/166/251 496/50/90 495/48/88
f 56/166/251 57/168/253 497/52/92 496/50/90
f 57/168/253 58/2079/255 498/2070/94 497/52/92
f 58/2079/255 59/2111/257 499/2071/96 498/2070/94
f 59/171/257 60/173/259 500/56/98 499/54/96
f 60/173/259 61/175/261 501/58/100 500/56/98
f 61/175/261 42/140/225 482/21/62 501/58/100
f 367/388/463 373/398/473 526/483/562 522/484/563
f 373/398/473 379/403/478 530/485/564 526/483/562
f 379/403/478 385/408/483 534/486/565 530/485/564
f 385/408/483 391/413/488 538/487/566 534/486/565
f 391/413/488 397/418/493 542/488/567 538/487/566
f 397/418/493 403/423/498 546/489/568 542/488/567
f 403/423/498 409/428/503 550/490/569 546/489/568
f 409/428/503 415/433/508 554/491/570 550/490/569
f 415/433/508 421/438/513 558/492/571 554/491/570
f 421/438/513 427/443/518 562/493/572 558/492/571
f 427/443/518 433/448/523 566/494/573 562/493/572
f 433/448/523 439/453/528 570/495/574 566/494/573
f 439/453/528 445/458/533 574/496/575 570/495/574
f 445/458/533 451/463/538 578/497/576 574/496/575
f 451/463/538 457/468/543 582/498/577 578/497/576
f 457/468/543 463/472/548 586/2113/578 582/498/577
f 463/472/548 469/2112/553 590/2118/579 586/2113/578
f 469/474/553 475/479/558 594/500/580 590/499/579
f 475/479/558 481/389/464 598/501/581 594/500/580
f 481/389/464 367/388/463 522/484/563 598/501/581
f 524/502/582 525/503/583 601/504/584 600/505/585
f 522/484/563 523/506/586 599/507/587 598/501/581
f 523/506/588 524/502/589 600/505/590 599/507/591
f 525/503/583 524/502/582 528/508/592 529/509/593
f 524/502/589 523/506/588 527/510/594 528/508/595
f 523/506/586 522/484/563 526/483/562 527/510/596
f 529/509/593 528/508/592 532/511/597 533/512/598
f 528/508/595 527/510/594 531/513/599 532/511/600
f 527/510/596 526/483/562 530/485/564 531/513/601
f 533/512/598 532/511/597 536/514/602 537/515/603
f 532/511/600 531/513/599 535/516/604 536/514/605
f 531/513/601 530/485/564 534/486/565 535/516/606
f 537/515/603 536/514/602 540/517/607 541/518/608
f 536/514/605 535/516/604 539/519/609 540/517/610
f 535/516/606 534/486/565 538/487/566 539/519/611
f 541/518/608 540/517/607 544/520/612 545/521/613
f 540/517/610 539/519/609 543/522/614 544/520/615
f 539/519/611 538/487/566 542/488/567 543/522/616
f 545/521/613 544/520/612 548/523/617 549/524/618
f 544/520/615 543/522/614 547/525/619 548/523/620
f 543/522/616 542/488/567 546/489/568 547/525/621
f 549/524/618 548/523/617 552/526/622 553/527/623
f 548/523/620 547/525/619 551/528/624 552/526/625
f 547/525/621 546/489/568 550/490/569 551/528/626
f 553/527/623 552/526/622 556/529/627 557/530/628
f 552/526/625 551/528/624 555/531/629 556/529/630
f 551/528/626 550/490/569 554/491/570 555/531/631
f 557/530/628 556/529/627 560/532/632 561/533/633
f 556/529/630 555/531/629 559/534/634 560/532/635
f 555/531/631 554/491/570 558/492/571 559/534/636
f 561/533/633 560/532/632 564/535/637 565/536/638
f 560/532/635 559/534/634 563/537/639 564/535/640
f 559/534/636 558/492/571 562/493/572 563/537/641
f 565/536/638 564/535/637 568/538/642 569/539/643
f 564/535/640 563/537/639 567/540/644 568/538/645
f 563/537/641 562/493/572 566/494/573 567/540/646
f 569/539/643 568/538/642 572/541/647 573/542/648
f 568/538/645 567/540/644 571/543/649 572/541/650
f 567/540/646 566/494/573 570/495/574 571/543/651
f 573/542/648 572/541/647 576/544/652 577/545/653
f 572/541/650 571/543/649 575/546/654 576/544/655
f 571/543/651 570/495/574 574/496/575 575/546/656
f 577/545/653 576/544/652 580/547/657 581/548/658
f 576/544/655 575/546/654 579/549/659 580/547/660
f 575/546/656 574/496/575 578/497/576 579/549/661
f 581/548/658 580/547/657 584/550/662 585/551/663
f 580/547/660 579/549/659 583/552/664 584/550/665
f 579/549/661 578/497/576 582/498/577 583/552/666
f 585/551/663 584/550/662 588/2114/667 589/553/668
f 584/550/665 583/552/664 587/2116/669 588/2114/670
f 583/552/666 582/498/577 586/2113/578 587/2116/671
f 589/553/668 588/2114/667 592/2115/672 593/2119/673
f 588/2114/670 587/2116/669 591/2117/674 592/2115/675
f 587/2116/671 586/2113/578 590/2118/579 591/2117/676
f 593/555/673 592/554/672 596/557/677 597/558/678
f 592/554/675 591/556/674 595/559/679 596/557/680
f 591/556/676 590/499/579 594/500/580 595/559/681
f 597/558/678 596/557/677 600/505/585 601/504/584
f 596/557/680 595/559/679 599/507/591 600/505/590
f 595/559/681 594/500/580 598/501/581 599/507/587
f 525/503/583 529/509/593 609/560/682 605/561/683
f 529/509/593 533/512/598 613/562/684 609/560/682
f 533/512/598 537/515/603 617/563/685 613/562/684
f 537/515/603 541/518/608 621/564/686 617/563/685
f 541/518/608 545/521/613 625/565/687 621/564/686
f 545/521/613 549/524/618 629/566/688 625/565/687
f 549/524/618 553/527/623 633/567/689 629/566/688
f 553/527/623 557/530/628 637/568/690 633/567/689
f 557/530/628 561/533/633 641/569/691 637/568/690
f 561/533/633 565/536/638 645/570/692 641/569/691
f 565/536/638 569/539/643 649/571/693 645/570/692
f 569/539/643 573/542/648 653/572/694 649/571/693
f 573/542/648 577/545/653 657/573/695 653/572/694
f 577/545/653 581/548/658 661/574/696 657/573/695
f 581/548/658 585/551/663 665/575/697 661/574/696
f 585/551/663 589/553/668 669/2120/698 665/575/697
f 589/553/668 593/2119/673 673/2121/699 669/2120/698
f 593/555/673 597/558/678 677/577/700 673/576/699
f 597/558/678 601/504/584 681/578/701 677/577/700
f 601/504/584 525/503/583 605/561/683 681/578/701
f 604/579/702 605/561/683 609/560/682 608/580/703
f 602/581/704 603/582/705 607/583/706 606/584/707
f 603/582/705 604/579/702 608/580/703 607/583/706
f 608/580/703 609/560/682 613/562/684 612/585/708
f 606/584/707 607/583/706 611/586/709 610/587/710
f 607/583/706 608/580/703 612/585/708 611/586/709
f 612/585/708 613/562/684 617/563/685 616/588/711
f 610/587/710 611/586/709 615/589/712 614/590/713
f 611/586/709 612/585/708 616/588/711 615/589/712
f 616/588/711 617/563/685 621/564/686 620/591/714
f 614/590/713 615/589/712 619/592/715 618/593/716
f 615/589/712 616/588/711 620/591/714 619/592/715
f 620/591/714 621/564/686 625/565/687 624/594/717
f 618/593/716 619/592/715 623/595/718 622/596/719
f 619/592/715 620/591/714 624/594/717 623/595/718
f 624/594/717 625/565/687 629/566/688 628/597/720
f 622/596/719 623/595/718 627/598/721 626/599/722
f 623/595/718 624/594/717 628/597/720 627/598/721
f 628/597/720 629/566/688 633/567/689 632/600/723
f 626/599/722 627/598/721 631/601/724 630/602/725
f 627/598/721 628/597/720 632/600/723 631/601/724
f 632/600/723 633/567/689 637/568/690 636/603/726
f 630/602/725 631/601/724 635/604/727 634/605/728
f 631/601/724 632/600/723 636/603/726 635/604/727
f 636/603/726 637/568/690 641/569/691 640/606/729
f 634/605/728 635/604/727 639/607/730 638/608/731
f 635/604/727 636/603/726 640/606/729 639/607/730
f 640/606/729 641/569/691 645/570/692 644/609/732
f 638/608/731 639/607/730 643/610/733 642/611/734
f 639/607/730 640/606/729 644/609/732 643/610/733
f 644/609/732 645/570/692 649/571/693 648/612/735
f 642/611/734 643/610/733 647/613/736 646/614/737
f 643/610/733 644/609/732 648/612/735 647/613/736
f 648/612/735 649/571/693 653/572/694 652/615/738
f 646/614/737 647/613/736 651/616/739 650/617/740
f 647/613/736 648/612/735 652/615/738 651/616/739
f 652/615/738 653/572/694 657/573/695 656/618/741
f 650/617/740 651/616/739 655/619/742 654/620/743
f 651/616/739 652/615/738 656/618/741 655/619/742
f 656/618/741 657/573/695 661/574/696 660/621/744
f 654/620/743 655/619/742 659/622/745 658/623/746
f 655/619/742 656/618/741 660/621/744 659/622/745
f 660/621/744 661/574/696 665/575/697 664/624/747
f 658/623/746 659/622/745 663/625/748 662/626/749
f 659/622/745 660/621/744 664/624/747 663/625/748
f 664/624/747 665/575/697 669/2120/698 668/2124/750
f 662/626/749 663/625/748 667/2122/751 666/627/752
f 663/625/748 664/624/747 668/2124/750 667/2122/751
f 668/2124/750 669/2120/698 673/2121/699 672/2125/753
f 666/627/752 667/2122/751 671/2123/754 670/2139/755
f 667/2122/751 668/2124/750 672/2125/753 671/2123/754
f 672/628/753 673/576/699 677/577/700 676/631/756
f 670/630/755 671/629/754 675/632/757 674/633/758
f 671/629/754 672/628/753 676/631/756 675/632/757
f 676/631/756 677/577/700 681/578/701 680/634/759
f 674/633/758 675/632/757 679/635/760 678/636/761
f 675/632/757 676/631/756 680/634/759 679/635/760
f 605/561/683 604/579/702 680/634/759 681/578/701
f 604/579/702 603/582/705 679/635/760 680/634/759
f 603/582/705 602/581/704 678/636/761 679/635/760
f 703/637/762 702/638/763 682/639/764 683/640/765
f 704/641/766 703/637/762 683/640/765 684/642/767
f 705/643/768 704/641/766 684/642/767 685/644/769
f 706/645/770 705/643/768 685/644/769 686/646/771
f 707/647/772 706/645/770 686/646/771 687/648/773
f 708/649/774 707/647/772 687/648/773 688/650/775
f 709/651/776 708/649/774 688/650/775 689/652/777
f 710/653/778 709/651/776 689/652/777 690/654/779
f 711/655/780 710/653/778 690/654/779 691/656/781
f 712/657/782 711/655/780 691/656/781 692/658/783
f 713/2128/784 712/2126/782 692/2233/783 693/659/785
f 714/660/786 713/2128/784 693/659/785 694/661/787
f 715/662/788 714/660/786 694/661/787 695/663/789
f 716/664/790 715/662/788 695/663/789 696/665/791
f 717/666/792 716/664/790 696/665/791 697/667/793
f 718/668/794 717/666/792 697/667/793 698/669/795
f 719/670/796 718/668/794 698/669/795 699/671/797
f 720/672/798 719/670/796 699/671/797 700/673/799
f 721/674/800 720/672/798 700/673/799 701/675/801
f 702/638/763 721/674/800 701/675/801 682/639/764
f 723/676/802 722/677/803 702/638/763 703/637/762
f 724/678/804 723/676/802 703/637/762 704/641/766
f 725/679/805 724/678/804 704/641/766 705/643/768
f 726/680/806 725/679/805 705/643/768 706/645/770
f 727/681/807 726/680/806 706/645/770 707/647/772
f 728/682/808 727/681/807 707/647/772 708/649/774
f 729/683/809 728/682/808 708/649/774 709/651/776
f 730/684/810 729/683/809 709/651/776 710/653/778
f 731/685/811 730/684/810 710/653/778 711/655/780
f 732/686/812 731/685/811 711/655/780 712/657/782
f 733/2130/813 732/2127/812 712/2126/782 713/2128/784
f 734/687/814 733/2130/813 713/2128/784 714/660/786
f 735/688/815 734/687/814 714/660/786 715/662/788
f 736/689/816 735/688/815 715/662/788 716/664/790
f 737/690/817 736/689/816 716/664/790 717/666/792
f 738/691/818 737/690/817 717/666/792 718/668/794
f 739/692/819 738/691/818 718/668/794 719/670/796
f 740/693/820 739/692/819 719/670/796 720/672/798
f 741/694/821 740/693/820 720/672/798 721/674/800
f 722/677/803 741/694/821 721/674/800 702/638/763
f 743/695/822 742/696/823 722/677/803 723/676/802
f 744/697/824 743/695/822 723/676/802 724/678/804
f 745/698/825 744/697/824 724/678/804 725/679/805
f 746/699/826 745/698/825 725/679/805 726/680/806
f 747/700/827 746/699/826 726/680/806 727/681/807
f 748/701/828 747/700/827 727/681/807 728/682/808
f 749/702/829 748/701/828 728/682/808 729/683/809
f 750/703/830 749/702/829 729/683/809 730/684/810
f 751/704/831 750/703/830 730/684/810 731/685/811
f 752/705/832 751/704/831 731/685/811 732/686/812
f 753/2132/833 752/2129/832 732/2127/812 733/2130/813
f 754/706/834 753/2132/833 733/2130/813 734/687/814
f 755/707/835 754/706/834 734/687/814 735/688/815
f 756/708/836 755/707/835 735/688/815 736/689/816
f 757/709/837 756/708/836 736/689/816 737/690/817
f 758/710/838 757/709/837 737/690/817 738/691/818
f 759/711/839 758/710/838 738/691/818 739/692/819
f 760/712/840 759/711/839 739/692/819 740/693/820
f 761/713/841 760/712/840 740/693/820 741/694/821
f 742/696/823 761/713/841 741/694/821 722/677/803
f 763/714/842 762/715/843 742/696/823 743/695/822
f 764/716/844 763/714/842 743/695/822 744/697/824
f 765/717/845 764/716/844 744/697/824 745/698/825
f 766/718/846 765/717/845 745/698/825 746/699/826
f 767/719/847 766/718/846 746/699/826 747/700/827
f 768/720/848 767/719/847 747/700/827 748/701/828
f 769/721/849 768/720/848 748/701/828 749/702/829
f 770/722/850 769/721/849 749/702/829 750/703/830
f 771/723/851 770/722/850 750/703/830 751/704/831
f 772/724/852 771/723/851 751/704/831 752/705/832
f 773/2134/853 772/2131/852 752/2129/832 753/2132/833
f 774/725/854 773/2134/853 753/2132/833 754/706/834
f 775/726/855 774/725/854 754/706/834 755/707/835
f 776/727/856 775/726/855 755/707/835 756/708/836
f 777/728/857 776/727/856 756/708/836 757/709/837
f 778/729/858 777/728/857 757/709/837 758/710/838
f 779/730/859 778/729/858 758/710/838 759/711/839
f 780/731/860 779/730/859 759/711/839 760/712/840
f 781/732/861 780/731/860 760/712/840 761/713/841
f 762/715/843 781/732/861 761/713/841 742/696/823
f 783/733/862 782/734/863 762/715/843 763/714/842
f 784/735/864 783/733/862 763/714/842 764/716/844
f 785/736/865 784/735/864 764/716/844 765/717/845
f 786/737/866 785/736/865 765/717/845 766/718/846
f 787/738/867 786/737/866 766/718/846 767/719/847
f 788/739/868 787/738/867 767/719/847 768/720/848
f 789/740/869 788/739/868 768/720/848 769/721/849
f 790/741/870 789/740/869 769/721/849 770/722/850
f 791/742/871 790/741/870 770/722/850 771/723/851
f 792/743/872 791/742/871 771/723/851 772/724/852
f 793/2136/873 792/2133/872 772/2131/852 773/2134/853
f 794/744/874 793/2136/873 773/2134/853 774/725/854
f 795/745/875 794/744/874 774/725/854 775/726/855
f 796/746/876 795/745/875 775/726/855 776/727/856
f 797/747/877 796/746/876 776/727/856 777/728/857
f 798/748/878 797/747/877 777/728/857 778/729/858
f 799/749/879 798/748/878 778/729/858 779/730/859
f 800/750/880 799/749/879 779/730/859 780/731/860
f 801/751/881 800/750/880 780/731/860 781/732/861
f 782/734/863 801/751/881 781/732/861 762/715/843
f 803/752/882 802/753/883 782/734/863 783/733/862
f 804/754/884 803/752/882 783/733/862 784/735/864
f 805/755/885 804/754/884 784/735/864 785/736/865
f 806/756/886 805/755/885 785/736/865 786/737/866
f 807/757/887 806/756/886 786/737/866 787/738/867
f 808/758/888 807/757/887 787/738/867 788/739/868
f 809/759/889 808/758/888 788/739/868 789/740/869
f 810/760/890 809/759/889 789/740/869 790/741/870
f 811/761/891 810/760/890 790/741/870 791/742/871
f 812/762/892 811/761/891 791/742/871 792/743/872
f 813/2138/893 812/2135/892 792/2133/872 793/2136/873
f 814/763/894 813/2138/893 793/2136/873 794/744/874
f 815/764/895 814/763/894 794/744/874 795/745/875
f 816/765/896 815/764/895 795/745/875 796/746/876
f 817/766/897 816/765/896 796/746/876 797/747/877
f 818/767/898 817/766/897 797/747/877 798/748/878
f 819/768/899 818/767/898 798/748/878 799/749/879
f 820/769/900 819/768/899 799/749/879 800/750/880
f 821/770/901 820/769/900 800/750/880 801/751/881
f 802/753/883 821/770/901 801/751/881 782/734/863
f 826/771/902 825/772/903 828/773/904 827/774/905
f 825/772/903 824/775/906 829/776/907 828/773/904
f 824/775/906 823/777/908 830/778/909 829/776/907
f 823/777/908 822/779/910 831/780/911 830/778/909
f 917/781/912 826/771/902 808/758/888 809/759/889
f 826/771/902 827/774/905 807/757/887 808/758/888
f 827/774/905 832/782/913 806/756/886 807/757/887
f 832/782/913 837/783/914 805/755/885 806/756/886
f 837/783/914 842/784/915 804/754/884 805/755/885
f 842/784/915 847/785/916 803/752/882 804/754/884
f 847/785/916 852/786/917 802/753/883 803/752/882
f 852/786/917 857/787/918 821/770/901 802/753/883
f 857/787/918 862/788/919 820/769/900 821/770/901
f 862/788/919 867/789/920 819/768/899 820/769/900
f 867/789/920 872/790/921 818/767/898 819/768/899
f 872/790/921 877/791/922 817/766/897 818/767/898
f 877/791/922 882/792/923 816/765/896 817/766/897
f 882/792/923 887/793/924 815/764/895 816/765/896
f 887/793/924 892/794/925 814/763/894 815/764/895
f 892/794/925 897/795/926 813/2138/893 814/763/894
f 897/795/926 902/2137/927 812/2135/892 813/2138/893
f 902/796/927 907/797/928 811/761/891 812/762/892
f 907/797/928 912/798/929 810/760/890 811/761/891
f 912/798/929 917/781/912 809/759/889 810/760/890
f 606/584/930 610/587/931 831/780/911 822/779/910
f 610/587/931 614/590/932 836/799/933 831/780/911
f 614/590/932 618/593/934 841/800/935 836/799/933
f 618/593/934 622/596/936 846/801/937 841/800/935
f 622/596/936 626/599/938 851/802/939 846/801/937
f 626/599/938 630/602/940 856/803/941 851/802/939
f 630/602/940 634/605/942 861/804/943 856/803/941
f 634/605/942 638/608/944 866/805/945 861/804/943
f 638/608/944 642/611/946 871/806/947 866/805/945
f 642/611/946 646/614/948 876/807/949 871/806/947
f 646/614/948 650/617/950 881/808/951 876/807/949
f 650/617/950 654/620/952 886/809/953 881/808/951
f 654/620/952 658/623/954 891/810/955 886/809/953
f 658/623/954 662/626/956 896/811/957 891/810/955
f 662/626/956 666/627/958 901/2140/959 896/811/957
f 666/627/958 670/2139/960 906/2141/961 901/2140/959
f 670/630/960 674/633/962 911/813/963 906/812/961
f 674/633/962 678/636/964 916/814/965 911/813/963
f 678/636/964 602/581/966 921/815/967 916/814/965
f 602/581/966 606/584/930 822/779/910 921/815/967
f 830/778/909 831/780/911 836/799/933 835/816/968
f 829/776/907 830/778/909 835/816/968 834/817/969
f 827/774/905 828/773/904 833/818/970 832/782/913
f 828/773/904 829/776/907 834/817/969 833/818/970
f 835/816/968 836/799/933 841/800/935 840/819/971
f 834/817/969 835/816/968 840/819/971 839/820/972
f 832/782/913 833/818/970 838/821/973 837/783/914
f 833/818/970 834/817/969 839/820/972 838/821/973
f 840/819/971 841/800/935 846/801/937 845/822/974
f 839/820/972 840/819/971 845/822/974 844/823/975
f 837/783/914 838/821/973 843/824/976 842/784/915
f 838/821/973 839/820/972 844/823/975 843/824/976
f 845/822/974 846/801/937 851/802/939 850/825/977
f 844/823/975 845/822/974 850/825/977 849/826/978
f 842/784/915 843/824/976 848/827/979 847/785/916
f 843/824/976 844/823/975 849/826/978 848/827/979
f 850/825/977 851/802/939 856/803/941 855/828/980
f 849/826/978 850/825/977 855/828/980 854/829/981
f 847/785/916 848/827/979 853/830/982 852/786/917
f 848/827/979 849/826/978 854/829/981 853/830/982
f 855/828/980 856/803/941 861/804/943 860/831/983
f 854/829/981 855/828/980 860/831/983 859/832/984
f 852/786/917 853/830/982 858/833/985 857/787/918
f 853/830/982 854/829/981 859/832/984 858/833/985
f 860/831/983 861/804/943 866/805/945 865/834/986
f 859/832/984 860/831/983 865/834/986 864/835/987
f 857/787/918 858/833/985 863/836/988 862/788/919
f 858/833/985 859/832/984 864/835/987 863/836/988
f 865/834/986 866/805/945 871/806/947 870/837/989
f 864/835/987 865/834/986 870/837/989 869/838/990
f 862/788/919 863/836/988 868/839/991 867/789/920
f 863/836/988 864/835/987 869/838/990 868/839/991
f 870/837/989 871/806/947 876/807/949 875/840/992
f 869/838/990 870/837/989 875/840/992 874/841/993
f 867/789/920 868/839/991 873/842/994 872/790/921
f 868/839/991 869/838/990 874/841/993 873/842/994
f 875/840/992 876/807/949 881/808/951 880/843/995
f 874/841/993 875/840/992 880/843/995 879/844/996
f 872/790/921 873/842/994 878/845/997 877/791/922
f 873/842/994 874/841/993 879/844/996 878/845/997
f 880/843/995 881/808/951 886/809/953 885/846/998
f 879/844/996 880/843/995 885/846/998 884/847/999
f 877/791/922 878/845/997 883/848/1000 882/792/923
f 878/845/997 879/844/996 884/847/999 883/848/1000
f 885/846/998 886/809/953 891/810/955 890/849/1001
f 884/847/999 885/846/998 890/849/1001 889/850/1002
f 882/792/923 883/848/1000 888/851/1003 887/793/924
f 883/848/1000 884/847/999 889/850/1002 888/851/1003
f 890/849/1001 891/810/955 896/811/957 895/852/1004
f 889/850/1002 890/849/1001 895/852/1004 894/853/1005
f 887/793/924 888/851/1003 893/854/1006 892/794/925
f 888/851/1003 889/850/1002 894/853/1005 893/854/1006
f 895/852/1004 896/811/957 901/2140/959 900/2142/1007
f 894/853/1005 895/852/1004 900/2142/1007 899/2146/1008
f 892/794/925 893/854/1006 898/2144/1009 897/795/926
f 893/854/1006 894/853/1005 899/2146/1008 898/2144/1009
f 900/2142/1007 901/2140/959 906/2141/961 905/2143/1010
f 899/2146/1008 900/2142/1007 905/2143/1010 904/2147/1011
f 897/795/926 898/2144/1009 903/2145/1012 902/2137/927
f 898/2144/1009 899/2146/1008 904/2147/1011 903/2145/1012
f 905/855/1010 906/812/961 911/813/963 910/858/1013
f 904/856/1011 905/855/1010 910/858/1013 909/859/1014
f 902/796/927 903/857/1012 908/860/1015 907/797/928
f 903/857/1012 904/856/1011 909/859/1014 908/860/1015
f 910/858/1013 911/813/963 916/814/965 915/861/1016
f 909/859/1014 910/858/1013 915/861/1016 914/862/1017
f 907/797/928 908/860/1015 913/863/1018 912/798/929
f 908/860/1015 909/859/1014 914/862/1017 913/863/1018
f 915/861/1016 916/814/965 921/815/967 920/864/1019
f 914/862/1017 915/861/1016 920/864/1019 919/865/1020
f 912/798/929 913/863/1018 918/866/1021 917/781/912
f 913/863/1018 914/862/1017 919/865/1020 918/866/1021
f 822/779/910 823/777/908 920/864/1019 921/815/967
f 823/777/908 824/775/906 919/865/1020 920/864/1019
f 824/775/906 825/772/903 918/866/1021 919/865/1020
f 825/772/903 826/771/902 917/781/912 918/866/1021
f 502/867/1022 503/868/1023 928/869/1024 922/870/1025
f 503/868/1023 504/871/1026 934/872/1027 928/869/1024
f 504/871/1026 505/873/1028 940/874/1029 934/872/1027
f 505/873/1028 506/875/1030 946/876/1031 940/874/1029
f 506/875/1030 507/877/1032 952/878/1033 946/876/1031
f 507/877/1032 508/879/1034 958/880/1035 952/878/1033
f 508/879/1034 509/881/1036 964/882/1037 958/880/1035
f 509/881/1036 510/883/1038 970/884/1039 964/882/1037
f 510/883/1038 511/885/1040 976/886/1041 970/884/1039
f 511/885/1040 512/887/1042 982/888/1043 976/886/1041
f 512/887/1042 513/889/1044 988/890/1045 982/888/1043
f 513/889/1044 514/891/1046 994/892/1047 988/890/1045
f 514/891/1046 515/893/1048 1000/894/1049 994/892/1047
f 515/893/1048 516/895/1050 1006/896/1051 1000/894/1049
f 516/895/1050 517/897/1052 1012/898/1053 1006/896/1051
f 517/897/1052 518/2232/1054 1018/2149/1055 1012/898/1053
f 518/2232/1054 519/2148/1056 1024/2158/1057 1018/2149/1055
f 519/899/1056 520/901/1058 1030/902/1059 1024/900/1057
f 520/901/1058 521/903/1060 1036/904/1061 1030/902/1059
f 521/903/1060 502/867/1022 922/870/1025 1036/904/1061
f 926/905/1062 927/906/1063 1041/907/1064 1040/908/1065
f 925/909/1066 926/905/1062 1040/908/1065 1039/910/1067
f 924/911/1068 925/909/1066 1039/910/1067 1038/912/1069
f 922/870/1025 923/913/1070 1037/914/1071 1036/904/1061
f 923/913/1070 924/911/1068 1038/912/1069 1037/914/1071
f 927/906/1063 926/905/1062 932/915/1072 933/916/1073
f 926/905/1062 925/909/1066 931/917/1074 932/915/1072
f 925/909/1066 924/911/1068 930/918/1075 931/917/1074
f 924/911/1068 923/913/1070 929/919/1076 930/918/1075
f 923/913/1070 922/870/1025 928/869/1024 929/919/1076
f 933/916/1073 932/915/1072 938/920/1077 939/921/1078
f 932/915/1072 931/917/1074 937/922/1079 938/920/1077
f 931/917/1074 930/918/1075 936/923/1080 937/922/1079
f 930/918/1075 929/919/1076 935/924/1081 936/923/1080
f 929/919/1076 928/869/1024 934/872/1027 935/924/1081
f 939/921/1078 938/920/1077 944/925/1082 945/926/1083
f 938/920/1077 937/922/1079 943/927/1084 944/925/1082
f 937/922/1079 936/923/1080 942/928/1085 943/927/1084
f 936/923/1080 935/924/1081 941/929/1086 942/928/1085
f 935/924/1081 934/872/1027 940/874/1029 941/929/1086
f 945/926/1083 944/925/1082 950/930/1087 951/931/1088
f 944/925/1082 943/927/1084 949/932/1089 950/930/1087
f 943/927/1084 942/928/1085 948/933/1090 949/932/1089
f 942/928/1085 941/929/1086 947/934/1091 948/933/1090
f 941/929/1086 940/874/1029 946/876/1031 947/934/1091
f 951/931/1088 950/930/1087 956/935/1092 957/936/1093
f 950/930/1087 949/932/1089 955/937/1094 956/935/1092
f 949/932/1089 948/933/1090 954/938/1095 955/937/1094
f 948/933/1090 947/934/1091 953/939/1096 954/938/1095
f 947/934/1091 946/876/1031 952/878/1033 953/939/1096
f 957/936/1093 956/935/1092 962/940/1097 963/941/1098
f 956/935/1092 955/937/1094 961/942/1099 962/940/1097
f 955/937/1094 954/938/1095 960/943/1100 961/942/1099
f 954/938/1095 953/939/1096 959/944/1101 960/943/1100
f 953/939/1096 952/878/1033 958/880/1035 959/944/1101
f 963/941/1098 962/940/1097 968/945/1102 969/946/1103
f 962/940/1097 961/942/1099 967/947/1104 968/945/1102
f 961/942/1099 960/943/1100 966/948/1105 967/947/1104
f 960/943/1100 959/944/1101 965/949/1106 966/948/1105
f 959/944/1101 958/880/1035 964/882/1037 965/949/1106
f 969/946/1103 968/945/1102 974/950/1107 975/951/1108
f 968/945/1102 967/947/1104 973/952/1109 974/950/1107
f 967/947/1104 966/948/1105 972/953/1110 973/952/1109
f 966/948/1105 965/949/1106 971/954/1111 972/953/1110
f 965/949/1106 964/882/1037 970/884/1039 971/954/1111
f 975/951/1108 974/950/1107 980/955/1112 981/956/1113
f 974/950/1107 973/952/1109 979/957/1114 980/955/1112
f 973/952/1109 972/953/1110 978/958/1115 979/957/1114
f 972/953/1110 971/954/1111 977/959/1116 978/958/1115
f 971/954/1111 970/884/1039 976/886/1041 977/959/1116
f 981/956/1113 980/955/1112 986/960/1117 987/961/1118
f 980/955/1112 979/957/1114 985/962/1119 986/960/1117
f 979/957/1114 978/958/1115 984/963/1120 985/962/1119
f 978/958/1115 977/959/1116 983/964/1121 984/963/1120
f 977/959/1116 976/886/1041 982/888/1043 983/964/1121
f 987/961/1118 986/960/1117 992/965/1122 993/966/1123
f 986/960/1117 985/962/1119 991/967/1124 992/965/1122
f 985/962/1119 984/963/1120 990/968/1125 991/967/1124
f 984/963/1120 983/964/1121 989/969/1126 990/968/1125
f 983/964/1121 982/888/1043 988/890/1045 989/969/1126
f 993/966/1123 992/965/1122 998/970/1127 999/971/1128
f 992/965/1122 991/967/1124 997/972/1129 998/970/1127
f 991/967/1124 990/968/1125 996/973/1130 997/972/1129
f 990/968/1125 989/969/1126 995/974/1131 996/973/1130
f 989/969/1126 988/890/1045 994/892/1047 995/974/1131
f 999/971/1128 998/970/1127 1004/975/1132 1005/976/1133
f 998/970/1127 997/972/1129 1003/977/1134 1004/975/1132
f 997/972/1129 996/973/1130 1002/978/1135 1003/977/1134
f 996/973/1130 995/974/1131 1001/979/1136 1002/978/1135
f 995/974/1131 994/892/1047 1000/894/1049 1001/979/1136
f 1005/976/1133 1004/975/1132 1010/980/1137 1011/981/1138
f 1004/975/1132 1003/977/1134 1009/982/1139 1010/980/1137
f 1003/977/1134 1002/978/1135 1008/983/1140 1009/982/1139
f 1002/978/1135 1001/979/1136 1007/984/1141 1008/983/1140
f 1001/979/1136 1000/894/1049 1006/896/1051 1007/984/1141
f 1011/981/1138 1010/980/1137 1016/985/1142 1017/986/1143
f 1010/980/1137 1009/982/1139 1015/987/1144 1016/985/1142
f 1009/982/1139 1008/983/1140 1014/988/1145 1015/987/1144
f 1008/983/1140 1007/984/1141 1013/989/1146 1014/988/1145
f 1007/984/1141 1006/896/1051 1012/898/1053 1013/989/1146
f 1017/986/1143 1016/985/1142 1022/2150/1147 1023/990/1148
f 1016/985/1142 1015/987/1144 1021/2152/1149 1022/2150/1147
f 1015/987/1144 1014/988/1145 1020/2154/1150 1021/2152/1149
f 1014/988/1145 1013/989/1146 1019/2156/1151 1020/2154/1150
f 1013/989/1146 1012/898/1053 1018/2149/1055 1019/2156/1151
f 1023/990/1148 1022/2150/1147 1028/2151/1152 1029/2177/1153
f 1022/2150/1147 1021/2152/1149 1027/2153/1154 1028/2151/1152
f 1021/2152/1149 1020/2154/1150 1026/2155/1155 1027/2153/1154
f 1020/2154/1150 1019/2156/1151 1025/2157/1156 1026/2155/1155
f 1019/2156/1151 1018/2149/1055 1024/2158/1057 1025/2157/1156
f 1029/992/1153 1028/991/1152 1034/996/1157 1035/997/1158
f 1028/991/1152 1027/993/1154 1033/998/1159 1034/996/1157
f 1027/993/1154 1026/994/1155 1032/999/1160 1033/998/1159
f 1026/994/1155 1025/995/1156 1031/1000/1161 1032/999/1160
f 1025/995/1156 1024/900/1057 1030/902/1059 1031/1000/1161
f 1035/997/1158 1034/996/1157 1040/908/1065 1041/907/1064
f 1034/996/1157 1033/998/1159 1039/910/1067 1040/908/1065
f 1033/998/1159 1032/999/1160 1038/912/1069 1039/910/1067
f 1032/999/1160 1031/1000/1161 1037/914/1071 1038/912/1069
f 1031/1000/1161 1030/902/1059 1036/904/1061 1037/914/1071
f 1046/1001/1162 1047/1002/1163 1161/1003/1164 1160/1004/1165
f 1045/1005/1166 1046/1001/1162 1160/1004/1165 1159/1006/1167
f 1044/1007/1168 1045/1005/1166 1159/1006/1167 1158/1008/1169
f 1042/1009/1170 1043/1010/1171 1157/1011/1172 1156/1012/1173
f 1043/1010/1171 1044/1007/1168 1158/1008/1169 1157/1011/1172
f 1047/1002/1163 1046/1001/1162 1052/1013/1174 1053/1014/1175
f 1046/1001/1162 1045/1005/1166 1051/1015/1176 1052/1013/1174
f 1045/1005/1166 1044/1007/1168 1050/1016/1177 1051/1015/1176
f 1044/1007/1168 1043/1010/1171 1049/1017/1178 1050/1016/1177
f 1043/1010/1171 1042/1009/1170 1048/1018/1179 1049/1017/1178
f 1053/1014/1175 1052/1013/1174 1058/1019/1180 1059/1020/1181
f 1052/1013/1174 1051/1015/1176 1057/1021/1182 1058/1019/1180
f 1051/1015/1176 1050/1016/1177 1056/1022/1183 1057/1021/1182
f 1050/1016/1177 1049/1017/1178 1055/1023/1184 1056/1022/1183
f 1049/1017/1178 1048/1018/1179 1054/1024/1185 1055/1023/1184
f 1059/1020/1181 1058/1019/1180 1064/1025/1186 1065/1026/1187
f 1058/1019/1180 1057/1021/1182 1063/1027/1188 1064/1025/1186
f 1057/1021/1182 1056/1022/1183 1062/1028/1189 1063/1027/1188
f 1056/1022/1183 1055/1023/1184 1061/1029/1190 1062/1028/1189
f 1055/1023/1184 1054/1024/1185 1060/1030/1191 1061/1029/1190
f 1065/1026/1187 1064/1025/1186 1070/1031/1192 1071/1032/1193
f 1064/1025/1186 1063/1027/1188 1069/1033/1194 1070/1031/1192
f 1063/1027/1188 1062/1028/1189 1068/1034/1195 1069/1033/1194
f 1062/1028/1189 1061/1029/1190 1067/1035/1196 1068/1034/1195
f 1061/1029/1190 1060/1030/1191 1066/1036/1197 1067/1035/1196
f 1071/1032/1193 1070/1031/1192 1076/1037/1198 1077/1038/1199
f 1070/1031/1192 1069/1033/1194 1075/1039/1200 1076/1037/1198
f 1069/1033/1194 1068/1034/1195 1074/1040/1201 1075/1039/1200
f 1068/1034/1195 1067/1035/1196 1073/1041/1202 1074/1040/1201
f 1067/1035/1196 1066/1036/1197 1072/1042/1203 1073/1041/1202
f 1077/1038/1199 1076/1037/1198 1082/1043/1204 1083/1044/1205
f 1076/1037/1198 1075/1039/1200 1081/1045/1206 1082/1043/1204
f 1075/1039/1200 1074/1040/1201 1080/1046/1207 1081/1045/1206
f 1074/1040/1201 1073/1041/1202 1079/1047/1208 1080/1046/1207
f 1073/1041/1202 1072/1042/1203 1078/1048/1209 1079/1047/1208
f 1083/1044/1205 1082/1043/1204 1088/1049/1210 1089/1050/1211
f 1082/1043/1204 1081/1045/1206 1087/1051/1212 1088/1049/1210
f 1081/1045/1206 1080/1046/1207 1086/1052/1213 1087/1051/1212
f 1080/1046/1207 1079/1047/1208 1085/1053/1214 1086/1052/1213
f 1079/1047/1208 1078/1048/1209 1084/1054/1215 1085/1053/1214
f 1089/1050/1211 1088/1049/1210 1094/1055/1216 1095/1056/1217
f 1088/1049/1210 1087/1051/1212 1093/1057/1218 1094/1055/1216
f 1087/1051/1212 1086/1052/1213 1092/1058/1219 1093/1057/1218
f 1086/1052/1213 1085/1053/1214 1091/1059/1220 1092/1058/1219
f 1085/1053/1214 1084/1054/1215 1090/1060/1221 1091/1059/1220
f 1095/1056/1217 1094/1055/1216 1100/1061/1222 1101/1062/1223
f 1094/1055/1216 1093/1057/1218 1099/1063/1224 1100/1061/1222
f 1093/1057/1218 1092/1058/1219 1098/1064/1225 1099/1063/1224
f 1092/1058/1219 1091/1059/1220 1097/1065/1226 1098/1064/1225
f 1091/1059/1220 1090/1060/1221 1096/1066/1227 1097/1065/1226
f 1101/1062/1223 1100/1061/1222 1106/1067/1228 1107/1068/1229
f 1100/1061/1222 1099/1063/1224 1105/1069/1230 1106/1067/1228
f 1099/1063/1224 1098/1064/1225 1104/1070/1231 1105/1069/1230
f 1098/1064/1225 1097/1065/1226 1103/1071/1232 1104/1070/1231
f 1097/1065/1226 1096/1066/1227 1102/1072/1233 1103/1071/1232
f 1107/1068/1229 1106/1067/1228 1112/1073/1234 1113/1074/1235
f 1106/1067/1228 1105/1069/1230 1111/1075/1236 1112/1073/1234
f 1105/1069/1230 1104/1070/1231 1110/1076/1237 1111/1075/1236
f 1104/1070/1231 1103/1071/1232 1109/1077/1238 1110/1076/1237
f 1103/1071/1232 1102/1072/1233 1108/1078/1239 1109/1077/1238
f 1113/1074/1235 1112/1073/1234 1118/1079/1240 1119/1080/1241
f 1112/1073/1234 1111/1075/1236 1117/1081/1242 1118/1079/1240
f 1111/1075/1236 1110/1076/1237 1116/1082/1243 1117/1081/1242
f 1110/1076/1237 1109/1077/1238 1115/1083/1244 1116/1082/1243
f 1109/1077/1238 1108/1078/1239 1114/1084/1245 1115/1083/1244
f 1119/1080/1241 1118/1079/1240 1124/1085/1246 1125/1086/1247
f 1118/1079/1240 1117/1081/1242 1123/1087/1248 1124/1085/1246
f 1117/1081/1242 1116/1082/1243 1122/1088/1249 1123/1087/1248
f 1116/1082/1243 1115/1083/1244 1121/1089/1250 1122/1088/1249
f 1115/1083/1244 1114/1084/1245 1120/1090/1251 1121/1089/1250
f 1125/1086/1247 1124/1085/1246 1130/1091/1252 1131/1092/1253
f 1124/1085/1246 1123/1087/1248 1129/1093/1254 1130/1091/1252
f 1123/1087/1248 1122/1088/1249 1128/1094/1255 1129/1093/1254
f 1122/1088/1249 1121/1089/1250 1127/1095/1256 1128/1094/1255
f 1121/1089/1250 1120/1090/1251 1126/1096/1257 1127/1095/1256
f 1131/1092/1253 1130/1091/1252 1136/1097/1258 1137/1098/1259
f 1130/1091/1252 1129/1093/1254 1135/1099/1260 1136/1097/1258
f 1129/1093/1254 1128/1094/1255 1134/1100/1261 1135/1099/1260
f 1128/1094/1255 1127/1095/1256 1133/1101/1262 1134/1100/1261
f 1127/1095/1256 1126/1096/1257 1132/1102/1263 1133/1101/1262
f 1137/1098/1259 1136/1097/1258 1142/2159/1264 1143/1103/1265
f 1136/1097/1258 1135/1099/1260 1141/2161/1266 1142/2159/1264
f 1135/1099/1260 1134/1100/1261 1140/2163/1267 1141/2161/1266
f 1134/1100/1261 1133/1101/1262 1139/2165/1268 1140/2163/1267
f 1133/1101/1262 1132/1102/1263 1138/2180/1269 1139/2165/1268
f 1143/1103/1265 1142/2159/1264 1148/2160/1270 1149/2188/1271
f 1142/2159/1264 1141/2161/1266 1147/2162/1272 1148/2160/1270
f 1141/2161/1266 1140/2163/1267 1146/2164/1273 1147/2162/1272
f 1140/2163/1267 1139/2165/1268 1145/2166/1274 1146/2164/1273
f 1139/2165/1268 1138/2180/1269 1144/2167/1275 1145/2166/1274
f 1149/1105/1271 1148/1104/1270 1154/1110/1276 1155/1111/1277
f 1148/1104/1270 1147/1106/1272 1153/1112/1278 1154/1110/1276
f 1147/1106/1272 1146/1107/1273 1152/1113/1279 1153/1112/1278
f 1146/1107/1273 1145/1108/1274 1151/1114/1280 1152/1113/1279
f 1145/1108/1274 1144/1109/1275 1150/1115/1281 1151/1114/1280
f 1155/1111/1277 1154/1110/1276 1160/1004/1165 1161/1003/1164
f 1154/1110/1276 1153/1112/1278 1159/1006/1167 1160/1004/1165
f 1153/1112/1278 1152/1113/1279 1158/1008/1169 1159/1006/1167
f 1152/1113/1279 1151/1114/1280 1157/1011/1172 1158/1008/1169
f 1151/1114/1280 1150/1115/1281 1156/1012/1173 1157/1011/1172
f 1166/1116/1282 1167/1117/1283 1281/1118/1284 1280/1119/1285
f 1165/1120/1286 1166/1116/1282 1280/1119/1285 1279/1121/1287
f 1164/1122/1288 1165/1120/1286 1279/1121/1287 1278/1123/1289
f 1162/1124/1290 1163/1125/1291 1277/1126/1292 1276/1127/1293
f 1163/1125/1291 1164/1122/1288 1278/1123/1289 1277/1126/1292
f 1167/1117/1283 1166/1116/1282 1172/1128/1294 1173/1129/1295
f 1166/1116/1282 1165/1120/1286 1171/1130/1296 1172/1128/1294
f 1165/1120/1286 1164/1122/1288 1170/1131/1297 1171/1130/1296
f 1164/1122/1288 1163/1125/1291 1169/1132/1298 1170/1131/1297
f 1163/1125/1291 1162/1124/1290 1168/1133/1299 1169/1132/1298
f 1173/1129/1295 1172/1128/1294 1178/1134/1300 1179/1135/1301
f 1172/1128/1294 1171/1130/1296 1177/1136/1302 1178/1134/1300
f 1171/1130/1296 1170/1131/1297 1176/1137/1303 1177/1136/1302
f 1170/1131/1297 1169/1132/1298 1175/1138/1304 1176/1137/1303
f 1169/1132/1298 1168/1133/1299 1174/1139/1305 1175/1138/1304
f 1179/1135/1301 1178/1134/1300 1184/1140/1306 1185/1141/1307
f 1178/1134/1300 1177/1136/1302 1183/1142/1308 1184/1140/1306
f 1177/1136/1302 1176/1137/1303 1182/1143/1309 1183/1142/1308
f 1176/1137/1303 1175/1138/1304 1181/1144/1310 1182/1143/1309
f 1175/1138/1304 1174/1139/1305 1180/1145/1311 1181/1144/1310
f 1185/1141/1307 1184/1140/1306 1190/1146/1312 1191/1147/1313
f 1184/1140/1306 1183/1142/1308 1189/1148/1314 1190/1146/1312
f 1183/1142/1308 1182/1143/1309 1188/1149/1315 1189/1148/1314
f 1182/1143/1309 1181/1144/1310 1187/1150/1316 1188/1149/1315
f 1181/1144/1310 1180/1145/1311 1186/1151/1317 1187/1150/1316
f 1191/1147/1313 1190/1146/1312 1196/1152/1318 1197/1153/1319
f 1190/1146/1312 1189/1148/1314 1195/1154/1320 1196/1152/1318
f 1189/1148/1314 1188/1149/1315 1194/1155/1321 1195/1154/1320
f 1188/1149/1315 1187/1150/1316 1193/1156/1322 1194/1155/1321
f 1187/1150/1316 1186/1151/1317 1192/1157/1323 1193/1156/1322
f 1197/1153/1319 1196/1152/1318 1202/1158/1324 1203/1159/1325
f 1196/1152/1318 1195/1154/1320 1201/1160/1326 1202/1158/1324
f 1195/1154/1320 1194/1155/1321 1200/1161/1327 1201/1160/1326
f 1194/1155/1321 1193/1156/1322 1199/1162/1328 1200/1161/1327
f 1193/1156/1322 1192/1157/1323 1198/1163/1329 1199/1162/1328
f 1203/1159/1325 1202/1158/1324 1208/1164/1330 1209/1165/1331
f 1202/1158/1324 1201/1160/1326 1207/1166/1332 1208/1164/1330
f 1201/1160/1326 1200/1161/1327 1206/1167/1333 1207/1166/1332
f 1200/1161/1327 1199/1162/1328 1205/1168/1334 1206/1167/1333
f 1199/1162/1328 1198/1163/1329 1204/1169/1335 1205/1168/1334
f 1209/1165/1331 1208/1164/1330 1214/1170/1336 1215/1171/1337
f 1208/1164/1330 1207/1166/1332 1213/1172/1338 1214/1170/1336
f 1207/1166/1332 1206/1167/1333 1212/1173/1339 1213/1172/1338
f 1206/1167/1333 1205/1168/1334 1211/1174/1340 1212/1173/1339
f 1205/1168/1334 1204/1169/1335 1210/1175/1341 1211/1174/1340
f 1215/1171/1337 1214/1170/1336 1220/1176/1342 1221/1177/1343
f 1214/1170/1336 1213/1172/1338 1219/1178/1344 1220/1176/1342
f 1213/1172/1338 1212/1173/1339 1218/1179/1345 1219/1178/1344
f 1212/1173/1339 1211/1174/1340 1217/1180/1346 1218/1179/1345
f 1211/1174/1340 1210/1175/1341 1216/1181/1347 1217/1180/1346
f 1221/1177/1343 1220/1176/1342 1226/1182/1348 1227/1183/1349
f 1220/1176/1342 1219/1178/1344 1225/1184/1350 1226/1182/1348
f 1219/1178/1344 1218/1179/1345 1224/1185/1351 1225/1184/1350
f 1218/1179/1345 1217/1180/1346 1223/1186/1352 1224/1185/1351
f 1217/1180/1346 1216/1181/1347 1222/1187/1353 1223/1186/1352
f 1227/1183/1349 1226/1182/1348 1232/1188/1354 1233/1189/1355
f 1226/1182/1348 1225/1184/1350 1231/1190/1356 1232/1188/1354
f 1225/1184/1350 1224/1185/1351 1230/1191/1357 1231/1190/1356
f 1224/1185/1351 1223/1186/1352 1229/1192/1358 1230/1191/1357
f 1223/1186/1352 1222/1187/1353 1228/1193/1359 1229/1192/1358
f 1233/1189/1355 1232/1188/1354 1238/1194/1360 1239/1195/1361
f 1232/1188/1354 1231/1190/1356 1237/1196/1362 1238/1194/1360
f 1231/1190/1356 1230/1191/1357 1236/1197/1363 1237/1196/1362
f 1230/1191/1357 1229/1192/1358 1235/1198/1364 1236/1197/1363
f 1229/1192/1358 1228/1193/1359 1234/1199/1365 1235/1198/1364
f 1239/1195/1361 1238/1194/1360 1244/1200/1366 1245/1201/1367
f 1238/1194/1360 1237/1196/1362 1243/1202/1368 1244/1200/1366
f 1237/1196/1362 1236/1197/1363 1242/1203/1369 1243/1202/1368
f 1236/1197/1363 1235/1198/1364 1241/1204/1370 1242/1203/1369
f 1235/1198/1364 1234/1199/1365 1240/1205/1371 1241/1204/1370
f 1245/1201/1367 1244/1200/1366 1250/1206/1372 1251/1207/1373
f 1244/1200/1366 1243/1202/1368 1249/1208/1374 1250/1206/1372
f 1243/1202/1368 1242/1203/1369 1248/1209/1375 1249/1208/1374
f 1242/1203/1369 1241/1204/1370 1247/1210/1376 1248/1209/1375
f 1241/1204/1370 1240/1205/1371 1246/1211/1377 1247/1210/1376
f 1251/1207/1373 1250/1206/1372 1256/1212/1378 1257/1213/1379
f 1250/1206/1372 1249/1208/1374 1255/1214/1380 1256/1212/1378
f 1249/1208/1374 1248/1209/1375 1254/1215/1381 1255/1214/1380
f 1248/1209/1375 1247/1210/1376 1253/1216/1382 1254/1215/1381
f 1247/1210/1376 1246/1211/1377 1252/1217/1383 1253/1216/1382
f 1257/1213/1379 1256/1212/1378 1262/2168/1384 1263/1218/1385
f 1256/1212/1378 1255/1214/1380 1261/2170/1386 1262/2168/1384
f 1255/1214/1380 1254/1215/1381 1260/2172/1387 1261/2170/1386
f 1254/1215/1381 1253/1216/1382 1259/2174/1388 1260/2172/1387
f 1253/1216/1382 1252/1217/1383 1258/2191/1389 1259/2174/1388
f 1263/1218/1385 1262/2168/1384 1268/2169/1390 1269/2206/1391
f 1262/2168/1384 1261/2170/1386 1267/2171/1392 1268/2169/1390
f 1261/2170/1386 1260/2172/1387 1266/2173/1393 1267/2171/1392
f 1260/2172/1387 1259/2174/1388 1265/2175/1394 1266/2173/1393
f 1259/2174/1388 1258/2191/1389 1264/2176/1395 1265/2175/1394
f 1269/1220/1391 1268/1219/1390 1274/1225/1396 1275/1226/1397
f 1268/1219/1390 1267/1221/1392 1273/1227/1398 1274/1225/1396
f 1267/1221/1392 1266/1222/1393 1272/1228/1399 1273/1227/1398
f 1266/1222/1393 1265/1223/1394 1271/1229/1400 1272/1228/1399
f 1265/1223/1394 1264/1224/1395 1270/1230/1401 1271/1229/1400
f 1275/1226/1397 1274/1225/1396 1280/1119/1285 1281/1118/1284
f 1274/1225/1396 1273/1227/1398 1279/1121/1287 1280/1119/1285
f 1273/1227/1398 1272/1228/1399 1278/1123/1289 1279/1121/1287
f 1272/1228/1399 1271/1229/1400 1277/1126/1292 1278/1123/1289
f 1271/1229/1400 1270/1230/1401 1276/1127/1293 1277/1126/1292
f 927/906/1063 933/916/1073 1286/1231/1402 1282/1232/1403
f 933/916/1073 939/921/1078 1290/1233/1404 1286/1231/1402
f 939/921/1078 945/926/1083 1294/1234/1405 1290/1233/1404
f 945/926/1083 951/931/1088 1298/1235/1406 1294/1234/1405
f 951/931/1088 957/936/1093 1302/1236/1407 1298/1235/1406
f 957/936/1093 963/941/1098 1306/1237/1408 1302/1236/1407
f 963/941/1098 969/946/1103 1310/1238/1409 1306/1237/1408
f 969/946/1103 975/951/1108 1314/1239/1410 1310/1238/1409
f 975/951/1108 981/956/1113 1318/1240/1411 1314/1239/1410
f 981/956/1113 987/961/1118 1322/1241/1412 1318/1240/1411
f 987/961/1118 993/966/1123 1326/1242/1413 1322/1241/1412
f 993/966/1123 999/971/1128 1330/1243/1414 1326/1242/1413
f 999/971/1128 1005/976/1133 1334/1244/1415 1330/1243/1414
f 1005/976/1133 1011/981/1138 1338/1245/1416 1334/1244/1415
f 1011/981/1138 1017/986/1143 1342/1246/1417 1338/1245/1416
f 1017/986/1143 1023/990/1148 1346/2178/1418 1342/1246/1417
f 1023/990/1148 1029/2177/1153 1350/2185/1419 1346/2178/1418
f 1029/992/1153 1035/997/1158 1354/1248/1420 1350/1247/1419
f 1035/997/1158 1041/907/1064 1358/1249/1421 1354/1248/1420
f 1041/907/1064 927/906/1063 1282/1232/1403 1358/1249/1421
f 1285/1250/1422 1289/1251/1423 1048/1018/1179 1042/1009/1170
f 1289/1251/1423 1293/1252/1424 1054/1024/1185 1048/1018/1179
f 1293/1252/1424 1297/1253/1425 1060/1030/1191 1054/1024/1185
f 1297/1253/1425 1301/1254/1426 1066/1036/1197 1060/1030/1191
f 1301/1254/1426 1305/1255/1427 1072/1042/1203 1066/1036/1197
f 1305/1255/1427 1309/1256/1428 1078/1048/1209 1072/1042/1203
f 1309/1256/1428 1313/1257/1429 1084/1054/1215 1078/1048/1209
f 1313/1257/1429 1317/1258/1430 1090/1060/1221 1084/1054/1215
f 1317/1258/1430 1321/1259/1431 1096/1066/1227 1090/1060/1221
f 1321/1259/1431 1325/1260/1432 1102/1072/1233 1096/1066/1227
f 1325/1260/1432 1329/1261/1433 1108/1078/1239 1102/1072/1233
f 1329/1261/1433 1333/1262/1434 1114/1084/1245 1108/1078/1239
f 1333/1262/1434 1337/1263/1435 1120/1090/1251 1114/1084/1245
f 1337/1263/1435 1341/1264/1436 1126/1096/1257 1120/1090/1251
f 1341/1264/1436 1345/1265/1437 1132/1102/1263 1126/1096/1257
f 1345/1265/1437 1349/1266/1438 1138/2180/1269 1132/1102/1263
f 1349/1266/1438 1353/2179/1439 1144/2167/1275 1138/2180/1269
f 1353/1267/1439 1357/1268/1440 1150/1115/1281 1144/1109/1275
f 1357/1268/1440 1361/1269/1441 1156/1012/1173 1150/1115/1281
f 1361/1269/1441 1285/1250/1422 1042/1009/1170 1156/1012/1173
f 1284/1270/1442 1285/1250/1422 1361/1269/1441 1360/1271/1443
f 1282/1232/1403 1283/1272/1444 1359/1273/1445 1358/1249/1421
f 1283/1272/1446 1284/1270/1447 1360/1271/1448 1359/1273/1449
f 1285/1250/1422 1284/1270/1442 1288/1274/1450 1289/1251/1423
f 1284/1270/1447 1283/1272/1446 1287/1275/1451 1288/1274/1452
f 1283/1272/1444 1282/1232/1403 1286/1231/1402 1287/1275/1453
f 1289/1251/1423 1288/1274/1450 1292/1276/1454 1293/1252/1424
f 1288/1274/1452 1287/1275/1451 1291/1277/1455 1292/1276/1456
f 1287/1275/1453 1286/1231/1402 1290/1233/1404 1291/1277/1457
f 1293/1252/1424 1292/1276/1454 1296/1278/1458 1297/1253/1425
f 1292/1276/1456 1291/1277/1455 1295/1279/1459 1296/1278/1460
f 1291/1277/1457 1290/1233/1404 1294/1234/1405 1295/1279/1461
f 1297/1253/1425 1296/1278/1458 1300/1280/1462 1301/1254/1426
f 1296/1278/1460 1295/1279/1459 1299/1281/1463 1300/1280/1464
f 1295/1279/1461 1294/1234/1405 1298/1235/1406 1299/1281/1465
f 1301/1254/1426 1300/1280/1462 1304/1282/1466 1305/1255/1427
f 1300/1280/1464 1299/1281/1463 1303/1283/1467 1304/1282/1468
f 1299/1281/1465 1298/1235/1406 1302/1236/1407 1303/1283/1469
f 1305/1255/1427 1304/1282/1466 1308/1284/1470 1309/1256/1428
f 1304/1282/1468 1303/1283/1467 1307/1285/1471 1308/1284/1472
f 1303/1283/1469 1302/1236/1407 1306/1237/1408 1307/1285/1473
f 1309/1256/1428 1308/1284/1470 1312/1286/1474 1313/1257/1429
f 1308/1284/1472 1307/1285/1471 1311/1287/1475 1312/1286/1476
f 1307/1285/1473 1306/1237/1408 1310/1238/1409 1311/1287/1477
f 1313/1257/1429 1312/1286/1474 1316/1288/1478 1317/1258/1430
f 1312/1286/1476 1311/1287/1475 1315/1289/1479 1316/1288/1480
f 1311/1287/1477 1310/1238/1409 1314/1239/1410 1315/1289/1481
f 1317/1258/1430 1316/1288/1478 1320/1290/1482 1321/1259/1431
f 1316/1288/1480 1315/1289/1479 1319/1291/1483 1320/1290/1484
f 1315/1289/1481 1314/1239/1410 1318/1240/1411 1319/1291/1485
f 1321/1259/1431 1320/1290/1482 1324/1292/1486 1325/1260/1432
f 1320/1290/1484 1319/1291/1483 1323/1293/1487 1324/1292/1488
f 1319/1291/1485 1318/1240/1411 1322/1241/1412 1323/1293/1489
f 1325/1260/1432 1324/1292/1486 1328/1294/1490 1329/1261/1433
f 1324/1292/1488 1323/1293/1487 1327/1295/1491 1328/1294/1492
f 1323/1293/1489 1322/1241/1412 1326/1242/1413 1327/1295/1493
f 1329/1261/1433 1328/1294/1490 1332/1296/1494 1333/1262/1434
f 1328/1294/1492 1327/1295/1491 1331/1297/1495 1332/1296/1496
f 1327/1295/1493 1326/1242/1413 1330/1243/1414 1331/1297/1497
f 1333/1262/1434 1332/1296/1494 1336/1298/1498 1337/1263/1435
f 1332/1296/1496 1331/1297/1495 1335/1299/1499 1336/1298/1500
f 1331/1297/1497 1330/1243/1414 1334/1244/1415 1335/1299/1501
f 1337/1263/1435 1336/1298/1498 1340/1300/1502 1341/1264/1436
f 1336/1298/1500 1335/1299/1499 1339/1301/1503 1340/1300/1504
f 1335/1299/1501 1334/1244/1415 1338/1245/1416 1339/1301/1505
f 1341/1264/1436 1340/1300/1502 1344/1302/1506 1345/1265/1437
f 1340/1300/1504 1339/1301/1503 1343/1303/1507 1344/1302/1508
f 1339/1301/1505 1338/1245/1416 1342/1246/1417 1343/1303/1509
f 1345/1265/1437 1344/1302/1506 1348/2181/1510 1349/1266/1438
f 1344/1302/1508 1343/1303/1507 1347/2183/1511 1348/2181/1512
f 1343/1303/1509 1342/1246/1417 1346/2178/1418 1347/2183/1513
f 1349/1266/1438 1348/2181/1510 1352/2182/1514 1353/2179/1439
f 1348/2181/1512 1347/2183/1511 1351/2184/1515 1352/2182/1516
f 1347/2183/1513 1346/2178/1418 1350/2185/1419 1351/2184/1517
f 1353/1267/1439 1352/1304/1514 1356/1306/1518 1357/1268/1440
f 1352/1304/1516 1351/1305/1515 1355/1307/1519 1356/1306/1520
f 1351/1305/1517 1350/1247/1419 1354/1248/1420 1355/1307/1521
f 1357/1268/1440 1356/1306/1518 1360/1271/1443 1361/1269/1441
f 1356/1306/1520 1355/1307/1519 1359/1273/1449 1360/1271/1448
f 1355/1307/1521 1354/1248/1420 1358/1249/1421 1359/1273/1445
f 1362/1308/1522 1367/1309/1523 1467/1310/1524 1462/1311/1525
f 1367/1309/1523 1372/1312/1526 1472/1313/1527 1467/1310/1524
f 1372/1312/1526 1377/1314/1528 1477/1315/1529 1472/1313/1527
f 1377/1314/1528 1382/1316/1530 1482/1317/1531 1477/1315/1529
f 1382/1316/1530 1387/1318/1532 1487/1319/1533 1482/1317/1531
f 1387/1318/1532 1392/1320/1534 1492/1321/1535 1487/1319/1533
f 1392/1320/1534 1397/1322/1536 1497/1323/1537 1492/1321/1535
f 1397/1322/1536 1402/1324/1538 1502/1325/1539 1497/1323/1537
f 1402/1324/1538 1407/1326/1540 1507/1327/1541 1502/1325/1539
f 1407/1326/1540 1412/1328/1542 1512/1329/1543 1507/1327/1541
f 1412/1328/1542 1417/1330/1544 1517/1331/1545 1512/1329/1543
f 1417/1330/1544 1422/1332/1546 1522/1333/1547 1517/1331/1545
f 1422/1332/1546 1427/1334/1548 1527/1335/1549 1522/1333/1547
f 1427/1334/1548 1432/1336/1550 1532/1337/1551 1527/1335/1549
f 1432/1336/1550 1437/1338/1552 1537/1339/1553 1532/1337/1551
f 1437/1338/1552 1442/1340/1554 1542/2187/1555 1537/1339/1553
f 1442/1340/1554 1447/2186/1556 1547/2205/1557 1542/2187/1555
f 1447/1341/1556 1452/1343/1558 1552/1344/1559 1547/1342/1557
f 1452/1343/1558 1457/1345/1560 1557/1346/1561 1552/1344/1559
f 1457/1345/1560 1362/1308/1522 1462/1311/1525 1557/1346/1561
f 1047/1002/1163 1053/1014/1175 1371/1347/1562 1366/1348/1563
f 1053/1014/1175 1059/1020/1181 1376/1349/1564 1371/1347/1562
f 1059/1020/1181 1065/1026/1187 1381/1350/1565 1376/1349/1564
f 1065/1026/1187 1071/1032/1193 1386/1351/1566 1381/1350/1565
f 1071/1032/1193 1077/1038/1199 1391/1352/1567 1386/1351/1566
f 1077/1038/1199 1083/1044/1205 1396/1353/1568 1391/1352/1567
f 1083/1044/1205 1089/1050/1211 1401/1354/1569 1396/1353/1568
f 1089/1050/1211 1095/1056/1217 1406/1355/1570 1401/1354/1569
f 1095/1056/1217 1101/1062/1223 1411/1356/1571 1406/1355/1570
f 1101/1062/1223 1107/1068/1229 1416/1357/1572 1411/1356/1571
f 1107/1068/1229 1113/1074/1235 1421/1358/1573 1416/1357/1572
f 1113/1074/1235 1119/1080/1241 1426/1359/1574 1421/1358/1573
f 1119/1080/1241 1125/1086/1247 1431/1360/1575 1426/1359/1574
f 1125/1086/1247 1131/1092/1253 1436/1361/1576 1431/1360/1575
f 1131/1092/1253 1137/1098/1259 1441/1362/1577 1436/1361/1576
f 1137/1098/1259 1143/1103/1265 1446/2189/1578 1441/1362/1577
f 1143/1103/1265 1149/2188/1271 1451/2192/1579 1446/2189/1578
f 1149/1105/1271 1155/1111/1277 1456/1364/1580 1451/1363/1579
f 1155/1111/1277 1161/1003/1164 1461/1365/1581 1456/1364/1580
f 1161/1003/1164 1047/1002/1163 1366/1348/1563 1461/1365/1581
f 1466/1366/1582 1471/1367/1583 1168/1133/1299 1162/1124/1290
f 1471/1367/1583 1476/1368/1584 1174/1139/1305 1168/1133/1299
f 1476/1368/1584 1481/1369/1585 1180/1145/1311 1174/1139/1305
f 1481/1369/1585 1486/1370/1586 1186/1151/1317 1180/1145/1311
f 1486/1370/1586 1491/1371/1587 1192/1157/1323 1186/1151/1317
f 1491/1371/1587 1496/1372/1588 1198/1163/1329 1192/1157/1323
f 1496/1372/1588 1501/1373/1589 1204/1169/1335 1198/1163/1329
f 1501/1373/1589 1506/1374/1590 1210/1175/1341 1204/1169/1335
f 1506/1374/1590 1511/1375/1591 1216/1181/1347 1210/1175/1341
f 1511/1375/1591 1516/1376/1592 1222/1187/1353 1216/1181/1347
f 1516/1376/1592 1521/1377/1593 1228/1193/1359 1222/1187/1353
f 1521/1377/1593 1526/1378/1594 1234/1199/1365 1228/1193/1359
f 1526/1378/1594 1531/1379/1595 1240/1205/1371 1234/1199/1365
f 1531/1379/1595 1536/1380/1596 1246/1211/1377 1240/1205/1371
f 1536/1380/1596 1541/1381/1597 1252/1217/1383 1246/1211/1377
f 1541/1381/1597 1546/1382/1598 1258/2191/1389 1252/1217/1383
f 1546/1382/1598 1551/2190/1599 1264/2176/1395 1258/2191/1389
f 1551/1383/1599 1556/1384/1600 1270/1230/1401 1264/1224/1395
f 1556/1384/1600 1561/1385/1601 1276/1127/1293 1270/1230/1401
f 1561/1385/1601 1466/1366/1582 1162/1124/1290 1276/1127/1293
f 1365/1386/1602 1366/1348/1563 1371/1347/1562 1370/1387/1603
f 1364/1388/1604 1365/1386/1602 1370/1387/1603 1369/1389/1605
f 1362/1308/1522 1363/1390/1606 1368/1391/1607 1367/1309/1523
f 1363/1390/1606 1364/1388/1604 1369/1389/1605 1368/1391/1607
f 1370/1387/1603 1371/1347/1562 1376/1349/1564 1375/1392/1608
f 1369/1389/1605 1370/1387/1603 1375/1392/1608 1374/1393/1609
f 1367/1309/1523 1368/1391/1607 1373/1394/1610 1372/1312/1526
f 1368/1391/1607 1369/1389/1605 1374/1393/1609 1373/1394/1610
f 1375/1392/1608 1376/1349/1564 1381/1350/1565 1380/1395/1611
f 1374/1393/1609 1375/1392/1608 1380/1395/1611 1379/1396/1612
f 1372/1312/1526 1373/1394/1610 1378/1397/1613 1377/1314/1528
f 1373/1394/1610 1374/1393/1609 1379/1396/1612 1378/1397/1613
f 1380/1395/1611 1381/1350/1565 1386/1351/1566 1385/1398/1614
f 1379/1396/1612 1380/1395/1611 1385/1398/1614 1384/1399/1615
f 1377/1314/1528 1378/1397/1613 1383/1400/1616 1382/1316/1530
f 1378/1397/1613 1379/1396/1612 1384/1399/1615 1383/1400/1616
f 1385/1398/1614 1386/1351/1566 1391/1352/1567 1390/1401/1617
f 1384/1399/1615 1385/1398/1614 1390/1401/1617 1389/1402/1618
f 1382/1316/1530 1383/1400/1616 1388/1403/1619 1387/1318/1532
f 1383/1400/1616 1384/1399/1615 1389/1402/1618 1388/1403/1619
f 1390/1401/1617 1391/1352/1567 1396/1353/1568 1395/1404/1620
f 1389/1402/1618 1390/1401/1617 1395/1404/1620 1394/1405/1621
f 1387/1318/1532 1388/1403/1619 1393/1406/1622 1392/1320/1534
f 1388/1403/1619 1389/1402/1618 1394/1405/1621 1393/1406/1622
f 1395/1404/1620 1396/1353/1568 1401/1354/1569 1400/1407/1623
f 1394/1405/1621 1395/1404/1620 1400/1407/1623 1399/1408/1624
f 1392/1320/1534 1393/1406/1622 1398/1409/1625 1397/1322/1536
f 1393/1406/1622 1394/1405/1621 1399/1408/1624 1398/1409/1625
f 1400/1407/1623 1401/1354/1569 1406/1355/1570 1405/1410/1626
f 1399/1408/1624 1400/1407/1623 1405/1410/1626 1404/1411/1627
f 1397/1322/1536 1398/1409/1625 1403/1412/1628 1402/1324/1538
f 1398/1409/1625 1399/1408/1624 1404/1411/1627 1403/1412/1628
f 1405/1410/1626 1406/1355/1570 1411/1356/1571 1410/1413/1629
f 1404/1411/1627 1405/1410/1626 1410/1413/1629 1409/1414/1630
f 1402/1324/1538 1403/1412/1628 1408/1415/1631 1407/1326/1540
f 1403/1412/1628 1404/1411/1627 1409/1414/1630 1408/1415/1631
f 1410/1413/1629 1411/1356/1571 1416/1357/1572 1415/1416/1632
f 1409/1414/1630 1410/1413/1629 1415/1416/1632 1414/1417/1633
f 1407/1326/1540 1408/1415/1631 1413/1418/1634 1412/1328/1542
f 1408/1415/1631 1409/1414/1630 1414/1417/1633 1413/1418/1634
f 1415/1416/1632 1416/1357/1572 1421/1358/1573 1420/1419/1635
f 1414/1417/1633 1415/1416/1632 1420/1419/1635 1419/1420/1636
f 1412/1328/1542 1413/1418/1634 1418/1421/1637 1417/1330/1544
f 1413/1418/1634 1414/1417/1633 1419/1420/1636 1418/1421/1637
f 1420/1419/1635 1421/1358/1573 1426/1359/1574 1425/1422/1638
f 1419/1420/1636 1420/1419/1635 1425/1422/1638 1424/1423/1639
f 1417/1330/1544 1418/1421/1637 1423/1424/1640 1422/1332/1546
f 1418/1421/1637 1419/1420/1636 1424/1423/1639 1423/1424/1640
f 1425/1422/1638 1426/1359/1574 1431/1360/1575 1430/1425/1641
f 1424/1423/1639 1425/1422/1638 1430/1425/1641 1429/1426/1642
f 1422/1332/1546 1423/1424/1640 1428/1427/1643 1427/1334/1548
f 1423/1424/1640 1424/1423/1639 1429/1426/1642 1428/1427/1643
f 1430/1425/1641 1431/1360/1575 1436/1361/1576 1435/1428/1644
f 1429/1426/1642 1430/1425/1641 1435/1428/1644 1434/1429/1645
f 1427/1334/1548 1428/1427/1643 1433/1430/1646 1432/1336/1550
f 1428/1427/1643 1429/1426/1642 1434/1429/1645 1433/1430/1646
f 1435/1428/1644 1436/1361/1576 1441/1362/1577 1440/1431/1647
f 1434/1429/1645 1435/1428/1644 1440/1431/1647 1439/1432/1648
f 1432/1336/1550 1433/1430/1646 1438/1433/1649 1437/1338/1552
f 1433/1430/1646 1434/1429/1645 1439/1432/1648 1438/1433/1649
f 1440/1431/1647 1441/1362/1577 1446/2189/1578 1445/2193/1650
f 1439/1432/1648 1440/1431/1647 1445/2193/1650 1444/2197/1651
f 1437/1338/1552 1438/1433/1649 1443/2195/1652 1442/1340/1554
f 1438/1433/1649 1439/1432/1648 1444/2197/1651 1443/2195/1652
f 1445/2193/1650 1446/2189/1578 1451/2192/1579 1450/2194/1653
f 1444/2197/1651 1445/2193/1650 1450/2194/1653 1449/2198/1654
f 1442/1340/1554 1443/2195/1652 1448/2196/1655 1447/2186/1556
f 1443/2195/1652 1444/2197/1651 1449/2198/1654 1448/2196/1655
f 1450/1434/1653 1451/1363/1579 1456/1364/1580 1455/1437/1656
f 1449/1435/1654 1450/1434/1653 1455/1437/1656 1454/1438/1657
f 1447/1341/1556 1448/1436/1655 1453/1439/1658 1452/1343/1558
f 1448/1436/1655 1449/1435/1654 1454/1438/1657 1453/1439/1658
f 1455/1437/1656 1456/1364/1580 1461/1365/1581 1460/1440/1659
f 1454/1438/1657 1455/1437/1656 1460/1440/1659 1459/1441/1660
f 1452/1343/1558 1453/1439/1658 1458/1442/1661 1457/1345/1560
f 1453/1439/1658 1454/1438/1657 1459/1441/1660 1458/1442/1661
f 1366/1348/1563 1365/1386/1602 1460/1440/1659 1461/1365/1581
f 1365/1386/1602 1364/1388/1604 1459/1441/1660 1460/1440/1659
f 1364/1388/1604 1363/1390/1606 1458/1442/1661 1459/1441/1660
f 1363/1390/1606 1362/1308/1522 1457/1345/1560 1458/1442/1661
f 1465/1443/1662 1466/1366/1582 1561/1385/1601 1560/1444/1663
f 1464/1445/1664 1465/1443/1662 1560/1444/1663 1559/1446/1665
f 1462/1311/1525 1463/1447/1666 1558/1448/1667 1557/1346/1561
f 1463/1447/1666 1464/1445/1664 1559/1446/1665 1558/1448/1667
f 1466/1366/1582 1465/1443/1662 1470/1449/1668 1471/1367/1583
f 1465/1443/1662 1464/1445/1664 1469/1450/1669 1470/1449/1668
f 1464/1445/1664 1463/1447/1666 1468/1451/1670 1469/1450/1669
f 1463/1447/1666 1462/1311/1525 1467/1310/1524 1468/1451/1670
f 1471/1367/1583 1470/1449/1668 1475/1452/1671 1476/1368/1584
f 1470/1449/1668 1469/1450/1669 1474/1453/1672 1475/1452/1671
f 1469/1450/1669 1468/1451/1670 1473/1454/1673 1474/1453/1672
f 1468/1451/1670 1467/1310/1524 1472/1313/1527 1473/1454/1673
f 1476/1368/1584 1475/1452/1671 1480/1455/1674 1481/1369/1585
f 1475/1452/1671 1474/1453/1672 1479/1456/1675 1480/1455/1674
f 1474/1453/1672 1473/1454/1673 1478/1457/1676 1479/1456/1675
f 1473/1454/1673 1472/1313/1527 1477/1315/1529 1478/1457/1676
f 1481/1369/1585 1480/1455/1674 1485/1458/1677 1486/1370/1586
f 1480/1455/1674 1479/1456/1675 1484/1459/1678 1485/1458/1677
f 1479/1456/1675 1478/1457/1676 1483/1460/1679 1484/1459/1678
f 1478/1457/1676 1477/1315/1529 1482/1317/1531 1483/1460/1679
f 1486/1370/1586 1485/1458/1677 1490/1461/1680 1491/1371/1587
f 1485/1458/1677 1484/1459/1678 1489/1462/1681 1490/1461/1680
f 1484/1459/1678 1483/1460/1679 1488/1463/1682 1489/1462/1681
f 1483/1460/1679 1482/1317/1531 1487/1319/1533 1488/1463/1682
f 1491/1371/1587 1490/1461/1680 1495/1464/1683 1496/1372/1588
f 1490/1461/1680 1489/1462/1681 1494/1465/1684 1495/1464/1683
f 1489/1462/1681 1488/1463/1682 1493/1466/1685 1494/1465/1684
f 1488/1463/1682 1487/1319/1533 1492/1321/1535 1493/1466/1685
f 1496/1372/1588 1495/1464/1683 1500/1467/1686 1501/1373/1589
f 1495/1464/1683 1494/1465/1684 1499/1468/1687 1500/1467/1686
f 1494/1465/1684 1493/1466/1685 1498/1469/1688 1499/1468/1687
f 1493/1466/1685 1492/1321/1535 1497/1323/1537 1498/1469/1688
f 1501/1373/1589 1500/1467/1686 1505/1470/1689 1506/1374/1590
f 1500/1467/1686 1499/1468/1687 1504/1471/1690 1505/1470/1689
f 1499/1468/1687 1498/1469/1688 1503/1472/1691 1504/1471/1690
f 1498/1469/1688 1497/1323/1537 1502/1325/1539 1503/1472/1691
f 1506/1374/1590 1505/1470/1689 1510/1473/1692 1511/1375/1591
f 1505/1470/1689 1504/1471/1690 1509/1474/1693 1510/1473/1692
f 1504/1471/1690 1503/1472/1691 1508/1475/1694 1509/1474/1693
f 1503/1472/1691 1502/1325/1539 1507/1327/1541 1508/1475/1694
f 1511/1375/1591 1510/1473/1692 1515/1476/1695 1516/1376/1592
f 1510/1473/1692 1509/1474/1693 1514/1477/1696 1515/1476/1695
f 1509/1474/1693 1508/1475/1694 1513/1478/1697 1514/1477/1696
f 1508/1475/1694 1507/1327/1541 1512/1329/1543 1513/1478/1697
f 1516/1376/1592 1515/1476/1695 1520/1479/1698 1521/1377/1593
f 1515/1476/1695 1514/1477/1696 1519/1480/1699 1520/1479/1698
f 1514/1477/1696 1513/1478/1697 1518/1481/1700 1519/1480/1699
f 1513/1478/1697 1512/1329/1543 1517/1331/1545 1518/1481/1700
f 1521/1377/1593 1520/1479/1698 1525/1482/1701 1526/1378/1594
f 1520/1479/1698 1519/1480/1699 1524/1483/1702 1525/1482/1701
f 1519/1480/1699 1518/1481/1700 1523/1484/1703 1524/1483/1702
f 1518/1481/1700 1517/1331/1545 1522/1333/1547 1523/1484/1703
f 1526/1378/1594 1525/1482/1701 1530/1485/1704 1531/1379/1595
f 1525/1482/1701 1524/1483/1702 1529/1486/1705 1530/1485/1704
f 1524/1483/1702 1523/1484/1703 1528/1487/1706 1529/1486/1705
f 1523/1484/1703 1522/1333/1547 1527/1335/1549 1528/1487/1706
f 1531/1379/1595 1530/1485/1704 1535/1488/1707 1536/1380/1596
f 1530/1485/1704 1529/1486/1705 1534/1489/1708 1535/1488/1707
f 1529/1486/1705 1528/1487/1706 1533/1490/1709 1534/1489/1708
f 1528/1487/1706 1527/1335/1549 1532/1337/1551 1533/1490/1709
f 1536/1380/1596 1535/1488/1707 1540/1491/1710 1541/1381/1597
f 1535/1488/1707 1534/1489/1708 1539/1492/1711 1540/1491/1710
f 1534/1489/1708 1533/1490/1709 1538/1493/1712 1539/1492/1711
f 1533/1490/1709 1532/1337/1551 1537/1339/1553 1538/1493/1712
f 1541/1381/1597 1540/1491/1710 1545/2199/1713 1546/1382/1598
f 1540/1491/1710 1539/1492/1711 1544/2201/1714 1545/2199/1713
f 1539/1492/1711 1538/1493/1712 1543/2203/1715 1544/2201/1714
f 1538/1493/1712 1537/1339/1553 1542/2187/1555 1543/2203/1715
f 1546/1382/1598 1545/2199/1713 1550/2200/1716 1551/2190/1599
f 1545/2199/1713 1544/2201/1714 1549/2202/1717 1550/2200/1716
f 1544/2201/1714 1543/2203/1715 1548/2204/1718 1549/2202/1717
f 1543/2203/1715 1542/2187/1555 1547/2205/1557 1548/2204/1718
f 1551/1383/1599 1550/1494/1716 1555/1497/1719 1556/1384/1600
f 1550/1494/1716 1549/1495/1717 1554/1498/1720 1555/1497/1719
f 1549/1495/1717 1548/1496/1718 1553/1499/1721 1554/1498/1720
f 1548/1496/1718 1547/1342/1557 1552/1344/1559 1553/1499/1721
f 1556/1384/1600 1555/1497/1719 1560/1444/1663 1561/1385/1601
f 1555/1497/1719 1554/1498/1720 1559/1446/1665 1560/1444/1663
f 1554/1498/1720 1553/1499/1721 1558/1448/1667 1559/1446/1665
f 1553/1499/1721 1552/1344/1559 1557/1346/1561 1558/1448/1667
f 1167/1117/1283 1173/1129/1295 1563/1500/1722 1562/1501/1723
f 1173/1129/1295 1179/1135/1301 1564/1502/1724 1563/1500/1722
f 1179/1135/1301 1185/1141/1307 1565/1503/1725 1564/1502/1724
f 1185/1141/1307 1191/1147/1313 1566/1504/1726 1565/1503/1725
f 1191/1147/1313 1197/1153/1319 1567/1505/1727 1566/1504/1726
f 1197/1153/1319 1203/1159/1325 1568/1506/1728 1567/1505/1727
f 1203/1159/1325 1209/1165/1331 1569/1507/1729 1568/1506/1728
f 1209/1165/1331 1215/1171/1337 1570/1508/1730 1569/1507/1729
f 1215/1171/1337 1221/1177/1343 1571/1509/1731 1570/1508/1730
f 1221/1177/1343 1227/1183/1349 1572/1510/1732 1571/1509/1731
f 1227/1183/1349 1233/1189/1355 1573/1511/1733 1572/1510/1732
f 1233/1189/1355 1239/1195/1361 1574/1512/1734 1573/1511/1733
f 1239/1195/1361 1245/1201/1367 1575/1513/1735 1574/1512/1734
f 1245/1201/1367 1251/1207/1373 1576/1514/1736 1575/1513/1735
f 1251/1207/1373 1257/1213/1379 1577/1515/1737 1576/1514/1736
f 1257/1213/1379 1263/1218/1385 1578/1516/1738 1577/1515/1737
f 1263/1218/1385 1269/2206/1391 1579/2214/1739 1578/1516/1738
f 1269/1220/1391 1275/1226/1397 1580/1518/1740 1579/1517/1739
f 1275/1226/1397 1281/1118/1284 1581/1519/1741 1580/1518/1740
f 1281/1118/1284 1167/1117/1283 1562/1501/1723 1581/1519/1741
f 1585/1520/1742 1586/1521/1743 1591/1522/1744 1590/1523/1745
f 1584/1524/1746 1585/1520/1742 1590/1523/1745 1589/1525/1747
f 1582/1526/1748 1583/1527/1749 1588/1528/1750 1587/1529/1751
f 1583/1527/1749 1584/1524/1746 1589/1525/1747 1588/1528/1750
f 1590/1523/1745 1591/1522/1744 1681/1530/1752 1680/1531/1753
f 1589/1525/1747 1590/1523/1745 1680/1531/1753 1679/1532/1754
f 1587/1529/1751 1588/1528/1750 1678/1533/1755 1677/1534/1756
f 1588/1528/1750 1589/1525/1747 1679/1532/1754 1678/1533/1755
f 1586/1521/1743 1585/1520/1742 1595/1535/1757 1596/1536/1758
f 1585/1520/1742 1584/1524/1746 1594/1537/1759 1595/1535/1757
f 1584/1524/1746 1583/1527/1749 1593/1538/1760 1594/1537/1759
f 1583/1527/1749 1582/1526/1748 1592/1539/1761 1593/1538/1760
f 1596/1536/1758 1595/1535/1757 1600/1540/1762 1601/1541/1763
f 1595/1535/1757 1594/1537/1759 1599/1542/1764 1600/1540/1762
f 1594/1537/1759 1593/1538/1760 1598/1543/1765 1599/1542/1764
f 1593/1538/1760 1592/1539/1761 1597/1544/1766 1598/1543/1765
f 1601/1541/1763 1600/1540/1762 1605/1545/1767 1606/1546/1768
f 1600/1540/1762 1599/1542/1764 1604/1547/1769 1605/1545/1767
f 1599/1542/1764 1598/1543/1765 1603/1548/1770 1604/1547/1769
f 1598/1543/1765 1597/1544/1766 1602/1549/1771 1603/1548/1770
f 1606/1546/1768 1605/1545/1767 1610/1550/1772 1611/1551/1773
f 1605/1545/1767 1604/1547/1769 1609/1552/1774 1610/1550/1772
f 1604/1547/1769 1603/1548/1770 1608/1553/1775 1609/1552/1774
f 1603/1548/1770 1602/1549/1771 1607/1554/1776 1608/1553/1775
f 1611/1551/1773 1610/1550/1772 1615/1555/1777 1616/1556/1778
f 1610/1550/1772 1609/1552/1774 1614/1557/1779 1615/1555/1777
f 1609/1552/1774 1608/1553/1775 1613/1558/1780 1614/1557/1779
f 1608/1553/1775 1607/1554/1776 1612/1559/1781 1613/1558/1780
f 1616/1556/1778 1615/1555/1777 1620/1560/1782 1621/1561/1783
f 1615/1555/1777 1614/1557/1779 1619/1562/1784 1620/1560/1782
f 1614/1557/1779 1613/1558/1780 1618/1563/1785 1619/1562/1784
f 1613/1558/1780 1612/1559/1781 1617/1564/1786 1618/1563/1785
f 1621/1561/1783 1620/1560/1782 1625/1565/1787 1626/1566/1788
f 1620/1560/1782 1619/1562/1784 1624/1567/1789 1625/1565/1787
f 1619/1562/1784 1618/1563/1785 1623/1568/1790 1624/1567/1789
f 1618/1563/1785 1617/1564/1786 1622/1569/1791 1623/1568/1790
f 1626/1566/1788 1625/1565/1787 1630/1570/1792 1631/1571/1793
f 1625/1565/1787 1624/1567/1789 1629/1572/1794 1630/1570/1792
f 1624/1567/1789 1623/1568/1790 1628/1573/1795 1629/1572/1794
f 1623/1568/1790 1622/1569/1791 1627/1574/1796 1628/1573/1795
f 1631/1571/1793 1630/1570/1792 1635/1575/1797 1636/1576/1798
f 1630/1570/1792 1629/1572/1794 1634/1577/1799 1635/1575/1797
f 1629/1572/1794 1628/1573/1795 1633/1578/1800 1634/1577/1799
f 1628/1573/1795 1627/1574/1796 1632/1579/1801 1633/1578/1800
f 1636/1576/1798 1635/1575/1797 1640/1580/1802 1641/1581/1803
f 1635/1575/1797 1634/1577/1799 1639/1582/1804 1640/1580/1802
f 1634/1577/1799 1633/1578/1800 1638/1583/1805 1639/1582/1804
f 1633/1578/1800 1632/1579/1801 1637/1584/1806 1638/1583/1805
f 1641/1581/1803 1640/1580/1802 1645/1585/1807 1646/1586/1808
f 1640/1580/1802 1639/1582/1804 1644/1587/1809 1645/1585/1807
f 1639/1582/1804 1638/1583/1805 1643/1588/1810 1644/1587/1809
f 1638/1583/1805 1637/1584/1806 1642/1589/1811 1643/1588/1810
f 1646/1586/1808 1645/1585/1807 1650/1590/1812 1651/1591/1813
f 1645/1585/1807 1644/1587/1809 1649/1592/1814 1650/1590/1812
f 1644/1587/1809 1643/1588/1810 1648/1593/1815 1649/1592/1814
f 1643/1588/1810 1642/1589/1811 1647/1594/1816 1648/1593/1815
f 1651/1591/1813 1650/1590/1812 1655/1595/1817 1656/1596/1818
f 1650/1590/1812 1649/1592/1814 1654/1597/1819 1655/1595/1817
f 1649/1592/1814 1648/1593/1815 1653/1598/1820 1654/1597/1819
f 1648/1593/1815 1647/1594/1816 1652/1599/1821 1653/1598/1820
f 1656/1596/1818 1655/1595/1817 1660/1600/1822 1661/1601/1823
f 1655/1595/1817 1654/1597/1819 1659/1602/1824 1660/1600/1822
f 1654/1597/1819 1653/1598/1820 1658/1603/1825 1659/1602/1824
f 1653/1598/1820 1652/1599/1821 1657/1604/1826 1658/1603/1825
f 1661/1601/1823 1660/1600/1822 1665/2207/1827 1666/1605/1828
f 1660/1600/1822 1659/1602/1824 1664/2209/1829 1665/2207/1827
f 1659/1602/1824 1658/1603/1825 1663/2211/1830 1664/2209/1829
f 1658/1603/1825 1657/1604/1826 1662/2217/1831 1663/2211/1830
f 1666/1605/1828 1665/2207/1827 1670/2208/1832 1671/2227/1833
f 1665/2207/1827 1664/2209/1829 1669/2210/1834 1670/2208/1832
f 1664/2209/1829 1663/2211/1830 1668/2212/1835 1669/2210/1834
f 1663/2211/1830 1662/2217/1831 1667/2213/1836 1668/2212/1835
f 1671/1607/1833 1670/1606/1832 1675/1611/1837 1676/1612/1838
f 1670/1606/1832 1669/1608/1834 1674/1613/1839 1675/1611/1837
f 1669/1608/1834 1668/1609/1835 1673/1614/1840 1674/1613/1839
f 1668/1609/1835 1667/1610/1836 1672/1615/1841 1673/1614/1840
f 1676/1612/1838 1675/1611/1837 1680/1531/1753 1681/1530/1752
f 1675/1611/1837 1674/1613/1839 1679/1532/1754 1680/1531/1753
f 1674/1613/1839 1673/1614/1840 1678/1533/1755 1679/1532/1754
f 1673/1614/1840 1672/1615/1841 1677/1534/1756 1678/1533/1755
f 1682/1616/1842 1562/1501/1843 1563/1500/1844 1688/1617/1845
f 1562/1501/1843 1682/1616/1842 1694/1618/1846 1581/1519/1847
f 1688/1617/1845 1563/1500/1844 1564/1502/1848 1700/1619/1849
f 1700/1619/1849 1564/1502/1848 1565/1503/1850 1706/1620/1851
f 1706/1620/1851 1565/1503/1850 1566/1504/1852 1712/1621/1853
f 1712/1621/1853 1566/1504/1852 1567/1505/1854 1718/1622/1855
f 1718/1622/1855 1567/1505/1854 1568/1506/1856 1724/1623/1857
f 1724/1623/1857 1568/1506/1856 1569/1507/1858 1730/1624/1859
f 1730/1624/1859 1569/1507/1858 1570/1508/1860 1736/1625/1861
f 1736/1625/1861 1570/1508/1860 1571/1509/1862 1742/1626/1863
f 1742/1626/1863 1571/1509/1862 1572/1510/1864 1748/1627/1865
f 1748/1627/1865 1572/1510/1864 1573/1511/1866 1754/1628/1867
f 1754/1628/1867 1573/1511/1866 1574/1512/1868 1760/1629/1869
f 1760/1629/1869 1574/1512/1868 1575/1513/1870 1766/1630/1871
f 1766/1630/1871 1575/1513/1870 1576/1514/1872 1772/1631/1873
f 1772/1631/1873 1576/1514/1872 1577/1515/1874 1778/1632/1875
f 1778/1632/1875 1577/1515/1874 1578/1516/1876 1784/2215/1877
f 1784/2215/1877 1578/1516/1876 1579/2214/1878 1790/2226/1879
f 1790/1633/1879 1579/1517/1878 1580/1518/1880 1796/1634/1881
f 1796/1634/1881 1580/1518/1880 1581/1519/1847 1694/1618/1846
f 1687/1635/1882 1693/1636/1883 1582/1526/1748 1587/1529/1751
f 1693/1636/1883 1705/1637/1884 1592/1539/1761 1582/1526/1748
f 1705/1637/1884 1711/1638/1885 1597/1544/1766 1592/1539/1761
f 1711/1638/1885 1717/1639/1886 1602/1549/1771 1597/1544/1766
f 1717/1639/1886 1723/1640/1887 1607/1554/1776 1602/1549/1771
f 1723/1640/1887 1729/1641/1888 1612/1559/1781 1607/1554/1776
f 1729/1641/1888 1735/1642/1889 1617/1564/1786 1612/1559/1781
f 1735/1642/1889 1741/1643/1890 1622/1569/1791 1617/1564/1786
f 1741/1643/1890 1747/1644/1891 1627/1574/1796 1622/1569/1791
f 1747/1644/1891 1753/1650/1892 1632/1579/1801 1627/1574/1796
f 1753/1650/1892 1759/1653/1893 1637/1584/1806 1632/1579/1801
f 1759/1653/1893 1765/1656/1894 1642/1589/1811 1637/1584/1806
f 1765/1656/1894 1771/1659/1895 1647/1594/1816 1642/1589/1811
f 1771/1659/1895 1777/1662/1896 1652/1599/1821 1647/1594/1816
f 1777/1662/1896 1783/1665/1897 1657/1604/1826 1652/1599/1821
f 1783/1665/1897 1789/1668/1898 1662/2217/1831 1657/1604/1826
f 1789/1668/1898 1795/2216/1899 1667/2213/1836 1662/2217/1831
f 1795/1671/1899 1801/1674/1900 1672/1615/1841 1667/1610/1836
f 1801/1674/1900 1699/1677/1901 1677/1534/1756 1672/1615/1841
f 1699/1677/1901 1687/1635/1882 1587/1529/1751 1677/1534/1756
f 1686/1680/1902 1687/1635/1882 1699/1677/1901 1698/1683/1903
f 1685/1686/1904 1686/1680/1902 1698/1683/1903 1697/1689/1905
f 1684/1692/1906 1685/1686/1904 1697/1689/1905 1696/1695/1907
f 1682/1616/1842 1683/1698/1908 1695/1805/1909 1694/1618/1846
f 1683/1698/1908 1684/1692/1906 1696/1695/1907 1695/1805/1909
f 1687/1635/1882 1686/1680/1902 1692/1806/1910 1693/1636/1883
f 1686/1680/1902 1685/1686/1904 1691/1807/1911 1692/1806/1910
f 1685/1686/1904 1684/1692/1906 1690/1808/1912 1691/1807/1911
f 1684/1692/1906 1683/1698/1908 1689/1809/1913 1690/1808/1912
f 1683/1698/1908 1682/1616/1842 1688/1617/1845 1689/1809/1913
f 1698/1683/1903 1699/1677/1901 1801/1674/1900 1800/1810/1914
f 1697/1689/1905 1698/1683/1903 1800/1810/1914 1799/1811/1915
f 1696/1695/1907 1697/1689/1905 1799/1811/1915 1798/1812/1916
f 1694/1618/1846 1695/1805/1909 1797/1813/1917 1796/1634/1881
f 1695/1805/1909 1696/1695/1907 1798/1812/1916 1797/1813/1917
f 1693/1636/1883 1692/1806/1910 1704/1814/1918 1705/1637/1884
f 1692/1806/1910 1691/1807/1911 1703/1815/1919 1704/1814/1918
f 1691/1807/1911 1690/1808/1912 1702/1816/1920 1703/1815/1919
f 1690/1808/1912 1689/1809/1913 1701/1817/1921 1702/1816/1920
f 1689/1809/1913 1688/1617/1845 1700/1619/1849 1701/1817/1921
f 1705/1637/1884 1704/1814/1918 1710/1818/1922 1711/1638/1885
f 1704/1814/1918 1703/1815/1919 1709/1819/1923 1710/1818/1922
f 1703/1815/1919 1702/1816/1920 1708/1820/1924 1709/1819/1923
f 1702/1816/1920 1701/1817/1921 1707/1821/1925 1708/1820/1924
f 1701/1817/1921 1700/1619/1849 1706/1620/1851 1707/1821/1925
f 1711/1638/1885 1710/1818/1922 1716/1822/1926 1717/1639/1886
f 1710/1818/1922 1709/1819/1923 1715/1823/1927 1716/1822/1926
f 1709/1819/1923 1708/1820/1924 1714/1824/1928 1715/1823/1927
f 1708/1820/1924 1707/1821/1925 1713/1825/1929 1714/1824/1928
f 1707/1821/1925 1706/1620/1851 1712/1621/1853 1713/1825/1929
f 1717/1639/1886 1716/1822/1926 1722/1826/1930 1723/1640/1887
f 1716/1822/1926 1715/1823/1927 1721/1827/1931 1722/1826/1930
f 1715/1823/1927 1714/1824/1928 1720/1828/1932 1721/1827/1931
f 1714/1824/1928 1713/1825/1929 1719/1829/1933 1720/1828/1932
f 1713/1825/1929 1712/1621/1853 1718/1622/1855 1719/1829/1933
f 1723/1640/1887 1722/1826/1930 1728/1830/1934 1729/1641/1888
f 1722/1826/1930 1721/1827/1931 1727/1831/1935 1728/1830/1934
f 1721/1827/1931 1720/1828/1932 1726/1832/1936 1727/1831/1935
f 1720/1828/1932 1719/1829/1933 1725/1833/1937 1726/1832/1936
f 1719/1829/1933 1718/1622/1855 1724/1623/1857 1725/1833/1937
f 1729/1641/1888 1728/1830/1934 1734/1834/1938 1735/1642/1889
f 1728/1830/1934 1727/1831/1935 1733/1835/1939 1734/1834/1938
f 1727/1831/1935 1726/1832/1936 1732/1836/1940 1733/1835/1939
f 1726/1832/1936 1725/1833/1937 1731/1837/1941 1732/1836/1940
f 1725/1833/1937 1724/1623/1857 1730/1624/1859 1731/1837/1941
f 1735/1642/1889 1734/1834/1938 1740/1838/1942 1741/1643/1890
f 1734/1834/1938 1733/1835/1939 1739/1839/1943 1740/1838/1942
f 1733/1835/1939 1732/1836/1940 1738/1840/1944 1739/1839/1943
f 1732/1836/1940 1731/1837/1941 1737/1841/1945 1738/1840/1944
f 1731/1837/1941 1730/1624/1859 1736/1625/1861 1737/1841/1945
f 1741/1643/1890 1740/1838/1942 1746/1842/1946 1747/1644/1891
f 1740/1838/1942 1739/1839/1943 1745/1843/1947 1746/1842/1946
f 1739/1839/1943 1738/1840/1944 1744/1844/1948 1745/1843/1947
f 1738/1840/1944 1737/1841/1945 1743/1845/1949 1744/1844/1948
f 1737/1841/1945 1736/1625/1861 1742/1626/1863 1743/1845/1949
f 1747/1644/1891 1746/1842/1946 1752/1846/1950 1753/1650/1892
f 1746/1842/1946 1745/1843/1947 1751/1847/1951 1752/1846/1950
f 1745/1843/1947 1744/1844/1948 1750/1848/1952 1751/1847/1951
f 1744/1844/1948 1743/1845/1949 1749/1849/1953 1750/1848/1952
f 1743/1845/1949 1742/1626/1863 1748/1627/1865 1749/1849/1953
f 1753/1650/1892 1752/1846/1950 1758/1850/1954 1759/1653/1893
f 1752/1846/1950 1751/1847/1951 1757/1851/1955 1758/1850/1954
f 1751/1847/1951 1750/1848/1952 1756/1852/1956 1757/1851/1955
f 1750/1848/1952 1749/1849/1953 1755/1853/1957 1756/1852/1956
f 1749/1849/1953 1748/1627/1865 1754/1628/1867 1755/1853/1957
f 1759/1653/1893 1758/1850/1954 1764/1854/1958 1765/1656/1894
f 1758/1850/1954 1757/1851/1955 1763/1855/1959 1764/1854/1958
f 1757/1851/1955 1756/1852/1956 1762/1856/1960 1763/1855/1959
f 1756/1852/1956 1755/1853/1957 1761/1857/1961 1762/1856/1960
f 1755/1853/1957 1754/1628/1867 1760/1629/1869 1761/1857/1961
f 1765/1656/1894 1764/1854/1958 1770/1858/1962 1771/1659/1895
f 1764/1854/1958 1763/1855/1959 1769/1859/1963 1770/1858/1962
f 1763/1855/1959 1762/1856/1960 1768/1860/1964 1769/1859/1963
f 1762/1856/1960 1761/1857/1961 1767/1861/1965 1768/1860/1964
f 1761/1857/1961 1760/1629/1869 1766/1630/1871 1767/1861/1965
f 1771/1659/1895 1770/1858/1962 1776/1862/1966 1777/1662/1896
f 1770/1858/1962 1769/1859/1963 1775/1863/1967 1776/1862/1966
f 1769/1859/1963 1768/1860/1964 1774/1864/1968 1775/1863/1967
f 1768/1860/1964 1767/1861/1965 1773/1865/1969 1774/1864/1968
f 1767/1861/1965 1766/1630/1871 1772/1631/1873 1773/1865/1969
f 1777/1662/1896 1776/1862/1966 1782/1866/1970 1783/1665/1897
f 1776/1862/1966 1775/1863/1967 1781/1867/1971 1782/1866/1970
f 1775/1863/1967 1774/1864/1968 1780/1868/1972 1781/1867/1971
f 1774/1864/1968 1773/1865/1969 1779/1869/1973 1780/1868/1972
f 1773/1865/1969 1772/1631/1873 1778/1632/1875 1779/1869/1973
f 1783/1665/1897 1782/1866/1970 1788/2218/1974 1789/1668/1898
f 1782/1866/1970 1781/1867/1971 1787/2220/1975 1788/2218/1974
f 1781/1867/1971 1780/1868/1972 1786/2222/1976 1787/2220/1975
f 1780/1868/1972 1779/1869/1973 1785/2224/1977 1786/2222/1976
f 1779/1869/1973 1778/1632/1875 1784/2215/1877 1785/2224/1977
f 1789/1668/1898 1788/2218/1974 1794/2219/1978 1795/2216/1899
f 1788/2218/1974 1787/2220/1975 1793/2221/1979 1794/2219/1978
f 1787/2220/1975 1786/2222/1976 1792/2223/1980 1793/2221/1979
f 1786/2222/1976 1785/2224/1977 1791/2225/1981 1792/2223/1980
f 1785/2224/1977 1784/2215/1877 1790/2226/1879 1791/2225/1981
f 1795/1671/1899 1794/1870/1978 1800/1810/1914 1801/1674/1900
f 1794/1870/1978 1793/1871/1979 1799/1811/1915 1800/1810/1914
f 1793/1871/1979 1792/1872/1980 1798/1812/1916 1799/1811/1915
f 1792/1872/1980 1791/1873/1981 1797/1813/1917 1798/1812/1916
f 1791/1873/1981 1790/1633/1879 1796/1634/1881 1797/1813/1917
f 1591/1522/1744 1586/1521/1743 1803/1874/1982 1808/1875/1983
f 1586/1521/1743 1596/1536/1758 1813/1876/1984 1803/1874/1982
f 1596/1536/1758 1601/1541/1763 1818/1877/1985 1813/1876/1984
f 1601/1541/1763 1606/1546/1768 1823/1878/1986 1818/1877/1985
f 1606/1546/1768 1611/1551/1773 1828/1879/1987 1823/1878/1986
f 1611/1551/1773 1616/1556/1778 1833/1880/1988 1828/1879/1987
f 1616/1556/1778 1621/1561/1783 1838/1881/1989 1833/1880/1988
f 1621/1561/1783 1626/1566/1788 1843/1882/1990 1838/1881/1989
f 1626/1566/1788 1631/1571/1793 1848/1883/1991 1843/1882/1990
f 1631/1571/1793 1636/1576/1798 1853/1884/1992 1848/1883/1991
f 1636/1576/1798 1641/1581/1803 1858/1885/1993 1853/1884/1992
f 1641/1581/1803 1646/1586/1808 1863/1886/1994 1858/1885/1993
f 1646/1586/1808 1651/1591/1813 1868/1887/1995 1863/1886/1994
f 1651/1591/1813 1656/1596/1818 1873/1888/1996 1868/1887/1995
f 1656/1596/1818 1661/1601/1823 1878/1889/1997 1873/1888/1996
f 1661/1601/1823 1666/1605/1828 1883/2228/1998 1878/1889/1997
f 1666/1605/1828 1671/2227/1833 1888/2229/1999 1883/2228/1998
f 1671/1607/1833 1676/1612/1838 1893/1891/2000 1888/1890/1999
f 1676/1612/1838 1681/1530/1752 1898/1892/2001 1893/1891/2000
f 1681/1530/1752 1591/1522/1744 1808/1875/1983 1898/1892/2001
f 1806/1646/2002 1807/1725/2003 1812/1763/2004 1811/1649/2005
f 1805/1645/2006 1806/1646/2002 1811/1649/2005 1810/1648/2007
f 1803/1874/1982 1804/1893/2008 1809/1894/2009 1808/1875/1983
f 1804/1979/2008 1805/1645/2006 1810/1648/2007 1809/1647/2009
f 1811/1649/2005 1812/1763/2004 1902/1761/2010 1901/1703/2011
f 1810/1648/2007 1811/1649/2005 1901/1703/2011 1900/1702/2012
f 1808/1875/1983 1809/1894/2009 1899/1895/2013 1898/1892/2001
f 1809/1647/2009 1810/1648/2007 1900/1702/2012 1899/1701/2013
f 1807/1725/2003 1806/1646/2002 1816/1652/2014 1817/1727/2015
f 1806/1646/2002 1805/1645/2006 1815/1651/2016 1816/1652/2014
f 1805/1645/2006 1804/1979/2008 1814/1980/2017 1815/1651/2016
f 1804/1893/2008 1803/1874/1982 1813/1876/1984 1814/1896/2017
f 1817/1727/2015 1816/1652/2014 1821/1655/2018 1822/1729/2019
f 1816/1652/2014 1815/1651/2016 1820/1654/2020 1821/1655/2018
f 1815/1651/2016 1814/1980/2017 1819/1981/2021 1820/1654/2020
f 1814/1896/2017 1813/1876/1984 1818/1877/1985 1819/1897/2021
f 1822/1729/2019 1821/1655/2018 1826/1658/2022 1827/1731/2023
f 1821/1655/2018 1820/1654/2020 1825/1657/2024 1826/1658/2022
f 1820/1654/2020 1819/1981/2021 1824/1982/2025 1825/1657/2024
f 1819/1897/2021 1818/1877/1985 1823/1878/1986 1824/1898/2025
f 1827/1731/2023 1826/1658/2022 1831/1661/2026 1832/1733/2027
f 1826/1658/2022 1825/1657/2024 1830/1660/2028 1831/1661/2026
f 1825/1657/2024 1824/1982/2025 1829/1983/2029 1830/1660/2028
f 1824/1898/2025 1823/1878/1986 1828/1879/1987 1829/1899/2029
f 1832/1733/2027 1831/1661/2026 1836/1664/2030 1837/1735/2031
f 1831/1661/2026 1830/1660/2028 1835/1663/2032 1836/1664/2030
f 1830/1660/2028 1829/1983/2029 1834/1984/2033 1835/1663/2032
f 1829/1899/2029 1828/1879/1987 1833/1880/1988 1834/1900/2033
f 1837/1735/2031 1836/1664/2030 1841/1667/2034 1842/1737/2035
f 1836/1664/2030 1835/1663/2032 1840/1666/2036 1841/1667/2034
f 1835/1663/2032 1834/1984/2033 1839/1985/2037 1840/1666/2036
f 1834/1900/2033 1833/1880/1988 1838/1881/1989 1839/1901/2037
f 1842/1737/2035 1841/1667/2034 1846/1670/2038 1847/1739/2039
f 1841/1667/2034 1840/1666/2036 1845/1669/2040 1846/1670/2038
f 1840/1666/2036 1839/1985/2037 1844/1986/2041 1845/1669/2040
f 1839/1901/2037 1838/1881/1989 1843/1882/1990 1844/1902/2041
f 1847/1739/2039 1846/1670/2038 1851/1673/2042 1852/1741/2043
f 1846/1670/2038 1845/1669/2040 1850/1672/2044 1851/1673/2042
f 1845/1669/2040 1844/1986/2041 1849/1987/2045 1850/1672/2044
f 1844/1902/2041 1843/1882/1990 1848/1883/1991 1849/1903/2045
f 1852/1741/2043 1851/1673/2042 1856/1676/2046 1857/1743/2047
f 1851/1673/2042 1850/1672/2044 1855/1675/2048 1856/1676/2046
f 1850/1672/2044 1849/1987/2045 1854/1988/2049 1855/1675/2048
f 1849/1903/2045 1848/1883/1991 1853/1884/1992 1854/1904/2049
f 1857/1743/2047 1856/1676/2046 1861/1679/2050 1862/1745/2051
f 1856/1676/2046 1855/1675/2048 1860/1678/2052 1861/1679/2050
f 1855/1675/2048 1854/1988/2049 1859/1989/2053 1860/1678/2052
f 1854/1904/2049 1853/1884/1992 1858/1885/1993 1859/1905/2053
f 1862/1745/2051 1861/1679/2050 1866/1682/2054 1867/1747/2055
f 1861/1679/2050 1860/1678/2052 1865/1681/2056 1866/1682/2054
f 1860/1678/2052 1859/1989/2053 1864/1990/2057 1865/1681/2056
f 1859/1905/2053 1858/1885/1993 1863/1886/1994 1864/1906/2057
f 1867/1747/2055 1866/1682/2054 1871/1685/2058 1872/1749/2059
f 1866/1682/2054 1865/1681/2056 1870/1684/2060 1871/1685/2058
f 1865/1681/2056 1864/1990/2057 1869/1991/2061 1870/1684/2060
f 1864/1906/2057 1863/1886/1994 1868/1887/1995 1869/1907/2061
f 1872/1749/2059 1871/1685/2058 1876/1688/2062 1877/1751/2063
f 1871/1685/2058 1870/1684/2060 1875/1687/2064 1876/1688/2062
f 1870/1684/2060 1869/1991/2061 1874/1992/2065 1875/1687/2064
f 1869/1907/2061 1868/1887/1995 1873/1888/1996 1874/1908/2065
f 1877/1751/2063 1876/1688/2062 1881/1691/2066 1882/1753/2067
f 1876/1688/2062 1875/1687/2064 1880/1690/2068 1881/1691/2066
f 1875/1687/2064 1874/1992/2065 1879/1993/2069 1880/1690/2068
f 1874/1908/2065 1873/1888/1996 1878/1889/1997 1879/1909/2069
f 1882/1753/2067 1881/1691/2066 1886/1694/2070 1887/1755/2071
f 1881/1691/2066 1880/1690/2068 1885/1693/2072 1886/1694/2070
f 1880/1690/2068 1879/1993/2069 1884/1994/2073 1885/1693/2072
f 1879/1909/2069 1878/1889/1997 1883/2228/1998 1884/1910/2073
f 1887/1755/2071 1886/1694/2070 1891/1697/2074 1892/1757/2075
f 1886/1694/2070 1885/1693/2072 1890/1696/2076 1891/1697/2074
f 1885/1693/2072 1884/1994/2073 1889/1995/2077 1890/1696/2076
f 1884/1910/2073 1883/2228/1998 1888/2229/1999 1889/2230/2077
f 1892/1757/2075 1891/1697/2074 1896/1700/2078 1897/1759/2079
f 1891/1697/2074 1890/1696/2076 1895/1699/2080 1896/1700/2078
f 1890/1696/2076 1889/1995/2077 1894/1996/2081 1895/1699/2080
f 1889/1911/2077 1888/1890/1999 1893/1891/2000 1894/1912/2081
f 1897/1759/2079 1896/1700/2078 1901/1703/2011 1902/1761/2010
f 1896/1700/2078 1895/1699/2080 1900/1702/2012 1901/1703/2011
f 1895/1699/2080 1894/1996/2081 1899/1701/2013 1900/1702/2012
f 1894/1912/2081 1893/1891/2000 1898/1892/2001 1899/1895/2013
f 1907/1723/2082 1903/1704/2083 1802/1724/2084
f 1903/1704/2083 1911/1705/2085 1802/1724/2084
f 1911/1705/2085 1915/1706/2086 1802/1724/2084
f 1915/1706/2086 1919/1707/2087 1802/1724/2084
f 1919/1707/2087 1923/1708/2088 1802/1724/2084
f 1923/1708/2088 1927/1709/2089 1802/1724/2084
f 1927/1709/2089 1931/1710/2090 1802/1724/2084
f 1931/1710/2090 1935/1711/2091 1802/1724/2084
f 1935/1711/2091 1939/1712/2092 1802/1724/2084
f 1939/1712/2092 1943/1713/2093 1802/1724/2084
f 1943/1713/2093 1947/1714/2094 1802/1724/2084
f 1947/1714/2094 1951/1715/2095 1802/1724/2084
f 1951/1715/2095 1955/1716/2096 1802/1724/2084
f 1955/1716/2096 1959/1717/2097 1802/1724/2084
f 1959/1717/2097 1963/1718/2098 1802/1724/2084
f 1963/1718/2098 1967/1719/2099 1802/1724/2084
f 1967/1719/2099 1971/1720/2100 1802/1724/2084
f 1971/1720/2100 1975/1721/2101 1802/1724/2084
f 1975/1721/2101 1979/1722/2102 1802/1724/2084
f 1979/1722/2102 1907/1723/2082 1802/1724/2084
f 1812/1763/2004 1807/1725/2003 1906/1728/2103 1910/1726/2104
f 1807/1725/2003 1817/1727/2015 1914/1730/2105 1906/1728/2103
f 1817/1727/2015 1822/1729/2019 1918/1732/2106 1914/1730/2105
f 1822/1729/2019 1827/1731/2023 1922/1734/2107 1918/1732/2106
f 1827/1731/2023 1832/1733/2027 1926/1736/2108 1922/1734/2107
f 1832/1733/2027 1837/1735/2031 1930/1738/2109 1926/1736/2108
f 1837/1735/2031 1842/1737/2035 1934/1740/2110 1930/1738/2109
f 1842/1737/2035 1847/1739/2039 1938/1742/2111 1934/1740/2110
f 1847/1739/2039 1852/1741/2043 1942/1744/2112 1938/1742/2111
f 1852/1741/2043 1857/1743/2047 1946/1746/2113 1942/1744/2112
f 1857/1743/2047 1862/1745/2051 1950/1748/2114 1946/1746/2113
f 1862/1745/2051 1867/1747/2055 1954/1750/2115 1950/1748/2114
f 1867/1747/2055 1872/1749/2059 1958/1752/2116 1954/1750/2115
f 1872/1749/2059 1877/1751/2063 1962/1754/2117 1958/1752/2116
f 1877/1751/2063 1882/1753/2067 1966/1756/2118 1962/1754/2117
f 1882/1753/2067 1887/1755/2071 1970/1758/2119 1966/1756/2118
f 1887/1755/2071 1892/1757/2075 1974/1760/2120 1970/1758/2119
f 1892/1757/2075 1897/1759/2079 1978/1762/2121 1974/1760/2120
f 1897/1759/2079 1902/1761/2010 1982/1764/2122 1978/1762/2121
f 1902/1761/2010 1812/1763/2004 1910/1726/2104 1982/1764/2122
f 1905/1766/2123 1906/1728/2103 1914/1730/2105 1913/1770/2124
f 1903/1704/2083 1904/1765/2125 1912/1769/2126 1911/1705/2085
f 1904/1765/2127 1905/1766/2123 1913/1770/2124 1912/1769/2128
f 1906/1728/2103 1905/1766/2123 1909/1768/2129 1910/1726/2104
f 1905/1766/2123 1904/1765/2127 1908/1767/2130 1909/1768/2129
f 1904/1765/2125 1903/1704/2083 1907/1723/2082 1908/1767/2131
f 1913/1770/2124 1914/1730/2105 1918/1732/2106 1917/1772/2132
f 1911/1705/2085 1912/1769/2126 1916/1771/2133 1915/1706/2086
f 1912/1769/2128 1913/1770/2124 1917/1772/2132 1916/1771/2134
f 1917/1772/2132 1918/1732/2106 1922/1734/2107 1921/1774/2135
f 1915/1706/2086 1916/1771/2133 1920/1773/2136 1919/1707/2087
f 1916/1771/2134 1917/1772/2132 1921/1774/2135 1920/1773/2137
f 1921/1774/2135 1922/1734/2107 1926/1736/2108 1925/1776/2138
f 1919/1707/2087 1920/1773/2136 1924/1775/2139 1923/1708/2088
f 1920/1773/2137 1921/1774/2135 1925/1776/2138 1924/1775/2140
f 1925/1776/2138 1926/1736/2108 1930/1738/2109 1929/1778/2141
f 1923/1708/2088 1924/1775/2139 1928/1777/2142 1927/1709/2089
f 1924/1775/2140 1925/1776/2138 1929/1778/2141 1928/1777/2143
f 1929/1778/2141 1930/1738/2109 1934/1740/2110 1933/1780/2144
f 1927/1709/2089 1928/1777/2142 1932/1779/2145 1931/1710/2090
f 1928/1777/2143 1929/1778/2141 1933/1780/2144 1932/1779/2146
f 1933/1780/2144 1934/1740/2110 1938/1742/2111 1937/1782/2147
f 1931/1710/2090 1932/1779/2145 1936/1781/2148 1935/1711/2091
f 1932/1779/2146 1933/1780/2144 1937/1782/2147 1936/1781/2149
f 1937/1782/2147 1938/1742/2111 1942/1744/2112 1941/1784/2150
f 1935/1711/2091 1936/1781/2148 1940/1783/2151 1939/1712/2092
f 1936/1781/2149 1937/1782/2147 1941/1784/2150 1940/1783/2152
f 1941/1784/2150 1942/1744/2112 1946/1746/2113 1945/1786/2153
f 1939/1712/2092 1940/1783/2151 1944/1785/2154 1943/1713/2093
f 1940/1783/2152 1941/1784/2150 1945/1786/2153 1944/1785/2155
f 1945/1786/2153 1946/1746/2113 1950/1748/2114 1949/1788/2156
f 1943/1713/2093 1944/1785/2154 1948/1787/2157 1947/1714/2094
f 1944/1785/2155 1945/1786/2153 1949/1788/2156 1948/1787/2158
f 1949/1788/2156 1950/1748/2114 1954/1750/2115 1953/1790/2159
f 1947/1714/2094 1948/1787/2157 1952/1789/2160 1951/1715/2095
f 1948/1787/2158 1949/1788/2156 1953/1790/2159 1952/1789/2161
f 1953/1790/2159 1954/1750/2115 1958/1752/2116 1957/1792/2162
f 1951/1715/2095 1952/1789/2160 1956/1791/2163 1955/1716/2096
f 1952/1789/2161 1953/1790/2159 1957/1792/2162 1956/1791/2164
f 1957/1792/2162 1958/1752/2116 1962/1754/2117 1961/1794/2165
f 1955/1716/2096 1956/1791/2163 1960/1793/2166 1959/1717/2097
f 1956/1791/2164 1957/1792/2162 1961/1794/2165 1960/1793/2167
f 1961/1794/2165 1962/1754/2117 1966/1756/2118 1965/1796/2168
f 1959/1717/2097 1960/1793/2166 1964/1795/2169 1963/1718/2098
f 1960/1793/2167 1961/1794/2165 1965/1796/2168 1964/1795/2170
f 1965/1796/2168 1966/1756/2118 1970/1758/2119 1969/1798/2171
f 1963/1718/2098 1964/1795/2169 1968/1797/2172 1967/1719/2099
f 1964/1795/2170 1965/1796/2168 1969/1798/2171 1968/1797/2173
f 1969/1798/2171 1970/1758/2119 1974/1760/2120 1973/1800/2174
f 1967/1719/2099 1968/1797/2172 1972/1799/2175 1971/1720/2100
f 1968/1797/2173 1969/1798/2171 1973/1800/2174 1972/1799/2176
f 1973/1800/2174 1974/1760/2120 1978/1762/2121 1977/1802/2177
f 1971/1720/2100 1972/1799/2175 1976/1801/2178 1975/1721/2101
f 1972/1799/2176 1973/1800/2174 1977/1802/2177 1976/1801/2179
f 1977/1802/2177 1978/1762/2121 1982/1764/2122 1981/1804/2180
f 1975/1721/2101 1976/1801/2178 1980/1803/2181 1979/1722/2102
f 1976/1801/2179 1977/1802/2177 1981/1804/2180 1980/1803/2182
f 1910/1726/2104 1909/1768/2129 1981/1804/2180 1982/1764/2122
f 1909/1768/2129 1908/1767/2130 1980/1803/2182 1981/1804/2180
f 1908/1767/2131 1907/1723/2082 1979/1722/2102 1980/1803/2181
f 2024/1913/2183 2023/1914/2184 2026/1915/2185 2025/1916/2186
f 2023/1914/2184 2022/1917/2187 2027/1918/2188 2026/1915/2185
f 2022/1917/2187 2021/1919/2189 2028/1920/2190 2027/1918/2188
f 2021/1919/2189 2020/1921/2191 2029/1922/2192 2028/1920/2190
f 2020/1921/2191 2019/1923/2193 2030/1924/2194 2029/1922/2192
f 1989/1925/2195 1983/1926/2196 509/881/2197 508/879/2198
f 1995/1927/2199 1989/1925/2195 508/879/2198 507/877/2200
f 2001/1928/2201 1995/1927/2199 507/877/2200 506/875/2202
f 2007/1929/2203 2001/1928/2201 506/875/2202 505/873/2204
f 2013/1930/2205 2007/1929/2203 505/873/2204 504/871/2206
f 2019/1923/2193 2013/1930/2205 504/871/2206 503/868/2207
f 2030/1924/2194 2019/1923/2193 503/868/2207 502/867/2208
f 2031/1931/2209 2030/1924/2194 502/867/2208 521/903/2210
f 2037/1932/2211 2031/1931/2209 521/903/2210 520/901/2212
f 2043/1933/2213 2037/1932/2211 520/901/2212 519/899/2214
f 2049/1934/2215 2043/2231/2213 519/2148/2214 518/2232/2216
f 2055/1935/2217 2049/1934/2215 518/2232/2216 517/897/2218
f 2061/1936/2219 2055/1935/2217 517/897/2218 516/895/2220
f 2067/1937/2221 2061/1936/2219 516/895/2220 515/893/2222
f 2073/1938/2223 2067/1937/2221 515/893/2222 514/891/2224
f 2079/1939/2225 2073/1938/2223 514/891/2224 513/889/2226
f 2085/1940/2227 2079/1939/2225 513/889/2226 512/887/2228
f 2091/1941/2229 2085/1940/2227 512/887/2228 511/885/2230
f 2097/1942/2231 2091/1941/2229 511/885/2230 510/883/2232
f 1983/1926/2196 2097/1942/2231 510/883/2232 509/881/2197
f 683/640/765 682/639/764 1988/1943/2233 1994/1944/2234
f 684/642/767 683/640/765 1994/1944/2234 2000/1945/2235
f 685/644/769 684/642/767 2000/1945/2235 2006/1946/2236
f 686/646/771 685/644/769 2006/1946/2236 2012/1947/2237
f 687/648/773 686/646/771 2012/1947/2237 2018/1948/2238
f 688/650/775 687/648/773 2018/1948/2238 2024/1913/2183
f 689/652/777 688/650/775 2024/1913/2183 2025/1916/2186
f 690/654/779 689/652/777 2025/1916/2186 2036/1949/2239
f 691/656/781 690/654/779 2036/1949/2239 2042/1950/2240
f 692/658/783 691/656/781 2042/1950/2240 2048/1951/2241
f 693/659/785 692/2233/783 2048/2236/2241 2054/2234/2242
f 694/661/787 693/659/785 2054/2234/2242 2060/1952/2243
f 695/663/789 694/661/787 2060/1952/2243 2066/1953/2244
f 696/665/791 695/663/789 2066/1953/2244 2072/1954/2245
f 697/667/793 696/665/791 2072/1954/2245 2078/1955/2246
f 698/669/795 697/667/793 2078/1955/2246 2084/1956/2247
f 699/671/797 698/669/795 2084/1956/2247 2090/1977/2248
f 700/673/799 699/671/797 2090/1977/2248 2096/1978/2249
f 701/675/801 700/673/799 2096/1978/2249 2102/1997/2250
f 682/639/764 701/675/801 2102/1997/2250 1988/1943/2233
f 1987/1998/2251 1988/1943/2233 2102/1997/2250 2101/1999/2252
f 1986/2000/2253 1987/1998/2251 2101/1999/2252 2100/2001/2254
f 1985/2002/2255 1986/2000/2253 2100/2001/2254 2099/2003/2256
f 1983/1926/2196 1984/2004/2257 2098/2005/2258 2097/1942/2231
f 1984/2004/2257 1985/2002/2255 2099/2003/2256 2098/2005/2258
f 1988/1943/2233 1987/1998/2251 1993/2006/2259 1994/1944/2234
f 1987/1998/2251 1986/2000/2253 1992/2007/2260 1993/2006/2259
f 1986/2000/2253 1985/2002/2255 1991/2008/2261 1992/2007/2260
f 1985/2002/2255 1984/2004/2257 1990/2009/2262 1991/2008/2261
f 1984/2004/2257 1983/1926/2196 1989/1925/2195 1990/2009/2262
f 1994/1944/2234 1993/2006/2259 1999/2010/2263 2000/1945/2235
f 1993/2006/2259 1992/2007/2260 1998/2011/2264 1999/2010/2263
f 1992/2007/2260 1991/2008/2261 1997/2012/2265 1998/2011/2264
f 1991/2008/2261 1990/2009/2262 1996/2013/2266 1997/2012/2265
f 1990/2009/2262 1989/1925/2195 1995/1927/2199 1996/2013/2266
f 2000/1945/2235 1999/2010/2263 2005/2014/2267 2006/1946/2236
f 1999/2010/2263 1998/2011/2264 2004/2015/2268 2005/2014/2267
f 1998/2011/2264 1997/2012/2265 2003/2016/2269 2004/2015/2268
f 1997/2012/2265 1996/2013/2266 2002/2017/2270 2003/2016/2269
f 1996/2013/2266 1995/1927/2199 2001/1928/2201 2002/2017/2270
f 2006/1946/2236 2005/2014/2267 2011/2018/2271 2012/1947/2237
f 2005/2014/2267 2004/2015/2268 2010/2019/2272 2011/2018/2271
f 2004/2015/2268 2003/2016/2269 2009/2020/2273 2010/2019/2272
f 2003/2016/2269 2002/2017/2270 2008/2021/2274 2009/2020/2273
f 2002/2017/2270 2001/1928/2201 2007/1929/2203 2008/2021/2274
f 2012/1947/2237 2011/2018/2271 2017/2022/2275 2018/1948/2238
f 2011/2018/2271 2010/2019/2272 2016/2023/2276 2017/2022/2275
f 2010/2019/2272 2009/2020/2273 2015/2024/2277 2016/2023/2276
f 2009/2020/2273 2008/2021/2274 2014/2025/2278 2015/2024/2277
f 2008/2021/2274 2007/1929/2203 2013/1930/2205 2014/2025/2278
f 2018/1948/2238 2017/2022/2275 2023/1914/2184 2024/1913/2183
f 2017/2022/2275 2016/2023/2276 2022/1917/2187 2023/1914/2184
f 2016/2023/2276 2015/2024/2277 2021/1919/2189 2022/1917/2187
f 2015/2024/2277 2014/2025/2278 2020/1921/2191 2021/1919/2189
f 2014/2025/2278 2013/1930/2205 2019/1923/2193 2020/1921/2191
f 2025/1916/2186 2026/1915/2185 2035/2026/2279 2036/1949/2239
f 2026/1915/2185 2027/1918/2188 2034/2027/2280 2035/2026/2279
f 2027/1918/2188 2028/1920/2190 2033/2028/2281 2034/2027/2280
f 2028/1920/2190 2029/1922/2192 2032/2029/2282 2033/2028/2281
f 2029/1922/2192 2030/1924/2194 2031/1931/2209 2032/2029/2282
f 2036/1949/2239 2035/2026/2279 2041/2030/2283 2042/1950/2240
f 2035/2026/2279 2034/2027/2280 2040/2031/2284 2041/2030/2283
f 2034/2027/2280 2033/2028/2281 2039/2032/2285 2040/2031/2284
f 2033/2028/2281 2032/2029/2282 2038/2033/2286 2039/2032/2285
f 2032/2029/2282 2031/1931/2209 2037/1932/2211 2038/2033/2286
f 2042/1950/2240 2041/2030/2283 2047/2034/2287 2048/1951/2241
f 2041/2030/2283 2040/2031/2284 2046/2035/2288 2047/2034/2287
f 2040/2031/2284 2039/2032/2285 2045/2036/2289 2046/2035/2288
f 2039/2032/2285 2038/2033/2286 2044/2037/2290 2045/2036/2289
f 2038/2033/2286 2037/1932/2211 2043/1933/2213 2044/2037/2290
f 2048/2236/2241 2047/2235/2287 2053/2038/2291 2054/2234/2242
f 2047/2235/2287 2046/2237/2288 2052/2039/2292 2053/2038/2291
f 2046/2237/2288 2045/2238/2289 2051/2040/2293 2052/2039/2292
f 2045/2238/2289 2044/2239/2290 2050/2041/2294 2051/2040/2293
f 2044/2239/2290 2043/2231/2213 2049/1934/2215 2050/2041/2294
f 2054/2234/2242 2053/2038/2291 2059/2042/2295 2060/1952/2243
f 2053/2038/2291 2052/2039/2292 2058/2043/2296 2059/2042/2295
f 2052/2039/2292 2051/2040/2293 2057/2044/2297 2058/2043/2296
f 2051/2040/2293 2050/2041/2294 2056/2045/2298 2057/2044/2297
f 2050/2041/2294 2049/1934/2215 2055/1935/2217 2056/2045/2298
f 2060/1952/2243 2059/2042/2295 2065/2046/2299 2066/1953/2244
f 2059/2042/2295 2058/2043/2296 2064/2047/2300 2065/2046/2299
f 2058/2043/2296 2057/2044/2297 2063/2048/2301 2064/2047/2300
f 2057/2044/2297 2056/2045/2298 2062/2049/2302 2063/2048/2301
f 2056/2045/2298 2055/1935/2217 2061/1936/2219 2062/2049/2302
f 2066/1953/2244 2065/2046/2299 2071/2050/2303 2072/1954/2245
f 2065/2046/2299 2064/2047/2300 2070/2051/2304 2071/2050/2303
f 2064/2047/2300 2063/2048/2301 2069/2052/2305 2070/2051/2304
f 2063/2048/2301 2062/2049/2302 2068/2053/2306 2069/2052/2305
f 2062/2049/2302 2061/1936/2219 2067/1937/2221 2068/2053/2306
f 2072/1954/2245 2071/2050/2303 2077/2054/2307 2078/1955/2246
f 2071/2050/2303 2070/2051/2304 2076/2055/2308 2077/2054/2307
f 2070/2051/2304 2069/2052/2305 2075/2056/2309 2076/2055/2308
f 2069/2052/2305 2068/2053/2306 2074/2057/2310 2075/2056/2309
f 2068/2053/2306 2067/1937/2221 2073/1938/2223 2074/2057/2310
f 2078/1955/2246 2077/2054/2307 2083/2058/2311 2084/1956/2247
f 2077/2054/2307 2076/2055/2308 2082/2059/2312 2083/2058/2311
f 2076/2055/2308 2075/2056/2309 2081/2060/2313 2082/2059/2312
f 2075/2056/2309 2074/2057/2310 2080/2061/2314 2081/2060/2313
f 2074/2057/2310 2073/1938/2223 2079/1939/2225 2080/2061/2314
f 2084/1956/2247 2083/2058/2311 2089/2062/2315 2090/1977/2248
f 2083/2058/2311 2082/2059/2312 2088/2063/2316 2089/2062/2315
f 2082/2059/2312 2081/2060/2313 2087/2064/2317 2088/2063/2316
f 2081/2060/2313 2080/2061/2314 2086/2065/2318 2087/2064/2317
f 2080/2061/2314 2079/1939/2225 2085/1940/2227 2086/2065/2318
f 2090/1977/2248 2089/2062/2315 2095/2066/2319 2096/1978/2249
f 2089/2062/2315 2088/2063/2316 2094/2067/2320 2095/2066/2319
f 2088/2063/2316 2087/2064/2317 2093/2068/2321 2094/2067/2320
f 2087/2064/2317 2086/2065/2318 2092/2069/2322 2093/2068/2321
f 2086/2065/2318 2085/1940/2227 2091/1941/2229 2092/2069/2322
f 2096/1978/2249 2095/2066/2319 2101/1999/2252 2102/1997/2250
f 2095/2066/2319 2094/2067/2320 2100/2001/2254 2101/1999/2252
f 2094/2067/2320 2093/2068/2321 2099/2003/2256 2100/2001/2254
f 2093/2068/2321 2092/2069/2322 2098/2005/2258 2099/2003/2256
f 2092/2069/2322 2091/1941/2229 2097/1942/2231 2098/2005/2258
s 1
g king_Model chessPieces_KIT cross_01
usemtl initialShadingGroup
f 2103/2309/2323 2104/2241/2324 2109/2246/2325 2108/2245/2326
f 2104/2241/2324 2105/2242/2327 2110/2247/2328 2109/2246/2325
f 2105/2242/2327 2106/2243/2329 2111/2248/2330 2110/2247/2328
f 2106/2243/2329 2107/2244/2331 2112/2304/2332 2111/2248/2330
f 2133/2270/2333 2134/2271/2334 2135/2272/2335 2136/2273/2336
f 2134/2271/2334 2137/2274/2337 2138/2275/2338 2135/2272/2335
f 2137/2274/2337 2139/2276/2339 2140/2277/2340 2138/2275/2338
f 2139/2276/2339 2141/2278/2341 2142/2279/2342 2140/2277/2340
f 2113/2295/2343 2114/2251/2344 2119/2300/2345 2118/2297/2346
f 2114/2251/2344 2115/2252/2347 2120/2299/2348 2119/2300/2345
f 2115/2252/2347 2116/2253/2349 2121/2298/2350 2120/2299/2348
f 2116/2253/2349 2117/2254/2351 2122/2296/2352 2121/2298/2350
f 2118/2255/2353 2119/2256/2354 2104/2241/2355 2103/2309/2356
f 2119/2256/2354 2120/2257/2357 2105/2242/2358 2104/2241/2355
f 2120/2257/2357 2121/2258/2359 2106/2243/2360 2105/2242/2358
f 2121/2258/2359 2122/2310/2361 2107/2244/2362 2106/2243/2360
f 2107/2311/2363 2122/2259/2364 2117/2292/2365 2112/2249/2366
f 2118/2312/2367 2103/2240/2368 2108/2308/2369 2113/2250/2370
f 2108/2245/2326 2109/2246/2325 2124/2261/2371 2123/2307/2372
f 2114/2251/2344 2113/2295/2343 2126/2263/2373 2125/2262/2374
f 2144/2280/2375 2143/2305/2376 2145/2282/2377 2146/2294/2378
f 2109/2246/2325 2110/2247/2328 2127/2264/2379 2124/2261/2371
f 2115/2252/2347 2114/2251/2344 2125/2262/2374 2128/2265/2380
f 2110/2247/2328 2111/2248/2330 2129/2266/2381 2127/2264/2379
f 2116/2253/2349 2115/2252/2347 2128/2265/2380 2130/2267/2382
f 2111/2248/2330 2112/2304/2332 2131/2268/2383 2129/2266/2381
f 2147/2284/2384 2148/2291/2385 2149/2286/2386 2150/2302/2387
f 2117/2254/2351 2116/2253/2349 2130/2267/2382 2132/2289/2388
f 2123/2307/2372 2124/2261/2371 2134/2271/2389 2133/2270/2390
f 2125/2262/2374 2126/2263/2373 2136/2273/2391 2135/2272/2392
f 2126/2290/2393 2123/2260/2394 2133/2270/2395 2136/2273/2396
f 2124/2261/2371 2127/2264/2379 2137/2274/2397 2134/2271/2389
f 2128/2265/2380 2125/2262/2374 2135/2272/2392 2138/2275/2398
f 2127/2264/2379 2129/2266/2381 2139/2276/2399 2137/2274/2397
f 2130/2267/2382 2128/2265/2380 2138/2275/2398 2140/2277/2400
f 2129/2266/2381 2131/2268/2383 2141/2278/2401 2139/2276/2399
f 2131/2303/2402 2132/2269/2403 2142/2279/2404 2141/2278/2405
f 2132/2289/2388 2130/2267/2382 2140/2277/2400 2142/2279/2406
f 2113/2250/2407 2108/2308/2408 2143/2305/2409 2144/2280/2410
f 2108/2245/2326 2123/2307/2372 2145/2306/2411 2143/2281/2412
f 2123/2260/2413 2126/2290/2414 2146/2294/2415 2145/2282/2416
f 2126/2263/2373 2113/2295/2343 2144/2293/2417 2146/2283/2418
f 2112/2249/2419 2117/2292/2420 2148/2291/2421 2147/2284/2422
f 2117/2254/2351 2132/2289/2388 2149/2288/2423 2148/2285/2424
f 2132/2269/2425 2131/2303/2426 2150/2302/2427 2149/2286/2428
f 2131/2268/2383 2112/2304/2332 2147/2301/2429 2150/2287/2430