mtllib chessKitExport.mtl
v 0.640924 2.993972 -4.333241
v 0.210439 0.954322 -5.953026
v -0.177906 0.954322 -5.711112
v 0.640923 0.954322 -4.333241
v -0.486100 0.954322 -5.334323
v -0.683972 0.954322 -4.859541
v -0.752153 0.954322 -4.333241
v -0.683972 0.954322 -3.806942
v -0.486099 0.954322 -3.332160
v -0.177906 0.954322 -2.955371
v 0.210440 0.954322 -2.713458
v 0.640924 0.954322 -2.630100
v 1.071408 0.954322 -2.713458
v 1.459754 0.954322 -2.955371
v 1.767946 0.954322 -3.332160
v 1.965819 0.954322 -3.806942
v 2.034000 0.954322 -4.333241
v 1.965819 0.954322 -4.859541
v 1.767947 0.954322 -5.334322
v 1.459754 0.954322 -5.711111
v 1.071409 0.954322 -5.953025
v 0.640923 0.954322 -6.036382
v 0.278603 1.963877 -5.696546
v 0.280369 1.954175 -5.689900
v 0.280990 1.942699 -5.687564
v 0.280369 1.931224 -5.689900
v 0.225901 1.921522 -5.894846
v -0.048251 1.963877 -5.492938
v -0.044891 1.954175 -5.487284
v -0.043710 1.942699 -5.485297
v -0.044892 1.931224 -5.487284
v -0.148495 1.921522 -5.661622
v -0.307645 1.963877 -5.175810
v -0.303020 1.954175 -5.171702
v -0.301395 1.942699 -5.170259
v -0.303020 1.931224 -5.171702
v -0.445619 1.921522 -5.298366
v -0.474185 1.963877 -4.776206
v -0.468749 1.954175 -4.774047
v -0.466838 1.942699 -4.773288
v -0.468749 1.931224 -4.774047
v -0.636383 1.921522 -4.840638
v -0.531571 1.963877 -4.333241
v -0.525855 1.954175 -4.333241
v -0.523846 1.942699 -4.333241
v -0.525855 1.931224 -4.333241
v -0.702116 1.921522 -4.333241
v -0.474185 1.963877 -3.890277
v -0.468749 1.954175 -3.892436
v -0.466838 1.942699 -3.893195
v -0.468749 1.931224 -3.892436
v -0.636383 1.921522 -3.825845
v -0.307644 1.963877 -3.490673
v -0.303020 1.954175 -3.494781
v -0.301395 1.942699 -3.496225
v -0.303020 1.931224 -3.494781
v -0.445619 1.921522 -3.368117
v -0.048251 1.963877 -3.173546
v -0.044892 1.954175 -3.179199
v -0.043711 1.942699 -3.181186
v -0.044892 1.931224 -3.179199
v -0.148495 1.921522 -3.004862
v 0.278603 1.963877 -2.969937
v 0.280369 1.954175 -2.976584
v 0.280990 1.942699 -2.978920
v 0.280369 1.931224 -2.976584
v 0.225902 1.921522 -2.771638
v 0.640924 1.963877 -2.899779
v 0.640924 1.954175 -2.906767
v 0.640924 1.942699 -2.909223
v 0.640924 1.931224 -2.906767
v 0.640924 1.921522 -2.691274
v 1.003245 1.963877 -2.969937
v 1.001478 1.954175 -2.976584
v 1.000858 1.942699 -2.978920
v 1.001478 1.931224 -2.976584
v 1.055946 1.921522 -2.771638
v 1.330099 1.963877 -3.173546
v 1.326739 1.954175 -3.179199
v 1.325558 1.942699 -3.181186
v 1.326739 1.931224 -3.179199
v 1.430343 1.921522 -3.004862
v 1.589491 1.963877 -3.490673
v 1.584867 1.954175 -3.494781
v 1.583242 1.942699 -3.496225
v 1.584867 1.931224 -3.494781
v 1.727466 1.921522 -3.368117
v 1.756032 1.963877 -3.890277
v 1.750596 1.954175 -3.892437
v 1.748685 1.942699 -3.893195
v 1.750596 1.931224 -3.892437
v 1.918231 1.921522 -3.825845
v 1.813418 1.963877 -4.333241
v 1.807702 1.954175 -4.333241
v 1.805693 1.942699 -4.333241
v 1.807702 1.931224 -4.333241
v 1.983963 1.921522 -4.333241
v 1.756032 1.963877 -4.776206
v 1.750596 1.954175 -4.774046
v 1.748685 1.942699 -4.773287
v 1.750596 1.931224 -4.774046
v 1.918231 1.921522 -4.840637
v 1.589492 1.963877 -5.175810
v 1.584867 1.954175 -5.171702
v 1.583242 1.942699 -5.170258
v 1.584867 1.931224 -5.171702
v 1.727466 1.921522 -5.298366
v 1.330099 1.963877 -5.492937
v 1.326739 1.954175 -5.487283
v 1.325558 1.942699 -5.485297
v 1.326739 1.931224 -5.487283
v 1.430343 1.921522 -5.661621
v 1.003245 1.963877 -5.696545
v 1.001478 1.954175 -5.689899
v 1.000858 1.942699 -5.687563
v 1.001478 1.931224 -5.689899
v 1.055946 1.921522 -5.894845
v 0.640923 1.963877 -5.766704
v 0.640923 1.954175 -5.759716
v 0.640923 1.942699 -5.757259
v 0.640923 1.931224 -5.759716
v 0.640923 1.921522 -5.975208
v 0.225901 1.399089 -5.894846
v 0.227925 1.389388 -5.887232
v 0.228636 1.377912 -5.884557
v 0.227925 1.366436 -5.887232
v 0.225901 1.356735 -5.894846
v -0.148495 1.399089 -5.661622
v -0.144647 1.389388 -5.655145
v -0.143294 1.377912 -5.652870
v -0.144647 1.366436 -5.655145
v -0.148495 1.356735 -5.661622
v -0.445619 1.399089 -5.298366
v -0.440322 1.389388 -5.293661
v -0.438460 1.377912 -5.292007
v -0.440322 1.366436 -5.293661
v -0.445619 1.356735 -5.298366
v -0.636383 1.399089 -4.840638
v -0.630156 1.389388 -4.838164
v -0.627968 1.377912 -4.837294
v -0.630156 1.366436 -4.838164
v -0.636383 1.356735 -4.840638
v -0.702116 1.399089 -4.333241
v -0.695569 1.389388 -4.333241
v -0.693268 1.377912 -4.333241
v -0.695569 1.366436 -4.333241
v -0.702116 1.356735 -4.333241
v -0.636383 1.399089 -3.825845
v -0.630156 1.389388 -3.828319
v -0.627968 1.377912 -3.829188
v -0.630156 1.366436 -3.828319
v -0.636383 1.356735 -3.825845
v -0.445618 1.399089 -3.368117
v -0.440321 1.389388 -3.372822
v -0.438460 1.377912 -3.374476
v -0.440321 1.366436 -3.372822
v -0.445619 1.356735 -3.368117
v -0.148495 1.399089 -3.004862
v -0.144647 1.389388 -3.011338
v -0.143294 1.377912 -3.013614
v -0.144647 1.366436 -3.011338
v -0.148495 1.356735 -3.004862
v 0.225902 1.399089 -2.771638
v 0.227925 1.389388 -2.779251
v 0.228636 1.377912 -2.781927
v 0.227925 1.366436 -2.779251
v 0.225902 1.356735 -2.771638
v 0.640924 1.399089 -2.691274
v 0.640924 1.389388 -2.699279
v 0.640924 1.377912 -2.702093
v 0.640924 1.366436 -2.699279
v 0.640924 1.356735 -2.691274
v 1.055946 1.399089 -2.771638
v 1.053923 1.389388 -2.779251
v 1.053212 1.377912 -2.781927
v 1.053923 1.366436 -2.779251
v 1.055946 1.356735 -2.771638
v 1.430343 1.399089 -3.004862
v 1.426495 1.389388 -3.011339
v 1.425142 1.377912 -3.013614
v 1.426495 1.366436 -3.011338
v 1.430343 1.356735 -3.004862
v 1.727466 1.399089 -3.368117
v 1.722168 1.389388 -3.372822
v 1.720307 1.377912 -3.374476
v 1.722168 1.366436 -3.372822
v 1.727466 1.356735 -3.368117
v 1.918231 1.399089 -3.825846
v 1.912003 1.389388 -3.828319
v 1.909815 1.377912 -3.829189
v 1.912003 1.366436 -3.828319
v 1.918231 1.356735 -3.825845
v 1.983963 1.399089 -4.333241
v 1.977416 1.389388 -4.333241
v 1.975115 1.377912 -4.333241
v 1.977416 1.366436 -4.333241
v 1.983963 1.356735 -4.333241
v 1.918231 1.399089 -4.840637
v 1.912003 1.389388 -4.838163
v 1.909815 1.377912 -4.837294
v 1.912003 1.366436 -4.838163
v 1.918231 1.356735 -4.840637
v 1.727466 1.399089 -5.298366
v 1.722169 1.389388 -5.293660
v 1.720307 1.377912 -5.292006
v 1.722169 1.366436 -5.293660
v 1.727466 1.356735 -5.298366
v 1.430343 1.399089 -5.661620
v 1.426494 1.389388 -5.655144
v 1.425142 1.377912 -5.652869
v 1.426494 1.366436 -5.655144
v 1.430343 1.356735 -5.661621
v 1.055946 1.399089 -5.894845
v 1.053923 1.389388 -5.887232
v 1.053212 1.377912 -5.884556
v 1.053923 1.366436 -5.887232
v 1.055946 1.356735 -5.894845
v 0.640923 1.399089 -5.975208
v 0.640923 1.389388 -5.967204
v 0.640923 1.377912 -5.964390
v 0.640923 1.366436 -5.967204
v 0.640923 1.356735 -5.975208
v 0.309138 2.966579 -5.581651
v 0.310023 2.980275 -5.578321
v 0.312441 2.990302 -5.569224
v 0.315744 2.993972 -5.556797
v 0.009831 2.966579 -5.395202
v 0.011514 2.980275 -5.392369
v 0.016113 2.990302 -5.384631
v 0.022395 2.993972 -5.374060
v -0.227702 2.966579 -5.104801
v -0.225385 2.980275 -5.102743
v -0.219056 2.990302 -5.097121
v -0.210409 2.993972 -5.089440
v -0.380207 2.966579 -4.738874
v -0.377484 2.980275 -4.737792
v -0.370043 2.990302 -4.734836
v -0.359878 2.993972 -4.730799
v -0.432757 2.966579 -4.333241
v -0.429893 2.980275 -4.333241
v -0.422069 2.990302 -4.333241
v -0.411382 2.993972 -4.333241
v -0.380207 2.966579 -3.927609
v -0.377484 2.980275 -3.928691
v -0.370043 2.990302 -3.931646
v -0.359878 2.993972 -3.935684
v -0.227702 2.966579 -3.561682
v -0.225385 2.980275 -3.563740
v -0.219056 2.990302 -3.569362
v -0.210409 2.993972 -3.577043
v 0.009831 2.966579 -3.271281
v 0.011514 2.980275 -3.274114
v 0.016113 2.990302 -3.281852
v 0.022395 2.993972 -3.292423
v 0.309138 2.966579 -3.084832
v 0.310023 2.980275 -3.088162
v 0.312441 2.990302 -3.097259
v 0.315744 2.993972 -3.109686
v 0.640924 2.966579 -3.020587
v 0.640924 2.980275 -3.024087
v 0.640924 2.990302 -3.033653
v 0.640924 2.993972 -3.046719
v 0.972709 2.966579 -3.084832
v 0.971824 2.980275 -3.088162
v 0.969407 2.990302 -3.097259
v 0.966104 2.993972 -3.109686
v 1.272017 2.966579 -3.271281
v 1.270334 2.980275 -3.274114
v 1.265735 2.990302 -3.281852
v 1.259453 2.993972 -3.292423
v 1.509549 2.966579 -3.561682
v 1.507232 2.980275 -3.563740
v 1.500903 2.990302 -3.569362
v 1.492256 2.993972 -3.577043
v 1.662054 2.966579 -3.927609
v 1.659331 2.980275 -3.928691
v 1.651890 2.990302 -3.931646
v 1.641725 2.993972 -3.935684
v 1.714604 2.966579 -4.333241
v 1.711740 2.980275 -4.333241
v 1.703917 2.990302 -4.333241
v 1.693229 2.993972 -4.333241
v 1.662054 2.966579 -4.738874
v 1.659331 2.980275 -4.737792
v 1.651890 2.990302 -4.734836
v 1.641725 2.993972 -4.730798
v 1.509549 2.966579 -5.104800
v 1.507232 2.980275 -5.102742
v 1.500903 2.990302 -5.097120
v 1.492256 2.993972 -5.089440
v 1.272017 2.966579 -5.395201
v 1.270334 2.980275 -5.392369
v 1.265735 2.990302 -5.384630
v 1.259453 2.993972 -5.374059
v 0.972709 2.966579 -5.581650
v 0.971824 2.980275 -5.578320
v 0.969407 2.990302 -5.569223
v 0.966104 2.993972 -5.556796
v 0.640924 2.966579 -5.645896
v 0.640924 2.980275 -5.642395
v 0.640924 2.990302 -5.632829
v 0.640924 2.993972 -5.619763
v 0.265104 2.034263 -5.747338
v 0.265575 2.021165 -5.745565
v 0.266957 2.008954 -5.740364
v 0.269153 1.998473 -5.732102
v -0.073927 2.034263 -5.536144
v -0.073031 2.021165 -5.534636
v -0.070402 2.008954 -5.530212
v -0.066225 1.998473 -5.523183
v -0.342985 2.034263 -5.207201
v -0.341751 2.021165 -5.206105
v -0.338133 2.008954 -5.202891
v -0.332384 1.998473 -5.197785
v -0.515730 2.034263 -4.792709
v -0.514280 2.021165 -4.792133
v -0.510026 2.008954 -4.790443
v -0.503268 1.998473 -4.787759
v -0.575254 2.034263 -4.333241
v -0.573729 2.021165 -4.333241
v -0.569257 2.008954 -4.333241
v -0.562151 1.998473 -4.333241
v -0.515730 2.034263 -3.873774
v -0.514280 2.021165 -3.874350
v -0.510026 2.008954 -3.876039
v -0.503268 1.998473 -3.878724
v -0.342985 2.034263 -3.459282
v -0.341751 2.021165 -3.460378
v -0.338133 2.008954 -3.463592
v -0.332384 1.998473 -3.468698
v -0.073927 2.034263 -3.130340
v -0.073031 2.021165 -3.131848
v -0.070402 2.008954 -3.136272
v -0.066225 1.998473 -3.143300
v 0.265104 2.034263 -2.919146
v 0.265575 2.021165 -2.920918
v 0.266957 2.008954 -2.926119
v 0.269154 1.998473 -2.934381
v 0.640924 2.034263 -2.846373
v 0.640924 2.021165 -2.848238
v 0.640924 2.008954 -2.853705
v 0.640924 1.998473 -2.862393
v 1.016743 2.034263 -2.919146
v 1.016272 2.021165 -2.920918
v 1.014890 2.008954 -2.926119
v 1.012694 1.998473 -2.934381
v 1.355775 2.034263 -3.130340
v 1.354878 2.021165 -3.131848
v 1.352250 2.008954 -3.136272
v 1.348073 1.998473 -3.143300
v 1.624832 2.034263 -3.459282
v 1.623598 2.021165 -3.460378
v 1.619979 2.008954 -3.463592
v 1.614231 1.998473 -3.468699
v 1.797577 2.034263 -3.873774
v 1.796127 2.021165 -3.874350
v 1.791874 2.008954 -3.876040
v 1.785115 1.998473 -3.878724
v 1.857101 2.034263 -4.333241
v 1.855576 2.021165 -4.333241
v 1.851104 2.008954 -4.333241
v 1.843998 1.998473 -4.333241
v 1.797577 2.034263 -4.792709
v 1.796127 2.021165 -4.792133
v 1.791874 2.008954 -4.790443
v 1.785115 1.998473 -4.787758
v 1.624832 2.034263 -5.207200
v 1.623598 2.021165 -5.206105
v 1.619980 2.008954 -5.202891
v 1.614231 1.998473 -5.197784
v 1.355775 2.034263 -5.536143
v 1.354878 2.021165 -5.534635
v 1.352250 2.008954 -5.530211
v 1.348073 1.998473 -5.523182
v 1.016744 2.034263 -5.747337
v 1.016272 2.021165 -5.745564
v 1.014890 2.008954 -5.740364
v 1.012695 1.998473 -5.732101
v 0.640923 2.034263 -5.820109
v 0.640923 2.021165 -5.818245
v 0.640923 2.008954 -5.812777
v 0.640923 1.998473 -5.804089
v 0.210439 1.851136 -5.953026
v 0.210979 1.864234 -5.950994
v 0.212562 1.876445 -5.945038
v 0.215077 1.886926 -5.935574
v -0.177906 1.851136 -5.711112
v -0.176879 1.864234 -5.709384
v -0.173868 1.876445 -5.704317
v -0.169084 1.886926 -5.696266
v -0.486100 1.851136 -5.334323
v -0.484686 1.864234 -5.333068
v -0.480542 1.876445 -5.329386
v -0.473957 1.886926 -5.323537
v -0.683972 1.851136 -4.859541
v -0.682310 1.864234 -4.858881
v -0.677438 1.876445 -4.856946
v -0.669697 1.886926 -4.853871
v -0.752153 1.851136 -4.333241
v -0.750406 1.864234 -4.333241
v -0.745284 1.876445 -4.333241
v -0.737144 1.886926 -4.333241
v -0.683972 1.851136 -3.806942
v -0.682310 1.864234 -3.807602
v -0.677438 1.876445 -3.809537
v -0.669697 1.886926 -3.812612
v -0.486099 1.851136 -3.332160
v -0.484686 1.864234 -3.333415
v -0.480541 1.876445 -3.337097
v -0.473956 1.886926 -3.342946
v -0.177906 1.851136 -2.955371
v -0.176879 1.864234 -2.957099
v -0.173868 1.876445 -2.962166
v -0.169084 1.886926 -2.970217
v 0.210439 1.851136 -2.713458
v 0.210979 1.864234 -2.715489
v 0.212562 1.876445 -2.721446
v 0.215078 1.886926 -2.730910
v 0.640924 1.851136 -2.630100
v 0.640924 1.864234 -2.632236
v 0.640924 1.876445 -2.638499
v 0.640924 1.886926 -2.648450
v 1.071408 1.851136 -2.713458
v 1.070868 1.864234 -2.715489
v 1.069285 1.876445 -2.721446
v 1.066770 1.886926 -2.730910
v 1.459754 1.851136 -2.955371
v 1.458727 1.864234 -2.957099
v 1.455716 1.876445 -2.962166
v 1.450931 1.886926 -2.970217
v 1.767946 1.851136 -3.332160
v 1.766533 1.864234 -3.333416
v 1.762388 1.876445 -3.337097
v 1.755803 1.886926 -3.342946
v 1.965819 1.851136 -3.806942
v 1.964157 1.864234 -3.807602
v 1.959285 1.876445 -3.809537
v 1.951544 1.886926 -3.812612
v 2.034000 1.851136 -4.333241
v 2.032253 1.864234 -4.333241
v 2.027131 1.876445 -4.333241
v 2.018992 1.886926 -4.333241
v 1.965819 1.851136 -4.859541
v 1.964157 1.864234 -4.858881
v 1.959285 1.876445 -4.856946
v 1.951544 1.886926 -4.853870
v 1.767947 1.851136 -5.334322
v 1.766533 1.864234 -5.333067
v 1.762389 1.876445 -5.329386
v 1.755804 1.886926 -5.323536
v 1.459754 1.851136 -5.711111
v 1.458727 1.864234 -5.709384
v 1.455716 1.876445 -5.704316
v 1.450931 1.886926 -5.696266
v 1.071409 1.851136 -5.953025
v 1.070869 1.864234 -5.950993
v 1.069286 1.876445 -5.945037
v 1.066771 1.886926 -5.935573
v 0.640923 1.851136 -6.036382
v 0.640923 1.864234 -6.034246
v 0.640923 1.876445 -6.027984
v 0.640923 1.886926 -6.018032
v 0.210439 1.469476 -5.953026
v 0.210979 1.456378 -5.950994
v 0.212562 1.444167 -5.945038
v 0.215077 1.433686 -5.935574
v -0.177906 1.469476 -5.711112
v -0.176879 1.456378 -5.709384
v -0.173868 1.444167 -5.704317
v -0.169084 1.433686 -5.696266
v -0.486100 1.469476 -5.334323
v -0.484686 1.456378 -5.333068
v -0.480542 1.444167 -5.329386
v -0.473957 1.433686 -5.323537
v -0.683972 1.469476 -4.859541
v -0.682310 1.456378 -4.858881
v -0.677438 1.444167 -4.856946
v -0.669697 1.433686 -4.853871
v -0.752153 1.469476 -4.333241
v -0.750406 1.456378 -4.333241
v -0.745284 1.444167 -4.333241
v -0.737144 1.433686 -4.333241
v -0.683972 1.469476 -3.806942
v -0.682310 1.456378 -3.807602
v -0.677438 1.444167 -3.809537
v -0.669697 1.433686 -3.812612
v -0.486099 1.469476 -3.332160
v -0.484686 1.456378 -3.333415
v -0.480541 1.444167 -3.337097
v -0.473956 1.433686 -3.342946
v -0.177906 1.469476 -2.955371
v -0.176879 1.456378 -2.957099
v -0.173868 1.444167 -2.962166
v -0.169084 1.433686 -2.970217
v 0.210439 1.469476 -2.713458
v 0.210979 1.456378 -2.715489
v 0.212562 1.444167 -2.721446
v 0.215078 1.433686 -2.730910
v 0.640924 1.469476 -2.630100
v 0.640924 1.456378 -2.632236
v 0.640924 1.444167 -2.638499
v 0.640924 1.433686 -2.648450
v 1.071408 1.469476 -2.713458
v 1.070868 1.456378 -2.715489
v 1.069285 1.444167 -2.721446
v 1.066770 1.433686 -2.730910
v 1.459754 1.469476 -2.955371
v 1.458727 1.456378 -2.957099
v 1.455716 1.444167 -2.962166
v 1.450932 1.433686 -2.970217
v 1.767946 1.469476 -3.332160
v 1.766533 1.456378 -3.333416
v 1.762389 1.444167 -3.337097
v 1.755804 1.433686 -3.342946
v 1.965819 1.469476 -3.806942
v 1.964157 1.456378 -3.807602
v 1.959285 1.444167 -3.809537
v 1.951544 1.433686 -3.812612
v 2.034000 1.469476 -4.333241
v 2.032253 1.456378 -4.333241
v 2.027131 1.444167 -4.333241
v 2.018992 1.433686 -4.333241
v 1.965819 1.469476 -4.859541
v 1.964157 1.456378 -4.858881
v 1.959285 1.444167 -4.856946
v 1.951544 1.433686 -4.853870
v 1.767947 1.469476 -5.334322
v 1.766533 1.456378 -5.333067
v 1.762389 1.444167 -5.329386
v 1.755804 1.433686 -5.323536
v 1.459754 1.469476 -5.711111
v 1.458727 1.456378 -5.709384
v 1.455716 1.444167 -5.704316
v 1.450931 1.433686 -5.696266
v 1.071409 1.469476 -5.953025
v 1.070869 1.456378 -5.950993
v 1.069286 1.444167 -5.945037
v 1.066771 1.433686 -5.935573
v 0.640923 1.469476 -6.036382
v 0.640923 1.456378 -6.034246
v 0.640923 1.444167 -6.027984
v 0.640923 1.433686 -6.018032
v 0.210439 1.286348 -5.953026
v 0.210979 1.299446 -5.950994
v 0.212562 1.311657 -5.945038
v 0.215077 1.322138 -5.935574
v -0.177906 1.286348 -5.711112
v -0.176879 1.299446 -5.709384
v -0.173868 1.311657 -5.704317
v -0.169084 1.322138 -5.696266
v -0.486100 1.286348 -5.334323
v -0.484686 1.299446 -5.333068
v -0.480542 1.311657 -5.329386
v -0.473957 1.322138 -5.323537
v -0.683972 1.286348 -4.859541
v -0.682310 1.299446 -4.858881
v -0.677438 1.311657 -4.856946
v -0.669696 1.322138 -4.853871
v -0.752153 1.286348 -4.333241
v -0.750406 1.299446 -4.333241
v -0.745284 1.311657 -4.333241
v -0.737144 1.322138 -4.333241
v -0.683972 1.286348 -3.806942
v -0.682310 1.299446 -3.807602
v -0.677438 1.311657 -3.809537
v -0.669697 1.322138 -3.812612
v -0.486099 1.286348 -3.332160
v -0.484686 1.299446 -3.333415
v -0.480541 1.311657 -3.337097
v -0.473956 1.322138 -3.342946
v -0.177906 1.286348 -2.955371
v -0.176880 1.299446 -2.957099
v -0.173868 1.311657 -2.962166
v -0.169084 1.322138 -2.970217
v 0.210440 1.286348 -2.713458
v 0.210979 1.299446 -2.715489
v 0.212562 1.311657 -2.721446
v 0.215078 1.322138 -2.730910
v 0.640924 1.286348 -2.630100
v 0.640924 1.299446 -2.632236
v 0.640924 1.311657 -2.638499
v 0.640924 1.322138 -2.648450
v 1.071408 1.286348 -2.713458
v 1.070869 1.299446 -2.715489
v 1.069286 1.311657 -2.721446
v 1.066770 1.322138 -2.730910
v 1.459754 1.286348 -2.955371
v 1.458727 1.299446 -2.957099
v 1.455716 1.311657 -2.962166
v 1.450932 1.322138 -2.970217
v 1.767946 1.286348 -3.332160
v 1.766533 1.299446 -3.333416
v 1.762388 1.311657 -3.337097
v 1.755803 1.322138 -3.342946
v 1.965819 1.286348 -3.806942
v 1.964157 1.299446 -3.807602
v 1.959285 1.311657 -3.809537
v 1.951544 1.322138 -3.812612
v 2.034000 1.286348 -4.333241
v 2.032253 1.299446 -4.333241
v 2.027131 1.311657 -4.333241
v 2.018992 1.322138 -4.333241
v 1.965819 1.286348 -4.859541
v 1.964157 1.299446 -4.858881
v 1.959285 1.311657 -4.856946
v 1.951544 1.322138 -4.853870
v 1.767947 1.286348 -5.334322
v 1.766533 1.299446 -5.333067
v 1.762389 1.311657 -5.329386
v 1.755804 1.322138 -5.323536
v 1.459754 1.286348 -5.711111
v 1.458727 1.299446 -5.709384
v 1.455716 1.311657 -5.704316
v 1.450931 1.322138 -5.696266
v 1.071409 1.286348 -5.953025
v 1.070869 1.299446 -5.950993
v 1.069286 1.311657 -5.945037
v 1.066771 1.322138 -5.935573
v 0.640923 1.286348 -6.036382
v 0.640923 1.299446 -6.034246
v 0.640923 1.311657 -6.027984
v 0.640923 1.322138 -6.018032
v 0.309138 2.842918 -5.581651
v 0.308275 2.760943 -5.584898
v 0.305691 2.679450 -5.594621
v 0.301402 2.598933 -5.610760
v 0.009831 2.842918 -5.395202
v 0.008189 2.760943 -5.397964
v 0.003274 2.679450 -5.406235
v -0.004884 2.598933 -5.419963
v -0.227702 2.842918 -5.104801
v -0.229962 2.760943 -5.106808
v -0.236727 2.679450 -5.112817
v -0.247956 2.598933 -5.122791
v -0.380207 2.842918 -4.738874
v -0.382863 2.760943 -4.739929
v -0.390816 2.679450 -4.743088
v -0.404017 2.598933 -4.748332
v -0.432757 2.842918 -4.333241
v -0.435550 2.760943 -4.333241
v -0.443912 2.679450 -4.333241
v -0.457792 2.598933 -4.333241
v -0.380207 2.842918 -3.927609
v -0.382863 2.760943 -3.926554
v -0.390816 2.679450 -3.923394
v -0.404017 2.598933 -3.918151
v -0.227702 2.842918 -3.561682
v -0.229961 2.760943 -3.559675
v -0.236727 2.679450 -3.553666
v -0.247956 2.598933 -3.543692
v 0.009831 2.842918 -3.271281
v 0.008189 2.760943 -3.268519
v 0.003274 2.679450 -3.260248
v -0.004884 2.598933 -3.246520
v 0.309138 2.842918 -3.084832
v 0.308275 2.760943 -3.081585
v 0.305691 2.679450 -3.071862
v 0.301402 2.598933 -3.055723
v 0.640924 2.842918 -3.020587
v 0.640924 2.760943 -3.017172
v 0.640924 2.679450 -3.006949
v 0.640924 2.598933 -2.989980
v 0.972709 2.842918 -3.084832
v 0.973572 2.760943 -3.081585
v 0.976156 2.679450 -3.071862
v 0.980445 2.598933 -3.055723
v 1.272017 2.842918 -3.271281
v 1.273659 2.760943 -3.268519
v 1.278574 2.679450 -3.260248
v 1.286732 2.598933 -3.246520
v 1.509549 2.842918 -3.561682
v 1.511809 2.760943 -3.559675
v 1.518574 2.679450 -3.553666
v 1.529803 2.598933 -3.543692
v 1.662054 2.842918 -3.927609
v 1.664710 2.760943 -3.926554
v 1.672663 2.679450 -3.923394
v 1.685864 2.598933 -3.918151
v 1.714604 2.842918 -4.333241
v 1.717397 2.760943 -4.333241
v 1.725759 2.679450 -4.333241
v 1.739639 2.598933 -4.333241
v 1.662054 2.842918 -4.738874
v 1.664710 2.760943 -4.739929
v 1.672663 2.679450 -4.743088
v 1.685864 2.598933 -4.748332
v 1.509549 2.842918 -5.104800
v 1.511809 2.760943 -5.106807
v 1.518574 2.679450 -5.112816
v 1.529803 2.598933 -5.122791
v 1.272017 2.842918 -5.395201
v 1.273659 2.760943 -5.397964
v 1.278574 2.679450 -5.406234
v 1.286732 2.598933 -5.419963
v 0.972709 2.842918 -5.581650
v 0.973572 2.760943 -5.584897
v 0.976156 2.679450 -5.594621
v 0.980445 2.598933 -5.610759
v 0.640924 2.842918 -5.645896
v 0.640924 2.760943 -5.649310
v 0.640924 2.679450 -5.659534
v 0.640924 2.598933 -5.676503
v 0.199620 1.219943 -5.993735
v -0.198485 1.219943 -5.745742
v -0.514424 1.219943 -5.359483
v -0.717269 1.219943 -4.872768
v -0.787165 1.219943 -4.333241
v -0.717269 1.219943 -3.793714
v -0.514424 1.219943 -3.307001
v -0.198486 1.219943 -2.920742
v 0.199621 1.219943 -2.672748
v 0.640924 1.219943 -2.587296
v 1.082228 1.219943 -2.672748
v 1.480333 1.219943 -2.920742
v 1.796271 1.219943 -3.307001
v 1.999117 1.219943 -3.793715
v 2.069012 1.219943 -4.333241
v 1.999117 1.219943 -4.872768
v 1.796271 1.219943 -5.359482
v 1.480333 1.219943 -5.745740
v 1.082228 1.219943 -5.993734
v 0.640923 1.219943 -6.079186
v -0.198485 1.140256 -5.745741
v -0.514424 1.140256 -5.359483
v -0.717269 1.140256 -4.872768
v -0.787165 1.140256 -4.333241
v -0.717269 1.140256 -3.793714
v -0.514424 1.140256 -3.307001
v -0.198486 1.140256 -2.920742
v 0.199621 1.140256 -2.672748
v 0.640924 1.140256 -2.587296
v 1.082228 1.140256 -2.672748
v 1.480333 1.140256 -2.920742
v 1.796271 1.140256 -3.307001
v 1.999117 1.140256 -3.793715
v 2.069012 1.140256 -4.333241
v 1.999117 1.140256 -4.872768
v 1.796271 1.140256 -5.359482
v 1.480333 1.140256 -5.745740
v 1.082228 1.140256 -5.993734
v 0.640923 1.140256 -6.079186
v 0.199620 1.140256 -5.993735
v -0.198485 1.065882 -5.745741
v -0.514424 1.065882 -5.359483
v -0.717269 1.065882 -4.872768
v -0.787165 1.065882 -4.333241
v -0.717269 1.065882 -3.793714
v -0.514424 1.065882 -3.307001
v -0.198486 1.065882 -2.920742
v 0.199621 1.065882 -2.672748
v 0.640924 1.065882 -2.587296
v 1.082228 1.065882 -2.672748
v 1.480333 1.065882 -2.920742
v 1.796271 1.065882 -3.307001
v 1.999117 1.065882 -3.793715
v 2.069012 1.065882 -4.333241
v 1.999117 1.065882 -4.872768
v 1.796271 1.065882 -5.359482
v 1.480333 1.065882 -5.745740
v 1.082228 1.065882 -5.993734
v 0.640923 1.065882 -6.079186
v 0.199620 1.065882 -5.993735
v -0.198485 1.010102 -5.745741
v -0.514424 1.010102 -5.359483
v -0.717269 1.010102 -4.872768
v -0.787165 1.010102 -4.333241
v -0.717269 1.010102 -3.793714
v -0.514424 1.010102 -3.307001
v -0.198486 1.010102 -2.920742
v 0.199621 1.010102 -2.672748
v 0.640924 1.010102 -2.587296
v 1.082228 1.010102 -2.672748
v 1.480333 1.010102 -2.920742
v 1.796271 1.010102 -3.307001
v 1.999117 1.010102 -3.793715
v 2.069012 1.010102 -4.333241
v 1.999117 1.010102 -4.872768
v 1.796271 1.010102 -5.359482
v 1.480333 1.010102 -5.745740
v 1.082228 1.010102 -5.993734
v 0.640923 1.010102 -6.079186
v 0.199620 1.010102 -5.993735
v 1.562015 2.904529 -3.791044
v 1.562015 2.904529 -4.875438
v 1.600130 3.124807 -3.791044
v 1.600130 3.124807 -4.875438
v -0.354403 3.124807 -3.791044
v -0.354403 3.124807 -4.875438
v -0.297231 2.904529 -3.791044
v -0.297231 2.904529 -4.875438
v 1.647774 3.195405 -3.791044
v 1.647774 3.195405 -4.875438
v -0.392518 3.195405 -4.875438
v -0.392518 3.195405 -3.791044
v 1.690653 3.266003 -3.791044
v 1.690653 3.266003 -4.875438
v -0.421104 3.266003 -4.875438
v -0.421104 3.266003 -3.791044
v 1.738296 3.336602 -3.791044
v 1.738296 3.336602 -4.875438
v -0.473512 3.336602 -4.875438
v -0.473512 3.336602 -3.791044
v 1.776411 3.407200 -3.791044
v 1.776411 3.407200 -4.875438
v -0.535448 3.407200 -4.875438
v -0.535448 3.407200 -3.791044
v 1.824055 3.477798 -3.791044
v 1.824055 3.477798 -4.875438
v -0.602149 3.477798 -4.875438
v -0.602149 3.477798 -3.791044
v 1.866934 3.548396 -3.791044
v 1.866934 3.548396 -4.875438
v -0.692672 3.548396 -4.875438
v -0.692672 3.548396 -3.791044
v 1.909813 3.618995 -3.791044
v 1.909813 3.618995 -4.875438
v -0.792723 3.618995 -4.875438
v -0.792723 3.618995 -3.791044
v 1.962221 3.689593 -3.791044
v 1.962221 3.689593 -4.875438
v -0.902303 3.689593 -4.875438
v -0.902303 3.689593 -3.791044
v 2.009864 3.760192 -3.791044
v 2.009864 3.760192 -4.875438
v -1.145285 3.749277 -4.875438
v -1.145285 3.749277 -3.791044
v 2.052557 3.825332 -3.791044
v 2.052557 3.825332 -4.875438
v -1.254687 3.825332 -4.875438
v -1.254687 3.825332 -3.791044
v 2.090672 3.895931 -3.791044
v 2.090672 3.895931 -4.875438
v -1.254686 3.895930 -4.875438
v -1.254686 3.895930 -3.791044
v 2.114494 3.966529 -3.791044
v 2.114494 3.966529 -4.875438
v -1.254322 3.966528 -4.875438
v -1.254322 3.966528 -3.791044
v 2.087355 4.037127 -3.791044
v 2.087355 4.037127 -4.875438
v -1.250565 4.037127 -4.875438
v -1.250565 4.037127 -3.791044
v 1.945790 4.107725 -3.791044
v 1.945790 4.107725 -4.875438
v -1.249105 4.107725 -4.875438
v -1.249105 4.107725 -3.791044
v 1.812552 4.178324 -3.791044
v 1.812552 4.178324 -4.875438
v -1.246185 4.178323 -4.875438
v -1.246185 4.178323 -3.791044
v 1.708460 4.248922 -3.791044
v 1.708460 4.248922 -4.875438
v -1.244850 4.248922 -4.875438
v -1.244850 4.248922 -3.791044
v 1.600205 4.319520 -3.791044
v 1.600205 4.319520 -4.875438
v -1.243049 4.319520 -4.875438
v -1.243049 4.319520 -3.791044
v 1.525452 4.390119 -3.791044
v 1.525452 4.390119 -4.875438
v -1.241191 4.390118 -4.875438
v -1.241191 4.390118 -3.791044
v 1.446303 4.460717 -3.791044
v 1.446303 4.460717 -4.875438
v -1.237772 4.460717 -4.875438
v -1.237772 4.460717 -3.791044
v 1.375947 4.531315 -3.791044
v 1.375947 4.531315 -4.875438
v -1.237772 4.531315 -4.875438
v -1.237772 4.531315 -3.791044
v 1.296797 4.601914 -3.791044
v 1.296797 4.601914 -4.875438
v -1.235468 4.601913 -4.875438
v -1.235468 4.601913 -3.791044
v 1.230839 4.672512 -3.791044
v 1.230839 4.672512 -4.875438
v -1.232401 4.672512 -4.875438
v -1.232401 4.672512 -3.791044
v 1.160484 4.743110 -3.791044
v 1.160484 4.743110 -4.875438
v -1.229621 4.743110 -4.875438
v -1.229621 4.743110 -3.791044
v 1.098923 4.813708 -3.791044
v 1.098923 4.813708 -4.875438
v -1.225875 4.813708 -4.875438
v -1.225875 4.813708 -3.791044
v 1.037362 4.884307 -3.791044
v 1.037362 4.884307 -4.875438
v -1.221245 4.884306 -4.875438
v -1.221245 4.884306 -3.791044
v 0.979449 4.954905 -3.791044
v 0.979449 4.954905 -4.875438
v -1.218486 4.954905 -4.875438
v -1.218486 4.954905 -3.791044
v 0.916020 5.025503 -3.791044
v 0.916020 5.025503 -4.875438
v -1.212925 5.025503 -4.875438
v -1.212925 5.025503 -3.791044
v 0.866380 5.096102 -3.791044
v 0.866380 5.096102 -4.875438
v -1.207519 5.096101 -4.875438
v -1.207519 5.096101 -3.791044
v 0.808467 5.166700 -3.791044
v 0.808467 5.166700 -4.875438
v -1.201775 5.166700 -4.875438
v -1.201775 5.166700 -3.791044
v 0.764343 5.237298 -3.791044
v 0.764343 5.237298 -4.875438
v -1.195017 5.237298 -4.875438
v -1.195017 5.237298 -3.791044
v 0.722976 5.307897 -3.791044
v 0.722976 5.307897 -4.875438
v -1.186232 5.307896 -4.875438
v -1.186232 5.307896 -3.791044
v 0.684368 5.378495 -3.791044
v 0.684368 5.378495 -4.875438
v -1.178122 5.378495 -4.875438
v -1.178123 5.378495 -3.791044
v 0.659548 5.449093 -3.791044
v 0.659548 5.449093 -4.875438
v -1.168324 5.449093 -4.875438
v -1.168324 5.449093 -3.791044
v 0.637486 5.519692 -3.791044
v 0.637486 5.519692 -4.875438
v -1.157174 5.519691 -4.875438
v -1.157174 5.519691 -3.791044
v 0.631970 5.590290 -3.791044
v 0.631970 5.590290 -4.875438
v -1.146023 5.590289 -4.875438
v -1.146023 5.590289 -3.791044
v 0.638426 5.660888 -3.791044
v 0.638426 5.660888 -4.875438
v -1.130960 5.660888 -4.875438
v -1.130960 5.660888 -3.791044
v 0.665962 5.700177 -3.791044
v 0.665962 5.700177 -4.875438
v -1.123830 5.700177 -4.875438
v -1.123830 5.700177 -3.791044
v 0.665962 5.770775 -3.791044
v 0.665962 5.770775 -4.875438
v -1.111871 5.770775 -4.875438
v -1.111871 5.770775 -3.791044
v 2.944618 5.703025 -3.791044
v 2.944618 5.703025 -4.875438
v 2.926505 5.770775 -4.875438
v 2.926505 5.770775 -3.791044
v 0.700421 5.686057 -3.791044
v 0.700421 5.686057 -4.875438
v 2.941838 5.686057 -4.875438
v 2.941838 5.686057 -3.791044
v 0.765952 5.615459 -3.791044
v 0.765952 5.615459 -4.875438
v 2.928071 5.615459 -4.875438
v 2.928071 5.615459 -3.791044
v 0.815526 5.544860 -3.791044
v 0.815526 5.544860 -4.875438
v 2.917890 5.544860 -4.875438
v 2.917890 5.544860 -3.791044
v 0.877522 5.474262 -3.791044
v 0.877522 5.474262 -4.875438
v 2.906160 5.474262 -4.875438
v 2.906160 5.474262 -3.791044
v 0.963243 5.403664 -3.791044
v 0.963243 5.403664 -4.875438
v 2.864297 5.403664 -4.875438
v 2.864297 5.403664 -3.791044
v 1.116743 5.333065 -3.791044
v 1.116743 5.333065 -4.875438
v 2.823717 5.333065 -4.875438
v 2.823717 5.333065 -3.791044
v 1.349558 5.701031 -3.791044
v 1.372847 5.686057 -3.791044
v 1.414587 5.615459 -3.791044
v 1.446235 5.544861 -3.791044
v 1.486114 5.474262 -3.791044
v 1.533559 5.403664 -3.791044
v 1.627254 5.333065 -3.791044
v 1.627254 5.333065 -4.875438
v 1.533559 5.403664 -4.875438
v 1.486114 5.474262 -4.875438
v 1.446235 5.544861 -4.875438
v 1.414587 5.615459 -4.875438
v 1.372847 5.686057 -4.875438
v 1.349558 5.701031 -4.875438
v 1.069515 5.770775 -4.875438
v 1.069515 5.770775 -3.791044
v 1.627254 5.319860 -3.791044
v 1.627254 5.319860 -4.875438
v 2.817568 5.318946 -4.875438
v 2.817568 5.318946 -3.791044
v 1.155081 5.318946 -3.791044
v 1.155081 5.318946 -4.875438
v 1.182109 5.311886 -3.791044
v 1.182109 5.311886 -4.875438
v 1.589845 5.312801 -4.875438
v 1.589845 5.312801 -3.791044
v 1.217211 5.304826 -3.791044
v 1.217211 5.304826 -4.875438
v 1.522086 5.305741 -4.875438
v 1.522086 5.305741 -3.791044
v 1.259196 5.297767 -3.791044
v 1.259196 5.297767 -4.875438
v 1.459148 5.298681 -4.875438
v 1.459148 5.298681 -3.791044
v 1.336623 5.290707 -3.791044
v 1.336623 5.290707 -4.875438
v 1.363194 5.291622 -4.875438
v 1.363194 5.291622 -3.791044
v 1.793065 5.312800 -3.791044
v 1.793065 5.312800 -4.875438
v 2.811986 5.311886 -4.875438
v 2.811986 5.311886 -3.791044
v 1.834635 5.298681 -3.791044
v 1.834635 5.298681 -4.875438
v 2.803862 5.297766 -4.875438
v 2.803862 5.297766 -3.791044
v 1.861704 5.284561 -3.791044
v 1.861704 5.284561 -4.875438
v 2.796348 5.283646 -4.875438
v 2.796348 5.283646 -3.791044
v 1.981335 5.213963 -3.791044
v 1.981335 5.213963 -4.875438
v 2.729017 5.213048 -4.875438
v 2.729017 5.213048 -3.791044
v 2.075756 5.143364 -3.791044
v 2.075756 5.143364 -4.875438
v 2.657561 5.142450 -4.875438
v 2.657561 5.142450 -3.791044
v 2.149161 5.072766 -3.791044
v 2.149161 5.072766 -4.875438
v 2.561939 5.071852 -4.875438
v 2.561939 5.071852 -3.791044
v 2.225682 5.002168 -3.791044
v 2.225682 5.002168 -4.875438
v 2.433737 5.001253 -4.875438
v 2.433737 5.001253 -3.791044
v 2.295269 4.976761 -3.791044
v 2.295269 4.976761 -4.875438
v 2.381135 4.981866 -4.875438
v 2.381135 4.981866 -3.791044
v 0.665962 5.841373 -3.791044
v 0.665962 5.841373 -4.875438
v -1.093614 5.841373 -4.875438
v -1.093614 5.841373 -3.791044
v 1.069515 5.841374 -4.875438
v 1.069515 5.841374 -3.791044
v 2.904960 5.841373 -3.791044
v 2.904960 5.841373 -4.875438
v 0.665962 5.911972 -3.791044
v 0.665962 5.911972 -4.875438
v -1.081938 5.911972 -4.875438
v -1.081938 5.911972 -3.791044
v 1.069515 5.911972 -4.875438
v 1.069515 5.911972 -3.791044
v 2.890365 5.911972 -3.791044
v 2.890365 5.911972 -4.875438
v 0.665962 5.982570 -3.791044
v 0.665962 5.982570 -4.875438
v -1.067087 5.982570 -4.875438
v -1.067087 5.982570 -3.791044
v 1.069515 5.982570 -4.875438
v 1.069515 5.982570 -3.791044
v 2.867012 5.982570 -3.791044
v 2.867012 5.982570 -4.875438
v 0.665962 6.053168 -3.791044
v 0.665962 6.053168 -4.875438
v -1.053246 6.053168 -4.875438
v -1.053246 6.053168 -3.791044
v 1.069515 6.053168 -4.875438
v 1.069515 6.053168 -3.791044
v 2.822719 6.053168 -3.791044
v 2.822719 6.053168 -4.875438
v 0.665962 6.123766 -3.791044
v 0.665962 6.123766 -4.875438
v -1.040893 6.123766 -4.875438
v -1.040893 6.123766 -3.791044
v 1.069515 6.123766 -4.875438
v 1.069515 6.123766 -3.791044
v 2.767129 6.123766 -3.791044
v 2.767129 6.123766 -4.875438
v 0.665962 6.194364 -3.791044
v 0.665962 6.194364 -4.875438
v -1.027143 6.194364 -4.875438
v -1.027143 6.194364 -3.791044
v 1.069515 6.194364 -4.875438
v 1.069515 6.194364 -3.791044
v 2.712129 6.194364 -3.791044
v 2.712129 6.194364 -4.875438
v 0.665962 6.264962 -3.791044
v 0.665962 6.264962 -4.875438
v -1.013393 6.264962 -4.875438
v -1.013393 6.264962 -3.791044
v 1.069515 6.264962 -4.875438
v 1.069515 6.264962 -3.791044
v 2.660567 6.264962 -3.791044
v 2.660567 6.264962 -4.875438
v 0.665962 6.335560 -3.791044
v 0.665962 6.335560 -4.875438
v -0.999643 6.335560 -4.875438
v -0.999643 6.335560 -3.791044
v 1.069515 6.335560 -4.875438
v 1.069515 6.335560 -3.791044
v 2.595255 6.335560 -3.791044
v 2.595255 6.335560 -4.875438
v 0.665962 6.406158 -3.791044
v 0.665962 6.406158 -4.875438
v -0.979018 6.406158 -4.875438
v -0.979018 6.406158 -3.791044
v 1.069515 6.406158 -4.875438
v 1.069515 6.406158 -3.791044
v 2.519632 6.406158 -3.791044
v 2.519632 6.406158 -4.875438
v 0.665962 6.476756 -3.791044
v 0.665962 6.476756 -4.875438
v -0.960200 6.476756 -4.875438
v -0.960200 6.476756 -3.791044
v 1.069515 6.476756 -4.875438
v 1.069515 6.476756 -3.791044
v 2.455651 6.476756 -3.791044
v 2.455651 6.476756 -4.875438
v 0.665962 6.547355 -3.791044
v 0.665962 6.547355 -4.875438
v -0.941382 6.547355 -4.875438
v -0.941382 6.547355 -3.791044
v 1.069515 6.547355 -4.875438
v 1.069515 6.547355 -3.791044
v 2.380380 6.547355 -3.791044
v 2.380380 6.547355 -4.875438
v 0.665962 6.617954 -3.791044
v 0.665962 6.617954 -4.875438
v -0.907510 6.617954 -4.875438
v -0.907510 6.617954 -3.791044
v 1.069515 6.617954 -4.875438
v 1.069515 6.617954 -3.791044
v 2.301345 6.617954 -3.791044
v 2.301345 6.617954 -4.875438
v 0.665962 6.688552 -3.791044
v 0.665962 6.688552 -4.875438
v -0.873638 6.688552 -4.875438
v -0.873638 6.688552 -3.791044
v 1.069515 6.688552 -4.875438
v 1.069515 6.688552 -3.791044
v 2.214783 6.688552 -3.791044
v 2.214783 6.688552 -4.875438
v 0.665962 6.759151 -3.791044
v 0.665962 6.759151 -4.875438
v -0.832239 6.759151 -4.875438
v -0.832239 6.759151 -3.791044
v 1.069515 6.759151 -4.875438
v 1.069515 6.759151 -3.791044
v 2.135748 6.759151 -3.791044
v 2.135748 6.759151 -4.875438
v 0.665962 6.829749 -3.791044
v 0.665962 6.829749 -4.875438
v -0.813421 6.829749 -4.875438
v -0.813421 6.829749 -3.791044
v 1.069515 6.829749 -4.875438
v 1.069515 6.829749 -3.791044
v 2.037896 6.829749 -3.791044
v 2.037896 6.829749 -4.875438
v 0.665962 6.900348 -3.791044
v 0.665962 6.900348 -4.875438
v -0.768258 6.900348 -4.875438
v -0.768258 6.900348 -3.791044
v 1.069515 6.900348 -4.875438
v 1.069515 6.900348 -3.791044
v 1.951334 6.900348 -3.791044
v 1.951334 6.900348 -4.875438
v 0.665962 6.970947 -3.791044
v 0.665962 6.970947 -4.875438
v -0.719332 6.970947 -4.875438
v -0.719332 6.970947 -3.791044
v 1.069515 6.970947 -4.875438
v 1.069515 6.970947 -3.791044
v 1.853481 6.970947 -3.791044
v 1.853481 6.970947 -4.875438
v 0.665962 7.041545 -3.791044
v 0.665962 7.041545 -4.875438
v -0.677933 7.041545 -4.875438
v -0.677933 7.041545 -3.791044
v 1.069515 7.041545 -4.875438
v 1.069515 7.041545 -3.791044
v 1.763156 7.041545 -3.791044
v 1.763156 7.041545 -4.875438
v 0.665962 7.112144 -3.791044
v 0.665962 7.112144 -4.875438
v -0.636533 7.112144 -4.875438
v -0.636533 7.112144 -3.791044
v 1.069515 7.112144 -4.875438
v 1.069515 7.112144 -3.791044
v 1.654013 7.112144 -3.791044
v 1.654013 7.112144 -4.875438
v 0.665962 7.182743 -3.791044
v 0.665962 7.182743 -4.875438
v -0.583844 7.182743 -4.875438
v -0.583844 7.182743 -3.791044
v 1.069515 7.182743 -4.875438
v 1.069515 7.182743 -3.791044
v 1.559924 7.182743 -3.791044
v 1.559924 7.182743 -4.875438
v 0.665962 7.253341 -3.791044
v 0.665962 7.253341 -4.875438
v -0.534917 7.253341 -4.875438
v -0.534917 7.253341 -3.791044
v 1.069515 7.253341 -4.875438
v 1.069515 7.253341 -3.791044
v 1.465834 7.253341 -3.791044
v 1.465834 7.253341 -4.875438
v 0.665962 7.323940 -3.791044
v 0.665962 7.323940 -4.875438
v -0.474067 7.323940 -4.875438
v -0.474067 7.323940 -3.791044
v 1.069515 7.323940 -4.875438
v 1.069515 7.323940 -3.791044
v 1.354275 7.323940 -3.791044
v 1.354275 7.323940 -4.875438
v 0.665962 7.394539 -3.791044
v 0.665962 7.394539 -4.875438
v -0.399694 7.394539 -4.875438
v -0.399694 7.394539 -3.791044
v 1.069515 7.394539 -4.875438
v 1.069515 7.394539 -3.791044
v 1.259619 7.394539 -3.791044
v 1.259619 7.394539 -4.875438
v 0.665962 7.425703 -3.791044
v 0.665962 7.425703 -4.875438
v -0.362155 7.425703 -4.875438
v -0.362155 7.425703 -3.791044
v 1.069515 7.425703 -4.875438
v 1.069515 7.425703 -3.791044
v 1.215055 7.425703 -3.791044
v 1.215055 7.425703 -4.875438
v 0.427410 3.124807 -3.791044
v 0.423599 3.195405 -3.791044
v 0.423599 3.266003 -3.791044
v 0.411211 3.336602 -3.791044
v 0.389295 3.407200 -3.791044
v 0.368332 3.477798 -3.791044
v 0.331170 3.548396 -3.791044
v 0.288291 3.618995 -3.791044
v 0.243506 3.689593 -3.791044
v 0.116775 3.753643 -3.791044
v 0.068211 3.825332 -3.791044
v 0.083457 3.895930 -3.791044
v 0.093205 3.966529 -3.791044
v 0.084603 4.037127 -3.791044
v 0.028853 4.107725 -3.791044
v -0.022690 4.178323 -3.791044
v -0.063526 4.248922 -3.791044
v -0.105748 4.319520 -3.791044
v -0.134534 4.390119 -3.791044
v -0.164142 4.460717 -3.791044
v -0.192284 4.531315 -3.791044
v -0.222562 4.601913 -3.791044
v -0.247105 4.672512 -3.791044
v -0.273579 4.743110 -3.791044
v -0.295956 4.813708 -3.791044
v -0.317802 4.884306 -3.791044
v -0.339312 4.954905 -3.791044
v -0.361347 5.025503 -3.791044
v -0.377959 5.096102 -3.791044
v -0.397678 5.166700 -3.791044
v -0.411273 5.237298 -3.791044
v -0.422549 5.307896 -3.791044
v -0.433127 5.378495 -3.791044
v -0.437175 5.449093 -3.791044
v -0.439310 5.519692 -3.791044
v -0.434826 5.590289 -3.791044
v -0.423206 5.660888 -3.791044
v -0.407913 5.700177 -3.791044
v -0.400738 5.770775 -3.791044
v -0.389784 5.841373 -3.791044
v -0.382778 5.911972 -3.791044
v -0.373868 5.982570 -3.791044
v -0.365563 6.053168 -3.791044
v -0.358151 6.123766 -3.791044
v -0.349901 6.194364 -3.791044
v -0.341651 6.264962 -3.791044
v -0.333401 6.335560 -3.791044
v -0.321026 6.406158 -3.791044
v -0.309735 6.476756 -3.791044
v -0.298445 6.547355 -3.791044
v -0.278121 6.617954 -3.791044
v -0.257798 6.688552 -3.791044
v -0.232959 6.759151 -3.791044
v -0.221668 6.829749 -3.791044
v -0.194570 6.900348 -3.791044
v -0.165215 6.970947 -3.791044
v -0.140375 7.041545 -3.791044
v -0.115535 7.112144 -3.791044
v -0.083922 7.182743 -3.791044
v -0.054566 7.253341 -3.791044
v -0.018055 7.323940 -3.791044
v 0.026568 7.394539 -3.791044
v 0.049092 7.425703 -3.791044
v 0.049092 7.425703 -4.875438
v 0.026568 7.394539 -4.875438
v -0.018055 7.323940 -4.875438
v -0.054566 7.253341 -4.875438
v -0.083922 7.182743 -4.875438
v -0.115535 7.112144 -4.875438
v -0.140375 7.041545 -4.875438
v -0.165215 6.970947 -4.875438
v -0.194570 6.900348 -4.875438
v -0.221668 6.829749 -4.875438
v -0.232959 6.759151 -4.875438
v -0.257798 6.688552 -4.875438
v -0.278121 6.617954 -4.875438
v -0.298445 6.547355 -4.875438
v -0.309735 6.476756 -4.875438
v -0.321026 6.406158 -4.875438
v -0.333401 6.335560 -4.875438
v -0.341651 6.264962 -4.875438
v -0.349901 6.194364 -4.875438
v -0.358151 6.123766 -4.875438
v -0.365563 6.053168 -4.875438
v -0.373868 5.982570 -4.875438
v -0.382778 5.911972 -4.875438
v -0.389784 5.841373 -4.875438
v -0.400738 5.770775 -4.875438
v -0.407913 5.700177 -4.875438
v -0.423206 5.660888 -4.875438
v -0.434826 5.590289 -4.875438
v -0.439310 5.519692 -4.875438
v -0.437175 5.449093 -4.875438
v -0.433126 5.378495 -4.875438
v -0.422548 5.307896 -4.875438
v -0.411273 5.237298 -4.875438
v -0.397678 5.166700 -4.875438
v -0.377959 5.096102 -4.875438
v -0.361347 5.025503 -4.875438
v -0.339312 4.954905 -4.875438
v -0.317802 4.884306 -4.875438
v -0.295956 4.813708 -4.875438
v -0.273579 4.743110 -4.875438
v -0.247105 4.672512 -4.875438
v -0.222562 4.601913 -4.875438
v -0.192284 4.531315 -4.875438
v -0.164142 4.460717 -4.875438
v -0.134534 4.390119 -4.875438
v -0.105748 4.319520 -4.875438
v -0.063526 4.248922 -4.875438
v -0.022690 4.178323 -4.875438
v 0.028853 4.107725 -4.875438
v 0.084603 4.037127 -4.875438
v 0.093205 3.966529 -4.875438
v 0.083457 3.895930 -4.875438
v 0.068211 3.825332 -4.875438
v 0.116775 3.753643 -4.875438
v 0.243506 3.689593 -4.875438
v 0.288291 3.618995 -4.875438
v 0.331170 3.548396 -4.875438
v 0.368332 3.477798 -4.875438
v 0.389295 3.407200 -4.875438
v 0.411211 3.336602 -4.875438
v 0.423599 3.266003 -4.875438
v 0.423599 3.195405 -4.875438
v 0.427410 3.124807 -4.875438
v 0.446468 2.904529 -4.875438
v 0.446468 2.904529 -3.791044
v -0.034129 7.432763 -3.791044
v -0.034129 7.432763 -4.875438
v -0.348023 7.432763 -4.875438
v -0.348023 7.432763 -3.791044
v -0.077852 7.439823 -3.791044
v -0.077852 7.439823 -4.875438
v -0.330337 7.439823 -4.875438
v -0.330337 7.439823 -3.791044
v -0.125014 7.446883 -3.791044
v -0.125014 7.446883 -4.875438
v -0.305283 7.446883 -4.875438
v -0.305283 7.446883 -3.791044
v -0.200374 7.456136 -3.791044
v -0.200374 7.456136 -4.875438
v -0.274482 7.456136 -4.875438
v -0.274482 7.456136 -3.791044
v 1.069515 7.461003 -4.875438
v 1.069515 7.461003 -3.791044
v 1.173704 7.461003 -3.791044
v 1.173704 7.461003 -4.875438
v 0.665962 7.461003 -3.791044
v 0.665962 7.461003 -4.875438
v 0.210559 7.461003 -4.875438
v 0.210559 7.461003 -3.791044
v 1.069515 7.496302 -4.875438
v 1.069515 7.496302 -3.791044
v 1.130383 7.496302 -3.791044
v 1.130383 7.496302 -4.875438
v 0.665962 7.496302 -3.791044
v 0.665962 7.496302 -4.875438
v 0.273571 7.496302 -4.875438
v 0.273571 7.496302 -3.791044
v 1.069515 7.531601 -4.875438
v 1.069515 7.531601 -3.791044
v 1.096908 7.531601 -3.791044
v 1.096908 7.531601 -4.875438
v 0.665962 7.531601 -3.791044
v 0.665962 7.531601 -4.875438
v 0.326737 7.531601 -4.875438
v 0.326737 7.531601 -3.791044
v 1.069515 7.602200 -4.875438
v 1.069515 7.602200 -3.791044
v 1.094939 7.602200 -3.791044
v 1.094939 7.602200 -4.875438
v 0.665962 7.602200 -3.791044
v 0.665962 7.602200 -4.875438
v 0.409439 7.602200 -4.875438
v 0.409439 7.602200 -3.791044
v 1.069515 7.672799 -4.875438
v 1.069515 7.672799 -3.791044
v 1.093425 7.672799 -3.791044
v 1.093425 7.672799 -4.875438
v 0.665962 7.672799 -3.791044
v 0.665962 7.672799 -4.875438
v 0.476073 7.672799 -4.875438
v 0.476073 7.672799 -3.791044
v 1.069515 7.743397 -4.875438
v 1.069515 7.743397 -3.791044
v 1.084339 7.743397 -3.791044
v 1.084339 7.743397 -4.875438
v 0.665962 7.743397 -3.791044
v 0.665962 7.743397 -4.875438
v 0.527563 7.743397 -4.875438
v 0.527563 7.743397 -3.791044
v 1.057624 7.813996 -4.875438
v 1.057624 7.813996 -3.791044
v 1.072447 7.813996 -3.791044
v 1.072447 7.813996 -4.875438
v 0.665962 7.813996 -3.791044
v 0.665962 7.813996 -4.875438
v 0.567200 7.813996 -4.875438
v 0.567200 7.813996 -3.791044
v 1.047715 7.884594 -4.875438
v 1.047715 7.884594 -3.791044
v 1.062538 7.884594 -3.791044
v 1.062538 7.884594 -4.875438
v 0.665962 7.884594 -3.791044
v 0.665962 7.884594 -4.875438
v 0.598911 7.884594 -4.875438
v 0.598911 7.884594 -3.791044
v 1.033981 7.955193 -4.875438
v 1.033981 7.955193 -3.791044
v 1.048804 7.955193 -3.791044
v 1.048804 7.955193 -4.875438
v 0.722859 7.955193 -3.791044
v 0.722859 7.955193 -4.875438
v 0.655808 7.955193 -4.875438
v 0.655808 7.955193 -3.791044
v 1.025152 8.025792 -4.875438
v 1.025152 8.025792 -3.791044
v 1.039975 8.025792 -3.791044
v 1.039975 8.025792 -4.875438
v 0.776814 8.025792 -3.791044
v 0.776814 8.025792 -4.875438
v 0.709763 8.025792 -4.875438
v 0.709763 8.025792 -3.791044
v 1.027114 8.096390 -4.875438
v 1.027114 8.096390 -3.791044
v 1.041937 8.096390 -3.791044
v 1.041937 8.096390 -4.875438
v 0.856274 8.096390 -3.791044
v 0.856274 8.096390 -4.875438
v 0.789223 8.096390 -4.875438
v 0.789223 8.096390 -3.791044
v 1.039867 8.131690 -4.875438
v 1.039867 8.131690 -3.791044
v 1.054690 8.131690 -3.791044
v 1.054690 8.131690 -4.875438
v 0.909248 8.131690 -3.791044
v 0.909248 8.131690 -4.875438
v 0.842197 8.131690 -4.875438
v 0.842197 8.131690 -3.791044
v 1.042810 8.145810 -4.875438
v 1.042810 8.145810 -3.791044
v 1.057633 8.145810 -3.791044
v 1.057633 8.145810 -4.875438
v 0.933772 8.145810 -3.791044
v 0.933772 8.145810 -4.875438
v 0.866722 8.145810 -4.875438
v 0.866722 8.145810 -3.791044
v 1.039127 8.159930 -4.875438
v 1.039127 8.159930 -3.791044
v 1.053950 8.159930 -3.791044
v 1.053950 8.159930 -4.875438
v 0.960259 8.159930 -3.791044
v 0.960259 8.159930 -4.875438
v 0.893208 8.159930 -4.875438
v 0.893208 8.159930 -3.791044
v 1.032374 8.174050 -4.875438
v 1.032374 8.174050 -3.791044
v 1.047198 8.174050 -3.791044
v 1.047198 8.174050 -4.875438
v 0.989723 8.174050 -3.791044
v 0.989723 8.174050 -4.875438
v 0.922673 8.174050 -4.875438
v 0.922673 8.174050 -3.791044
v 1.015187 8.188170 -4.875438
v 1.015187 8.188170 -3.791044
v 1.030010 8.188170 -3.791044
v 1.030010 8.188170 -4.875438
v 0.991682 8.188170 -3.791044
v 0.991682 8.188170 -4.875438
v 0.960794 8.188170 -4.875438
v 0.960794 8.188170 -3.791044
v 0.999691 8.195230 -4.875438
v 0.999691 8.195230 -3.791044
v 1.014514 8.195230 -3.791044
v 1.014514 8.195230 -4.875438
v 0.991682 8.195230 -3.791044
v 0.991682 8.195230 -4.875438
v 0.980543 8.195230 -4.875438
v 0.980543 8.195230 -3.791044
vt 0.781216 0.222331
vt 0.905168 0.978406
vt 0.905168 0.974087
vt 0.926399 0.974087
vt 0.926399 0.978406
vt 0.905168 0.983515
vt 0.926399 0.983515
vt 0.905168 0.992944
vt 0.905168 0.988625
vt 0.926399 0.988625
vt 0.926399 0.992944
vt 0.947631 0.974087
vt 0.947631 0.978406
vt 0.947631 0.983515
vt 0.947631 0.988625
vt 0.947631 0.992944
vt 0.968863 0.992944
vt 0.565461 0.974087
vt 0.565461 0.978406
vt 0.565461 0.983515
vt 0.565461 0.988625
vt 0.565461 0.992944
vt 0.586692 0.974087
vt 0.586692 0.978406
vt 0.586692 0.983515
vt 0.586692 0.988625
vt 0.586692 0.992944
vt 0.607924 0.974087
vt 0.607924 0.978406
vt 0.607924 0.983515
vt 0.607924 0.988625
vt 0.607924 0.992944
vt 0.629156 0.974087
vt 0.629156 0.978406
vt 0.629156 0.983515
vt 0.629156 0.988625
vt 0.629156 0.992944
vt 0.650387 0.974087
vt 0.650387 0.978406
vt 0.650387 0.983515
vt 0.650387 0.988625
vt 0.650387 0.992944
vt 0.671619 0.974087
vt 0.671619 0.978406
vt 0.671619 0.983515
vt 0.671619 0.988625
vt 0.671619 0.992944
vt 0.692851 0.974087
vt 0.692851 0.978406
vt 0.692851 0.983515
vt 0.692851 0.988625
vt 0.692851 0.992944
vt 0.714083 0.974087
vt 0.714083 0.978406
vt 0.714083 0.983515
vt 0.714083 0.988625
vt 0.714083 0.992944
vt 0.735314 0.974087
vt 0.735314 0.978406
vt 0.735314 0.983515
vt 0.735314 0.988625
vt 0.735314 0.992944
vt 0.756546 0.974087
vt 0.756546 0.978406
vt 0.756546 0.983515
vt 0.756546 0.988625
vt 0.756546 0.992944
vt 0.777777 0.974087
vt 0.777777 0.978406
vt 0.777777 0.983515
vt 0.777777 0.988625
vt 0.777777 0.992944
vt 0.799009 0.974087
vt 0.799009 0.978406
vt 0.799009 0.983515
vt 0.799009 0.988625
vt 0.799009 0.992944
vt 0.820241 0.974087
vt 0.820241 0.978406
vt 0.820241 0.983515
vt 0.820241 0.988625
vt 0.820241 0.992944
vt 0.841473 0.974087
vt 0.841473 0.978406
vt 0.841473 0.983515
vt 0.841473 0.988625
vt 0.841473 0.992944
vt 0.862705 0.974087
vt 0.862705 0.978406
vt 0.862705 0.983515
vt 0.862705 0.988625
vt 0.862705 0.992944
vt 0.883936 0.974087
vt 0.883936 0.978406
vt 0.883936 0.983515
vt 0.883936 0.988625
vt 0.883936 0.992944
vt 0.905168 0.726954
vt 0.905168 0.722635
vt 0.926399 0.722635
vt 0.926399 0.726955
vt 0.905168 0.732064
vt 0.926399 0.732064
vt 0.905168 0.741492
vt 0.905168 0.737173
vt 0.926399 0.737173
vt 0.926399 0.741492
vt 0.947631 0.722635
vt 0.947631 0.726955
vt 0.947631 0.732064
vt 0.947631 0.737173
vt 0.947631 0.741492
vt 0.968863 0.741492
vt 0.816650 0.476685
vt 0.807840 0.486004
vt 0.796581 0.492145
vt 0.783976 0.494506
vt 0.771258 0.492856
vt 0.759672 0.487357
vt 0.750353 0.478546
vt 0.744212 0.467287
vt 0.741851 0.454682
vt 0.743501 0.441964
vt 0.749000 0.430378
vt 0.757810 0.421059
vt 0.769070 0.414918
vt 0.781675 0.412557
vt 0.794394 0.414206
vt 0.805979 0.419706
vt 0.815298 0.428516
vt 0.821439 0.439776
vt 0.823800 0.452381
vt 0.822150 0.465099
vt 0.782826 0.453531
vt 0.565461 0.722635
vt 0.565461 0.726954
vt 0.565461 0.732064
vt 0.565461 0.737173
vt 0.565461 0.741492
vt 0.586692 0.722635
vt 0.586692 0.726954
vt 0.586692 0.732064
vt 0.586692 0.737173
vt 0.586692 0.741492
vt 0.607924 0.722635
vt 0.607924 0.726954
vt 0.607924 0.732064
vt 0.607924 0.737173
vt 0.607924 0.741492
vt 0.629156 0.722635
vt 0.629156 0.726955
vt 0.629156 0.732064
vt 0.629156 0.737173
vt 0.629156 0.741492
vt 0.650387 0.722635
vt 0.650387 0.726954
vt 0.650387 0.732064
vt 0.650387 0.737173
vt 0.650387 0.741492
vt 0.671619 0.722635
vt 0.671619 0.726954
vt 0.671619 0.732064
vt 0.671619 0.737173
vt 0.671619 0.741492
vt 0.692851 0.722635
vt 0.692851 0.726955
vt 0.692851 0.732064
vt 0.692851 0.737173
vt 0.692851 0.741492
vt 0.714083 0.722635
vt 0.714083 0.726954
vt 0.714083 0.732064
vt 0.714083 0.737173
vt 0.714083 0.741492
vt 0.735314 0.722635
vt 0.850468 0.172575
vt 0.735314 0.726954
vt 0.831703 0.153610
vt 0.735314 0.732064
vt 0.807997 0.141372
vt 0.735314 0.737173
vt 0.781669 0.137059
vt 0.735314 0.741492
vt 0.755296 0.141093
vt 0.756546 0.722635
vt 0.731461 0.153078
vt 0.756546 0.726954
vt 0.712496 0.171843
vt 0.756546 0.732064
vt 0.700258 0.195550
vt 0.756546 0.737173
vt 0.695944 0.221878
vt 0.756546 0.741492
vt 0.699978 0.248251
vt 0.777777 0.722635
vt 0.711964 0.272086
vt 0.777777 0.726954
vt 0.730729 0.291051
vt 0.777777 0.732064
vt 0.754435 0.303289
vt 0.777777 0.737173
vt 0.780764 0.307603
vt 0.777777 0.741492
vt 0.807136 0.303569
vt 0.799009 0.722635
vt 0.830971 0.291583
vt 0.799009 0.726954
vt 0.849936 0.272818
vt 0.799009 0.732064
vt 0.862174 0.249111
vt 0.799009 0.737173
vt 0.866488 0.222783
vt 0.799009 0.741492
vt 0.862454 0.196410
vt 0.856624 0.474872
vt 0.847962 0.497684
vt 0.846417 0.496633
vt 0.831130 0.515651
vt 0.829986 0.514174
vt 0.809570 0.527538
vt 0.808939 0.525779
vt 0.785393 0.532180
vt 0.785335 0.530313
vt 0.760964 0.529124
vt 0.761486 0.527330
vt 0.738675 0.518669
vt 0.739726 0.517125
vt 0.720707 0.501839
vt 0.722185 0.500694
vt 0.708820 0.480279
vt 0.710579 0.479647
vt 0.704177 0.456101
vt 0.706045 0.456044
vt 0.707232 0.431672
vt 0.709026 0.432194
vt 0.717687 0.409382
vt 0.719232 0.410434
vt 0.734517 0.391414
vt 0.735662 0.392891
vt 0.756077 0.379526
vt 0.756709 0.381285
vt 0.780256 0.374882
vt 0.780314 0.376750
vt 0.804687 0.377938
vt 0.804164 0.379732
vt 0.826977 0.388394
vt 0.825926 0.389938
vt 0.844945 0.405226
vt 0.843468 0.406370
vt 0.856832 0.426787
vt 0.855073 0.427419
vt 0.861474 0.450965
vt 0.859606 0.451023
vt 0.858418 0.475395
vt 0.820241 0.722635
vt 0.820241 0.726954
vt 0.820241 0.732064
vt 0.820241 0.737173
vt 0.820241 0.741492
vt 0.841473 0.722635
vt 0.841473 0.726954
vt 0.841473 0.732064
vt 0.841473 0.737173
vt 0.841473 0.741492
vt 0.862705 0.722635
vt 0.862705 0.726954
vt 0.862705 0.732064
vt 0.862705 0.737173
vt 0.862705 0.741492
vt 0.883936 0.722635
vt 0.883936 0.726954
vt 0.883936 0.732064
vt 0.883936 0.737173
vt 0.883936 0.741492
vt 0.926399 0.942750
vt 0.905168 0.942750
vt 0.905168 0.772829
vt 0.926399 0.772829
vt 0.947631 0.942750
vt 0.947631 0.772829
vt 0.968863 0.772829
vt 0.565461 0.942750
vt 0.565461 0.772829
vt 0.586692 0.942750
vt 0.586692 0.772829
vt 0.607924 0.942750
vt 0.607924 0.772829
vt 0.629156 0.942750
vt 0.629156 0.772829
vt 0.650387 0.942750
vt 0.650387 0.772829
vt 0.671619 0.942750
vt 0.671619 0.772829
vt 0.692851 0.942750
vt 0.692851 0.772829
vt 0.714083 0.942750
vt 0.714083 0.772829
vt 0.735314 0.942750
vt 0.735314 0.772829
vt 0.756546 0.942750
vt 0.756546 0.772829
vt 0.777777 0.942750
vt 0.777777 0.772829
vt 0.799009 0.942750
vt 0.799009 0.772829
vt 0.820241 0.942750
vt 0.820241 0.772829
vt 0.841473 0.942750
vt 0.841473 0.772829
vt 0.862705 0.942750
vt 0.862705 0.772829
vt 0.883936 0.942750
vt 0.883936 0.772829
vt 0.926399 0.691298
vt 0.905168 0.691298
vt 0.905168 0.661734
vt 0.926399 0.661734
vt 0.947631 0.691298
vt 0.947631 0.661734
vt 0.565461 0.691298
vt 0.565461 0.661734
vt 0.586692 0.691298
vt 0.586692 0.661734
vt 0.607924 0.691298
vt 0.607924 0.661734
vt 0.629156 0.691298
vt 0.629156 0.661734
vt 0.650387 0.691298
vt 0.650387 0.661734
vt 0.671619 0.691298
vt 0.671619 0.661734
vt 0.692851 0.691298
vt 0.692851 0.661734
vt 0.714083 0.691298
vt 0.714082 0.661734
vt 0.735314 0.691298
vt 0.735314 0.661734
vt 0.756546 0.691298
vt 0.756546 0.661734
vt 0.777777 0.691298
vt 0.777777 0.661734
vt 0.799009 0.691298
vt 0.799009 0.661734
vt 0.820241 0.691298
vt 0.820241 0.661734
vt 0.841473 0.691298
vt 0.841473 0.661734
vt 0.862705 0.691298
vt 0.862705 0.661734
vt 0.883936 0.691298
vt 0.883936 0.661734
vt 0.905168 0.958684
vt 0.926399 0.958684
vt 0.947631 0.958684
vt 0.968863 0.958684
vt 0.565461 0.958684
vt 0.586692 0.958684
vt 0.607924 0.958684
vt 0.629156 0.958684
vt 0.650387 0.958684
vt 0.671619 0.958684
vt 0.692851 0.958684
vt 0.714083 0.958684
vt 0.735314 0.958684
vt 0.756546 0.958684
vt 0.777777 0.958684
vt 0.799009 0.958684
vt 0.820241 0.958684
vt 0.841473 0.958684
vt 0.862705 0.958684
vt 0.883936 0.958684
vt 0.823466 0.465487
vt 0.823007 0.465352
vt 0.822567 0.465222
vt 0.817387 0.477190
vt 0.817009 0.476931
vt 0.808385 0.486712
vt 0.808105 0.486349
vt 0.796881 0.492986
vt 0.796727 0.492554
vt 0.784001 0.495399
vt 0.783988 0.494940
vt 0.771005 0.493713
vt 0.771135 0.493273
vt 0.759167 0.488094
vt 0.759427 0.487715
vt 0.749645 0.479091
vt 0.750008 0.478812
vt 0.743371 0.467587
vt 0.743803 0.467434
vt 0.740958 0.454707
vt 0.741417 0.454694
vt 0.742644 0.441712
vt 0.743084 0.441841
vt 0.748263 0.429873
vt 0.748642 0.430133
vt 0.757265 0.420351
vt 0.757545 0.420714
vt 0.768770 0.414076
vt 0.768924 0.414508
vt 0.781650 0.411664
vt 0.781663 0.412122
vt 0.794646 0.413350
vt 0.794516 0.413789
vt 0.806484 0.418969
vt 0.806225 0.419347
vt 0.816006 0.427971
vt 0.815643 0.428251
vt 0.822281 0.439476
vt 0.821849 0.439630
vt 0.824693 0.452356
vt 0.824234 0.452369
vt 0.855658 0.474594
vt 0.856141 0.474733
vt 0.845584 0.496069
vt 0.846002 0.496352
vt 0.829368 0.513381
vt 0.829677 0.513778
vt 0.808596 0.524834
vt 0.808768 0.525308
vt 0.785301 0.529308
vt 0.785318 0.529811
vt 0.761764 0.526364
vt 0.761625 0.526848
vt 0.740289 0.516292
vt 0.740007 0.516709
vt 0.722977 0.500076
vt 0.722580 0.500386
vt 0.711524 0.479304
vt 0.711050 0.479476
vt 0.707049 0.456010
vt 0.706546 0.456027
vt 0.709992 0.432473
vt 0.709508 0.432333
vt 0.720065 0.410997
vt 0.719647 0.410715
vt 0.736280 0.393684
vt 0.735970 0.393287
vt 0.757052 0.382230
vt 0.756881 0.381756
vt 0.780348 0.377755
vt 0.780331 0.377252
vt 0.803886 0.380698
vt 0.804026 0.380214
vt 0.825363 0.390771
vt 0.825645 0.390354
vt 0.842675 0.406988
vt 0.843072 0.406679
vt 0.854128 0.427761
vt 0.854602 0.427590
vt 0.858602 0.451057
vt 0.859105 0.451040
vt 0.926399 0.756895
vt 0.905168 0.756895
vt 0.947631 0.756895
vt 0.565461 0.756895
vt 0.586692 0.756895
vt 0.607924 0.756895
vt 0.629156 0.756895
vt 0.650387 0.756895
vt 0.671619 0.756895
vt 0.692851 0.756895
vt 0.714082 0.756895
vt 0.735314 0.756895
vt 0.756546 0.756895
vt 0.777777 0.756895
vt 0.799009 0.756895
vt 0.820241 0.756895
vt 0.841473 0.756895
vt 0.862705 0.756895
vt 0.883936 0.756895
vt 0.905168 0.707233
vt 0.926399 0.707233
vt 0.947631 0.707233
vt 0.968863 0.707233
vt 0.565461 0.707233
vt 0.586692 0.707233
vt 0.607924 0.707233
vt 0.629156 0.707233
vt 0.650387 0.707233
vt 0.671619 0.707233
vt 0.692851 0.707233
vt 0.714082 0.707233
vt 0.735314 0.707233
vt 0.756546 0.707233
vt 0.777777 0.707233
vt 0.799009 0.707233
vt 0.820241 0.707233
vt 0.841473 0.707233
vt 0.862705 0.707233
vt 0.883936 0.707233
vt 0.905168 0.954018
vt 0.883936 0.954018
vt 0.905168 0.948581
vt 0.883936 0.948581
vt 0.926399 0.954018
vt 0.926399 0.948581
vt 0.947631 0.954018
vt 0.947631 0.948581
vt 0.565461 0.954018
vt 0.565461 0.948581
vt 0.586692 0.954018
vt 0.586692 0.948581
vt 0.607924 0.954018
vt 0.607924 0.948581
vt 0.629156 0.954018
vt 0.629156 0.948581
vt 0.650387 0.954018
vt 0.650387 0.948581
vt 0.671619 0.954018
vt 0.671619 0.948581
vt 0.692851 0.954018
vt 0.692851 0.948581
vt 0.714083 0.954018
vt 0.714082 0.948581
vt 0.735314 0.954018
vt 0.735314 0.948581
vt 0.756546 0.954018
vt 0.756546 0.948581
vt 0.777777 0.954018
vt 0.777777 0.948581
vt 0.799009 0.954018
vt 0.799009 0.948581
vt 0.820241 0.954018
vt 0.820241 0.948581
vt 0.841473 0.954018
vt 0.841473 0.948581
vt 0.862705 0.954018
vt 0.862705 0.948581
vt 0.905168 0.761561
vt 0.926399 0.761561
vt 0.905168 0.766998
vt 0.926399 0.766998
vt 0.947631 0.761561
vt 0.947631 0.766998
vt 0.565461 0.761561
vt 0.565461 0.766998
vt 0.586692 0.761561
vt 0.586692 0.766998
vt 0.607924 0.761561
vt 0.607924 0.766998
vt 0.629156 0.761561
vt 0.629156 0.766998
vt 0.650387 0.761561
vt 0.650387 0.766998
vt 0.671619 0.761561
vt 0.671619 0.766998
vt 0.692851 0.761561
vt 0.692851 0.766998
vt 0.714083 0.761561
vt 0.714082 0.766998
vt 0.735314 0.761561
vt 0.735314 0.766998
vt 0.756546 0.761561
vt 0.756546 0.766998
vt 0.777777 0.761561
vt 0.777777 0.766998
vt 0.799009 0.761561
vt 0.799009 0.766998
vt 0.820241 0.761561
vt 0.820241 0.766998
vt 0.841473 0.761561
vt 0.841473 0.766998
vt 0.862705 0.761561
vt 0.862705 0.766998
vt 0.883936 0.761561
vt 0.883936 0.766998
vt 0.821221 0.479802
vt 0.811224 0.490381
vt 0.817783 0.477461
vt 0.798447 0.497353
vt 0.808677 0.487092
vt 0.784141 0.500035
vt 0.797041 0.493438
vt 0.769706 0.498166
vt 0.784014 0.495878
vt 0.756556 0.491927
vt 0.770870 0.494172
vt 0.745977 0.481930
vt 0.758897 0.488489
vt 0.739004 0.469153
vt 0.749265 0.479383
vt 0.736322 0.454847
vt 0.742919 0.467748
vt 0.738191 0.440413
vt 0.740479 0.454720
vt 0.744430 0.427262
vt 0.742185 0.441576
vt 0.754426 0.416682
vt 0.747868 0.429603
vt 0.767204 0.409710
vt 0.756973 0.419971
vt 0.781510 0.407027
vt 0.768609 0.413625
vt 0.795945 0.408897
vt 0.781637 0.411184
vt 0.809096 0.415136
vt 0.794781 0.412890
vt 0.819675 0.425133
vt 0.806755 0.418574
vt 0.826647 0.437910
vt 0.816386 0.427679
vt 0.829329 0.452216
vt 0.822732 0.439315
vt 0.827459 0.466651
vt 0.825172 0.452343
vt 0.835413 0.469010
vt 0.845166 0.495786
vt 0.828056 0.484503
vt 0.829057 0.512982
vt 0.816272 0.496964
vt 0.808424 0.524359
vt 0.801213 0.505174
vt 0.785285 0.528802
vt 0.784355 0.508328
vt 0.761904 0.525879
vt 0.767347 0.506119
vt 0.740572 0.515873
vt 0.751855 0.498763
vt 0.723376 0.499765
vt 0.739393 0.486979
vt 0.711999 0.479132
vt 0.731184 0.471920
vt 0.707555 0.455993
vt 0.728029 0.455062
vt 0.710478 0.432613
vt 0.730238 0.438054
vt 0.720483 0.411280
vt 0.737594 0.422561
vt 0.736591 0.394083
vt 0.749378 0.410099
vt 0.757225 0.382705
vt 0.764437 0.401889
vt 0.780365 0.378260
vt 0.781295 0.398734
vt 0.803746 0.381183
vt 0.798304 0.400943
vt 0.825079 0.391190
vt 0.813797 0.408300
vt 0.842276 0.407299
vt 0.826258 0.420084
vt 0.853653 0.427933
vt 0.834468 0.435143
vt 0.858096 0.451074
vt 0.837623 0.452002
vt 0.855172 0.474454
vt 0.830097 0.467432
vt 0.832744 0.468217
vt 0.823488 0.481359
vt 0.825763 0.482924
vt 0.812899 0.492563
vt 0.814579 0.494754
vt 0.799365 0.499946
vt 0.800286 0.502549
vt 0.784213 0.502785
vt 0.784285 0.505545
vt 0.768925 0.500803
vt 0.768140 0.503451
vt 0.754998 0.494194
vt 0.753433 0.496470
vt 0.743795 0.483605
vt 0.741603 0.485285
vt 0.736411 0.470072
vt 0.733808 0.470993
vt 0.733572 0.454920
vt 0.730811 0.454991
vt 0.735553 0.439632
vt 0.732906 0.438847
vt 0.742162 0.425704
vt 0.739887 0.424140
vt 0.752752 0.414500
vt 0.751071 0.412309
vt 0.766285 0.407117
vt 0.765364 0.404514
vt 0.781437 0.404277
vt 0.781366 0.401517
vt 0.796726 0.406259
vt 0.797511 0.403612
vt 0.810653 0.412868
vt 0.812218 0.410593
vt 0.821857 0.423458
vt 0.824048 0.421777
vt 0.829240 0.436991
vt 0.831843 0.436070
vt 0.832079 0.452144
vt 0.834839 0.452073
vt 0.905168 0.702566
vt 0.883936 0.702566
vt 0.905168 0.697130
vt 0.883936 0.697130
vt 0.926399 0.702566
vt 0.926399 0.697130
vt 0.947631 0.702566
vt 0.947631 0.697130
vt 0.565461 0.702566
vt 0.565461 0.697130
vt 0.586692 0.702566
vt 0.586692 0.697130
vt 0.607924 0.702566
vt 0.607924 0.697130
vt 0.629156 0.702566
vt 0.629156 0.697130
vt 0.650387 0.702566
vt 0.650387 0.697130
vt 0.671619 0.702566
vt 0.671619 0.697130
vt 0.692851 0.702566
vt 0.692851 0.697130
vt 0.714083 0.702566
vt 0.714082 0.697130
vt 0.735314 0.702566
vt 0.735314 0.697130
vt 0.756546 0.702566
vt 0.756546 0.697130
vt 0.777777 0.702566
vt 0.777777 0.697130
vt 0.799009 0.702566
vt 0.799009 0.697130
vt 0.820241 0.702566
vt 0.820241 0.697130
vt 0.841473 0.702566
vt 0.841473 0.697130
vt 0.862705 0.702566
vt 0.862705 0.697130
vt 0.905168 0.626256
vt 0.926399 0.626256
vt 0.947631 0.626256
vt 0.565461 0.626256
vt 0.586692 0.626256
vt 0.607924 0.626256
vt 0.629156 0.626256
vt 0.650387 0.626256
vt 0.671619 0.626256
vt 0.692851 0.626256
vt 0.714082 0.626256
vt 0.735314 0.626256
vt 0.756546 0.626256
vt 0.777777 0.626256
vt 0.799009 0.626256
vt 0.820241 0.626256
vt 0.841473 0.626256
vt 0.862705 0.626256
vt 0.883936 0.626256
vt 0.926399 0.593144
vt 0.833878 0.150641
vt 0.809147 0.137876
vt 0.781683 0.133378
vt 0.754172 0.137588
vt 0.729308 0.150092
vt 0.709526 0.169668
vt 0.696761 0.194399
vt 0.692264 0.221864
vt 0.696473 0.249375
vt 0.708978 0.274238
vt 0.728554 0.294021
vt 0.753285 0.306785
vt 0.780750 0.311283
vt 0.808260 0.307074
vt 0.833124 0.294569
vt 0.852906 0.274993
vt 0.865671 0.250262
vt 0.870168 0.222797
vt 0.865959 0.195287
vt 0.947631 0.593144
vt 0.565461 0.593144
vt 0.586692 0.593144
vt 0.607924 0.593144
vt 0.629156 0.593144
vt 0.650387 0.593144
vt 0.671619 0.593144
vt 0.692851 0.593144
vt 0.714082 0.593144
vt 0.735314 0.593144
vt 0.756546 0.593144
vt 0.777777 0.593144
vt 0.799009 0.593144
vt 0.820241 0.593144
vt 0.841473 0.593144
vt 0.862705 0.593144
vt 0.883936 0.593144
vt 0.905168 0.593144
vt 0.926399 0.568309
vt 0.947631 0.568309
vt 0.853454 0.170423
vt 0.565461 0.568309
vt 0.586692 0.568309
vt 0.607924 0.568309
vt 0.629156 0.568309
vt 0.650387 0.568309
vt 0.671619 0.568309
vt 0.692851 0.568309
vt 0.714082 0.568309
vt 0.735314 0.568309
vt 0.756546 0.568309
vt 0.777777 0.568309
vt 0.799009 0.568309
vt 0.820241 0.568309
vt 0.841473 0.568309
vt 0.862705 0.568309
vt 0.883936 0.568309
vt 0.905168 0.568309
vt 0.990095 0.974087
vt 0.968863 0.978406
vt 0.990095 0.978406
vt 0.968863 0.988625
vt 0.990095 0.988625
vt 0.990095 0.992944
vt 0.968863 0.983515
vt 0.990095 0.983515
vt 0.990095 0.722635
vt 0.968863 0.726954
vt 0.990095 0.726954
vt 0.968863 0.737173
vt 0.990095 0.737173
vt 0.968863 0.732064
vt 0.990095 0.732064
vt 0.968863 0.942750
vt 0.990095 0.772829
vt 0.968863 0.691298
vt 0.990095 0.661734
vt 0.968863 0.974087
vt 0.990095 0.958684
vt 0.968863 0.756895
vt 0.990095 0.741492
vt 0.968863 0.722635
vt 0.990095 0.707233
vt 0.968863 0.954018
vt 0.990095 0.954018
vt 0.968863 0.948581
vt 0.990095 0.948581
vt 0.990095 0.942750
vt 0.990095 0.756895
vt 0.968863 0.766998
vt 0.990095 0.766998
vt 0.968863 0.761561
vt 0.990095 0.761561
vt 0.968863 0.702566
vt 0.990095 0.702566
vt 0.968863 0.697130
vt 0.990095 0.697130
vt 0.990095 0.691298
vt 0.968863 0.661734
vt 0.990095 0.626256
vt 0.968863 0.626256
vt 0.990095 0.593144
vt 0.968863 0.593144
vt 0.968863 0.568309
vt 0.990095 0.568309
vt 0.188017 0.337132
vt 0.254808 0.326999
vt 0.234494 0.236568
vt 0.181256 0.362659
vt 0.432793 0.360207
vt 0.430466 0.359499
vt 0.444200 0.235848
vt 0.422866 0.335071
vt 0.226546 0.236595
vt 0.175281 0.370594
vt 0.435426 0.367295
vt 0.437706 0.368045
vt 0.218885 0.236622
vt 0.169913 0.378522
vt 0.439170 0.375108
vt 0.441402 0.375890
vt 0.210937 0.236649
vt 0.163938 0.386458
vt 0.445952 0.382881
vt 0.448139 0.383717
vt 0.203543 0.236674
vt 0.159178 0.394378
vt 0.453949 0.390640
vt 0.456093 0.391537
vt 0.195595 0.236702
vt 0.153203 0.402313
vt 0.462553 0.398390
vt 0.464654 0.399353
vt 0.187934 0.236728
vt 0.147835 0.410241
vt 0.474195 0.406103
vt 0.476257 0.407151
vt 0.180273 0.236754
vt 0.142468 0.418169
vt 0.487051 0.413799
vt 0.489076 0.414942
vt 0.172019 0.236782
vt 0.135885 0.426112
vt 0.501123 0.421481
vt 0.503111 0.422725
vt 0.164070 0.236810
vt 0.129910 0.434048
vt 0.532188 0.427731
vt 0.534167 0.429189
vt 0.156815 0.236835
vt 0.124559 0.441368
vt 0.546245 0.436020
vt 0.548183 0.437581
vt 0.149421 0.236860
vt 0.119798 0.449288
vt 0.546344 0.443879
vt 0.548230 0.445448
vt 0.142679 0.236883
vt 0.116861 0.457185
vt 0.546398 0.451738
vt 0.548231 0.453316
vt 0.135808 0.236907
vt 0.120421 0.464999
vt 0.546018 0.459602
vt 0.547799 0.461186
vt 0.066007 0.332544
vt 0.138571 0.472629
vt 0.545932 0.467463
vt 0.547660 0.469055
vt 0.066008 0.340226
vt 0.155658 0.480272
vt 0.545659 0.475326
vt 0.547334 0.476924
vt 0.066009 0.346555
vt 0.169030 0.487962
vt 0.545588 0.483187
vt 0.547211 0.484793
vt 0.066010 0.353073
vt 0.182933 0.495645
vt 0.545458 0.491048
vt 0.547029 0.492661
vt 0.066010 0.358143
vt 0.192564 0.503383
vt 0.545321 0.498910
vt 0.546839 0.500530
vt 0.066011 0.363392
vt 0.202755 0.511114
vt 0.544985 0.506774
vt 0.546450 0.508400
vt 0.066011 0.368286
vt 0.211825 0.518858
vt 0.545085 0.514632
vt 0.546497 0.516268
vt 0.066012 0.373534
vt 0.222017 0.526589
vt 0.544891 0.522494
vt 0.546251 0.524137
vt 0.066013 0.378258
vt 0.230527 0.534341
vt 0.544599 0.530358
vt 0.545906 0.532007
vt 0.066013 0.383152
vt 0.239597 0.542085
vt 0.544344 0.538221
vt 0.545599 0.539876
vt 0.066014 0.387710
vt 0.247546 0.549844
vt 0.543966 0.546085
vt 0.545168 0.547746
vt 0.066014 0.392268
vt 0.255495 0.557603
vt 0.543476 0.553951
vt 0.544624 0.555617
vt 0.066015 0.396693
vt 0.262978 0.565368
vt 0.543223 0.561814
vt 0.544320 0.563487
vt 0.066016 0.401321
vt 0.271165 0.573124
vt 0.542614 0.569682
vt 0.543657 0.571359
vt 0.066016 0.405461
vt 0.277594 0.580902
vt 0.542024 0.577549
vt 0.543014 0.579230
vt 0.066017 0.409886
vt 0.285078 0.588667
vt 0.541392 0.585417
vt 0.542328 0.587102
vt 0.066017 0.413853
vt 0.290804 0.596454
vt 0.540630 0.593286
vt 0.541513 0.594975
vt 0.066018 0.417736
vt 0.296178 0.604246
vt 0.539609 0.601159
vt 0.540439 0.602849
vt 0.066018 0.421542
vt 0.301200 0.612042
vt 0.538675 0.609030
vt 0.539451 0.610722
vt 0.066018 0.425018
vt 0.304465 0.619860
vt 0.537525 0.616905
vt 0.538248 0.618597
vt 0.066019 0.428444
vt 0.307377 0.627683
vt 0.536203 0.624781
vt 0.536872 0.626473
vt 0.066019 0.431681
vt 0.308180 0.635532
vt 0.534881 0.632658
vt 0.535496 0.634349
vt 0.066020 0.434924
vt 0.307457 0.643401
vt 0.533060 0.640541
vt 0.533621 0.642228
vt 0.066020 0.437225
vt 0.304001 0.647819
vt 0.532206 0.644925
vt 0.532737 0.646612
vt 0.304320 0.655854
vt 0.304101 0.655678
vt 0.530781 0.652803
vt 0.531258 0.654488
vt 0.013407 0.650055
vt 0.013468 0.651821
vt 0.015873 0.659333
vt 0.069630 0.985792
vt 0.066020 0.439140
vt 0.299588 0.646303
vt 0.013798 0.649927
vt 0.013751 0.648162
vt 0.066021 0.443847
vt 0.291133 0.638551
vt 0.015454 0.642047
vt 0.015461 0.640284
vt 0.066021 0.447986
vt 0.284712 0.630772
vt 0.016653 0.634172
vt 0.016713 0.632409
vt 0.066022 0.452560
vt 0.276708 0.623014
vt 0.018049 0.626294
vt 0.018163 0.624532
vt 0.066023 0.458084
vt 0.265678 0.615294
vt 0.023287 0.618368
vt 0.023459 0.616633
vt 0.066024 0.466739
vt 0.246007 0.607684
vt 0.046291 0.935467
vt 0.028592 0.608734
vt 0.217013 0.648607
vt 0.214030 0.646957
vt 0.208655 0.639121
vt 0.204568 0.631278
vt 0.199430 0.623441
vt 0.193326 0.615610
vt 0.181319 0.607815
vt 0.180915 0.608509
vt 0.192961 0.616217
vt 0.199110 0.623998
vt 0.204294 0.631792
vt 0.208429 0.639600
vt 0.213851 0.647390
vt 0.216841 0.649020
vt 0.252646 0.656330
vt 0.252807 0.656164
vt 0.180896 0.607040
vt 0.045510 0.935465
vt 0.029367 0.607156
vt 0.066027 0.493721
vt 0.066024 0.468846
vt 0.241099 0.606174
vt 0.066024 0.470297
vt 0.237642 0.605432
vt 0.112436 0.491731
vt 0.186080 0.605528
vt 0.066024 0.472162
vt 0.233157 0.604703
vt 0.112436 0.488171
vt 0.194725 0.604689
vt 0.066025 0.474382
vt 0.227794 0.603985
vt 0.112436 0.484862
vt 0.202754 0.603854
vt 0.066025 0.478446
vt 0.217911 0.603325
vt 0.112435 0.479831
vt 0.214998 0.602994
vt 0.066028 0.502402
vt 0.159745 0.606522
vt 0.045039 0.935464
vt 0.030075 0.606365
vt 0.066028 0.504671
vt 0.154424 0.605017
vt 0.044202 0.935462
vt 0.031103 0.604785
vt 0.066028 0.506227
vt 0.150953 0.603489
vt 0.043383 0.935461
vt 0.032052 0.603206
vt 0.066029 0.513269
vt 0.135600 0.595824
vt 0.038209 0.935450
vt 0.040600 0.595287
vt 0.066030 0.519169
vt 0.123461 0.588119
vt 0.032860 0.935439
vt 0.049674 0.587365
vt 0.066031 0.524184
vt 0.114002 0.580379
vt 0.026412 0.935425
vt 0.061832 0.579424
vt 0.006098 0.985660
vt 0.104146 0.572644
vt 0.018349 0.935409
vt 0.078150 0.571458
vt 0.010238 0.985669
vt 0.095237 0.569928
vt 0.015216 0.935402
vt 0.084851 0.569257
vt 0.304201 0.663536
vt 0.528553 0.660691
vt 0.528974 0.662370
vt 0.304367 0.663722
vt 0.252854 0.664032
vt 0.073331 0.985800
vt 0.018720 0.667156
vt 0.252746 0.664189
vt 0.304300 0.671395
vt 0.527164 0.668568
vt 0.527531 0.670246
vt 0.304415 0.671589
vt 0.252901 0.671899
vt 0.076921 0.985808
vt 0.020680 0.674991
vt 0.252846 0.672047
vt 0.304400 0.679253
vt 0.525370 0.676451
vt 0.525683 0.678125
vt 0.304462 0.679456
vt 0.252949 0.679767
vt 0.080657 0.985815
vt 0.023758 0.682812
vt 0.252945 0.679906
vt 0.304500 0.687112
vt 0.523705 0.684332
vt 0.523963 0.686003
vt 0.304509 0.687324
vt 0.252996 0.687634
vt 0.084959 0.985824
vt 0.029505 0.690599
vt 0.253045 0.687764
vt 0.304599 0.694970
vt 0.522229 0.692210
vt 0.522434 0.693880
vt 0.304556 0.695191
vt 0.253044 0.695501
vt 0.089664 0.985834
vt 0.036692 0.698367
vt 0.253145 0.695623
vt 0.304699 0.702829
vt 0.520576 0.700091
vt 0.520726 0.701758
vt 0.304604 0.703059
vt 0.253091 0.703369
vt 0.094346 0.985844
vt 0.043805 0.706137
vt 0.253244 0.703481
vt 0.304798 0.710687
vt 0.518922 0.707972
vt 0.519018 0.709636
vt 0.304651 0.710926
vt 0.253138 0.711236
vt 0.098901 0.985853
vt 0.050479 0.713912
vt 0.253344 0.711339
vt 0.304898 0.718545
vt 0.517269 0.715852
vt 0.517311 0.717514
vt 0.304699 0.718793
vt 0.253186 0.719103
vt 0.103992 0.985864
vt 0.058906 0.721665
vt 0.253443 0.719198
vt 0.304998 0.726404
vt 0.514739 0.723744
vt 0.514725 0.725397
vt 0.304746 0.726661
vt 0.253233 0.726971
vt 0.109522 0.985875
vt 0.068648 0.729401
vt 0.253543 0.727056
vt 0.305097 0.734262
vt 0.512439 0.731633
vt 0.512371 0.733279
vt 0.304793 0.734528
vt 0.253280 0.734838
vt 0.114557 0.985886
vt 0.076905 0.737156
vt 0.253643 0.734915
vt 0.305197 0.742121
vt 0.510139 0.739522
vt 0.510016 0.741161
vt 0.304841 0.742395
vt 0.253328 0.742706
vt 0.120072 0.985897
vt 0.086602 0.744893
vt 0.253742 0.742773
vt 0.305297 0.749979
vt 0.505920 0.747435
vt 0.505739 0.749054
vt 0.304888 0.750263
vt 0.253375 0.750573
vt 0.125753 0.985909
vt 0.096779 0.752623
vt 0.253842 0.750632
vt 0.305396 0.757838
vt 0.501701 0.755348
vt 0.501463 0.756948
vt 0.304935 0.758130
vt 0.253422 0.758440
vt 0.131776 0.985922
vt 0.107916 0.760342
vt 0.253942 0.758490
vt 0.305496 0.765696
vt 0.496522 0.763274
vt 0.496226 0.764847
vt 0.304983 0.765998
vt 0.253470 0.766308
vt 0.137457 0.985933
vt 0.118093 0.768073
vt 0.254041 0.766349
vt 0.305596 0.773555
vt 0.494223 0.771163
vt 0.493871 0.772729
vt 0.305030 0.773865
vt 0.253517 0.774175
vt 0.144013 0.985947
vt 0.130669 0.775773
vt 0.254141 0.774207
vt 0.305695 0.781413
vt 0.488564 0.779094
vt 0.488153 0.780631
vt 0.305077 0.781733
vt 0.253564 0.782043
vt 0.150036 0.985960
vt 0.141805 0.783491
vt 0.254241 0.782066
vt 0.305795 0.789272
vt 0.482425 0.787032
vt 0.481955 0.788536
vt 0.305125 0.789600
vt 0.253612 0.789910
vt 0.156591 0.985973
vt 0.154382 0.791192
vt 0.254340 0.789924
vt 0.305895 0.797130
vt 0.477246 0.794958
vt 0.476718 0.796435
vt 0.305172 0.797468
vt 0.253659 0.797778
vt 0.162790 0.985986
vt 0.165998 0.798904
vt 0.254440 0.797783
vt 0.305994 0.804989
vt 0.472067 0.802883
vt 0.471481 0.804334
vt 0.305220 0.805335
vt 0.253707 0.805645
vt 0.169894 0.986001
vt 0.180014 0.806586
vt 0.254540 0.805641
vt 0.306094 0.812847
vt 0.465449 0.810827
vt 0.464803 0.812242
vt 0.305267 0.813202
vt 0.253754 0.813512
vt 0.176270 0.986014
vt 0.192110 0.814293
vt 0.254639 0.813500
vt 0.306194 0.820706
vt 0.459310 0.818764
vt 0.458605 0.820147
vt 0.305314 0.821070
vt 0.253801 0.821380
vt 0.182646 0.986027
vt 0.204207 0.821999
vt 0.254739 0.821358
vt 0.306293 0.828564
vt 0.451651 0.826721
vt 0.450885 0.828061
vt 0.305362 0.828937
vt 0.253848 0.829247
vt 0.189870 0.986042
vt 0.218531 0.829677
vt 0.254839 0.829217
vt 0.306393 0.836423
vt 0.442268 0.834700
vt 0.441438 0.835986
vt 0.305409 0.836805
vt 0.253896 0.837115
vt 0.196273 0.986056
vt 0.230699 0.837383
vt 0.254938 0.837075
vt 0.306437 0.839892
vt 0.335350 0.936067
vt 0.436667 0.839488
vt 0.305430 0.840278
vt 0.253917 0.840588
vt 0.199233 0.986062
vt 0.236425 0.840780
vt 0.254982 0.840544
vt 0.332996 0.360807
vt 0.333530 0.368672
vt 0.333577 0.376539
vt 0.335206 0.384397
vt 0.338051 0.392248
vt 0.340774 0.400099
vt 0.345565 0.407938
vt 0.351086 0.415772
vt 0.356850 0.423605
vt 0.373070 0.430645
vt 0.379317 0.438597
vt 0.377418 0.446476
vt 0.376221 0.454351
vt 0.377366 0.462212
vt 0.384530 0.470037
vt 0.391157 0.477864
vt 0.396417 0.485700
vt 0.401854 0.493535
vt 0.405576 0.501381
vt 0.409403 0.509225
vt 0.413042 0.517071
vt 0.416955 0.524915
vt 0.420135 0.532764
vt 0.423561 0.540611
vt 0.426465 0.548461
vt 0.429301 0.556311
vt 0.432094 0.564162
vt 0.434954 0.572013
vt 0.437122 0.579867
vt 0.439687 0.587720
vt 0.441469 0.595577
vt 0.442956 0.603435
vt 0.444354 0.611295
vt 0.444918 0.619159
vt 0.445238 0.627025
vt 0.444713 0.634896
vt 0.443277 0.642772
vt 0.441351 0.647162
vt 0.440482 0.655035
vt 0.439131 0.662911
vt 0.438285 0.670783
vt 0.437194 0.678658
vt 0.436182 0.686531
vt 0.435283 0.694404
vt 0.434277 0.702278
vt 0.433271 0.710152
vt 0.432266 0.718026
vt 0.430733 0.725903
vt 0.429339 0.733778
vt 0.427946 0.741655
vt 0.425399 0.749538
vt 0.422852 0.757421
vt 0.419729 0.765307
vt 0.418335 0.773183
vt 0.414923 0.781072
vt 0.411223 0.788962
vt 0.408100 0.796848
vt 0.404976 0.804735
vt 0.400988 0.812626
vt 0.397288 0.820516
vt 0.392675 0.828412
vt 0.387026 0.836313
vt 0.384172 0.839804
vt 0.311721 0.936018
vt 0.387918 0.835389
vt 0.393508 0.827458
vt 0.398064 0.819541
vt 0.401707 0.811635
vt 0.405638 0.803725
vt 0.408706 0.795827
vt 0.411773 0.787928
vt 0.415416 0.780022
vt 0.418772 0.772120
vt 0.420112 0.764243
vt 0.423179 0.756344
vt 0.425671 0.748453
vt 0.428163 0.740561
vt 0.429502 0.732685
vt 0.430842 0.724808
vt 0.432321 0.716930
vt 0.433273 0.709058
vt 0.434225 0.701186
vt 0.435177 0.693314
vt 0.436023 0.685444
vt 0.436982 0.677572
vt 0.438018 0.669699
vt 0.438812 0.661829
vt 0.440109 0.653953
vt 0.440924 0.646083
vt 0.442819 0.641685
vt 0.444201 0.633808
vt 0.444673 0.625942
vt 0.444301 0.618087
vt 0.443685 0.610235
vt 0.442237 0.602394
vt 0.440699 0.594553
vt 0.438866 0.586717
vt 0.436252 0.578890
vt 0.434035 0.571059
vt 0.431125 0.563236
vt 0.428283 0.555412
vt 0.425398 0.547589
vt 0.422445 0.539767
vt 0.418970 0.531951
vt 0.415741 0.524132
vt 0.411781 0.516323
vt 0.408093 0.508510
vt 0.404218 0.500699
vt 0.400448 0.492887
vt 0.394965 0.485097
vt 0.389659 0.477305
vt 0.382987 0.469529
vt 0.375779 0.461761
vt 0.374583 0.453917
vt 0.375726 0.446042
vt 0.377570 0.438159
vt 0.371277 0.430258
vt 0.355028 0.423333
vt 0.349218 0.415547
vt 0.343651 0.407758
vt 0.338813 0.399960
vt 0.336041 0.392135
vt 0.333147 0.384312
vt 0.331468 0.376474
vt 0.331368 0.368615
vt 0.330782 0.360763
vt 0.368629 0.326608
vt 0.330415 0.336275
vt 0.316347 0.986305
vt 0.395711 0.839546
vt 0.334476 0.936065
vt 0.434868 0.840285
vt 0.318850 0.986310
vt 0.401296 0.840261
vt 0.333415 0.936063
vt 0.432615 0.841086
vt 0.321546 0.986316
vt 0.407319 0.840971
vt 0.331952 0.936060
vt 0.429422 0.841892
vt 0.325842 0.986325
vt 0.416941 0.841879
vt 0.330147 0.936056
vt 0.425497 0.842946
vt 0.253940 0.844521
vt 0.202156 0.986068
vt 0.241748 0.844642
vt 0.255032 0.844474
vt 0.305454 0.844211
vt 0.306487 0.843821
vt 0.302403 0.935999
vt 0.363585 0.843861
vt 0.253964 0.848455
vt 0.205169 0.986074
vt 0.247321 0.848501
vt 0.255082 0.848403
vt 0.305477 0.848145
vt 0.306537 0.847750
vt 0.298427 0.935991
vt 0.355565 0.847844
vt 0.253988 0.852389
vt 0.207748 0.986079
vt 0.251639 0.852376
vt 0.255132 0.852332
vt 0.305501 0.852079
vt 0.306586 0.851680
vt 0.294944 0.935983
vt 0.348802 0.851818
vt 0.254035 0.860256
vt 0.211244 0.986087
vt 0.251990 0.860232
vt 0.255231 0.860191
vt 0.305548 0.859946
vt 0.306686 0.859538
vt 0.289098 0.935971
vt 0.338293 0.859749
vt 0.254083 0.868124
vt 0.214739 0.986094
vt 0.252282 0.868088
vt 0.255331 0.868049
vt 0.305596 0.867814
vt 0.306786 0.867397
vt 0.283953 0.935960
vt 0.329834 0.867668
vt 0.254130 0.875991
vt 0.218270 0.986101
vt 0.253541 0.875932
vt 0.255431 0.875908
vt 0.305643 0.875681
vt 0.306885 0.875255
vt 0.279400 0.935951
vt 0.323309 0.875575
vt 0.255695 0.883850
vt 0.221828 0.986109
vt 0.255157 0.883771
vt 0.257046 0.883747
vt 0.305690 0.883549
vt 0.306985 0.883114
vt 0.275247 0.935942
vt 0.318297 0.883473
vt 0.257007 0.891709
vt 0.225367 0.986116
vt 0.256520 0.891613
vt 0.258410 0.891590
vt 0.305738 0.891416
vt 0.307085 0.890972
vt 0.271318 0.935934
vt 0.314296 0.891365
vt 0.258808 0.899566
vt 0.228946 0.986123
vt 0.258370 0.899450
vt 0.260260 0.899426
vt 0.298522 0.899327
vt 0.299930 0.898923
vt 0.266563 0.935924
vt 0.307081 0.899276
vt 0.259982 0.907427
vt 0.232475 0.986131
vt 0.259596 0.907294
vt 0.261486 0.907270
vt 0.291682 0.907236
vt 0.293150 0.906868
vt 0.261920 0.935915
vt 0.300241 0.907185
vt 0.259779 0.915296
vt 0.235970 0.986138
vt 0.259445 0.915156
vt 0.261335 0.915132
vt 0.281587 0.915165
vt 0.283118 0.914855
vt 0.256220 0.935903
vt 0.290145 0.915113
vt 0.258175 0.919239
vt 0.237861 0.986142
vt 0.257869 0.919106
vt 0.259759 0.919082
vt 0.274848 0.919139
vt 0.276414 0.918870
vt 0.252746 0.935896
vt 0.283407 0.919088
vt 0.257809 0.920815
vt 0.238579 0.986144
vt 0.257514 0.920682
vt 0.259404 0.920658
vt 0.271727 0.920731
vt 0.273306 0.920482
vt 0.251190 0.935892
vt 0.280286 0.920680
vt 0.258288 0.922386
vt 0.239309 0.986145
vt 0.258003 0.922248
vt 0.259893 0.922224
vt 0.268356 0.922325
vt 0.269949 0.922096
vt 0.249534 0.935889
vt 0.276915 0.922274
vt 0.259160 0.923954
vt 0.240105 0.986147
vt 0.258884 0.923809
vt 0.260774 0.923785
vt 0.264604 0.923921
vt 0.266212 0.923716
vt 0.247723 0.935885
vt 0.273163 0.923870
vt 0.261363 0.925514
vt 0.241304 0.986149
vt 0.261096 0.925353
vt 0.262986 0.925329
vt 0.264363 0.925496
vt 0.265983 0.925291
vt 0.245452 0.935880
vt 0.268306 0.925473
vt 0.243090 0.986153
vt 0.242249 0.986151
vt 0.263081 0.926113
vt 0.264971 0.926089
vt 0.243544 0.986154
vt 0.265992 0.926077
vt 0.244280 0.935878
vt 0.265790 0.926275
vt 0.264368 0.926283
vt 0.244175 0.986155
vt 0.245348 0.986158
vt 0.263346 0.926289
vt 0.261454 0.926301
vt 0.259471 0.925526
vt 0.247619 0.986162
vt 0.257268 0.923966
vt 0.249429 0.986166
vt 0.256396 0.922397
vt 0.251085 0.986170
vt 0.255917 0.920827
vt 0.252641 0.986173
vt 0.256283 0.919251
vt 0.256115 0.986180
vt 0.257887 0.915307
vt 0.261815 0.986192
vt 0.258090 0.907438
vt 0.266458 0.986201
vt 0.256916 0.899578
vt 0.271213 0.986211
vt 0.255115 0.891721
vt 0.275142 0.986219
vt 0.253803 0.883861
vt 0.279296 0.986228
vt 0.252238 0.876003
vt 0.283848 0.986238
vt 0.251031 0.868142
vt 0.288993 0.986248
vt 0.250790 0.860276
vt 0.294840 0.986260
vt 0.250491 0.852410
vt 0.298323 0.986268
vt 0.246194 0.848502
vt 0.302299 0.986276
vt 0.240641 0.844602
vt 0.235339 0.840700
vt 0.331848 0.986337
vt 0.333310 0.986340
vt 0.334372 0.986343
vt 0.335246 0.986344
vt 0.368319 0.236109
vt 0.254497 0.236499
vt 0.229629 0.837261
vt 0.337874 0.986350
vt 0.217499 0.829466
vt 0.343349 0.986361
vt 0.203212 0.821684
vt 0.348258 0.986371
vt 0.191154 0.813889
vt 0.352719 0.986381
vt 0.179096 0.806094
vt 0.357315 0.986390
vt 0.165117 0.798311
vt 0.361524 0.986399
vt 0.153540 0.790513
vt 0.365732 0.986408
vt 0.141002 0.782720
vt 0.370193 0.986417
vt 0.129905 0.774919
vt 0.374524 0.986426
vt 0.117367 0.767127
vt 0.378177 0.986434
vt 0.107231 0.759320
vt 0.382385 0.986442
vt 0.096134 0.751519
vt 0.386372 0.986451
vt 0.085998 0.743713
vt 0.390358 0.986459
vt 0.076342 0.735903
vt 0.394011 0.986467
vt 0.068128 0.728085
vt 0.397664 0.986474
vt 0.058427 0.720276
vt 0.401348 0.986482
vt 0.050043 0.712458
vt 0.404928 0.986489
vt 0.043414 0.704631
vt 0.408507 0.986497
vt 0.036346 0.696806
vt 0.412086 0.986504
vt 0.029202 0.688981
vt 0.415650 0.986512
vt 0.023501 0.681147
vt 0.419230 0.986519
vt 0.020473 0.673298
vt 0.422824 0.986526
vt 0.018562 0.665442
vt 0.426379 0.986534
vt 0.015765 0.657591
vt 0.430023 0.986541
vt 0.095809 0.568622
vt 0.015112 0.985679
vt 0.018244 0.985686
vt 0.104708 0.571400
vt 0.026307 0.985702
vt 0.114523 0.579209
vt 0.032756 0.985716
vt 0.123941 0.587020
vt 0.038105 0.985727
vt 0.136041 0.594814
vt 0.043279 0.985738
vt 0.151359 0.602590
vt 0.044097 0.985739
vt 0.154824 0.604143
vt 0.044934 0.985741
vt 0.160140 0.605684
vt 0.045405 0.985742
vt 0.181310 0.606343
vt 0.218389 0.602871
vt 0.066025 0.479837
vt 0.066026 0.484868
vt 0.228277 0.603599
vt 0.066026 0.488177
vt 0.233641 0.604353
vt 0.066027 0.491737
vt 0.238127 0.605113
vt 0.241581 0.605879
vt 0.246485 0.607423
vt 0.046186 0.985744
vt 0.050369 0.985752
vt 0.266126 0.615172
vt 0.054592 0.985761
vt 0.277116 0.622974
vt 0.058149 0.985768
vt 0.285077 0.630794
vt 0.061690 0.985776
vt 0.291452 0.638623
vt 0.065269 0.985783
vt 0.299864 0.646440
vt 0.066124 0.985785
vt 0.304272 0.647987
vt 0.433582 0.986549
vt 0.435568 0.986553
vt 0.307761 0.643587
vt 0.439164 0.986560
vt 0.308538 0.635715
vt 0.442715 0.986568
vt 0.307786 0.627852
vt 0.446265 0.986575
vt 0.304923 0.620002
vt 0.449802 0.986582
vt 0.301707 0.612153
vt 0.453326 0.986590
vt 0.296731 0.604316
vt 0.456855 0.986597
vt 0.291404 0.596480
vt 0.460369 0.986604
vt 0.285724 0.588646
vt 0.463878 0.986612
vt 0.278284 0.580824
vt 0.467385 0.986619
vt 0.271900 0.572994
vt 0.470893 0.986626
vt 0.263756 0.565176
vt 0.474390 0.986634
vt 0.256317 0.557353
vt 0.477894 0.986641
vt 0.248411 0.549533
vt 0.481394 0.986648
vt 0.240506 0.541713
vt 0.484891 0.986655
vt 0.231477 0.533899
vt 0.488389 0.986663
vt 0.223011 0.526082
vt 0.491885 0.986670
vt 0.212860 0.518276
vt 0.495378 0.986677
vt 0.203832 0.510463
vt 0.498877 0.986684
vt 0.193681 0.502656
vt 0.502373 0.986692
vt 0.184092 0.494846
vt 0.505868 0.986699
vt 0.170226 0.487062
vt 0.509362 0.986706
vt 0.156891 0.479274
vt 0.512860 0.986714
vt 0.139836 0.471509
vt 0.516354 0.986721
vt 0.121718 0.463751
vt 0.519854 0.986728
vt 0.118207 0.455904
vt 0.523348 0.986735
vt 0.121200 0.448018
vt 0.526842 0.986743
vt 0.126018 0.440122
vt 0.534096 0.986758
vt 0.131424 0.432830
vt 0.541423 0.235514
vt 0.137458 0.424926
vt 0.528595 0.235558
vt 0.144101 0.417018
vt 0.516605 0.235600
vt 0.149527 0.409118
vt 0.505432 0.235638
vt 0.154953 0.401217
vt 0.496165 0.235670
vt 0.160987 0.393313
vt 0.487250 0.235700
vt 0.165805 0.385417
vt 0.478996 0.235729
vt 0.171839 0.377513
vt 0.472064 0.235753
vt 0.177266 0.369612
vt 0.464670 0.235778
vt 0.183300 0.361708
vt 0.425347 0.335703
vt 0.328041 0.336274
vt 0.444510 0.326348
vt 0.430304 0.840679
vt 0.433489 0.839853
vt 0.435734 0.839038
vt 0.437526 0.838230
vt 0.337978 0.936073
vt 0.343453 0.936084
vt 0.348363 0.936094
vt 0.352823 0.936104
vt 0.357420 0.936113
vt 0.361628 0.936122
vt 0.365837 0.936131
vt 0.370297 0.936140
vt 0.374629 0.936149
vt 0.378281 0.936157
vt 0.382490 0.936165
vt 0.386476 0.936174
vt 0.390463 0.936182
vt 0.394116 0.936189
vt 0.397768 0.936197
vt 0.401453 0.936205
vt 0.405032 0.936212
vt 0.408611 0.936220
vt 0.412191 0.936227
vt 0.415754 0.936234
vt 0.419335 0.936242
vt 0.422928 0.936249
vt 0.426484 0.936257
vt 0.430128 0.936264
vt 0.433686 0.936272
vt 0.435672 0.936276
vt 0.112429 0.434918
vt 0.439269 0.936283
vt 0.112429 0.431676
vt 0.442819 0.936291
vt 0.112429 0.428438
vt 0.446369 0.936298
vt 0.112428 0.425013
vt 0.449907 0.936305
vt 0.112428 0.421536
vt 0.453430 0.936313
vt 0.112427 0.417731
vt 0.456959 0.936320
vt 0.112427 0.413847
vt 0.460474 0.936327
vt 0.112426 0.409881
vt 0.463983 0.936335
vt 0.112426 0.405456
vt 0.467490 0.936342
vt 0.112425 0.401315
vt 0.470997 0.936349
vt 0.112425 0.396687
vt 0.474495 0.936356
vt 0.112424 0.392262
vt 0.477998 0.936364
vt 0.112424 0.387704
vt 0.481498 0.936371
vt 0.112423 0.383146
vt 0.484995 0.936378
vt 0.112422 0.378252
vt 0.488493 0.936386
vt 0.112422 0.373529
vt 0.491989 0.936393
vt 0.112421 0.368280
vt 0.495483 0.936400
vt 0.112421 0.363386
vt 0.498982 0.936407
vt 0.112420 0.358137
vt 0.502477 0.936415
vt 0.112419 0.353068
vt 0.505972 0.936422
vt 0.112419 0.346550
vt 0.509467 0.936429
vt 0.112418 0.340220
vt 0.512964 0.936436
vt 0.120365 0.327460
vt 0.516459 0.936444
vt 0.136118 0.327406
vt 0.519959 0.936451
vt 0.142989 0.327383
vt 0.523452 0.936458
vt 0.149731 0.327360
vt 0.526946 0.936466
vt 0.157125 0.327334
vt 0.534200 0.936481
vt 0.164381 0.327309
vt 0.548286 0.936510
vt 0.172329 0.327282
vt 0.528906 0.326058
vt 0.180584 0.327254
vt 0.516916 0.326099
vt 0.188245 0.327228
vt 0.505742 0.326138
vt 0.195905 0.327201
vt 0.496476 0.326169
vt 0.203854 0.327174
vt 0.487561 0.326200
vt 0.211248 0.327149
vt 0.479306 0.326228
vt 0.219196 0.327121
vt 0.472374 0.326252
vt 0.226857 0.327095
vt 0.464980 0.326278
vt 0.234805 0.327068
vt 0.185805 0.338078
vt 0.269921 0.925241
vt 0.274762 0.923607
vt 0.278498 0.921988
vt 0.281856 0.920373
vt 0.284963 0.918762
vt 0.291667 0.914747
vt 0.301699 0.906760
vt 0.308479 0.898814
vt 0.315634 0.890864
vt 0.319577 0.882954
vt 0.324532 0.875031
vt 0.330997 0.867090
vt 0.339394 0.859123
vt 0.349839 0.851131
vt 0.356568 0.847116
vt 0.364552 0.843085
vt 0.385090 0.838895
vt 0.325947 0.936048
vt 0.426390 0.841759
vt 0.321650 0.936039
vt 0.318954 0.936033
vt 0.316451 0.936028
vt 0.243648 0.935877
vt 0.267413 0.926058
vt 0.243194 0.935876
vt 0.242354 0.935874
vt 0.241409 0.935872
vt 0.240210 0.935870
vt 0.239413 0.935868
vt 0.238684 0.935866
vt 0.237965 0.935865
vt 0.236075 0.935861
vt 0.232580 0.935854
vt 0.229050 0.935846
vt 0.225471 0.935839
vt 0.221933 0.935832
vt 0.218375 0.935824
vt 0.214843 0.935817
vt 0.211348 0.935810
vt 0.207853 0.935802
vt 0.205274 0.935797
vt 0.202260 0.935791
vt 0.199337 0.935785
vt 0.196378 0.935778
vt 0.189975 0.935765
vt 0.182750 0.935750
vt 0.176375 0.935737
vt 0.169999 0.935724
vt 0.162894 0.935709
vt 0.156696 0.935696
vt 0.150140 0.935682
vt 0.144117 0.935670
vt 0.137562 0.935656
vt 0.131881 0.935644
vt 0.125857 0.935632
vt 0.120176 0.935620
vt 0.114662 0.935609
vt 0.109626 0.935598
vt 0.104096 0.935587
vt 0.099006 0.935576
vt 0.094451 0.935567
vt 0.089769 0.935557
vt 0.085064 0.935547
vt 0.080762 0.935538
vt 0.077026 0.935530
vt 0.073435 0.935523
vt 0.069735 0.935515
vt 0.077617 0.572879
vt 0.061370 0.580944
vt 0.049278 0.588957
vt 0.040266 0.596931
vt 0.031781 0.604899
vt 0.030843 0.606483
vt 0.029827 0.608067
vt 0.029125 0.608862
vt 0.028361 0.610444
vt 0.050474 0.935475
vt 0.054697 0.935484
vt 0.058253 0.935491
vt 0.061794 0.935499
vt 0.065374 0.935506
vt 0.066228 0.935508
vt 0.010343 0.935392
vt 0.084296 0.570635
vt 0.112441 0.529319
vt 0.112440 0.524178
vt 0.112440 0.519163
vt 0.112439 0.513263
vt 0.112438 0.506222
vt 0.112438 0.504665
vt 0.112438 0.502397
vt 0.112437 0.493715
vt 0.202300 0.604410
vt 0.194285 0.605298
vt 0.185656 0.606193
vt 0.112435 0.478440
vt 0.214525 0.603469
vt 0.112434 0.474376
vt 0.112434 0.472156
vt 0.112434 0.470291
vt 0.112434 0.468841
vt 0.112433 0.466733
vt 0.112432 0.458079
vt 0.112432 0.452554
vt 0.112431 0.447980
vt 0.112431 0.443842
vt 0.112430 0.439135
vt 0.112430 0.437220
vt 0.416037 0.843003
vt 0.330043 0.986334
vt 0.406411 0.842030
vt 0.400386 0.841280
vt 0.394800 0.840527
vt 0.311617 0.986295
vt 0.548182 0.986787
vt 0.541734 0.326014
vt 0.120054 0.236961
vt 0.112417 0.332539
vt 0.066031 0.529325
vt 0.006203 0.935383
vn -0.000000 -1.000000 0.000000
vn -0.000000 -1.000000 0.000000
vn -0.000000 -1.000000 0.000000
vn 0.000000 -1.000000 -0.000000
vn 0.000000 -1.000000 -0.000000
vn 0.000000 -1.000000 0.000000
vn 0.000000 -1.000000 0.000000
vn 0.000000 -1.000000 0.000000
vn 0.000000 -1.000000 -0.000000
vn -0.000000 -1.000000 0.000000
vn -0.000000 -1.000000 0.000000
vn -0.000000 -1.000000 0.000000
vn -0.000000 -1.000000 0.000000
vn 0.000000 -1.000000 0.000000
vn 0.000000 -1.000000 -0.000000
vn 0.000000 -1.000000 -0.000000
vn 0.000000 -1.000000 -0.000000
vn 0.000000 -1.000000 0.000000
vn -0.000000 -1.000000 0.000000
vn -0.000000 -1.000000 0.000000
vn 0.000000 -1.000000 -0.000000
vn -0.033218 0.995944 -0.083623
vn -0.074455 0.979452 -0.187431
vn -0.141283 0.977108 -0.159057
vn -0.063155 0.995468 -0.071100
vn -0.369177 0.000000 -0.929359
vn -0.664095 0.000000 -0.747648
vn -0.262744 -0.702482 -0.661426
vn -0.337245 -0.406818 -0.848979
vn -0.612030 -0.388144 -0.689031
vn -0.485461 -0.682369 -0.546534
vn -0.193887 0.974234 -0.115222
vn -0.086874 0.994881 -0.051627
vn -0.859657 0.000000 -0.510871
vn -0.799244 -0.368258 -0.474968
vn -0.646024 -0.659744 -0.383915
vn -0.227388 0.971927 -0.060432
vn -0.102078 0.994406 -0.027129
vn -0.966452 0.000000 -0.256848
vn -0.903785 -0.354230 -0.240197
vn -0.740172 -0.643000 -0.196713
vn -0.238874 0.971051 0.000000
vn -0.107312 0.994225 0.000000
vn -1.000000 -0.000000 0.000000
vn -0.937017 -0.349283 0.000000
vn -0.770919 -0.636933 0.000000
vn -0.227388 0.971927 0.060432
vn -0.102078 0.994406 0.027129
vn -0.966452 -0.000000 0.256849
vn -0.903785 -0.354230 0.240197
vn -0.740173 -0.643000 0.196713
vn -0.193887 0.974234 0.115222
vn -0.086874 0.994881 0.051627
vn -0.859657 0.000000 0.510871
vn -0.799247 -0.368252 0.474968
vn -0.646025 -0.659743 0.383914
vn -0.141283 0.977108 0.159057
vn -0.063155 0.995468 0.071100
vn -0.664096 0.000000 0.747647
vn -0.612036 -0.388131 0.689033
vn -0.485461 -0.682369 0.546534
vn -0.074455 0.979452 0.187431
vn -0.033218 0.995944 0.083623
vn -0.369179 -0.000000 0.929359
vn -0.337247 -0.406814 0.848980
vn -0.262745 -0.702481 0.661427
vn 0.000000 0.980352 0.197258
vn 0.000000 0.996126 0.087943
vn 0.000000 0.000000 1.000000
vn -0.000000 -0.414698 0.909959
vn -0.000000 -0.710646 0.703550
vn 0.074455 0.979452 0.187431
vn 0.033218 0.995944 0.083623
vn 0.369182 0.000000 0.929357
vn 0.337246 -0.406810 0.848982
vn 0.262746 -0.702480 0.661428
vn 0.141283 0.977108 0.159057
vn 0.063155 0.995468 0.071100
vn 0.664098 0.000000 0.747646
vn 0.612036 -0.388131 0.689033
vn 0.485463 -0.682368 0.546535
vn 0.193887 0.974234 0.115222
vn 0.086874 0.994881 0.051627
vn 0.859658 0.000000 0.510869
vn 0.799247 -0.368251 0.474969
vn 0.646025 -0.659743 0.383915
vn 0.227388 0.971927 0.060432
vn 0.102078 0.994406 0.027129
vn 0.966451 0.000000 0.256850
vn 0.903786 -0.354228 0.240196
vn 0.740172 -0.643000 0.196714
vn 0.238873 0.971051 -0.000000
vn 0.107311 0.994225 -0.000000
vn 1.000000 0.000000 -0.000000
vn 0.937018 -0.349281 0.000000
vn 0.770919 -0.636934 -0.000000
vn 0.227388 0.971927 -0.060432
vn 0.102078 0.994406 -0.027129
vn 0.966451 0.000000 -0.256850
vn 0.903785 -0.354229 -0.240196
vn 0.740172 -0.643000 -0.196713
vn 0.193887 0.974234 -0.115222
vn 0.086874 0.994881 -0.051627
vn 0.859659 0.000000 -0.510869
vn 0.799244 -0.368253 -0.474972
vn 0.646025 -0.659743 -0.383915
vn 0.141283 0.977108 -0.159057
vn 0.063155 0.995468 -0.071100
vn 0.664095 0.000000 -0.747648
vn 0.612037 -0.388130 -0.689033
vn 0.485461 -0.682370 -0.546534
vn 0.074455 0.979452 -0.187431
vn 0.033218 0.995944 -0.083623
vn 0.369184 0.000000 -0.929356
vn 0.337244 -0.406809 -0.848983
vn 0.262745 -0.702482 -0.661426
vn 0.000000 0.980352 -0.197257
vn 0.000000 0.996126 -0.087943
vn 0.000001 0.000000 -1.000000
vn 0.000001 -0.414695 -0.909960
vn 0.000001 -0.710647 -0.703549
vn -0.328716 0.455165 -0.827509
vn -0.244509 0.749233 -0.615521
vn -0.453486 0.730548 -0.510538
vn -0.597898 0.435245 -0.673113
vn -0.369178 0.000003 -0.929359
vn -0.664096 0.000003 -0.747647
vn -0.244509 -0.749232 -0.615522
vn -0.328715 -0.455166 -0.827509
vn -0.597897 -0.435243 -0.673114
vn -0.453487 -0.730547 -0.510539
vn -0.605998 0.709278 -0.360128
vn -0.782567 0.413897 -0.465058
vn -0.859658 0.000004 -0.510870
vn -0.782567 -0.413896 -0.465058
vn -0.605999 -0.709277 -0.360128
vn -0.696411 0.693366 -0.185083
vn -0.886294 0.398749 -0.235547
vn -0.966451 0.000001 -0.256850
vn -0.886293 -0.398750 -0.235547
vn -0.696412 -0.693364 -0.185083
vn -0.726122 0.687566 -0.000000
vn -0.919374 0.393385 0.000000
vn -1.000000 -0.000000 0.000000
vn -0.919373 -0.393388 0.000000
vn -0.726125 -0.687563 0.000000
vn -0.696410 0.693367 0.185083
vn -0.886294 0.398749 0.235547
vn -0.966451 -0.000000 0.256850
vn -0.886294 -0.398750 0.235547
vn -0.696412 -0.693364 0.185084
vn -0.605997 0.709279 0.360128
vn -0.782566 0.413897 0.465058
vn -0.859658 0.000000 0.510870
vn -0.782568 -0.413893 0.465058
vn -0.605999 -0.709276 0.360129
vn -0.453487 0.730548 0.510539
vn -0.597896 0.435244 0.673114
vn -0.664097 0.000000 0.747646
vn -0.597897 -0.435243 0.673114
vn -0.453488 -0.730547 0.510539
vn -0.244510 0.749231 0.615523
vn -0.328717 0.455164 0.827509
vn -0.369179 -0.000000 0.929358
vn -0.328716 -0.455167 0.827507
vn -0.244510 -0.749231 0.615523
vn 0.000000 0.756755 0.653698
vn -0.000000 0.463530 0.886081
vn -0.000000 -0.000000 1.000000
vn -0.000000 -0.463533 0.886080
vn 0.000000 -0.756755 0.653699
vn 0.244509 0.749231 0.615522
vn 0.328715 0.455168 0.827507
vn 0.369182 0.000003 0.929357
vn 0.328715 -0.455169 0.827507
vn 0.244510 -0.749231 0.615523
vn 0.453487 0.730548 0.510538
vn 0.597895 0.435248 0.673113
vn 0.664098 0.000008 0.747646
vn 0.597896 -0.435249 0.673111
vn 0.453488 -0.730548 0.510538
vn 0.605998 0.709278 0.360128
vn 0.782565 0.413898 0.465059
vn 0.859659 0.000005 0.510868
vn 0.782564 -0.413901 0.465058
vn 0.605998 -0.709278 0.360128
vn 0.696409 0.693368 0.185083
vn 0.886294 0.398749 0.235548
vn 0.966451 -0.000000 0.256851
vn 0.886293 -0.398751 0.235548
vn 0.696410 -0.693366 0.185083
vn 0.726120 0.687569 -0.000000
vn 0.919374 0.393385 -0.000000
vn 1.000000 0.000000 -0.000000
vn 0.919373 -0.393388 -0.000000
vn 0.726122 -0.687566 0.000000
vn 0.696409 0.693368 -0.185082
vn 0.886294 0.398748 -0.235547
vn 0.966451 -0.000000 -0.256851
vn 0.886293 -0.398751 -0.235547
vn 0.696411 -0.693366 -0.185083
vn 0.605997 0.709278 -0.360128
vn 0.782565 0.413900 -0.465058
vn 0.859659 0.000001 -0.510868
vn 0.782564 -0.413901 -0.465058
vn 0.605998 -0.709277 -0.360128
vn 0.453486 0.730549 -0.510537
vn 0.597896 0.435246 -0.673113
vn 0.664098 0.000004 -0.747645
vn 0.597896 -0.435247 -0.673113
vn 0.453487 -0.730548 -0.510538
vn 0.244509 0.749232 -0.615522
vn 0.328717 0.455162 -0.827510
vn 0.369182 0.000006 -0.929357
vn 0.328716 -0.455165 -0.827509
vn 0.244509 -0.749231 -0.615523
vn 0.000001 0.756756 -0.653698
vn 0.000001 0.463528 -0.886083
vn 0.000001 0.000006 -1.000000
vn 0.000001 -0.463530 -0.886081
vn 0.000001 -0.756756 -0.653698
vn -0.002573 0.999976 -0.006478
vn -0.004895 0.999973 -0.005511
vn -0.000000 1.000000 0.000000
vn -0.006737 0.999969 -0.004004
vn -0.007920 0.999966 -0.002105
vn -0.008328 0.999965 -0.000000
vn -0.007920 0.999966 0.002105
vn -0.006737 0.999969 0.004004
vn -0.004895 0.999973 0.005511
vn -0.002573 0.999976 0.006478
vn -0.000000 0.999977 0.006812
vn 0.002573 0.999976 0.006478
vn 0.004895 0.999973 0.005511
vn 0.006737 0.999969 0.004004
vn 0.007920 0.999966 0.002105
vn 0.008328 0.999965 -0.000000
vn 0.007920 0.999966 -0.002105
vn 0.006737 0.999969 -0.004004
vn 0.004895 0.999973 -0.005511
vn 0.002573 0.999976 -0.006478
vn 0.000000 0.999977 -0.006812
vn -0.664090 0.004924 -0.747636
vn -0.369172 0.005207 -0.929347
vn -0.369172 -0.005207 -0.929347
vn -0.664090 -0.004924 -0.747636
vn -0.859648 0.004631 -0.510866
vn -0.859648 -0.004631 -0.510866
vn -0.966442 0.004429 -0.256848
vn -0.966442 -0.004429 -0.256848
vn -0.999991 0.004359 -0.000000
vn -0.999991 -0.004359 0.000000
vn -0.966442 0.004429 0.256848
vn -0.966442 -0.004429 0.256848
vn -0.859648 0.004631 0.510866
vn -0.859648 -0.004631 0.510866
vn -0.664090 0.004924 0.747636
vn -0.664090 -0.004924 0.747636
vn -0.369172 0.005207 0.929346
vn -0.369172 -0.005207 0.929346
vn -0.000000 0.005328 0.999986
vn -0.000000 -0.005328 0.999986
vn 0.369172 0.005207 0.929346
vn 0.369172 -0.005207 0.929346
vn 0.664091 0.004924 0.747636
vn 0.664091 -0.004924 0.747636
vn 0.859648 0.004631 0.510866
vn 0.859648 -0.004631 0.510866
vn 0.966442 0.004430 0.256848
vn 0.966442 -0.004430 0.256848
vn 0.999991 0.004359 -0.000000
vn 0.999991 -0.004359 -0.000000
vn 0.966442 0.004430 -0.256848
vn 0.966442 -0.004430 -0.256848
vn 0.859648 0.004631 -0.510866
vn 0.859648 -0.004631 -0.510866
vn 0.664091 0.004924 -0.747636
vn 0.664091 -0.004924 -0.747636
vn 0.369172 0.005207 -0.929347
vn 0.369172 -0.005207 -0.929347
vn 0.000001 0.005329 -0.999986
vn 0.000001 -0.005329 -0.999986
vn -0.587492 0.466263 -0.661402
vn -0.322477 0.486817 -0.811799
vn -0.355857 0.266190 -0.895828
vn -0.642547 0.252688 -0.723383
vn -0.770223 0.444126 -0.457722
vn -0.834843 0.238532 -0.496124
vn -0.873296 0.428354 -0.232093
vn -0.940844 0.228670 -0.250045
vn -0.906243 0.422758 0.000000
vn -0.974309 0.225214 0.000000
vn -0.873296 0.428354 0.232093
vn -0.940844 0.228670 0.250045
vn -0.770223 0.444125 0.457723
vn -0.834843 0.238531 0.496125
vn -0.587492 0.466261 0.661403
vn -0.642547 0.252688 0.723383
vn -0.322478 0.486816 0.811800
vn -0.355857 0.266191 0.895828
vn -0.000000 0.495416 0.868656
vn -0.000000 0.271950 0.962311
vn 0.322478 0.486816 0.811800
vn 0.355858 0.266190 0.895828
vn 0.587493 0.466261 0.661402
vn 0.642547 0.252688 0.723382
vn 0.770222 0.444126 0.457722
vn 0.834843 0.238532 0.496125
vn 0.873295 0.428357 0.232093
vn 0.940844 0.228670 0.250045
vn 0.906242 0.422760 0.000000
vn 0.974309 0.225214 -0.000000
vn 0.873295 0.428357 -0.232092
vn 0.940844 0.228670 -0.250045
vn 0.770222 0.444126 -0.457722
vn 0.834843 0.238532 -0.496125
vn 0.587493 0.466261 -0.661402
vn 0.642547 0.252688 -0.723382
vn 0.322478 0.486816 -0.811800
vn 0.355857 0.266190 -0.895828
vn 0.000001 0.495416 -0.868656
vn 0.000001 0.271950 -0.962311
vn -0.484329 -0.684190 -0.545260
vn -0.262094 -0.704260 -0.659791
vn -0.644616 -0.661605 -0.383078
vn -0.738638 -0.644886 -0.196306
vn -0.769352 -0.638826 -0.000000
vn -0.738639 -0.644885 0.196306
vn -0.644616 -0.661606 0.383077
vn -0.484329 -0.684191 0.545259
vn -0.262094 -0.704260 0.659791
vn -0.000000 -0.712405 0.701768
vn 0.262095 -0.704259 0.659792
vn 0.484329 -0.684191 0.545260
vn 0.644615 -0.661607 0.383077
vn 0.738637 -0.644887 0.196306
vn 0.769351 -0.638827 -0.000000
vn 0.738638 -0.644887 -0.196305
vn 0.644616 -0.661606 -0.383077
vn 0.484330 -0.684191 -0.545259
vn 0.262094 -0.704261 -0.659790
vn 0.000001 -0.712407 -0.701767
vn -0.243962 0.750538 -0.614147
vn -0.452525 0.731900 -0.509454
vn -0.604785 0.710677 -0.359407
vn -0.695077 0.694797 -0.184728
vn -0.724755 0.689007 -0.000000
vn -0.695077 0.694797 0.184728
vn -0.604784 0.710678 0.359406
vn -0.452523 0.731901 0.509454
vn -0.243962 0.750538 0.614146
vn 0.000000 0.758043 0.652205
vn 0.243963 0.750538 0.614146
vn 0.452524 0.731901 0.509454
vn 0.604785 0.710676 0.359408
vn 0.695079 0.694795 0.184729
vn 0.724756 0.689006 0.000000
vn 0.695077 0.694797 -0.184729
vn 0.604785 0.710677 -0.359407
vn 0.452524 0.731901 -0.509454
vn 0.243963 0.750538 -0.614145
vn 0.000001 0.758042 -0.652205
vn -0.452526 -0.731899 -0.509455
vn -0.243963 -0.750536 -0.614148
vn -0.604786 -0.710676 -0.359408
vn -0.695080 -0.694795 -0.184729
vn -0.724757 -0.689004 0.000000
vn -0.695079 -0.694795 0.184729
vn -0.604785 -0.710676 0.359407
vn -0.452525 -0.731900 0.509455
vn -0.243963 -0.750536 0.614148
vn 0.000000 -0.758040 0.652208
vn 0.243963 -0.750536 0.614148
vn 0.452525 -0.731900 0.509455
vn 0.604786 -0.710676 0.359407
vn 0.695079 -0.694795 0.184729
vn 0.724758 -0.689004 -0.000000
vn 0.695079 -0.694795 -0.184729
vn 0.604786 -0.710676 -0.359407
vn 0.452525 -0.731899 -0.509456
vn 0.243963 -0.750536 -0.614148
vn 0.000001 -0.758041 -0.652207
vn -0.243962 0.750538 -0.614146
vn -0.452524 0.731901 -0.509453
vn -0.604784 0.710678 -0.359406
vn -0.695077 0.694797 -0.184728
vn -0.724755 0.689007 -0.000000
vn -0.695077 0.694797 0.184728
vn -0.604784 0.710678 0.359406
vn -0.452523 0.731902 0.509453
vn -0.243962 0.750538 0.614145
vn 0.000000 0.758043 0.652205
vn 0.243963 0.750538 0.614146
vn 0.452524 0.731901 0.509454
vn 0.604785 0.710677 0.359407
vn 0.695079 0.694795 0.184729
vn 0.724757 0.689005 -0.000000
vn 0.695079 0.694795 -0.184729
vn 0.604786 0.710676 -0.359407
vn 0.452524 0.731900 -0.509454
vn 0.243963 0.750538 -0.614146
vn 0.000001 0.758042 -0.652205
vn -0.101978 0.961090 -0.256723
vn 0.000002 0.962747 -0.270404
vn -0.369067 0.024348 -0.929084
vn -0.327240 0.462920 -0.823783
vn 0.000002 0.471352 -0.881945
vn 0.000001 0.024916 -0.999690
vn -0.270038 0.681893 -0.679780
vn 0.000002 0.690280 -0.723542
vn -0.193108 0.956789 -0.217401
vn -0.595435 0.442829 -0.670343
vn -0.498146 0.661313 -0.560816
vn -0.663922 0.023028 -0.747447
vn -0.264336 0.951552 -0.157086
vn -0.779651 0.421277 -0.463325
vn -0.661758 0.638290 -0.393271
vn -0.859456 0.021659 -0.510751
vn -0.309386 0.947375 -0.082224
vn -0.883226 0.405972 -0.234732
vn -0.757265 0.621326 -0.201256
vn -0.966244 0.020713 -0.256795
vn -0.324771 0.945793 -0.000000
vn -0.916275 0.400550 0.000000
vn -0.788378 0.615191 -0.000000
vn -0.999792 0.020383 0.000000
vn -0.309379 0.947377 0.082224
vn -0.883228 0.405968 0.234731
vn -0.757270 0.621320 0.201255
vn -0.966244 0.020713 0.256795
vn -0.264329 0.951553 0.157087
vn -0.779653 0.421274 0.463324
vn -0.661762 0.638286 0.393270
vn -0.859455 0.021659 0.510752
vn -0.193108 0.956789 0.217402
vn -0.595434 0.442830 0.670343
vn -0.498143 0.661316 0.560816
vn -0.663922 0.023028 0.747447
vn -0.101980 0.961089 0.256725
vn -0.327240 0.462923 0.823782
vn -0.270036 0.681895 0.679779
vn -0.369068 0.024349 0.929083
vn -0.000000 0.962747 0.270405
vn -0.000000 0.471354 0.881944
vn -0.000000 0.690280 0.723542
vn 0.000000 0.024917 0.999689
vn 0.101981 0.961089 0.256725
vn 0.327240 0.462925 0.823781
vn 0.270039 0.681894 0.679779
vn 0.369068 0.024349 0.929083
vn 0.193109 0.956789 0.217400
vn 0.595435 0.442831 0.670342
vn 0.498145 0.661315 0.560816
vn 0.663923 0.023028 0.747447
vn 0.264335 0.951552 0.157086
vn 0.779652 0.421276 0.463325
vn 0.661763 0.638285 0.393269
vn 0.859456 0.021659 0.510750
vn 0.309387 0.947375 0.082225
vn 0.883227 0.405970 0.234733
vn 0.757271 0.621318 0.201256
vn 0.966244 0.020714 0.256795
vn 0.324765 0.945795 -0.000000
vn 0.916276 0.400547 0.000000
vn 0.788380 0.615188 0.000000
vn 0.999792 0.020383 0.000000
vn 0.309381 0.947377 -0.082225
vn 0.883227 0.405969 -0.234733
vn 0.757269 0.621320 -0.201258
vn 0.966244 0.020714 -0.256795
vn 0.264335 0.951552 -0.157086
vn 0.779651 0.421277 -0.463326
vn 0.661761 0.638286 -0.393272
vn 0.859456 0.021659 -0.510751
vn 0.193107 0.956790 -0.217400
vn 0.595435 0.442829 -0.670343
vn 0.498143 0.661315 -0.560817
vn 0.663922 0.023028 -0.747447
vn 0.101980 0.961090 -0.256724
vn 0.327239 0.462921 -0.823783
vn 0.270036 0.681895 -0.679779
vn 0.369068 0.024348 -0.929084
vn -0.316591 -0.514394 -0.796975
vn -0.577630 -0.493413 -0.650297
vn -0.359047 0.232646 -0.903859
vn -0.355594 -0.268747 -0.895169
vn -0.642119 -0.255137 -0.722902
vn -0.647730 0.220649 -0.729218
vn -0.758465 -0.470711 -0.450735
vn -0.834349 -0.240863 -0.495830
vn -0.840837 0.208104 -0.499687
vn -0.860876 -0.454475 -0.228792
vn -0.940332 -0.230915 -0.249909
vn -0.947046 0.199384 -0.251693
vn -0.893682 -0.448701 -0.000000
vn -0.973795 -0.227427 -0.000000
vn -0.980538 0.196331 0.000000
vn -0.860875 -0.454475 0.228792
vn -0.940332 -0.230915 0.249909
vn -0.947046 0.199384 0.251693
vn -0.758464 -0.470713 0.450736
vn -0.834348 -0.240860 0.495832
vn -0.840837 0.208104 0.499687
vn -0.577630 -0.493412 0.650299
vn -0.642120 -0.255133 0.722904
vn -0.647730 0.220649 0.729219
vn -0.316591 -0.514393 0.796975
vn -0.355594 -0.268744 0.895170
vn -0.359048 0.232646 0.903859
vn 0.000000 -0.523143 0.852245
vn -0.000000 -0.274549 0.961573
vn -0.000000 0.237773 0.971321
vn 0.316590 -0.514393 0.796976
vn 0.355595 -0.268745 0.895169
vn 0.359048 0.232646 0.903859
vn 0.577628 -0.493416 0.650297
vn 0.642120 -0.255138 0.722902
vn 0.647731 0.220648 0.729218
vn 0.758463 -0.470716 0.450734
vn 0.834349 -0.240861 0.495831
vn 0.840837 0.208103 0.499686
vn 0.860875 -0.454477 0.228792
vn 0.940333 -0.230909 0.249910
vn 0.947046 0.199384 0.251694
vn 0.893681 -0.448704 -0.000000
vn 0.973797 -0.227421 0.000000
vn 0.980538 0.196331 0.000000
vn 0.860874 -0.454477 -0.228792
vn 0.940333 -0.230909 -0.249910
vn 0.947046 0.199384 -0.251693
vn 0.758463 -0.470715 -0.450733
vn 0.834350 -0.240859 -0.495831
vn 0.840837 0.208103 -0.499686
vn 0.577629 -0.493415 -0.650297
vn 0.642120 -0.255135 -0.722903
vn 0.647731 0.220649 -0.729218
vn 0.316589 -0.514394 -0.796976
vn 0.355594 -0.268744 -0.895170
vn 0.359048 0.232646 -0.903859
vn 0.000000 -0.523142 -0.852245
vn 0.000001 -0.274550 -0.961573
vn 0.000001 0.237773 -0.971321
vn -0.304428 0.565703 -0.766357
vn 0.000001 0.574580 -0.818448
vn -0.351711 0.303945 -0.885391
vn 0.000001 0.310356 -0.950620
vn -0.557113 0.544281 -0.627203
vn -0.635789 0.288862 -0.715773
vn -0.733828 0.520880 -0.436096
vn -0.827005 0.272989 -0.491467
vn -0.834726 0.504003 -0.221843
vn -0.932718 0.261900 -0.247885
vn -0.867192 0.497975 -0.000000
vn -0.966144 0.258005 -0.000000
vn -0.834726 0.504002 0.221843
vn -0.932718 0.261898 0.247885
vn -0.733830 0.520879 0.436095
vn -0.827005 0.272987 0.491469
vn -0.557113 0.544283 0.627201
vn -0.635787 0.288860 0.715776
vn -0.304426 0.565709 0.766354
vn -0.351712 0.303940 0.885392
vn 0.000000 0.574584 0.818445
vn 0.000000 0.310352 0.950622
vn 0.304426 0.565709 0.766354
vn 0.351711 0.303943 0.885392
vn 0.557110 0.544287 0.627200
vn 0.635789 0.288863 0.715773
vn 0.733829 0.520881 0.436094
vn 0.827003 0.272993 0.491467
vn 0.834730 0.503995 0.221845
vn 0.932715 0.261909 0.247885
vn 0.867199 0.497962 0.000000
vn 0.966141 0.258014 0.000000
vn 0.834731 0.503993 -0.221844
vn 0.932716 0.261906 -0.247885
vn 0.733830 0.520879 -0.436095
vn 0.827003 0.272993 -0.491467
vn 0.557112 0.544285 -0.627200
vn 0.635790 0.288862 -0.715772
vn 0.304427 0.565707 -0.766355
vn 0.351712 0.303942 -0.885392
vn -0.304429 -0.565701 -0.766359
vn -0.557115 -0.544277 -0.627204
vn -0.351710 -0.303942 -0.885392
vn -0.635789 -0.288861 -0.715774
vn -0.733831 -0.520877 -0.436096
vn -0.827006 -0.272988 -0.491466
vn -0.834726 -0.504002 -0.221843
vn -0.932717 -0.261900 -0.247884
vn -0.867192 -0.497974 -0.000000
vn -0.966143 -0.258006 -0.000000
vn -0.834727 -0.504001 0.221843
vn -0.932718 -0.261899 0.247885
vn -0.733831 -0.520878 0.436095
vn -0.827005 -0.272987 0.491468
vn -0.557115 -0.544281 0.627201
vn -0.635788 -0.288861 0.715775
vn -0.304428 -0.565705 0.766356
vn -0.351712 -0.303941 0.885392
vn -0.000000 -0.574580 0.818448
vn 0.000000 -0.310353 0.950621
vn 0.304425 -0.565708 0.766355
vn 0.351710 -0.303943 0.885392
vn 0.557115 -0.544279 0.627202
vn 0.635788 -0.288860 0.715775
vn 0.733836 -0.520869 0.436097
vn 0.827006 -0.272984 0.491468
vn 0.834734 -0.503989 0.221845
vn 0.932717 -0.261901 0.247886
vn 0.867200 -0.497961 0.000000
vn 0.966142 -0.258012 -0.000000
vn 0.834733 -0.503990 -0.221845
vn 0.932716 -0.261904 -0.247886
vn 0.733834 -0.520872 -0.436097
vn 0.827004 -0.272988 -0.491469
vn 0.557113 -0.544281 -0.627203
vn 0.635791 -0.288860 -0.715772
vn 0.304426 -0.565706 -0.766356
vn 0.351712 -0.303941 -0.885392
vn 0.000001 -0.574579 -0.818449
vn 0.000001 -0.310353 -0.950621
vn -0.304428 0.565702 -0.766358
vn 0.000001 0.574583 -0.818446
vn -0.351711 0.303941 -0.885392
vn 0.000001 0.310354 -0.950621
vn -0.557117 0.544276 -0.627204
vn -0.635790 0.288858 -0.715774
vn -0.733831 0.520877 -0.436096
vn -0.827006 0.272986 -0.491467
vn -0.834726 0.504002 -0.221843
vn -0.932718 0.261898 -0.247885
vn -0.867192 0.497974 -0.000000
vn -0.966144 0.258004 -0.000000
vn -0.834727 0.504000 0.221844
vn -0.932718 0.261897 0.247885
vn -0.733831 0.520878 0.436095
vn -0.827006 0.272984 0.491469
vn -0.557113 0.544284 0.627200
vn -0.635789 0.288855 0.715776
vn -0.304424 0.565712 0.766352
vn -0.351713 0.303938 0.885392
vn 0.000000 0.574589 0.818442
vn 0.000000 0.310356 0.950620
vn 0.304425 0.565711 0.766353
vn 0.351712 0.303943 0.885391
vn 0.557115 0.544281 0.627201
vn 0.635789 0.288858 0.715775
vn 0.733833 0.520875 0.436095
vn 0.827004 0.272991 0.491467
vn 0.834731 0.503993 0.221845
vn 0.932715 0.261907 0.247886
vn 0.867200 0.497960 0.000000
vn 0.966141 0.258014 0.000000
vn 0.834732 0.503991 -0.221845
vn 0.932715 0.261909 -0.247885
vn 0.733831 0.520877 -0.436095
vn 0.827003 0.272994 -0.491467
vn 0.557113 0.544283 -0.627201
vn 0.635791 0.288862 -0.715772
vn 0.304426 0.565708 -0.766355
vn 0.351711 0.303942 -0.885392
vn -0.369128 0.016274 -0.929236
vn -0.664019 0.015391 -0.747557
vn -0.859567 0.014475 -0.510818
vn -0.966359 0.013843 -0.256826
vn -0.999907 0.013623 0.000000
vn -0.966359 0.013843 0.256826
vn -0.859567 0.014475 0.510818
vn -0.664019 0.015391 0.747557
vn -0.369129 0.016274 0.929236
vn 0.000000 0.016654 0.999861
vn 0.369128 0.016274 0.929236
vn 0.664020 0.015391 0.747557
vn 0.859568 0.014475 0.510817
vn 0.966359 0.013843 0.256826
vn 0.999907 0.013623 0.000000
vn 0.966359 0.013843 -0.256826
vn 0.859568 0.014475 -0.510817
vn 0.664019 0.015391 -0.747557
vn 0.369128 0.016274 -0.929236
vn 0.000001 0.016654 -0.999861
vn -0.647140 0.224545 -0.728553
vn -0.358683 0.236730 -0.902943
vn -0.840154 0.211800 -0.499281
vn -0.946341 0.202939 -0.251506
vn -0.979829 0.199836 0.000000
vn -0.946341 0.202939 0.251506
vn -0.840154 0.211800 0.499281
vn -0.647140 0.224545 0.728553
vn -0.358684 0.236730 0.902942
vn -0.000000 0.241936 0.970292
vn 0.358684 0.236730 0.902942
vn 0.647140 0.224545 0.728553
vn 0.840155 0.211799 0.499281
vn 0.946341 0.202938 0.251506
vn 0.979829 0.199836 0.000000
vn 0.946341 0.202939 -0.251506
vn 0.840155 0.211799 -0.499281
vn 0.647140 0.224545 -0.728553
vn 0.358684 0.236730 -0.902943
vn 0.000001 0.241936 -0.970292
vn -0.364259 0.162675 -0.916980
vn -0.656170 0.154060 -0.738719
vn -0.367943 0.081674 -0.926254
vn -0.662113 0.077268 -0.745410
vn -0.850561 0.145090 -0.505465
vn -0.857383 0.072694 -0.509520
vn -0.957086 0.138878 -0.254361
vn -0.964112 0.069535 -0.256229
vn -0.990611 0.136708 0.000000
vn -0.997656 0.068433 0.000000
vn -0.957086 0.138878 0.254362
vn -0.964112 0.069535 0.256229
vn -0.850561 0.145090 0.505466
vn -0.857383 0.072694 0.509520
vn -0.656170 0.154059 0.738720
vn -0.662113 0.077268 0.745410
vn -0.364260 0.162674 0.916979
vn -0.367944 0.081674 0.926254
vn -0.000000 0.166368 0.986064
vn 0.000000 0.083568 0.996502
vn 0.364260 0.162674 0.916980
vn 0.367944 0.081674 0.926254
vn 0.656170 0.154059 0.738719
vn 0.662113 0.077267 0.745410
vn 0.850561 0.145090 0.505465
vn 0.857383 0.072694 0.509519
vn 0.957086 0.138878 0.254361
vn 0.964112 0.069535 0.256229
vn 0.990612 0.136707 0.000000
vn 0.997656 0.068433 0.000000
vn 0.957086 0.138878 -0.254362
vn 0.964112 0.069535 -0.256229
vn 0.850561 0.145090 -0.505465
vn 0.857383 0.072694 -0.509519
vn 0.656170 0.154059 -0.738719
vn 0.662113 0.077267 -0.745410
vn 0.364260 0.162675 -0.916980
vn 0.367944 0.081674 -0.926254
vn 0.000001 0.166369 -0.986064
vn 0.000001 0.083568 -0.996502
vn -0.369176 0.000000 -0.929359
vn -0.664098 0.000000 -0.747645
vn -0.859657 0.000000 -0.510871
vn -0.966451 0.000000 -0.256850
vn -1.000000 0.000000 -0.000000
vn -0.966451 0.000000 0.256851
vn -0.859657 0.000000 0.510871
vn -0.664098 0.000000 0.747645
vn -0.369177 0.000000 0.929359
vn -0.000000 0.000000 1.000000
vn 0.369177 0.000000 0.929359
vn 0.664099 0.000000 0.747645
vn 0.859657 0.000000 0.510871
vn 0.966451 0.000000 0.256851
vn 1.000000 0.000000 -0.000000
vn 0.966451 0.000000 -0.256850
vn 0.859657 0.000000 -0.510871
vn 0.664099 0.000000 -0.747645
vn 0.369177 0.000000 -0.929359
vn 0.000001 0.000000 -1.000000
vn -0.664098 0.000000 -0.747645
vn -0.859657 0.000000 -0.510871
vn -0.966451 0.000000 -0.256850
vn -1.000000 0.000000 -0.000000
vn -0.966451 0.000000 0.256851
vn -0.859657 0.000000 0.510871
vn -0.664098 0.000000 0.747645
vn -0.369177 0.000000 0.929359
vn -0.000000 0.000000 1.000000
vn 0.369177 0.000000 0.929359
vn 0.664099 0.000000 0.747645
vn 0.859657 0.000000 0.510871
vn 0.966451 0.000000 0.256851
vn 1.000000 0.000000 0.000000
vn 0.966451 0.000000 -0.256850
vn 0.859657 0.000000 -0.510871
vn 0.664099 0.000000 -0.747645
vn 0.369177 0.000000 -0.929359
vn 0.000001 0.000000 -1.000000
vn -0.369177 0.000000 -0.929359
vn -0.628412 -0.323398 -0.707469
vn -0.818419 -0.306006 -0.486364
vn -0.923793 -0.293819 -0.245513
vn -0.957168 -0.289534 -0.000000
vn -0.923793 -0.293819 0.245514
vn -0.818419 -0.306006 0.486364
vn -0.628412 -0.323398 0.707469
vn -0.347201 -0.339869 0.874037
vn -0.000000 -0.346858 0.937918
vn 0.347201 -0.339868 0.874037
vn 0.628412 -0.323398 0.707469
vn 0.818419 -0.306006 0.486364
vn 0.923793 -0.293819 0.245514
vn 0.957168 -0.289534 -0.000000
vn 0.923793 -0.293819 -0.245513
vn 0.818419 -0.306006 -0.486365
vn 0.628412 -0.323398 -0.707469
vn 0.347201 -0.339868 -0.874037
vn 0.000001 -0.346858 -0.937918
vn -0.347201 -0.339868 -0.874037
vn -0.541710 -0.578464 -0.609860
vn -0.715183 -0.554867 -0.425014
vn -0.814817 -0.537753 -0.216551
vn -0.846982 -0.531621 0.000000
vn -0.814818 -0.537753 0.216551
vn -0.715183 -0.554866 0.425014
vn -0.541710 -0.578465 0.609860
vn -0.295361 -0.599930 0.743536
vn -0.000000 -0.608782 0.793337
vn 0.295361 -0.599929 0.743537
vn 0.541711 -0.578464 0.609860
vn 0.715183 -0.554867 0.425014
vn 0.814817 -0.537754 0.216552
vn 0.846982 -0.531622 0.000000
vn 0.814817 -0.537753 -0.216551
vn 0.715183 -0.554867 -0.425014
vn 0.541710 -0.578465 -0.609859
vn 0.295361 -0.599930 -0.743536
vn 0.000001 -0.608782 -0.793337
vn -0.295361 -0.599929 -0.743537
vn 0.985358 -0.170497 -0.000000
vn 0.985358 -0.170497 -0.000000
vn 0.959181 -0.282793 -0.000000
vn 0.959181 -0.282793 -0.000000
vn 0.000000 1.000000 -0.000000
vn 0.000000 1.000000 -0.000000
vn 0.000000 1.000000 -0.000000
vn 0.000000 1.000000 -0.000000
vn -0.950309 -0.311309 0.000000
vn -0.950309 -0.311309 0.000000
vn -0.967929 -0.251222 0.000000
vn -0.967929 -0.251222 0.000000
vn 0.000000 -1.000000 0.000000
vn 0.000000 -1.000000 0.000000
vn 0.000000 -1.000000 0.000000
vn 0.000000 -1.000000 0.000000
vn -0.000000 0.000000 -1.000000
vn -0.000000 -0.000000 -1.000000
vn -0.000000 0.000000 -1.000000
vn -0.000000 0.000000 -1.000000
vn 0.000000 -0.000000 1.000000
vn 0.000000 -0.000000 1.000000
vn 0.000000 0.000000 1.000000
vn 0.000000 0.000000 1.000000
vn 0.828906 -0.559388 -0.000000
vn 0.828906 -0.559388 -0.000000
vn -0.000000 0.000000 -1.000000
vn -0.000000 0.000000 -1.000000
vn -0.879948 -0.475069 0.000000
vn -0.879948 -0.475069 0.000000
vn 0.000000 0.000000 1.000000
vn 0.000000 -0.000000 1.000000
vn 0.854701 -0.519120 -0.000000
vn 0.854701 -0.519120 -0.000000
vn 0.854701 -0.519120 -0.000000
vn 0.854701 -0.519120 -0.000000
vn -0.000000 0.000000 -1.000000
vn -0.000000 0.000000 -1.000000
vn -0.926898 -0.375312 0.000000
vn -0.926898 -0.375312 0.000000
vn -0.867421 -0.497575 0.000000
vn -0.867421 -0.497575 0.000000
vn 0.000000 -0.000000 1.000000
vn 0.000000 -0.000000 1.000000
vn 0.828905 -0.559390 -0.000000
vn 0.828905 -0.559390 -0.000000
vn 0.828905 -0.559390 -0.000000
vn 0.828905 -0.559390 -0.000000
vn -0.000000 -0.000000 -1.000000
vn -0.000000 0.000000 -1.000000
vn -0.802943 -0.596056 0.000000
vn -0.802943 -0.596056 0.000000
vn 0.000000 -0.000000 1.000000
vn 0.000000 -0.000000 1.000000
vn 0.879948 -0.475070 -0.000000
vn 0.879948 -0.475070 -0.000000
vn 0.879948 -0.475070 -0.000000
vn 0.879948 -0.475070 -0.000000
vn -0.000000 -0.000000 -1.000000
vn -0.000000 0.000000 -1.000000
vn -0.751716 -0.659486 0.000000
vn -0.751716 -0.659486 0.000000
vn -0.751716 -0.659486 0.000000
vn -0.751716 -0.659486 0.000000
vn 0.000000 0.000000 1.000000
vn 0.000000 -0.000000 1.000000
vn 0.828906 -0.559388 -0.000000
vn 0.828906 -0.559388 -0.000000
vn 0.828906 -0.559388 -0.000000
vn 0.828906 -0.559388 -0.000000
vn -0.000000 -0.000000 -1.000000
vn -0.000000 0.000000 -1.000000
vn -0.726886 -0.686758 0.000000
vn -0.726886 -0.686758 0.000000
vn -0.726886 -0.686758 0.000000
vn -0.726886 -0.686758 0.000000
vn 0.000000 -0.000000 1.000000
vn 0.000000 -0.000000 1.000000
vn 0.854702 -0.519119 -0.000000
vn 0.854702 -0.519119 -0.000000
vn 0.854702 -0.519119 -0.000000
vn 0.854702 -0.519119 -0.000000
vn -0.000000 -0.000000 -1.000000
vn -0.000000 0.000001 -1.000000
vn -0.614982 -0.788541 0.000000
vn -0.614982 -0.788541 0.000000
vn -0.614982 -0.788541 0.000000
vn -0.614982 -0.788541 0.000000
vn 0.000000 -0.000000 1.000000
vn 0.000000 0.000000 1.000000
vn 0.854701 -0.519121 -0.000000
vn 0.854701 -0.519121 -0.000000
vn 0.854701 -0.519121 -0.000000
vn 0.854701 -0.519121 -0.000000
vn -0.000000 0.000000 -1.000000
vn -0.000000 0.000001 -1.000000
vn -0.576540 -0.817069 0.000000
vn -0.576540 -0.817069 0.000000
vn -0.576540 -0.817069 0.000000
vn -0.576540 -0.817069 0.000000
vn 0.000000 0.000000 1.000000
vn 0.000000 0.000000 1.000000
vn 0.802943 -0.596055 -0.000000
vn 0.802943 -0.596055 -0.000000
vn 0.802943 -0.596055 -0.000000
vn 0.802943 -0.596055 -0.000000
vn -0.000000 0.000000 -1.000000
vn -0.000000 0.000001 -1.000000
vn -0.541592 -0.840641 0.000000
vn -0.541592 -0.840641 0.000000
vn -0.541592 -0.840641 0.000000
vn -0.541592 -0.840641 0.000000
vn 0.000000 0.000000 1.000000
vn 0.000000 0.000000 1.000000
vn 0.828905 -0.559389 -0.000000
vn 0.828905 -0.559389 -0.000000
vn 0.828905 -0.559389 -0.000000
vn 0.828905 -0.559389 -0.000000
vn -0.000000 0.000001 -1.000000
vn -0.000000 -0.000000 -1.000000
vn -0.238540 -0.971133 0.000000
vn -0.238540 -0.971133 0.000000
vn -0.238540 -0.971133 0.000000
vn -0.238540 -0.971133 0.000000
vn 0.000000 0.000000 1.000000
vn 0.000000 -0.000000 1.000000
vn 0.836377 -0.548154 -0.000000
vn 0.836377 -0.548154 -0.000000
vn 0.836377 -0.548154 -0.000000
vn 0.836377 -0.548154 -0.000000
vn -0.000000 -0.000000 -1.000000
vn -0.000000 0.000000 -1.000000
vn -0.570810 -0.821082 0.000000
vn -0.570810 -0.821082 0.000000
vn -0.570810 -0.821082 0.000000
vn -0.570810 -0.821082 0.000000
vn 0.000000 -0.000000 1.000000
vn 0.000000 0.000000 1.000000
vn 0.879947 -0.475071 -0.000000
vn 0.879947 -0.475071 -0.000000
vn 0.879947 -0.475071 -0.000000
vn 0.879947 -0.475071 -0.000000
vn -0.000000 -0.000000 -1.000000
vn -0.000000 0.000001 -1.000000
vn -1.000000 0.000006 0.000000
vn -1.000000 0.000006 0.000000
vn -0.999997 0.002587 0.000000
vn -0.999997 0.002587 0.000000
vn 0.000000 -0.000000 1.000000
vn 0.000000 0.000000 1.000000
vn 0.947514 -0.319716 -0.000000
vn 0.947514 -0.319716 -0.000000
vn 0.999724 0.023490 -0.000000
vn 0.999724 0.023490 -0.000000
vn -0.000000 0.000000 -1.000000
vn -0.000000 0.000000 -1.000000
vn -0.999574 0.029180 0.000000
vn -0.999574 0.029180 0.000000
vn 0.000000 0.000000 1.000000
vn 0.000000 0.000000 1.000000
vn 0.641818 0.766857 -0.000000
vn 0.641818 0.766857 -0.000000
vn -0.000000 0.000000 -1.000000
vn -0.000000 -0.000000 -1.000000
vn -0.999318 0.036922 0.000000
vn -0.999318 0.036922 0.000000
vn 0.000000 0.000000 1.000000
vn 0.000000 -0.000000 1.000000
vn 0.446282 0.894893 -0.000000
vn 0.446282 0.894893 -0.000000
vn -0.000000 -0.000001 -1.000000
vn -0.000000 -0.000000 -1.000000
vn -0.999519 0.031006 0.000000
vn -0.999519 0.031006 0.000000
vn 0.000000 -0.000000 1.000000
vn 0.000000 -0.000000 1.000000
vn 0.468203 0.883621 -0.000000
vn 0.468203 0.883621 -0.000000
vn 0.468203 0.883621 -0.000000
vn 0.468203 0.883621 -0.000000
vn -0.000000 0.000000 -1.000000
vn -0.000000 0.000000 -1.000000
vn -0.999546 0.030122 0.000000
vn -0.999546 0.030122 0.000000
vn 0.000000 0.000000 1.000000
vn 0.000000 0.000000 1.000000
vn 0.561308 0.827607 -0.000000
vn 0.561308 0.827607 -0.000000
vn 0.561308 0.827607 -0.000000
vn 0.561308 0.827607 -0.000000
vn -0.000000 0.000000 -1.000000
vn -0.000000 0.000000 -1.000000
vn -0.999754 0.022199 0.000000
vn -0.999754 0.022199 0.000000
vn 0.000000 0.000000 1.000000
vn 0.000000 0.000000 1.000000
vn 0.546252 0.837621 -0.000000
vn 0.546252 0.837621 -0.000000
vn 0.546252 0.837621 -0.000000
vn 0.546252 0.837621 -0.000000
vn -0.000000 -0.000000 -1.000000
vn -0.000000 -0.000000 -1.000000
vn -0.999664 0.025902 -0.000000
vn -0.999664 0.025902 -0.000000
vn 0.000000 -0.000000 1.000000
vn 0.000000 -0.000000 1.000000
vn 0.686616 0.727020 -0.000000
vn 0.686616 0.727020 -0.000000
vn 0.686616 0.727020 -0.000000
vn 0.686616 0.727020 -0.000000
vn -0.000000 -0.000000 -1.000000
vn -0.000000 0.000000 -1.000000
vn -0.999302 0.037352 -0.000000
vn -0.999302 0.037352 -0.000000
vn 0.000000 -0.000000 1.000000
vn 0.000000 -0.000000 1.000000
vn 0.665642 0.746271 -0.000000
vn 0.665642 0.746271 -0.000000
vn 0.665642 0.746271 -0.000000
vn 0.665642 0.746271 -0.000000
vn -0.000000 -0.000000 -1.000000
vn -0.000000 0.000000 -1.000000
vn -0.999707 0.024210 -0.000000
vn -0.999707 0.024210 -0.000000
vn 0.000000 -0.000000 1.000000
vn 0.000000 -0.000000 1.000000
vn 0.708325 0.705886 -0.000000
vn 0.708325 0.705886 -0.000000
vn 0.708325 0.705886 -0.000000
vn 0.708325 0.705886 -0.000000
vn -0.000000 0.000000 -1.000000
vn -0.000000 -0.000000 -1.000000
vn -0.999867 0.016310 0.000000
vn -0.999867 0.016310 0.000000
vn 0.000000 -0.000000 1.000000
vn 0.000000 -0.000000 1.000000
vn 0.665642 0.746271 -0.000000
vn 0.665642 0.746271 -0.000000
vn 0.665642 0.746271 -0.000000
vn 0.665642 0.746271 -0.000000
vn -0.000000 0.000000 -1.000000
vn -0.000000 0.000000 -1.000000
vn -0.999277 0.038007 0.000000
vn -0.999277 0.038007 0.000000
vn 0.000000 0.000000 1.000000
vn 0.000000 0.000001 1.000000
vn 0.730713 0.682685 -0.000000
vn 0.730713 0.682685 -0.000000
vn 0.730713 0.682685 -0.000000
vn 0.730713 0.682685 -0.000000
vn -0.000000 0.000000 -1.000000
vn -0.000000 0.000000 -1.000000
vn -0.999143 0.041379 0.000000
vn -0.999143 0.041379 0.000000
vn 0.000000 0.000000 1.000000
vn 0.000000 0.000000 1.000000
vn 0.708324 0.705887 -0.000000
vn 0.708324 0.705887 -0.000000
vn 0.708324 0.705887 -0.000000
vn 0.708324 0.705887 -0.000000
vn -0.000000 0.000000 -1.000000
vn -0.000000 0.000000 -1.000000
vn -0.998934 0.046169 0.000000
vn -0.998934 0.046169 0.000000
vn 0.000000 -0.000000 1.000000
vn 0.000000 -0.000000 1.000000
vn 0.753700 0.657219 -0.000000
vn 0.753700 0.657219 -0.000000
vn 0.753700 0.657219 -0.000000
vn 0.753700 0.657219 -0.000000
vn -0.000000 -0.000000 -1.000000
vn -0.000000 -0.000000 -1.000000
vn -0.998245 0.059213 -0.000000
vn -0.998245 0.059213 -0.000000
vn 0.000000 -0.000000 1.000000
vn 0.000000 -0.000000 1.000000
vn 0.753699 0.657219 -0.000000
vn 0.753699 0.657219 -0.000000
vn 0.753699 0.657219 -0.000000
vn 0.753699 0.657219 -0.000000
vn -0.000000 -0.000000 -1.000000
vn -0.000000 -0.000000 -1.000000
vn -0.998633 0.052264 -0.000000
vn -0.998633 0.052264 -0.000000
vn 0.000000 -0.000000 1.000000
vn 0.000000 -0.000001 1.000000
vn 0.773149 0.634225 -0.000000
vn 0.773149 0.634225 -0.000000
vn 0.773149 0.634225 -0.000000
vn 0.773149 0.634225 -0.000000
vn -0.000000 0.000000 -1.000000
vn -0.000000 0.000000 -1.000000
vn -0.998268 0.058827 -0.000000
vn -0.998268 0.058827 -0.000000
vn 0.000000 -0.000000 1.000000
vn 0.000000 -0.000000 1.000000
vn 0.743869 0.668326 -0.000000
vn 0.743869 0.668326 -0.000000
vn 0.743869 0.668326 -0.000000
vn 0.743869 0.668326 -0.000000
vn -0.000000 0.000000 -1.000000
vn -0.000000 0.000000 -1.000000
vn -0.996997 0.077439 -0.000000
vn -0.996997 0.077439 -0.000000
vn 0.000000 0.000000 1.000000
vn 0.000000 -0.000000 1.000000
vn 0.818027 0.575180 -0.000000
vn 0.818027 0.575180 -0.000000
vn 0.818027 0.575180 -0.000000
vn 0.818027 0.575180 -0.000000
vn -0.000000 0.000000 -1.000000
vn -0.000000 0.000000 -1.000000
vn -0.996897 0.078724 -0.000000
vn -0.996897 0.078724 -0.000000
vn 0.000000 0.000000 1.000000
vn 0.000000 0.000000 1.000000
vn 0.773146 0.634228 -0.000000
vn 0.773146 0.634228 -0.000000
vn 0.773146 0.634228 -0.000000
vn 0.773146 0.634228 -0.000000
vn -0.000000 0.000000 -1.000000
vn -0.000000 0.000000 -1.000000
vn -0.996103 0.088198 -0.000000
vn -0.996103 0.088198 -0.000000
vn 0.000000 0.000000 1.000000
vn 0.000000 0.000000 1.000000
vn 0.847996 0.530002 -0.000000
vn 0.847996 0.530002 -0.000000
vn 0.847996 0.530002 -0.000000
vn 0.847996 0.530002 -0.000000
vn -0.000000 -0.000000 -1.000000
vn -0.000000 0.000000 -1.000000
vn -0.993996 0.109419 -0.000000
vn -0.993996 0.109419 -0.000000
vn 0.000000 -0.000000 1.000000
vn 0.000000 -0.000000 1.000000
vn 0.862799 0.505547 -0.000000
vn 0.862799 0.505547 -0.000000
vn 0.862799 0.505547 -0.000000
vn 0.862799 0.505547 -0.000000
vn -0.000000 -0.000000 -1.000000
vn -0.000000 0.000000 -1.000000
vn -0.992918 0.118804 -0.000000
vn -0.992918 0.118804 -0.000000
vn 0.000000 -0.000000 1.000000
vn 0.000000 -0.000000 1.000000
vn 0.877369 0.479816 -0.000000
vn 0.877369 0.479816 -0.000000
vn 0.877369 0.479816 -0.000000
vn 0.877369 0.479816 -0.000000
vn -0.000000 0.000000 -1.000000
vn -0.000000 0.000000 -1.000000
vn -0.992053 0.125822 -0.000000
vn -0.992053 0.125822 -0.000000
vn 0.000000 0.000000 1.000000
vn 0.000000 0.000000 1.000000
vn 0.943397 0.331666 -0.000000
vn 0.943397 0.331666 -0.000000
vn 0.949052 0.315118 -0.000000
vn 0.949052 0.315118 -0.000000
vn -0.000000 0.000000 -1.000000
vn -0.000000 0.000000 -1.000000
vn -0.989172 0.146761 -0.000000
vn -0.989172 0.146761 -0.000000
vn 0.000000 0.000000 1.000000
vn 0.000000 -0.000000 1.000000
vn 0.981455 0.191692 -0.000000
vn 0.981455 0.191692 -0.000000
vn -0.000000 0.000000 -1.000000
vn -0.000000 -0.000000 -1.000000
vn -0.987756 0.156007 0.000000
vn -0.987756 0.156007 0.000000
vn 0.000000 -0.000000 1.000000
vn 0.000000 -0.000000 1.000000
vn 0.999978 -0.006657 -0.000000
vn 0.999978 -0.006657 -0.000000
vn -0.000000 0.000000 -1.000000
vn -0.000000 0.000000 -1.000000
vn -0.983200 0.182531 0.000000
vn -0.983200 0.182531 0.000000
vn 0.000000 0.000000 1.000000
vn 0.000000 0.000000 1.000000
vn 0.955338 -0.295516 -0.000000
vn 0.955338 -0.295516 -0.000000
vn -0.000000 -0.000000 -1.000000
vn -0.000000 0.000000 -1.000000
vn -0.980209 0.197965 0.000000
vn -0.980209 0.197965 0.000000
vn 0.000000 0.000000 1.000000
vn 0.000000 0.000000 1.000000
vn 0.818900 -0.573936 -0.000000
vn 0.818900 -0.573936 -0.000000
vn -0.000000 -0.000000 -1.000000
vn -0.000000 -0.000000 -1.000000
vn -0.985244 0.171157 0.000000
vn -0.985244 0.171157 0.000000
vn 0.000000 -0.000000 1.000000
vn 0.000000 -0.000000 1.000000
vn 0.984013 0.178097 -0.000000
vn 0.984013 0.178097 -0.000000
vn 0.961286 0.275554 -0.000000
vn 0.961286 0.275554 -0.000000
vn -0.000000 -0.000000 -1.000000
vn -0.000000 -0.000000 -1.000000
vn -0.977860 0.209262 0.000000
vn -0.977860 0.209262 0.000000
vn 0.000000 -0.000000 1.000000
vn 0.000000 -0.000000 1.000000
vn 0.059349 -0.998237 -0.000000
vn 0.059349 -0.998237 -0.000000
vn 0.059349 -0.998237 -0.000000
vn 0.059349 -0.998237 -0.000000
vn -0.000000 -0.000000 -1.000000
vn -0.000000 -0.000000 -1.000000
vn -0.000000 -0.000000 -1.000000
vn -0.000000 0.000000 -1.000000
vn 0.000000 1.000000 -0.000000
vn 0.000000 1.000000 -0.000000
vn 0.000000 1.000000 -0.000000
vn 0.000000 1.000000 -0.000000
vn 0.000000 -0.000000 1.000000
vn 0.000000 0.000000 1.000000
vn 0.000000 0.000000 1.000000
vn 0.000000 -0.000000 1.000000
vn -0.379155 -0.925333 0.000000
vn -0.379155 -0.925333 0.000000
vn -0.379155 -0.925333 0.000000
vn -0.379155 -0.925333 0.000000
vn -0.000000 -0.000000 -1.000000
vn -0.000000 0.000000 -1.000000
vn 0.982610 -0.185681 -0.000000
vn 0.982610 -0.185681 -0.000000
vn 0.000000 0.000000 1.000000
vn 0.000000 0.000000 1.000000
vn -0.732924 -0.680311 0.000000
vn -0.732924 -0.680311 0.000000
vn -0.732924 -0.680311 0.000000
vn -0.732924 -0.680311 0.000000
vn -0.000000 -0.000000 -1.000000
vn -0.000000 0.000000 -1.000000
vn 0.985919 -0.167225 -0.000000
vn 0.985919 -0.167225 -0.000000
vn 0.000000 -0.000000 1.000000
vn 0.000000 -0.000000 1.000000
vn -0.818383 -0.574673 0.000000
vn -0.818383 -0.574673 0.000000
vn -0.818383 -0.574673 0.000000
vn -0.818383 -0.574673 0.000000
vn -0.000000 -0.000000 -1.000000
vn -0.000000 -0.000000 -1.000000
vn 0.988174 -0.153340 -0.000000
vn 0.988174 -0.153340 -0.000000
vn 0.000000 -0.000000 1.000000
vn 0.000000 -0.000000 1.000000
vn -0.751401 -0.659846 0.000000
vn -0.751401 -0.659846 0.000000
vn -0.751401 -0.659846 0.000000
vn -0.751401 -0.659846 0.000000
vn -0.000000 -0.000000 -1.000000
vn -0.000000 -0.000000 -1.000000
vn 0.934919 -0.354860 -0.000000
vn 0.934919 -0.354860 -0.000000
vn 0.000000 -0.000000 1.000000
vn 0.000000 -0.000000 1.000000
vn -0.635734 -0.771908 0.000000
vn -0.635734 -0.771908 0.000000
vn -0.635734 -0.771908 0.000000
vn -0.635734 -0.771908 0.000000
vn -0.000000 0.000000 -1.000000
vn -0.000000 0.000000 -1.000000
vn 0.860144 -0.510051 -0.000000
vn 0.860144 -0.510051 -0.000000
vn 0.000000 0.000000 1.000000
vn 0.000000 0.000000 1.000000
vn -0.417848 -0.908517 0.000000
vn -0.417848 -0.908517 0.000000
vn -0.417848 -0.908517 0.000000
vn -0.417848 -0.908517 0.000000
vn -0.000000 -0.000000 -1.000000
vn -0.000000 0.000000 -1.000000
vn 0.866980 -0.498343 -0.000000
vn 0.866980 -0.498343 -0.000000
vn 0.866980 -0.498343 -0.000000
vn 0.866980 -0.498343 -0.000000
vn 0.000000 -0.000000 1.000000
vn 0.000000 -0.000000 1.000000
vn 0.000000 0.000000 1.000000
vn 0.000000 0.000000 1.000000
vn 0.000000 0.000000 1.000000
vn 0.000000 0.000000 1.000000
vn 0.000000 0.000000 1.000000
vn 0.000000 0.000000 1.000000
vn 0.000000 0.000000 1.000000
vn 0.034403 -0.999408 -0.000000
vn 0.034403 -0.999408 -0.000000
vn 0.034403 -0.999408 -0.000000
vn 0.034403 -0.999408 -0.000000
vn -0.000000 0.000000 -1.000000
vn -0.000000 -0.000000 -1.000000
vn -0.000000 -0.000000 -1.000000
vn -0.000000 -0.000000 -1.000000
vn -0.000000 -0.000000 -1.000000
vn -0.000000 -0.000000 -1.000000
vn -0.000000 0.000000 -1.000000
vn -0.000000 0.000000 -1.000000
vn 0.000000 1.000000 -0.000000
vn 0.000000 1.000000 -0.000000
vn 0.000000 0.000000 1.000000
vn -0.000000 -0.000001 -1.000000
vn -0.000000 -0.000000 -1.000000
vn 0.916835 -0.399266 -0.000000
vn 0.916835 -0.399266 -0.000000
vn 0.874780 -0.484521 -0.000000
vn 0.874780 -0.484521 -0.000000
vn 0.000000 0.000001 1.000000
vn 0.000000 0.000000 1.000000
vn -0.345601 -0.938382 0.000000
vn -0.345601 -0.938382 0.000000
vn -0.345601 -0.938382 0.000000
vn -0.345601 -0.938382 0.000000
vn -0.000000 -0.000001 -1.000000
vn 0.000000 0.000000 1.000000
vn -0.252716 -0.967541 0.000000
vn -0.252716 -0.967541 0.000000
vn -0.252716 -0.967541 0.000000
vn -0.252716 -0.967541 0.000000
vn -0.000000 0.000002 -1.000000
vn -0.000000 0.000002 -1.000000
vn 0.185442 -0.982655 -0.000000
vn 0.185442 -0.982655 -0.000000
vn 0.185442 -0.982655 -0.000000
vn 0.185442 -0.982655 -0.000000
vn 0.000000 0.000001 1.000000
vn 0.000000 0.000001 1.000000
vn -0.197176 -0.980368 0.000000
vn -0.197176 -0.980368 0.000000
vn -0.197176 -0.980368 0.000000
vn -0.197176 -0.980368 0.000000
vn -0.000000 0.000003 -1.000000
vn -0.000000 0.000003 -1.000000
vn 0.103629 -0.994616 -0.000000
vn 0.103629 -0.994616 -0.000000
vn 0.103629 -0.994616 -0.000000
vn 0.103629 -0.994616 -0.000000
vn 0.000000 0.000005 1.000000
vn 0.000000 0.000005 1.000000
vn -0.165818 -0.986156 0.000000
vn -0.165818 -0.986156 0.000000
vn -0.165818 -0.986156 0.000000
vn -0.165818 -0.986156 0.000000
vn -0.000000 0.000001 -1.000000
vn -0.000000 0.000001 -1.000000
vn 0.111471 -0.993768 -0.000000
vn 0.111471 -0.993768 -0.000000
vn 0.111471 -0.993768 -0.000000
vn 0.111471 -0.993768 -0.000000
vn 0.000000 -0.000002 1.000000
vn 0.000000 -0.000002 1.000000
vn -0.090802 -0.995869 0.000000
vn -0.090802 -0.995869 0.000000
vn -0.090802 -0.995869 0.000000
vn -0.090802 -0.995869 0.000000
vn -0.000000 0.000004 -1.000000
vn -0.000000 0.000004 -1.000000
vn 0.073375 -0.997304 -0.000000
vn 0.073375 -0.997304 -0.000000
vn 0.073375 -0.997304 -0.000000
vn 0.073375 -0.997304 -0.000000
vn 0.000000 0.000009 1.000000
vn 0.000000 0.000009 1.000000
vn -0.042541 -0.999095 0.000000
vn -0.042541 -0.999095 0.000000
vn -0.042541 -0.999095 0.000000
vn -0.042541 -0.999095 0.000000
vn -0.000000 -0.000003 -1.000000
vn -0.000000 -0.000003 -1.000000
vn 0.784433 -0.620213 -0.000000
vn 0.784433 -0.620213 -0.000000
vn 0.000000 -0.000005 1.000000
vn 0.000000 -0.000004 1.000000
vn -0.321606 -0.946873 0.000000
vn -0.321606 -0.946873 0.000000
vn -0.321606 -0.946873 0.000000
vn -0.321606 -0.946873 0.000000
vn -0.000000 -0.000002 -1.000000
vn -0.000000 -0.000003 -1.000000
vn 0.866788 -0.498676 -0.000000
vn 0.866788 -0.498676 -0.000000
vn 0.866788 -0.498676 -0.000000
vn 0.866788 -0.498676 -0.000000
vn 0.000000 -0.000002 1.000000
vn 0.000000 -0.000001 1.000000
vn -0.462495 -0.886622 0.000000
vn -0.462495 -0.886622 0.000000
vn -0.462495 -0.886622 0.000000
vn -0.462495 -0.886622 0.000000
vn -0.000000 -0.000000 -1.000000
vn -0.000000 -0.000000 -1.000000
vn 0.882764 -0.469817 -0.000000
vn 0.882764 -0.469817 -0.000000
vn 0.882764 -0.469817 -0.000000
vn 0.882764 -0.469817 -0.000000
vn 0.000000 0.000001 1.000000
vn 0.000000 0.000001 1.000000
vn -0.508233 -0.861219 0.000000
vn -0.508233 -0.861219 0.000000
vn -0.508233 -0.861219 0.000000
vn -0.508233 -0.861219 0.000000
vn -0.000000 -0.000000 -1.000000
vn -0.000000 -0.000000 -1.000000
vn 0.723657 -0.690160 -0.000000
vn 0.723657 -0.690160 -0.000000
vn 0.723657 -0.690160 -0.000000
vn 0.723657 -0.690160 -0.000000
vn 0.000000 -0.000000 1.000000
vn 0.000000 -0.000000 1.000000
vn -0.598817 -0.800886 0.000000
vn -0.598817 -0.800886 0.000000
vn -0.598817 -0.800886 0.000000
vn -0.598817 -0.800886 0.000000
vn -0.000000 -0.000000 -1.000000
vn -0.000000 -0.000000 -1.000000
vn 0.702821 -0.711366 -0.000000
vn 0.702821 -0.711366 -0.000000
vn 0.702821 -0.711366 -0.000000
vn 0.702821 -0.711366 -0.000000
vn 0.000000 0.000000 1.000000
vn 0.000000 0.000000 1.000000
vn -0.693191 -0.720754 0.000000
vn -0.693191 -0.720754 0.000000
vn -0.693191 -0.720754 0.000000
vn -0.693191 -0.720754 0.000000
vn -0.000000 0.000000 -1.000000
vn -0.000000 0.000000 -1.000000
vn 0.593962 -0.804493 -0.000000
vn 0.593962 -0.804493 -0.000000
vn 0.593962 -0.804493 -0.000000
vn 0.593962 -0.804493 -0.000000
vn 0.000000 0.000000 1.000000
vn 0.000000 0.000000 1.000000
vn -0.678093 -0.734976 0.000000
vn -0.678093 -0.734976 0.000000
vn -0.678093 -0.734976 0.000000
vn -0.678093 -0.734976 0.000000
vn -0.000000 0.000000 -1.000000
vn -0.000000 0.000000 -1.000000
vn 0.482375 -0.875965 -0.000000
vn 0.482375 -0.875965 -0.000000
vn 0.482375 -0.875965 -0.000000
vn 0.482375 -0.875965 -0.000000
vn 0.000000 0.000000 1.000000
vn 0.000000 0.000000 1.000000
vn -0.342966 -0.939348 0.000000
vn -0.342966 -0.939348 0.000000
vn -0.342966 -0.939348 0.000000
vn -0.342966 -0.939348 0.000000
vn -0.000000 0.000000 -1.000000
vn -0.000000 0.000000 -1.000000
vn 0.345827 -0.938298 -0.000000
vn 0.345827 -0.938298 -0.000000
vn 0.345827 -0.938298 -0.000000
vn 0.345827 -0.938298 -0.000000
vn 0.000000 0.000002 1.000000
vn 0.000000 0.000002 1.000000
vn -0.000000 0.000000 -1.000000
vn -0.000000 0.000000 -1.000000
vn -0.978259 0.207387 0.000000
vn -0.978259 0.207387 0.000000
vn 0.000000 -0.000000 1.000000
vn 0.000000 0.000000 1.000000
vn 0.000000 -0.000000 1.000000
vn 0.000000 0.000000 1.000000
vn 0.968769 0.247964 -0.000000
vn 0.968769 0.247964 -0.000000
vn -0.000000 -0.000000 -1.000000
vn -0.000000 -0.000000 -1.000000
vn 0.000000 0.000000 1.000000
vn -0.000000 0.000000 -1.000000
vn -0.000000 0.000000 -1.000000
vn -0.000000 0.000000 -1.000000
vn -0.982806 0.184641 0.000000
vn -0.982806 0.184641 0.000000
vn 0.000000 -0.000000 1.000000
vn 0.000000 -0.000000 1.000000
vn 0.000000 0.000001 1.000000
vn 0.000000 0.000000 1.000000
vn 0.965730 0.259548 -0.000000
vn 0.965730 0.259548 -0.000000
vn -0.000000 0.000000 -1.000000
vn -0.000000 0.000000 -1.000000
vn 0.000000 0.000000 1.000000
vn -0.000000 0.000000 -1.000000
vn -0.000000 0.000000 -1.000000
vn -0.000000 0.000000 -1.000000
vn -0.979972 0.199134 0.000000
vn -0.979972 0.199134 0.000000
vn 0.000000 0.000000 1.000000
vn 0.000000 0.000000 1.000000
vn 0.000000 -0.000000 1.000000
vn 0.000000 -0.000000 1.000000
vn 0.901842 0.432065 -0.000000
vn 0.901842 0.432065 -0.000000
vn -0.000000 -0.000000 -1.000000
vn -0.000000 -0.000000 -1.000000
vn 0.000000 0.000000 1.000000
vn -0.000000 0.000000 -1.000000
vn -0.000000 0.000000 -1.000000
vn -0.000000 0.000000 -1.000000
vn -0.983223 0.182408 0.000000
vn -0.983223 0.182408 0.000000
vn 0.000000 0.000000 1.000000
vn 0.000000 0.000000 1.000000
vn 0.000000 -0.000001 1.000000
vn 0.000000 -0.000000 1.000000
vn 0.847083 0.531461 -0.000000
vn 0.847083 0.531461 -0.000000
vn -0.000000 0.000000 -1.000000
vn -0.000000 -0.000000 -1.000000
vn 0.000000 0.000000 1.000000
vn -0.000000 0.000000 -1.000000
vn -0.000000 0.000000 -1.000000
vn -0.000000 0.000000 -1.000000
vn -0.983337 0.181793 0.000000
vn -0.983337 0.181793 0.000000
vn 0.000000 0.000000 1.000000
vn 0.000000 0.000000 1.000000
vn 0.000000 0.000000 1.000000
vn 0.000000 0.000000 1.000000
vn 0.785671 0.618645 -0.000000
vn 0.785671 0.618645 -0.000000
vn 0.785671 0.618645 -0.000000
vn 0.785671 0.618645 -0.000000
vn -0.000000 0.000000 -1.000000
vn -0.000000 0.000000 -1.000000
vn 0.000000 0.000000 1.000000
vn -0.000000 0.000000 -1.000000
vn -0.000000 0.000000 -1.000000
vn -0.000000 0.000000 -1.000000
vn -0.981557 0.191171 0.000000
vn -0.981557 0.191171 0.000000
vn 0.000000 0.000000 1.000000
vn 0.000000 0.000000 1.000000
vn 0.000000 -0.000000 1.000000
vn 0.000000 -0.000000 1.000000
vn 0.788862 0.614570 -0.000000
vn 0.788862 0.614570 -0.000000
vn 0.788862 0.614570 -0.000000
vn 0.788862 0.614570 -0.000000
vn -0.000000 -0.000000 -1.000000
vn -0.000000 -0.000000 -1.000000
vn 0.000000 0.000000 1.000000
vn -0.000000 0.000000 -1.000000
vn -0.000000 -0.000000 -1.000000
vn -0.000000 0.000000 -1.000000
vn -0.981557 0.191171 0.000000
vn -0.981557 0.191171 0.000000
vn 0.000000 -0.000000 1.000000
vn 0.000000 -0.000000 1.000000
vn 0.000000 -0.000000 1.000000
vn 0.000000 -0.000000 1.000000
vn 0.807550 0.589800 -0.000000
vn 0.807550 0.589800 -0.000000
vn 0.807550 0.589800 -0.000000
vn 0.807550 0.589800 -0.000000
vn -0.000000 -0.000000 -1.000000
vn -0.000000 -0.000000 -1.000000
vn 0.000000 0.000000 1.000000
vn -0.000000 0.000000 -1.000000
vn -0.000000 0.000000 -1.000000
vn -0.000000 0.000000 -1.000000
vn -0.971620 0.236547 0.000000
vn -0.971620 0.236547 0.000000
vn 0.000000 0.000000 1.000000
vn 0.000000 -0.000000 1.000000
vn 0.000000 0.000000 1.000000
vn 0.000000 0.000000 1.000000
vn 0.734053 0.679092 -0.000000
vn 0.734053 0.679092 -0.000000
vn 0.734053 0.679092 -0.000000
vn 0.734053 0.679092 -0.000000
vn -0.000000 0.000000 -1.000000
vn -0.000000 0.000000 -1.000000
vn 0.000000 0.000000 1.000000
vn -0.000000 0.000000 -1.000000
vn -0.000000 -0.000000 -1.000000
vn -0.000000 -0.000000 -1.000000
vn -0.963127 0.269048 0.000000
vn -0.963127 0.269048 0.000000
vn 0.000000 -0.000000 1.000000
vn 0.000000 -0.000000 1.000000
vn 0.000000 0.000000 1.000000
vn 0.000000 0.000000 1.000000
vn 0.682400 0.730979 -0.000000
vn 0.682400 0.730979 -0.000000
vn 0.682400 0.730979 -0.000000
vn 0.682400 0.730979 -0.000000
vn -0.000000 -0.000000 -1.000000
vn -0.000000 -0.000000 -1.000000
vn 0.000000 -0.000000 1.000000
vn -0.000000 -0.000000 -1.000000
vn -0.000000 -0.000000 -1.000000
vn -0.000000 -0.000000 -1.000000
vn -0.966263 0.257556 0.000000
vn -0.966263 0.257556 0.000000
vn 0.000000 -0.000000 1.000000
vn 0.000000 -0.000000 1.000000
vn 0.000000 0.000000 1.000000
vn 0.000000 0.000000 1.000000
vn 0.740980 0.671527 -0.000000
vn 0.740980 0.671527 -0.000000
vn 0.740980 0.671527 -0.000000
vn 0.740980 0.671527 -0.000000
vn -0.000000 -0.000000 -1.000000
vn -0.000000 -0.000000 -1.000000
vn 0.000000 0.000000 1.000000
vn -0.000000 0.000000 -1.000000
vn -0.000000 0.000000 -1.000000
vn -0.000000 0.000000 -1.000000
vn -0.936893 0.349615 0.000000
vn -0.936893 0.349615 0.000000
vn 0.000000 0.000000 1.000000
vn 0.000000 0.000000 1.000000
vn 0.000000 0.000000 1.000000
vn 0.000000 0.000000 1.000000
vn 0.684106 0.729383 -0.000000
vn 0.684106 0.729383 -0.000000
vn 0.684106 0.729383 -0.000000
vn 0.684106 0.729383 -0.000000
vn -0.000000 0.000000 -1.000000
vn -0.000000 -0.000000 -1.000000
vn 0.000000 0.000000 1.000000
vn -0.000000 0.000000 -1.000000
vn -0.000000 -0.000000 -1.000000
vn -0.000000 -0.000000 -1.000000
vn -0.901599 0.432572 0.000000
vn -0.901599 0.432572 0.000000
vn 0.000000 -0.000000 1.000000
vn 0.000000 -0.000000 1.000000
vn 0.000000 0.000001 1.000000
vn 0.000000 0.000000 1.000000
vn 0.666183 0.745789 -0.000000
vn 0.666183 0.745789 -0.000000
vn 0.666183 0.745789 -0.000000
vn 0.666183 0.745789 -0.000000
vn -0.000000 0.000000 -1.000000
vn -0.000000 0.000000 -1.000000
vn 0.000000 0.000000 1.000000
vn -0.000000 0.000000 -1.000000
vn -0.000000 -0.000000 -1.000000
vn -0.000000 -0.000000 -1.000000
vn -0.882441 0.470423 0.000000
vn -0.882441 0.470423 0.000000
vn 0.000000 -0.000000 1.000000
vn 0.000000 -0.000000 1.000000
vn 0.000000 0.000000 1.000000
vn 0.000000 0.000000 1.000000
vn 0.632032 0.774942 -0.000000
vn 0.632032 0.774942 -0.000000
vn 0.632032 0.774942 -0.000000
vn 0.632032 0.774942 -0.000000
vn -0.000000 -0.000000 -1.000000
vn -0.000000 -0.000000 -1.000000
vn 0.000000 0.000000 1.000000
vn -0.000000 0.000000 -1.000000
vn -0.000000 0.000000 -1.000000
vn -0.000000 0.000000 -1.000000
vn -0.862625 0.505845 0.000000
vn -0.862625 0.505845 0.000000
vn 0.000000 0.000000 1.000000
vn 0.000000 0.000000 1.000000
vn 0.000000 0.000000 1.000000
vn 0.000000 0.000000 1.000000
vn 0.666184 0.745788 -0.000000
vn 0.666184 0.745788 -0.000000
vn 0.666184 0.745788 -0.000000
vn 0.666184 0.745788 -0.000000
vn -0.000000 -0.000000 -1.000000
vn -0.000000 -0.000000 -1.000000
vn 0.000000 0.000000 1.000000
vn -0.000000 0.000000 -1.000000
vn -0.000000 -0.000000 -1.000000
vn -0.000000 -0.000000 -1.000000
vn -0.966264 0.257554 0.000000
vn -0.966264 0.257554 0.000000
vn -0.910852 0.412733 0.000000
vn -0.910852 0.412733 0.000000
vn 0.000000 -0.000000 1.000000
vn 0.000000 -0.000000 1.000000
vn 0.000000 0.000000 1.000000
vn 0.000000 0.000000 1.000000
vn 0.585095 0.810965 -0.000000
vn 0.585095 0.810965 -0.000000
vn 0.585095 0.810965 -0.000000
vn 0.585095 0.810965 -0.000000
vn -0.000000 0.000000 -1.000000
vn -0.000000 0.000000 -1.000000
vn 0.000000 0.000000 1.000000
vn -0.000000 0.000000 -1.000000
vn -0.000000 -0.000000 -1.000000
vn -0.000000 -0.000000 -1.000000
vn -0.842382 0.538881 0.000000
vn -0.842382 0.538881 0.000000
vn 0.000000 -0.000000 1.000000
vn 0.000000 -0.000000 1.000000
vn 0.000000 0.000000 1.000000
vn 0.000000 0.000000 1.000000
vn 0.632032 0.774942 -0.000000
vn 0.632032 0.774942 -0.000000
vn 0.632032 0.774942 -0.000000
vn 0.632032 0.774942 -0.000000
vn -0.000000 0.000000 -1.000000
vn -0.000000 -0.000000 -1.000000
vn 0.000000 0.000000 1.000000
vn -0.000000 0.000000 -1.000000
vn -0.000000 0.000000 -1.000000
vn -0.000000 0.000000 -1.000000
vn -0.821918 0.569606 0.000000
vn -0.821918 0.569606 0.000000
vn -0.821918 0.569606 0.000000
vn -0.821918 0.569606 0.000000
vn 0.000000 0.000000 1.000000
vn 0.000000 0.000000 1.000000
vn 0.000000 0.000000 1.000000
vn 0.000000 0.000000 1.000000
vn 0.585095 0.810965 -0.000000
vn 0.585095 0.810965 -0.000000
vn 0.585095 0.810965 -0.000000
vn 0.585095 0.810965 -0.000000
vn -0.000000 0.000000 -1.000000
vn -0.000000 0.000000 -1.000000
vn 0.000000 0.000000 1.000000
vn -0.000000 0.000000 -1.000000
vn -0.000000 -0.000000 -1.000000
vn -0.000000 0.000000 -1.000000
vn -0.862625 0.505845 0.000000
vn -0.862625 0.505845 0.000000
vn -0.862625 0.505845 0.000000
vn -0.862625 0.505845 0.000000
vn 0.000000 -0.000000 1.000000
vn 0.000000 0.000000 1.000000
vn 0.000000 0.000000 1.000000
vn 0.000000 0.000000 1.000000
vn 0.615817 0.787889 -0.000000
vn 0.615817 0.787889 -0.000000
vn 0.615817 0.787889 -0.000000
vn 0.615817 0.787889 -0.000000
vn -0.000000 -0.000000 -1.000000
vn -0.000000 0.000000 -1.000000
vn 0.000000 -0.000000 1.000000
vn -0.000000 -0.000000 -1.000000
vn -0.000000 -0.000000 -1.000000
vn -0.000000 0.000000 -1.000000
vn -0.862622 0.505848 0.000000
vn -0.862622 0.505848 0.000000
vn -0.862622 0.505848 0.000000
vn -0.862622 0.505848 0.000000
vn 0.000000 -0.000000 1.000000
vn 0.000000 -0.000000 1.000000
vn 0.000000 0.000000 1.000000
vn 0.000000 0.000000 1.000000
vn 0.543122 0.839654 -0.000000
vn 0.543122 0.839654 -0.000000
vn 0.543122 0.839654 -0.000000
vn 0.543122 0.839654 -0.000000
vn -0.000000 -0.000000 -1.000000
vn -0.000000 -0.000000 -1.000000
vn 0.000000 -0.000000 1.000000
vn -0.000000 -0.000000 -1.000000
vn -0.000000 0.000000 -1.000000
vn -0.000000 0.000000 -1.000000
vn -0.801411 0.598115 0.000000
vn -0.801411 0.598115 0.000000
vn -0.801411 0.598115 0.000000
vn -0.801411 0.598115 0.000000
vn 0.000000 0.000000 1.000000
vn 0.000000 0.000000 1.000000
vn 0.000000 0.000000 1.000000
vn 0.000000 0.000000 1.000000
vn 0.600173 0.799870 -0.000000
vn 0.600173 0.799870 -0.000000
vn 0.600173 0.799870 -0.000000
vn 0.600173 0.799870 -0.000000
vn -0.000000 0.000000 -1.000000
vn -0.000000 0.000000 -1.000000
vn 0.000000 0.000000 1.000000
vn -0.000000 0.000000 -1.000000
vn -0.000000 0.000000 -1.000000
vn -0.000000 0.000000 -1.000000
vn -0.821918 0.569605 0.000000
vn -0.821918 0.569605 0.000000
vn -0.821918 0.569605 0.000000
vn -0.821918 0.569605 0.000000
vn 0.000000 0.000000 1.000000
vn 0.000000 0.000000 1.000000
vn 0.000000 0.000000 1.000000
vn 0.000000 0.000000 1.000000
vn 0.600173 0.799870 -0.000000
vn 0.600173 0.799870 -0.000000
vn 0.600173 0.799870 -0.000000
vn 0.600173 0.799870 -0.000000
vn -0.000000 0.000000 -1.000000
vn -0.000000 0.000000 -1.000000
vn 0.000000 0.000000 1.000000
vn -0.000000 0.000000 -1.000000
vn -0.000000 -0.000000 -1.000000
vn -0.000000 -0.000000 -1.000000
vn -0.757465 0.652876 0.000000
vn -0.757465 0.652876 0.000000
vn -0.757465 0.652876 0.000000
vn -0.757465 0.652876 0.000000
vn 0.000000 0.000000 1.000000
vn 0.000000 0.000000 1.000000
vn 0.000000 0.000000 1.000000
vn 0.000000 0.000000 1.000000
vn 0.534752 0.845009 -0.000000
vn 0.534752 0.845009 -0.000000
vn 0.534752 0.845009 -0.000000
vn 0.534752 0.845009 -0.000000
vn -0.000000 0.000000 -1.000000
vn -0.000000 0.000000 -1.000000
vn 0.000000 0.000000 1.000000
vn -0.000000 0.000000 -1.000000
vn -0.000000 0.000000 -1.000000
vn -0.000000 -0.000000 -1.000000
vn -0.688465 0.725270 0.000000
vn -0.688465 0.725270 0.000000
vn -0.688465 0.725270 0.000000
vn -0.688465 0.725270 0.000000
vn 0.000000 0.000000 1.000000
vn 0.000000 -0.000000 1.000000
vn 0.000000 -0.000000 1.000000
vn 0.000000 -0.000000 1.000000
vn 0.597865 0.801597 -0.000000
vn 0.597865 0.801597 -0.000000
vn 0.597865 0.801597 -0.000000
vn 0.597865 0.801597 -0.000000
vn -0.000000 -0.000000 -1.000000
vn -0.000000 -0.000000 -1.000000
vn 0.000000 0.000000 1.000000
vn -0.000000 0.000000 -1.000000
vn -0.000000 -0.000001 -1.000000
vn -0.000000 -0.000000 -1.000000
vn -0.638759 0.769407 0.000000
vn -0.638759 0.769407 0.000000
vn -0.638759 0.769407 0.000000
vn -0.638759 0.769407 0.000000
vn 0.000000 -0.000001 1.000000
vn 0.000000 -0.000000 1.000000
vn 0.000000 0.000000 1.000000
vn 0.000000 0.000000 1.000000
vn 0.573096 0.819488 -0.000000
vn 0.573096 0.819488 -0.000000
vn 0.573096 0.819488 -0.000000
vn 0.573096 0.819488 -0.000000
vn -0.000000 0.000000 -1.000000
vn -0.000000 0.000000 -1.000000
vn 0.000000 -0.000000 1.000000
vn -0.000000 0.000000 -1.000000
vn 0.000000 0.000000 1.000000
vn 0.000000 0.000000 1.000000
vn 0.000000 -0.000000 1.000000
vn 0.000000 -0.000000 1.000000
vn 0.000000 0.000000 1.000000
vn 0.000000 0.000000 1.000000
vn 0.000000 -0.000000 1.000000
vn 0.000000 -0.000000 1.000000
vn 0.000000 0.000000 1.000000
vn 0.000000 0.000001 1.000000
vn 0.000000 -0.000000 1.000000
vn 0.000000 -0.000000 1.000000
vn 0.000000 0.000000 1.000000
vn 0.000000 0.000001 1.000000
vn 0.000000 -0.000000 1.000000
vn 0.000000 -0.000001 1.000000
vn 0.000000 0.000001 1.000000
vn 0.000000 0.000000 1.000000
vn 0.000000 -0.000000 1.000000
vn 0.000000 0.000000 1.000000
vn 0.000000 -0.000000 1.000000
vn 0.000000 0.000000 1.000000
vn 0.000000 0.000000 1.000000
vn 0.000000 0.000000 1.000000
vn 0.000000 0.000000 1.000000
vn 0.000000 0.000000 1.000000
vn 0.000000 0.000000 1.000000
vn 0.000000 -0.000000 1.000000
vn 0.000000 0.000001 1.000000
vn 0.000000 0.000000 1.000000
vn 0.000000 -0.000000 1.000000
vn 0.000000 0.000000 1.000000
vn 0.000000 0.000000 1.000000
vn 0.000000 0.000000 1.000000
vn 0.000000 0.000000 1.000000
vn 0.000000 0.000000 1.000000
vn 0.000000 0.000000 1.000000
vn 0.000000 1.000000 -0.000000
vn 0.000000 1.000000 -0.000000
vn -0.000000 -0.000000 -1.000000
vn -0.000000 0.000000 -1.000000
vn -0.000000 0.000000 -1.000000
vn -0.000000 0.000000 -1.000000
vn -0.000000 0.000000 -1.000000
vn -0.000000 -0.000000 -1.000000
vn -0.000000 -0.000000 -1.000000
vn -0.000000 0.000000 -1.000000
vn -0.000000 0.000000 -1.000000
vn -0.000000 -0.000000 -1.000000
vn -0.000000 0.000000 -1.000000
vn -0.000000 -0.000000 -1.000000
vn -0.000000 0.000000 -1.000000
vn -0.000000 0.000000 -1.000000
vn -0.000000 0.000000 -1.000000
vn -0.000000 0.000001 -1.000000
vn -0.000000 -0.000000 -1.000000
vn -0.000000 -0.000000 -1.000000
vn -0.000000 -0.000000 -1.000000
vn -0.000000 0.000000 -1.000000
vn -0.000000 0.000001 -1.000000
vn -0.000000 -0.000001 -1.000000
vn -0.000000 0.000000 -1.000000
vn -0.000000 0.000001 -1.000000
vn -0.000000 0.000000 -1.000000
vn -0.000000 -0.000001 -1.000000
vn -0.000000 -0.000001 -1.000000
vn -0.000000 0.000001 -1.000000
vn -0.000000 0.000000 -1.000000
vn -0.000000 -0.000000 -1.000000
vn -0.000000 -0.000000 -1.000000
vn -0.000000 -0.000000 -1.000000
vn -0.000000 -0.000000 -1.000000
vn -0.000000 -0.000000 -1.000000
vn -0.000000 -0.000000 -1.000000
vn -0.000000 0.000000 -1.000000
vn -0.000000 -0.000000 -1.000000
vn -0.000000 -0.000000 -1.000000
vn 0.000000 -1.000000 0.000000
vn 0.000000 -1.000000 0.000000
vn 0.000000 0.000000 1.000000
vn 0.084533 0.996421 -0.000000
vn 0.084533 0.996421 -0.000000
vn 0.084533 0.996421 -0.000000
vn 0.084533 0.996421 -0.000000
vn -0.000000 -0.000003 -1.000000
vn -0.000000 -0.000003 -1.000000
vn -0.446921 0.894573 0.000000
vn -0.446921 0.894573 0.000000
vn -0.446921 0.894573 0.000000
vn -0.446921 0.894573 0.000000
vn 0.000000 -0.000001 1.000000
vn 0.000000 -0.000000 1.000000
vn 0.159401 0.987214 -0.000000
vn 0.159401 0.987214 -0.000000
vn 0.159401 0.987214 -0.000000
vn 0.159401 0.987214 -0.000000
vn -0.000000 -0.000002 -1.000000
vn -0.000000 -0.000002 -1.000000
vn -0.370734 0.928739 0.000000
vn -0.370734 0.928739 0.000000
vn -0.370734 0.928739 0.000000
vn -0.370734 0.928739 0.000000
vn 0.000000 0.000003 1.000000
vn 0.000000 0.000003 1.000000
vn 0.148053 0.988980 -0.000000
vn 0.148053 0.988980 -0.000000
vn 0.148053 0.988980 -0.000000
vn 0.148053 0.988980 -0.000000
vn -0.000000 0.000000 -1.000000
vn -0.000000 0.000000 -1.000000
vn -0.271229 0.962515 0.000000
vn -0.271229 0.962515 0.000000
vn -0.271229 0.962515 0.000000
vn -0.271229 0.962515 0.000000
vn 0.000000 0.000002 1.000000
vn 0.000000 0.000002 1.000000
vn 0.121855 0.992548 -0.000000
vn 0.121855 0.992548 -0.000000
vn 0.121855 0.992548 -0.000000
vn 0.121855 0.992548 -0.000000
vn -0.000000 0.000000 -1.000000
vn -0.000000 0.000000 -1.000000
vn -0.287688 0.957724 0.000000
vn -0.287688 0.957724 0.000000
vn -0.287688 0.957724 0.000000
vn -0.287688 0.957724 0.000000
vn 0.000000 0.000000 1.000000
vn 0.000000 0.000000 1.000000
vn 0.000000 0.000000 1.000000
vn 0.000000 0.000000 1.000000
vn 0.649253 0.760573 -0.000000
vn 0.649253 0.760573 -0.000000
vn 0.649253 0.760573 -0.000000
vn 0.649253 0.760573 -0.000000
vn -0.000000 -0.000000 -1.000000
vn -0.000000 -0.000000 -1.000000
vn 0.000000 0.000000 1.000000
vn -0.000000 0.000000 -1.000000
vn -0.000000 0.000001 -1.000000
vn -0.213571 0.976928 0.000000
vn -0.213571 0.976928 0.000000
vn -0.213571 0.976928 0.000000
vn -0.213571 0.976928 0.000000
vn 0.000000 0.000001 1.000000
vn 0.000000 0.000000 1.000000
vn 0.000000 0.000000 1.000000
vn 0.631688 0.775223 -0.000000
vn 0.631688 0.775223 -0.000000
vn 0.631688 0.775223 -0.000000
vn 0.631688 0.775223 -0.000000
vn -0.000000 0.000000 -1.000000
vn -0.000000 -0.000000 -1.000000
vn 0.000000 -0.000000 1.000000
vn -0.000000 0.000000 -1.000000
vn -0.000000 0.000000 -1.000000
vn -0.488741 0.872429 0.000000
vn -0.488741 0.872429 0.000000
vn -0.488741 0.872429 0.000000
vn -0.488741 0.872429 0.000000
vn 0.000000 -0.000000 1.000000
vn 0.000000 0.000001 1.000000
vn 0.000000 0.000000 1.000000
vn 0.725606 0.688110 -0.000000
vn 0.725606 0.688110 -0.000000
vn 0.725606 0.688110 -0.000000
vn 0.725606 0.688110 -0.000000
vn -0.000000 0.000000 -1.000000
vn -0.000000 0.000001 -1.000000
vn 0.000000 0.000000 1.000000
vn -0.000000 0.000000 -1.000000
vn -0.000000 0.000000 -1.000000
vn -0.553127 0.833097 0.000000
vn -0.553127 0.833097 0.000000
vn -0.553127 0.833097 0.000000
vn -0.553127 0.833097 0.000000
vn 0.000000 -0.000000 1.000000
vn 0.000000 0.000000 1.000000
vn 0.000000 0.000000 1.000000
vn 0.999611 0.027880 -0.000000
vn 0.999611 0.027880 -0.000000
vn 0.999696 0.024664 -0.000000
vn 0.999696 0.024664 -0.000000
vn -0.000000 -0.000000 -1.000000
vn -0.000000 -0.000000 -1.000000
vn 0.000000 0.000000 1.000000
vn -0.000000 0.000000 -1.000000
vn -0.000000 0.000000 -1.000000
vn -0.649256 0.760570 0.000000
vn -0.649256 0.760570 0.000000
vn -0.649256 0.760570 0.000000
vn -0.649256 0.760570 0.000000
vn 0.000000 0.000000 1.000000
vn 0.000000 0.000000 1.000000
vn 0.000000 0.000000 1.000000
vn 0.997194 0.074867 -0.000000
vn 0.997194 0.074867 -0.000000
vn -0.000000 0.000000 -1.000000
vn -0.000000 0.000000 -1.000000
vn 0.000000 -0.000000 1.000000
vn -0.000000 0.000000 -1.000000
vn -0.000000 0.000000 -1.000000
vn -0.727234 0.686389 0.000000
vn -0.727234 0.686389 0.000000
vn -0.727234 0.686389 0.000000
vn -0.727234 0.686389 0.000000
vn 0.000000 -0.000000 1.000000
vn 0.000000 -0.000000 1.000000
vn 0.000000 -0.000000 1.000000
vn 0.989143 0.146957 -0.000000
vn 0.989143 0.146957 -0.000000
vn -0.000000 -0.000000 -1.000000
vn -0.000000 0.000000 -1.000000
vn 0.000000 -0.000000 1.000000
vn -0.000000 -0.000000 -1.000000
vn -0.000000 0.000000 -1.000000
vn -0.807946 0.589257 0.000000
vn -0.807946 0.589257 0.000000
vn -0.807946 0.589257 0.000000
vn -0.807946 0.589257 0.000000
vn 0.000000 -0.000000 1.000000
vn 0.000000 -0.000000 1.000000
vn 0.000000 -0.000000 1.000000
vn 0.988289 0.152591 -0.000000
vn 0.988289 0.152591 -0.000000
vn -0.000000 -0.000000 -1.000000
vn -0.000000 0.000000 -1.000000
vn 0.000000 -0.000000 1.000000
vn -0.000000 -0.000000 -1.000000
vn -0.000000 0.000000 -1.000000
vn -0.871965 0.489567 0.000000
vn -0.871965 0.489567 0.000000
vn -0.871965 0.489567 0.000000
vn -0.871965 0.489567 0.000000
vn 0.000000 0.000000 1.000000
vn 0.000000 0.000000 1.000000
vn 0.000000 0.000000 1.000000
vn 0.986269 0.165149 -0.000000
vn 0.986269 0.165149 -0.000000
vn -0.000000 0.000000 -1.000000
vn -0.000000 0.000000 -1.000000
vn 0.000000 0.000000 1.000000
vn -0.000000 0.000000 -1.000000
vn -0.000000 0.000000 -1.000000
vn -0.912207 0.409729 0.000000
vn -0.912207 0.409729 0.000000
vn -0.847028 0.531549 0.000000
vn -0.847028 0.531549 0.000000
vn 0.000000 0.000000 1.000000
vn 0.000000 0.000000 1.000000
vn 0.000000 0.000000 1.000000
vn 0.987472 0.157794 -0.000000
vn 0.987472 0.157794 -0.000000
vn -0.000000 0.000000 -1.000000
vn -0.000000 0.000000 -1.000000
vn 0.000000 0.000000 1.000000
vn -0.000000 0.000000 -1.000000
vn -0.000000 0.000000 -1.000000
vn -0.778612 0.627506 0.000000
vn -0.778612 0.627506 0.000000
vn 0.000000 0.000000 1.000000
vn 0.000000 0.000000 1.000000
vn 0.000000 0.000000 1.000000
vn 0.998820 0.048576 -0.000000
vn 0.998820 0.048576 -0.000000
vn -0.000000 0.000000 -1.000000
vn -0.000000 0.000000 -1.000000
vn 0.000000 0.000000 1.000000
vn -0.000000 -0.000000 -1.000000
vn -0.000000 -0.000000 -1.000000
vn -0.794535 0.607219 0.000000
vn -0.794535 0.607219 0.000000
vn -0.794535 0.607219 0.000000
vn -0.794535 0.607219 0.000000
vn 0.000000 0.000000 1.000000
vn 0.000000 -0.000000 1.000000
vn 0.000000 -0.000000 1.000000
vn 0.990483 -0.137632 -0.000000
vn 0.990483 -0.137632 -0.000000
vn -0.000000 0.000000 -1.000000
vn -0.000000 0.000000 -1.000000
vn 0.000000 0.000000 1.000000
vn -0.000000 0.000000 -1.000000
vn -0.000000 -0.000001 -1.000000
vn -0.664192 0.747562 0.000000
vn -0.664192 0.747562 0.000000
vn -0.664192 0.747562 0.000000
vn -0.664192 0.747562 0.000000
vn 0.000000 0.000000 1.000000
vn 0.000000 -0.000001 1.000000
vn 0.000000 -0.000001 1.000000
vn 0.953083 -0.302708 -0.000000
vn 0.953083 -0.302708 -0.000000
vn -0.000000 0.000000 -1.000000
vn -0.000000 0.000000 -1.000000
vn 0.000000 -0.000000 1.000000
vn -0.000000 0.000000 -1.000000
vn -0.000000 0.000000 -1.000000
vn -0.554519 0.832171 0.000000
vn -0.554519 0.832171 0.000000
vn -0.554519 0.832171 0.000000
vn -0.554519 0.832171 0.000000
vn 0.000000 0.000000 1.000000
vn 0.000000 -0.000001 1.000000
vn 0.000000 -0.000000 1.000000
vn 0.999657 0.026196 -0.000000
vn 0.999657 0.026196 -0.000000
vn -0.000000 -0.000000 -1.000000
vn -0.000000 0.000001 -1.000000
vn 0.000000 -0.000001 1.000000
vn -0.000000 0.000000 -1.000000
vn -0.000000 0.000002 -1.000000
vn -0.498953 0.866629 0.000000
vn -0.498953 0.866629 0.000000
vn -0.498953 0.866629 0.000000
vn -0.498953 0.866629 0.000000
vn 0.000000 0.000003 1.000000
vn 0.000000 0.000000 1.000000
vn 0.000000 0.000001 1.000000
vn 0.938009 0.346612 -0.000000
vn 0.938009 0.346612 -0.000000
vn -0.000000 -0.000000 -1.000000
vn -0.000000 0.000001 -1.000000
vn 0.000000 0.000001 1.000000
vn -0.000000 -0.000001 -1.000000
vn -0.000000 -0.000000 -1.000000
vn -0.470423 0.882441 0.000000
vn -0.470423 0.882441 0.000000
vn -0.470423 0.882441 0.000000
vn -0.470423 0.882441 0.000000
vn 0.000000 -0.000002 1.000000
vn 0.000000 0.000000 1.000000
vn 0.000000 -0.000000 1.000000
vn 0.762797 0.646638 -0.000000
vn 0.762797 0.646638 -0.000000
vn -0.000000 -0.000000 -1.000000
vn -0.000000 -0.000001 -1.000000
vn 0.000000 0.000001 1.000000
vn -0.000000 0.000001 -1.000000
vn -0.000000 -0.000002 -1.000000
vn -0.432170 0.901792 0.000000
vn -0.432170 0.901792 0.000000
vn -0.432170 0.901792 0.000000
vn -0.432170 0.901792 0.000000
vn 0.000000 0.000000 1.000000
vn 0.000000 0.000000 1.000000
vn 0.000000 -0.000000 1.000000
vn 0.634781 0.772692 -0.000000
vn 0.634781 0.772692 -0.000000
vn -0.000000 -0.000002 -1.000000
vn -0.000000 -0.000004 -1.000000
vn 0.000000 0.000002 1.000000
vn -0.000000 0.000001 -1.000000
vn -0.000000 0.000002 -1.000000
vn -0.347339 0.937740 0.000000
vn -0.347339 0.937740 0.000000
vn -0.347339 0.937740 0.000000
vn -0.347339 0.937740 0.000000
vn 0.000000 0.000003 1.000000
vn 0.000000 0.000000 1.000000
vn 0.000000 0.000000 1.000000
vn 0.414593 0.910007 -0.000000
vn 0.414593 0.910007 -0.000000
vn 0.414593 0.910007 -0.000000
vn 0.414593 0.910007 -0.000000
vn -0.000000 0.000000 -1.000000
vn -0.000000 0.000000 -1.000000
vn 0.000000 0.000003 1.000000
vn -0.000000 0.000003 -1.000000
vn -0.000000 0.000006 -1.000000
vn -0.336606 0.941646 0.000000
vn -0.336606 0.941646 0.000000
vn -0.336606 0.941646 0.000000
vn -0.336606 0.941646 0.000000
vn 0.000000 0.000006 1.000000
s 1
g chessPieces_KIT knightStand_01 knight_Model
usemtl initialShadingGroup
f 3/176/1 2/214/2 4/1/3
f 5/178/4 3/176/1 4/1/3
f 6/180/5 5/178/4 4/1/3
f 7/182/6 6/180/5 4/1/3
f 8/184/7 7/182/6 4/1/3
f 9/186/8 8/184/7 4/1/3
f 10/188/9 9/186/8 4/1/3
f 11/190/10 10/188/9 4/1/3
f 12/192/11 11/190/10 4/1/3
f 13/194/12 12/192/11 4/1/3
f 14/196/13 13/194/12 4/1/3
f 15/198/14 14/196/13 4/1/3
f 16/200/15 15/198/14 4/1/3
f 17/202/16 16/200/15 4/1/3
f 18/204/17 17/202/16 4/1/3
f 19/206/18 18/204/17 4/1/3
f 20/208/19 19/206/18 4/1/3
f 21/210/20 20/208/19 4/1/3
f 22/212/21 21/210/20 4/1/3
f 2/214/2 22/212/21 4/1/3
f 26/2/22 27/3/23 32/4/24 31/5/25
f 25/6/26 26/2/22 31/5/25 30/7/27
f 23/8/28 24/9/29 29/10/30 28/11/31
f 24/9/29 25/6/26 30/7/27 29/10/30
f 31/5/25 32/4/24 37/12/32 36/13/33
f 30/7/27 31/5/25 36/13/33 35/14/34
f 28/11/31 29/10/30 34/15/35 33/16/36
f 29/10/30 30/7/27 35/14/34 34/15/35
f 36/13/33 37/12/32 42/821/37 41/803/38
f 35/14/34 36/13/33 41/803/38 40/808/39
f 33/16/36 34/15/35 39/805/40 38/17/41
f 34/15/35 35/14/34 40/808/39 39/805/40
f 41/803/38 42/821/37 47/802/42 46/804/43
f 40/808/39 41/803/38 46/804/43 45/809/44
f 38/17/41 39/805/40 44/806/45 43/807/46
f 39/805/40 40/808/39 45/809/44 44/806/45
f 46/19/43 47/18/42 52/23/47 51/24/48
f 45/20/44 46/19/43 51/24/48 50/25/49
f 43/22/46 44/21/45 49/26/50 48/27/51
f 44/21/45 45/20/44 50/25/49 49/26/50
f 51/24/48 52/23/47 57/28/52 56/29/53
f 50/25/49 51/24/48 56/29/53 55/30/54
f 48/27/51 49/26/50 54/31/55 53/32/56
f 49/26/50 50/25/49 55/30/54 54/31/55
f 56/29/53 57/28/52 62/33/57 61/34/58
f 55/30/54 56/29/53 61/34/58 60/35/59
f 53/32/56 54/31/55 59/36/60 58/37/61
f 54/31/55 55/30/54 60/35/59 59/36/60
f 61/34/58 62/33/57 67/38/62 66/39/63
f 60/35/59 61/34/58 66/39/63 65/40/64
f 58/37/61 59/36/60 64/41/65 63/42/66
f 59/36/60 60/35/59 65/40/64 64/41/65
f 66/39/63 67/38/62 72/43/67 71/44/68
f 65/40/64 66/39/63 71/44/68 70/45/69
f 63/42/66 64/41/65 69/46/70 68/47/71
f 64/41/65 65/40/64 70/45/69 69/46/70
f 71/44/68 72/43/67 77/48/72 76/49/73
f 70/45/69 71/44/68 76/49/73 75/50/74
f 68/47/71 69/46/70 74/51/75 73/52/76
f 69/46/70 70/45/69 75/50/74 74/51/75
f 76/49/73 77/48/72 82/53/77 81/54/78
f 75/50/74 76/49/73 81/54/78 80/55/79
f 73/52/76 74/51/75 79/56/80 78/57/81
f 74/51/75 75/50/74 80/55/79 79/56/80
f 81/54/78 82/53/77 87/58/82 86/59/83
f 80/55/79 81/54/78 86/59/83 85/60/84
f 78/57/81 79/56/80 84/61/85 83/62/86
f 79/56/80 80/55/79 85/60/84 84/61/85
f 86/59/83 87/58/82 92/63/87 91/64/88
f 85/60/84 86/59/83 91/64/88 90/65/89
f 83/62/86 84/61/85 89/66/90 88/67/91
f 84/61/85 85/60/84 90/65/89 89/66/90
f 91/64/88 92/63/87 97/68/92 96/69/93
f 90/65/89 91/64/88 96/69/93 95/70/94
f 88/67/91 89/66/90 94/71/95 93/72/96
f 89/66/90 90/65/89 95/70/94 94/71/95
f 96/69/93 97/68/92 102/73/97 101/74/98
f 95/70/94 96/69/93 101/74/98 100/75/99
f 93/72/96 94/71/95 99/76/100 98/77/101
f 94/71/95 95/70/94 100/75/99 99/76/100
f 101/74/98 102/73/97 107/78/102 106/79/103
f 100/75/99 101/74/98 106/79/103 105/80/104
f 98/77/101 99/76/100 104/81/105 103/82/106
f 99/76/100 100/75/99 105/80/104 104/81/105
f 106/79/103 107/78/102 112/83/107 111/84/108
f 105/80/104 106/79/103 111/84/108 110/85/109
f 103/82/106 104/81/105 109/86/110 108/87/111
f 104/81/105 105/80/104 110/85/109 109/86/110
f 111/84/108 112/83/107 117/88/112 116/89/113
f 110/85/109 111/84/108 116/89/113 115/90/114
f 108/87/111 109/86/110 114/91/115 113/92/116
f 109/86/110 110/85/109 115/90/114 114/91/115
f 116/89/113 117/88/112 122/93/117 121/94/118
f 115/90/114 116/89/113 121/94/118 120/95/119
f 113/92/116 114/91/115 119/96/120 118/97/121
f 114/91/115 115/90/114 120/95/119 119/96/120
f 27/3/23 26/2/22 121/94/118 122/93/117
f 26/2/22 25/6/26 120/95/119 121/94/118
f 25/6/26 24/9/29 119/96/120 120/95/119
f 24/9/29 23/8/28 118/97/121 119/96/120
f 126/98/122 127/99/123 132/100/124 131/101/125
f 125/102/126 126/98/122 131/101/125 130/103/127
f 123/104/128 124/105/129 129/106/130 128/107/131
f 124/105/129 125/102/126 130/103/127 129/106/130
f 131/101/125 132/100/124 137/108/132 136/109/133
f 130/103/127 131/101/125 136/109/133 135/110/134
f 128/107/131 129/106/130 134/111/135 133/112/136
f 129/106/130 130/103/127 135/110/134 134/111/135
f 136/109/133 137/108/132 142/825/137 141/811/138
f 135/110/134 136/109/133 141/811/138 140/815/139
f 133/112/136 134/111/135 139/813/140 138/113/141
f 134/111/135 135/110/134 140/815/139 139/813/140
f 141/811/138 142/825/137 147/810/142 146/812/143
f 140/815/139 141/811/138 146/812/143 145/816/144
f 138/113/141 139/813/140 144/814/145 143/824/146
f 139/813/140 140/815/139 145/816/144 144/814/145
f 146/136/143 147/135/142 152/140/147 151/141/148
f 145/137/144 146/136/143 151/141/148 150/142/149
f 143/139/146 144/138/145 149/143/150 148/144/151
f 144/138/145 145/137/144 150/142/149 149/143/150
f 151/141/148 152/140/147 157/145/152 156/146/153
f 150/142/149 151/141/148 156/146/153 155/147/154
f 148/144/151 149/143/150 154/148/155 153/149/156
f 149/143/150 150/142/149 155/147/154 154/148/155
f 156/146/153 157/145/152 162/150/157 161/151/158
f 155/147/154 156/146/153 161/151/158 160/152/159
f 153/149/156 154/148/155 159/153/160 158/154/161
f 154/148/155 155/147/154 160/152/159 159/153/160
f 161/151/158 162/150/157 167/155/162 166/156/163
f 160/152/159 161/151/158 166/156/163 165/157/164
f 158/154/161 159/153/160 164/158/165 163/159/166
f 159/153/160 160/152/159 165/157/164 164/158/165
f 166/156/163 167/155/162 172/160/167 171/161/168
f 165/157/164 166/156/163 171/161/168 170/162/169
f 163/159/166 164/158/165 169/163/170 168/164/171
f 164/158/165 165/157/164 170/162/169 169/163/170
f 171/161/168 172/160/167 177/165/172 176/166/173
f 170/162/169 171/161/168 176/166/173 175/167/174
f 168/164/171 169/163/170 174/168/175 173/169/176
f 169/163/170 170/162/169 175/167/174 174/168/175
f 176/166/173 177/165/172 182/170/177 181/171/178
f 175/167/174 176/166/173 181/171/178 180/172/179
f 173/169/176 174/168/175 179/173/180 178/174/181
f 174/168/175 175/167/174 180/172/179 179/173/180
f 181/171/178 182/170/177 187/175/182 186/177/183
f 180/172/179 181/171/178 186/177/183 185/179/184
f 178/174/181 179/173/180 184/181/185 183/183/186
f 179/173/180 180/172/179 185/179/184 184/181/185
f 186/177/183 187/175/182 192/185/187 191/187/188
f 185/179/184 186/177/183 191/187/188 190/189/189
f 183/183/186 184/181/185 189/191/190 188/193/191
f 184/181/185 185/179/184 190/189/189 189/191/190
f 191/187/188 192/185/187 197/195/192 196/197/193
f 190/189/189 191/187/188 196/197/193 195/199/194
f 188/193/191 189/191/190 194/201/195 193/203/196
f 189/191/190 190/189/189 195/199/194 194/201/195
f 196/197/193 197/195/192 202/205/197 201/207/198
f 195/199/194 196/197/193 201/207/198 200/209/199
f 193/203/196 194/201/195 199/211/200 198/213/201
f 194/201/195 195/199/194 200/209/199 199/211/200
f 201/207/198 202/205/197 207/255/202 206/256/203
f 200/209/199 201/207/198 206/256/203 205/257/204
f 198/213/201 199/211/200 204/258/205 203/259/206
f 199/211/200 200/209/199 205/257/204 204/258/205
f 206/256/203 207/255/202 212/260/207 211/261/208
f 205/257/204 206/256/203 211/261/208 210/262/209
f 203/259/206 204/258/205 209/263/210 208/264/211
f 204/258/205 205/257/204 210/262/209 209/263/210
f 211/261/208 212/260/207 217/265/212 216/266/213
f 210/262/209 211/261/208 216/266/213 215/267/214
f 208/264/211 209/263/210 214/268/215 213/269/216
f 209/263/210 210/262/209 215/267/214 214/268/215
f 216/266/213 217/265/212 222/270/217 221/271/218
f 215/267/214 216/266/213 221/271/218 220/272/219
f 213/269/216 214/268/215 219/273/220 218/274/221
f 214/268/215 215/267/214 220/272/219 219/273/220
f 127/99/123 126/98/122 221/271/218 222/270/217
f 126/98/122 125/102/126 220/272/219 221/271/218
f 125/102/126 124/105/129 219/273/220 220/272/219
f 124/105/129 123/104/128 218/274/221 219/273/220
f 226/133/222 230/114/223 1/134/224
f 230/114/223 234/115/225 1/134/224
f 234/115/225 238/116/226 1/134/224
f 238/116/226 242/117/227 1/134/224
f 242/117/227 246/118/228 1/134/224
f 246/118/228 250/119/229 1/134/224
f 250/119/229 254/120/230 1/134/224
f 254/120/230 258/121/231 1/134/224
f 258/121/231 262/122/232 1/134/224
f 262/122/232 266/123/233 1/134/224
f 266/123/233 270/124/234 1/134/224
f 270/124/234 274/125/235 1/134/224
f 274/125/235 278/126/236 1/134/224
f 278/126/236 282/127/237 1/134/224
f 282/127/237 286/128/238 1/134/224
f 286/128/238 290/129/239 1/134/224
f 290/129/239 294/130/240 1/134/224
f 294/130/240 298/131/241 1/134/224
f 298/131/241 302/132/242 1/134/224
f 302/132/242 226/133/222 1/134/224
f 387/275/243 383/276/244 463/277/245 467/278/246
f 391/279/247 387/275/243 467/278/246 471/280/248
f 395/817/249 391/279/247 471/280/248 475/281/250
f 399/831/251 395/817/249 475/281/250 479/818/252
f 403/284/253 399/282/251 479/283/252 483/285/254
f 407/286/255 403/284/253 483/285/254 487/287/256
f 411/288/257 407/286/255 487/287/256 491/289/258
f 415/290/259 411/288/257 491/289/258 495/291/260
f 419/292/261 415/290/259 495/291/260 499/293/262
f 423/294/263 419/292/261 499/293/262 503/295/264
f 427/296/265 423/294/263 503/295/264 507/297/266
f 431/298/267 427/296/265 507/297/266 511/299/268
f 435/300/269 431/298/267 511/299/268 515/301/270
f 439/302/271 435/300/269 515/301/270 519/303/272
f 443/304/273 439/302/271 519/303/272 523/305/274
f 447/306/275 443/304/273 523/305/274 527/307/276
f 451/308/277 447/306/275 527/307/276 531/309/278
f 455/310/279 451/308/277 531/309/278 535/311/280
f 459/312/281 455/310/279 535/311/280 539/313/282
f 383/276/244 459/312/281 539/313/282 463/277/245
f 547/314/283 543/315/284 703/316/285 704/317/286
f 551/318/287 547/314/283 704/317/286 705/319/288
f 555/819/289 551/318/287 705/319/288 706/842/290
f 559/841/291 555/819/289 706/842/290 707/820/292
f 563/322/293 559/320/291 707/321/292 708/323/294
f 567/324/295 563/322/293 708/323/294 709/325/296
f 571/326/297 567/324/295 709/325/296 710/327/298
f 575/328/299 571/326/297 710/327/298 711/329/300
f 579/330/301 575/328/299 711/329/300 712/331/302
f 583/332/303 579/330/301 712/331/302 713/333/304
f 587/334/305 583/332/303 713/333/304 714/335/306
f 591/336/307 587/334/305 714/335/306 715/337/308
f 595/338/309 591/336/307 715/337/308 716/339/310
f 599/340/311 595/338/309 716/339/310 717/341/312
f 603/342/313 599/340/311 717/341/312 718/343/314
f 607/344/315 603/342/313 718/343/314 719/345/316
f 611/346/317 607/344/315 719/345/316 720/347/318
f 615/348/319 611/346/317 720/347/318 721/349/320
f 619/350/321 615/348/319 721/349/320 722/351/322
f 543/315/284 619/350/321 722/351/322 703/316/285
f 310/217/323 306/215/324 23/254/28 28/216/31
f 314/219/325 310/217/323 28/216/31 33/218/36
f 318/221/326 314/219/325 33/218/36 38/220/41
f 322/223/327 318/221/326 38/220/41 43/222/46
f 326/225/328 322/223/327 43/222/46 48/224/51
f 330/227/329 326/225/328 48/224/51 53/226/56
f 334/229/330 330/227/329 53/226/56 58/228/61
f 338/231/331 334/229/330 58/228/61 63/230/66
f 342/233/332 338/231/331 63/230/66 68/232/71
f 346/235/333 342/233/332 68/232/71 73/234/76
f 350/237/334 346/235/333 73/234/76 78/236/81
f 354/239/335 350/237/334 78/236/81 83/238/86
f 358/241/336 354/239/335 83/238/86 88/240/91
f 362/243/337 358/241/336 88/240/91 93/242/96
f 366/245/338 362/243/337 93/242/96 98/244/101
f 370/247/339 366/245/338 98/244/101 103/246/106
f 374/249/340 370/247/339 103/246/106 108/248/111
f 378/251/341 374/249/340 108/248/111 113/250/116
f 382/253/342 378/251/341 113/250/116 118/252/121
f 306/215/324 382/253/342 118/252/121 23/254/28
f 32/4/24 27/3/23 386/352/343 390/353/344
f 37/12/32 32/4/24 390/353/344 394/354/345
f 42/821/37 37/12/32 394/354/345 398/355/346
f 47/802/42 42/821/37 398/355/346 402/822/347
f 52/23/47 47/18/42 402/356/347 406/357/348
f 57/28/52 52/23/47 406/357/348 410/358/349
f 62/33/57 57/28/52 410/358/349 414/359/350
f 67/38/62 62/33/57 414/359/350 418/360/351
f 72/43/67 67/38/62 418/360/351 422/361/352
f 77/48/72 72/43/67 422/361/352 426/362/353
f 82/53/77 77/48/72 426/362/353 430/363/354
f 87/58/82 82/53/77 430/363/354 434/364/355
f 92/63/87 87/58/82 434/364/355 438/365/356
f 97/68/92 92/63/87 438/365/356 442/366/357
f 102/73/97 97/68/92 442/366/357 446/367/358
f 107/78/102 102/73/97 446/367/358 450/368/359
f 112/83/107 107/78/102 450/368/359 454/369/360
f 117/88/112 112/83/107 454/369/360 458/370/361
f 122/93/117 117/88/112 458/370/361 462/371/362
f 27/3/23 122/93/117 462/371/362 386/352/343
f 470/453/363 466/454/364 123/104/128 128/107/131
f 474/455/365 470/453/363 128/107/131 133/112/136
f 478/823/366 474/455/365 133/112/136 138/113/141
f 482/832/367 478/823/366 138/113/141 143/824/146
f 486/457/368 482/456/367 143/139/146 148/144/151
f 490/458/369 486/457/368 148/144/151 153/149/156
f 494/459/370 490/458/369 153/149/156 158/154/161
f 498/460/371 494/459/370 158/154/161 163/159/166
f 502/461/372 498/460/371 163/159/166 168/164/171
f 506/462/373 502/461/372 168/164/171 173/169/176
f 510/463/374 506/462/373 173/169/176 178/174/181
f 514/464/375 510/463/374 178/174/181 183/183/186
f 518/465/376 514/464/375 183/183/186 188/193/191
f 522/466/377 518/465/376 188/193/191 193/203/196
f 526/467/378 522/466/377 193/203/196 198/213/201
f 530/468/379 526/467/378 198/213/201 203/259/206
f 534/469/380 530/468/379 203/259/206 208/264/211
f 538/470/381 534/469/380 208/264/211 213/269/216
f 542/471/382 538/470/381 213/269/216 218/274/221
f 466/454/364 542/471/382 218/274/221 123/104/128
f 132/100/124 127/99/123 546/472/383 550/473/384
f 137/108/132 132/100/124 550/473/384 554/474/385
f 142/825/137 137/108/132 554/474/385 558/475/386
f 147/810/142 142/825/137 558/475/386 562/826/387
f 152/140/147 147/135/142 562/476/387 566/477/388
f 157/145/152 152/140/147 566/477/388 570/478/389
f 162/150/157 157/145/152 570/478/389 574/479/390
f 167/155/162 162/150/157 574/479/390 578/480/391
f 172/160/167 167/155/162 578/480/391 582/481/392
f 177/165/172 172/160/167 582/481/392 586/482/393
f 182/170/177 177/165/172 586/482/393 590/483/394
f 187/175/182 182/170/177 590/483/394 594/484/395
f 192/185/187 187/175/182 594/484/395 598/485/396
f 197/195/192 192/185/187 598/485/396 602/486/397
f 202/205/197 197/195/192 602/486/397 606/487/398
f 207/255/202 202/205/197 606/487/398 610/488/399
f 212/260/207 207/255/202 610/488/399 614/489/400
f 217/265/212 212/260/207 614/489/400 618/490/401
f 222/270/217 217/265/212 618/490/401 622/491/402
f 127/99/123 222/270/217 622/491/402 546/472/383
f 225/374/403 226/133/222 302/132/242 301/412/404
f 223/372/405 224/373/406 300/411/407 299/606/408
f 224/373/406 225/374/409 301/412/410 300/411/407
f 226/133/222 225/374/403 229/376/411 230/114/223
f 225/374/409 224/373/406 228/375/412 229/376/413
f 224/373/406 223/372/405 227/570/414 228/375/412
f 230/114/223 229/376/411 233/378/415 234/115/225
f 229/376/413 228/375/412 232/377/416 233/378/417
f 228/375/412 227/570/414 231/572/418 232/377/416
f 234/115/225 233/378/415 237/380/419 238/116/226
f 233/378/417 232/377/416 236/379/420 237/380/421
f 232/377/416 231/572/418 235/574/422 236/379/420
f 238/116/226 237/380/419 241/382/423 242/117/227
f 237/380/421 236/379/420 240/381/424 241/382/425
f 236/379/420 235/574/422 239/576/426 240/381/424
f 242/117/227 241/382/423 245/384/427 246/118/228
f 241/382/425 240/381/424 244/383/428 245/384/429
f 240/381/424 239/576/426 243/578/430 244/383/428
f 246/118/228 245/384/427 249/386/431 250/119/229
f 245/384/429 244/383/428 248/385/432 249/386/433
f 244/383/428 243/578/430 247/580/434 248/385/432
f 250/119/229 249/386/431 253/388/435 254/120/230
f 249/386/433 248/385/432 252/387/436 253/388/437
f 248/385/432 247/580/434 251/582/438 252/387/436
f 254/120/230 253/388/435 257/390/439 258/121/231
f 253/388/437 252/387/436 256/389/440 257/390/441
f 252/387/436 251/582/438 255/584/442 256/389/440
f 258/121/231 257/390/439 261/392/443 262/122/232
f 257/390/441 256/389/440 260/391/444 261/392/445
f 256/389/440 255/584/442 259/586/446 260/391/444
f 262/122/232 261/392/443 265/394/447 266/123/233
f 261/392/445 260/391/444 264/393/448 265/394/449
f 260/391/444 259/586/446 263/588/450 264/393/448
f 266/123/233 265/394/447 269/396/451 270/124/234
f 265/394/449 264/393/448 268/395/452 269/396/453
f 264/393/448 263/588/450 267/590/454 268/395/452
f 270/124/234 269/396/451 273/398/455 274/125/235
f 269/396/453 268/395/452 272/397/456 273/398/457
f 268/395/452 267/590/454 271/592/458 272/397/456
f 274/125/235 273/398/455 277/400/459 278/126/236
f 273/398/457 272/397/456 276/399/460 277/400/461
f 272/397/456 271/592/458 275/594/462 276/399/460
f 278/126/236 277/400/459 281/402/463 282/127/237
f 277/400/461 276/399/460 280/401/464 281/402/465
f 276/399/460 275/594/462 279/596/466 280/401/464
f 282/127/237 281/402/463 285/404/467 286/128/238
f 281/402/465 280/401/464 284/403/468 285/404/469
f 280/401/464 279/596/466 283/598/470 284/403/468
f 286/128/238 285/404/467 289/406/471 290/129/239
f 285/404/469 284/403/468 288/405/472 289/406/473
f 284/403/468 283/598/470 287/600/474 288/405/472
f 290/129/239 289/406/471 293/408/475 294/130/240
f 289/406/473 288/405/472 292/407/476 293/408/477
f 288/405/472 287/600/474 291/602/478 292/407/476
f 294/130/240 293/408/475 297/410/479 298/131/241
f 293/408/477 292/407/476 296/409/480 297/410/481
f 292/407/476 291/602/478 295/604/482 296/409/480
f 298/131/241 297/410/479 301/412/404 302/132/242
f 297/410/481 296/409/480 300/411/407 301/412/410
f 296/409/480 295/604/482 299/606/408 300/411/407
f 305/414/483 306/215/324 310/217/323 309/416/484
f 303/646/485 304/413/486 308/415/487 307/608/488
f 304/413/486 305/414/483 309/416/484 308/415/487
f 309/416/484 310/217/323 314/219/325 313/418/489
f 307/608/488 308/415/487 312/417/490 311/610/491
f 308/415/487 309/416/484 313/418/489 312/417/490
f 313/418/489 314/219/325 318/221/326 317/420/492
f 311/610/491 312/417/490 316/419/493 315/612/494
f 312/417/490 313/418/489 317/420/492 316/419/493
f 317/420/492 318/221/326 322/223/327 321/422/495
f 315/612/494 316/419/493 320/421/496 319/614/497
f 316/419/493 317/420/492 321/422/495 320/421/496
f 321/422/495 322/223/327 326/225/328 325/424/498
f 319/614/497 320/421/496 324/423/499 323/616/500
f 320/421/496 321/422/495 325/424/498 324/423/499
f 325/424/498 326/225/328 330/227/329 329/426/501
f 323/616/500 324/423/499 328/425/502 327/618/503
f 324/423/499 325/424/498 329/426/501 328/425/502
f 329/426/501 330/227/329 334/229/330 333/428/504
f 327/618/503 328/425/502 332/427/505 331/620/506
f 328/425/502 329/426/501 333/428/504 332/427/505
f 333/428/504 334/229/330 338/231/331 337/430/507
f 331/620/506 332/427/505 336/429/508 335/622/509
f 332/427/505 333/428/504 337/430/507 336/429/508
f 337/430/507 338/231/331 342/233/332 341/432/510
f 335/622/509 336/429/508 340/431/511 339/624/512
f 336/429/508 337/430/507 341/432/510 340/431/511
f 341/432/510 342/233/332 346/235/333 345/434/513
f 339/624/512 340/431/511 344/433/514 343/626/515
f 340/431/511 341/432/510 345/434/513 344/433/514
f 345/434/513 346/235/333 350/237/334 349/436/516
f 343/626/515 344/433/514 348/435/517 347/628/518
f 344/433/514 345/434/513 349/436/516 348/435/517
f 349/436/516 350/237/334 354/239/335 353/438/519
f 347/628/518 348/435/517 352/437/520 351/630/521
f 348/435/517 349/436/516 353/438/519 352/437/520
f 353/438/519 354/239/335 358/241/336 357/440/522
f 351/630/521 352/437/520 356/439/523 355/632/524
f 352/437/520 353/438/519 357/440/522 356/439/523
f 357/440/522 358/241/336 362/243/337 361/442/525
f 355/632/524 356/439/523 360/441/526 359/634/527
f 356/439/523 357/440/522 361/442/525 360/441/526
f 361/442/525 362/243/337 366/245/338 365/444/528
f 359/634/527 360/441/526 364/443/529 363/636/530
f 360/441/526 361/442/525 365/444/528 364/443/529
f 365/444/528 366/245/338 370/247/339 369/446/531
f 363/636/530 364/443/529 368/445/532 367/638/533
f 364/443/529 365/444/528 369/446/531 368/445/532
f 369/446/531 370/247/339 374/249/340 373/448/534
f 367/638/533 368/445/532 372/447/535 371/640/536
f 368/445/532 369/446/531 373/448/534 372/447/535
f 373/448/534 374/249/340 378/251/341 377/450/537
f 371/640/536 372/447/535 376/449/538 375/642/539
f 372/447/535 373/448/534 377/450/537 376/449/538
f 377/450/537 378/251/341 382/253/342 381/452/540
f 375/642/539 376/449/538 380/451/541 379/644/542
f 376/449/538 377/450/537 381/452/540 380/451/541
f 306/215/324 305/414/483 381/452/540 382/253/342
f 305/414/483 304/413/486 380/451/541 381/452/540
f 304/413/486 303/646/485 379/644/542 380/451/541
f 385/492/543 386/352/343 462/371/362 461/493/544
f 383/276/244 384/494/545 460/495/546 459/312/281
f 384/494/545 385/492/543 461/493/544 460/495/546
f 386/352/343 385/492/543 389/496/547 390/353/344
f 385/492/543 384/494/545 388/497/548 389/496/547
f 384/494/545 383/276/244 387/275/243 388/497/548
f 390/353/344 389/496/547 393/498/549 394/354/345
f 389/496/547 388/497/548 392/499/550 393/498/549
f 388/497/548 387/275/243 391/279/247 392/499/550
f 394/354/345 393/498/549 397/827/551 398/355/346
f 393/498/549 392/499/550 396/829/552 397/827/551
f 392/499/550 391/279/247 395/817/249 396/829/552
f 398/355/346 397/827/551 401/828/553 402/822/347
f 397/827/551 396/829/552 400/830/554 401/828/553
f 396/829/552 395/817/249 399/831/251 400/830/554
f 402/356/347 401/500/553 405/502/555 406/357/348
f 401/500/553 400/501/554 404/503/556 405/502/555
f 400/501/554 399/282/251 403/284/253 404/503/556
f 406/357/348 405/502/555 409/504/557 410/358/349
f 405/502/555 404/503/556 408/505/558 409/504/557
f 404/503/556 403/284/253 407/286/255 408/505/558
f 410/358/349 409/504/557 413/506/559 414/359/350
f 409/504/557 408/505/558 412/507/560 413/506/559
f 408/505/558 407/286/255 411/288/257 412/507/560
f 414/359/350 413/506/559 417/508/561 418/360/351
f 413/506/559 412/507/560 416/509/562 417/508/561
f 412/507/560 411/288/257 415/290/259 416/509/562
f 418/360/351 417/508/561 421/510/563 422/361/352
f 417/508/561 416/509/562 420/511/564 421/510/563
f 416/509/562 415/290/259 419/292/261 420/511/564
f 422/361/352 421/510/563 425/512/565 426/362/353
f 421/510/563 420/511/564 424/513/566 425/512/565
f 420/511/564 419/292/261 423/294/263 424/513/566
f 426/362/353 425/512/565 429/514/567 430/363/354
f 425/512/565 424/513/566 428/515/568 429/514/567
f 424/513/566 423/294/263 427/296/265 428/515/568
f 430/363/354 429/514/567 433/516/569 434/364/355
f 429/514/567 428/515/568 432/517/570 433/516/569
f 428/515/568 427/296/265 431/298/267 432/517/570
f 434/364/355 433/516/569 437/518/571 438/365/356
f 433/516/569 432/517/570 436/519/572 437/518/571
f 432/517/570 431/298/267 435/300/269 436/519/572
f 438/365/356 437/518/571 441/520/573 442/366/357
f 437/518/571 436/519/572 440/521/574 441/520/573
f 436/519/572 435/300/269 439/302/271 440/521/574
f 442/366/357 441/520/573 445/522/575 446/367/358
f 441/520/573 440/521/574 444/523/576 445/522/575
f 440/521/574 439/302/271 443/304/273 444/523/576
f 446/367/358 445/522/575 449/524/577 450/368/359
f 445/522/575 444/523/576 448/525/578 449/524/577
f 444/523/576 443/304/273 447/306/275 448/525/578
f 450/368/359 449/524/577 453/526/579 454/369/360
f 449/524/577 448/525/578 452/527/580 453/526/579
f 448/525/578 447/306/275 451/308/277 452/527/580
f 454/369/360 453/526/579 457/528/581 458/370/361
f 453/526/579 452/527/580 456/529/582 457/528/581
f 452/527/580 451/308/277 455/310/279 456/529/582
f 458/370/361 457/528/581 461/493/544 462/371/362
f 457/528/581 456/529/582 460/495/546 461/493/544
f 456/529/582 455/310/279 459/312/281 460/495/546
f 465/530/583 466/454/364 470/453/363 469/531/584
f 463/277/245 464/532/585 468/533/586 467/278/246
f 464/532/585 465/530/583 469/531/584 468/533/586
f 469/531/584 470/453/363 474/455/365 473/534/587
f 467/278/246 468/533/586 472/535/588 471/280/248
f 468/533/586 469/531/584 473/534/587 472/535/588
f 473/534/587 474/455/365 478/823/366 477/835/589
f 471/280/248 472/535/588 476/833/590 475/281/250
f 472/535/588 473/534/587 477/835/589 476/833/590
f 477/835/589 478/823/366 482/832/367 481/836/591
f 475/281/250 476/833/590 480/834/592 479/818/252
f 476/833/590 477/835/589 481/836/591 480/834/592
f 481/536/591 482/456/367 486/457/368 485/538/593
f 479/283/252 480/537/592 484/539/594 483/285/254
f 480/537/592 481/536/591 485/538/593 484/539/594
f 485/538/593 486/457/368 490/458/369 489/540/595
f 483/285/254 484/539/594 488/541/596 487/287/256
f 484/539/594 485/538/593 489/540/595 488/541/596
f 489/540/595 490/458/369 494/459/370 493/542/597
f 487/287/256 488/541/596 492/543/598 491/289/258
f 488/541/596 489/540/595 493/542/597 492/543/598
f 493/542/597 494/459/370 498/460/371 497/544/599
f 491/289/258 492/543/598 496/545/600 495/291/260
f 492/543/598 493/542/597 497/544/599 496/545/600
f 497/544/599 498/460/371 502/461/372 501/546/601
f 495/291/260 496/545/600 500/547/602 499/293/262
f 496/545/600 497/544/599 501/546/601 500/547/602
f 501/546/601 502/461/372 506/462/373 505/548/603
f 499/293/262 500/547/602 504/549/604 503/295/264
f 500/547/602 501/546/601 505/548/603 504/549/604
f 505/548/603 506/462/373 510/463/374 509/550/605
f 503/295/264 504/549/604 508/551/606 507/297/266
f 504/549/604 505/548/603 509/550/605 508/551/606
f 509/550/605 510/463/374 514/464/375 513/552/607
f 507/297/266 508/551/606 512/553/608 511/299/268
f 508/551/606 509/550/605 513/552/607 512/553/608
f 513/552/607 514/464/375 518/465/376 517/554/609
f 511/299/268 512/553/608 516/555/610 515/301/270
f 512/553/608 513/552/607 517/554/609 516/555/610
f 517/554/609 518/465/376 522/466/377 521/556/611
f 515/301/270 516/555/610 520/557/612 519/303/272
f 516/555/610 517/554/609 521/556/611 520/557/612
f 521/556/611 522/466/377 526/467/378 525/558/613
f 519/303/272 520/557/612 524/559/614 523/305/274
f 520/557/612 521/556/611 525/558/613 524/559/614
f 525/558/613 526/467/378 530/468/379 529/560/615
f 523/305/274 524/559/614 528/561/616 527/307/276
f 524/559/614 525/558/613 529/560/615 528/561/616
f 529/560/615 530/468/379 534/469/380 533/562/617
f 527/307/276 528/561/616 532/563/618 531/309/278
f 528/561/616 529/560/615 533/562/617 532/563/618
f 533/562/617 534/469/380 538/470/381 537/564/619
f 531/309/278 532/563/618 536/565/620 535/311/280
f 532/563/618 533/562/617 537/564/619 536/565/620
f 537/564/619 538/470/381 542/471/382 541/566/621
f 535/311/280 536/565/620 540/567/622 539/313/282
f 536/565/620 537/564/619 541/566/621 540/567/622
f 466/454/364 465/530/583 541/566/621 542/471/382
f 465/530/583 464/532/585 540/567/622 541/566/621
f 464/532/585 463/277/245 539/313/282 540/567/622
f 545/687/623 546/472/383 622/491/402 621/688/624
f 543/315/284 544/689/625 620/690/626 619/350/321
f 544/689/625 545/687/623 621/688/624 620/690/626
f 546/472/383 545/687/623 549/691/627 550/473/384
f 545/687/623 544/689/625 548/692/628 549/691/627
f 544/689/625 543/315/284 547/314/283 548/692/628
f 550/473/384 549/691/627 553/693/629 554/474/385
f 549/691/627 548/692/628 552/694/630 553/693/629
f 548/692/628 547/314/283 551/318/287 552/694/630
f 554/474/385 553/693/629 557/837/631 558/475/386
f 553/693/629 552/694/630 556/839/632 557/837/631
f 552/694/630 551/318/287 555/819/289 556/839/632
f 558/475/386 557/837/631 561/838/633 562/826/387
f 557/837/631 556/839/632 560/840/634 561/838/633
f 556/839/632 555/819/289 559/841/291 560/840/634
f 562/476/387 561/695/633 565/697/635 566/477/388
f 561/695/633 560/696/634 564/698/636 565/697/635
f 560/696/634 559/320/291 563/322/293 564/698/636
f 566/477/388 565/697/635 569/699/637 570/478/389
f 565/697/635 564/698/636 568/700/638 569/699/637
f 564/698/636 563/322/293 567/324/295 568/700/638
f 570/478/389 569/699/637 573/701/639 574/479/390
f 569/699/637 568/700/638 572/702/640 573/701/639
f 568/700/638 567/324/295 571/326/297 572/702/640
f 574/479/390 573/701/639 577/703/641 578/480/391
f 573/701/639 572/702/640 576/704/642 577/703/641
f 572/702/640 571/326/297 575/328/299 576/704/642
f 578/480/391 577/703/641 581/705/643 582/481/392
f 577/703/641 576/704/642 580/706/644 581/705/643
f 576/704/642 575/328/299 579/330/301 580/706/644
f 582/481/392 581/705/643 585/707/645 586/482/393
f 581/705/643 580/706/644 584/708/646 585/707/645
f 580/706/644 579/330/301 583/332/303 584/708/646
f 586/482/393 585/707/645 589/709/647 590/483/394
f 585/707/645 584/708/646 588/710/648 589/709/647
f 584/708/646 583/332/303 587/334/305 588/710/648
f 590/483/394 589/709/647 593/711/649 594/484/395
f 589/709/647 588/710/648 592/712/650 593/711/649
f 588/710/648 587/334/305 591/336/307 592/712/650
f 594/484/395 593/711/649 597/713/651 598/485/396
f 593/711/649 592/712/650 596/714/652 597/713/651
f 592/712/650 591/336/307 595/338/309 596/714/652
f 598/485/396 597/713/651 601/715/653 602/486/397
f 597/713/651 596/714/652 600/716/654 601/715/653
f 596/714/652 595/338/309 599/340/311 600/716/654
f 602/486/397 601/715/653 605/717/655 606/487/398
f 601/715/653 600/716/654 604/718/656 605/717/655
f 600/716/654 599/340/311 603/342/313 604/718/656
f 606/487/398 605/717/655 609/719/657 610/488/399
f 605/717/655 604/718/656 608/720/658 609/719/657
f 604/718/656 603/342/313 607/344/315 608/720/658
f 610/488/399 609/719/657 613/721/659 614/489/400
f 609/719/657 608/720/658 612/722/660 613/721/659
f 608/720/658 607/344/315 611/346/317 612/722/660
f 614/489/400 613/721/659 617/723/661 618/490/401
f 613/721/659 612/722/660 616/724/662 617/723/661
f 612/722/660 611/346/317 615/348/319 616/724/662
f 618/490/401 617/723/661 621/688/624 622/491/402
f 617/723/661 616/724/662 620/690/626 621/688/624
f 616/724/662 615/348/319 619/350/321 620/690/626
f 623/605/663 627/568/664 227/570/414 223/372/405
f 627/568/664 631/569/665 231/572/418 227/570/414
f 631/569/665 635/571/666 235/574/422 231/572/418
f 635/571/666 639/573/667 239/576/426 235/574/422
f 639/573/667 643/575/668 243/578/430 239/576/426
f 643/575/668 647/577/669 247/580/434 243/578/430
f 647/577/669 651/579/670 251/582/438 247/580/434
f 651/579/670 655/581/671 255/584/442 251/582/438
f 655/581/671 659/583/672 259/586/446 255/584/442
f 659/583/672 663/585/673 263/588/450 259/586/446
f 663/585/673 667/587/674 267/590/454 263/588/450
f 667/587/674 671/589/675 271/592/458 267/590/454
f 671/589/675 675/591/676 275/594/462 271/592/458
f 675/591/676 679/593/677 279/596/466 275/594/462
f 679/593/677 683/595/678 283/598/470 279/596/466
f 683/595/678 687/597/679 287/600/474 283/598/470
f 687/597/679 691/599/680 291/602/478 287/600/474
f 691/599/680 695/601/681 295/604/482 291/602/478
f 695/601/681 699/603/682 299/606/408 295/604/482
f 699/603/682 623/605/663 223/372/405 299/606/408
f 630/609/683 626/607/684 303/646/485 307/608/488
f 634/611/685 630/609/683 307/608/488 311/610/491
f 638/613/686 634/611/685 311/610/491 315/612/494
f 642/615/687 638/613/686 315/612/494 319/614/497
f 646/617/688 642/615/687 319/614/497 323/616/500
f 650/619/689 646/617/688 323/616/500 327/618/503
f 654/621/690 650/619/689 327/618/503 331/620/506
f 658/623/691 654/621/690 331/620/506 335/622/509
f 662/625/692 658/623/691 335/622/509 339/624/512
f 666/627/693 662/625/692 339/624/512 343/626/515
f 670/629/694 666/627/693 343/626/515 347/628/518
f 674/631/695 670/629/694 347/628/518 351/630/521
f 678/633/696 674/631/695 351/630/521 355/632/524
f 682/635/697 678/633/696 355/632/524 359/634/527
f 686/637/698 682/635/697 359/634/527 363/636/530
f 690/639/699 686/637/698 363/636/530 367/638/533
f 694/641/700 690/639/699 367/638/533 371/640/536
f 698/643/701 694/641/700 371/640/536 375/642/539
f 702/645/702 698/643/701 375/642/539 379/644/542
f 626/607/684 702/645/702 379/644/542 303/646/485
f 625/648/703 626/607/684 630/609/683 629/650/704
f 623/605/663 624/647/705 628/649/706 627/568/664
f 624/647/705 625/648/703 629/650/704 628/649/706
f 629/650/704 630/609/683 634/611/685 633/652/707
f 627/568/664 628/649/706 632/651/708 631/569/665
f 628/649/706 629/650/704 633/652/707 632/651/708
f 633/652/707 634/611/685 638/613/686 637/654/709
f 631/569/665 632/651/708 636/653/710 635/571/666
f 632/651/708 633/652/707 637/654/709 636/653/710
f 637/654/709 638/613/686 642/615/687 641/656/711
f 635/571/666 636/653/710 640/655/712 639/573/667
f 636/653/710 637/654/709 641/656/711 640/655/712
f 641/656/711 642/615/687 646/617/688 645/658/713
f 639/573/667 640/655/712 644/657/714 643/575/668
f 640/655/712 641/656/711 645/658/713 644/657/714
f 645/658/713 646/617/688 650/619/689 649/660/715
f 643/575/668 644/657/714 648/659/716 647/577/669
f 644/657/714 645/658/713 649/660/715 648/659/716
f 649/660/715 650/619/689 654/621/690 653/662/717
f 647/577/669 648/659/716 652/661/718 651/579/670
f 648/659/716 649/660/715 653/662/717 652/661/718
f 653/662/717 654/621/690 658/623/691 657/664/719
f 651/579/670 652/661/718 656/663/720 655/581/671
f 652/661/718 653/662/717 657/664/719 656/663/720
f 657/664/719 658/623/691 662/625/692 661/666/721
f 655/581/671 656/663/720 660/665/722 659/583/672
f 656/663/720 657/664/719 661/666/721 660/665/722
f 661/666/721 662/625/692 666/627/693 665/668/723
f 659/583/672 660/665/722 664/667/724 663/585/673
f 660/665/722 661/666/721 665/668/723 664/667/724
f 665/668/723 666/627/693 670/629/694 669/670/725
f 663/585/673 664/667/724 668/669/726 667/587/674
f 664/667/724 665/668/723 669/670/725 668/669/726
f 669/670/725 670/629/694 674/631/695 673/672/727
f 667/587/674 668/669/726 672/671/728 671/589/675
f 668/669/726 669/670/725 673/672/727 672/671/728
f 673/672/727 674/631/695 678/633/696 677/674/729
f 671/589/675 672/671/728 676/673/730 675/591/676
f 672/671/728 673/672/727 677/674/729 676/673/730
f 677/674/729 678/633/696 682/635/697 681/676/731
f 675/591/676 676/673/730 680/675/732 679/593/677
f 676/673/730 677/674/729 681/676/731 680/675/732
f 681/676/731 682/635/697 686/637/698 685/678/733
f 679/593/677 680/675/732 684/677/734 683/595/678
f 680/675/732 681/676/731 685/678/733 684/677/734
f 685/678/733 686/637/698 690/639/699 689/680/735
f 683/595/678 684/677/734 688/679/736 687/597/679
f 684/677/734 685/678/733 689/680/735 688/679/736
f 689/680/735 690/639/699 694/641/700 693/682/737
f 687/597/679 688/679/736 692/681/738 691/599/680
f 688/679/736 689/680/735 693/682/737 692/681/738
f 693/682/737 694/641/700 698/643/701 697/684/739
f 691/599/680 692/681/738 696/683/740 695/601/681
f 692/681/738 693/682/737 697/684/739 696/683/740
f 697/684/739 698/643/701 702/645/702 701/686/741
f 695/601/681 696/683/740 700/685/742 699/603/682
f 696/683/740 697/684/739 701/686/741 700/685/742
f 626/607/684 625/648/703 701/686/741 702/645/702
f 625/648/703 624/647/705 700/685/742 701/686/741
f 624/647/705 623/605/663 699/603/682 700/685/742
f 704/317/286 703/316/285 742/725/743 723/726/744
f 705/319/288 704/317/286 723/726/744 724/727/745
f 706/842/290 705/319/288 724/727/745 725/844/746
f 707/820/292 706/842/290 725/844/746 726/843/747
f 708/323/294 707/321/292 726/728/747 727/729/748
f 709/325/296 708/323/294 727/729/748 728/730/749
f 710/327/298 709/325/296 728/730/749 729/731/750
f 711/329/300 710/327/298 729/731/750 730/732/751
f 712/331/302 711/329/300 730/732/751 731/733/752
f 713/333/304 712/331/302 731/733/752 732/734/753
f 714/335/306 713/333/304 732/734/753 733/735/754
f 715/337/308 714/335/306 733/735/754 734/736/755
f 716/339/310 715/337/308 734/736/755 735/737/756
f 717/341/312 716/339/310 735/737/756 736/738/757
f 718/343/314 717/341/312 736/738/757 737/739/758
f 719/345/316 718/343/314 737/739/758 738/740/759
f 720/347/318 719/345/316 738/740/759 739/741/760
f 721/349/320 720/347/318 739/741/760 740/742/761
f 722/351/322 721/349/320 740/742/761 741/743/762
f 703/316/285 722/351/322 741/743/762 742/725/743
f 724/727/745 723/726/744 743/744/763 744/764/764
f 725/844/746 724/727/745 744/764/764 745/846/765
f 726/843/747 725/844/746 745/846/765 746/845/766
f 727/729/748 726/728/747 746/765/766 747/766/767
f 728/730/749 727/729/748 747/766/767 748/767/768
f 729/731/750 728/730/749 748/767/768 749/768/769
f 730/732/751 729/731/750 749/768/769 750/769/770
f 731/733/752 730/732/751 750/769/770 751/770/771
f 732/734/753 731/733/752 751/770/771 752/771/772
f 733/735/754 732/734/753 752/771/772 753/772/773
f 734/736/755 733/735/754 753/772/773 754/773/774
f 735/737/756 734/736/755 754/773/774 755/774/775
f 736/738/757 735/737/756 755/774/775 756/775/776
f 737/739/758 736/738/757 756/775/776 757/776/777
f 738/740/759 737/739/758 757/776/777 758/777/778
f 739/741/760 738/740/759 758/777/778 759/778/779
f 740/742/761 739/741/760 759/778/779 760/779/780
f 741/743/762 740/742/761 760/779/780 761/780/781
f 742/725/743 741/743/762 761/780/781 762/781/782
f 723/726/744 742/725/743 762/781/782 743/744/763
f 744/764/764 743/744/763 763/782/783 764/783/784
f 745/846/765 744/764/764 764/783/784 765/847/785
f 746/845/766 745/846/765 765/847/785 766/848/786
f 747/766/767 746/765/766 766/785/786 767/786/787
f 748/767/768 747/766/767 767/786/787 768/787/788
f 749/768/769 748/767/768 768/787/788 769/788/789
f 750/769/770 749/768/769 769/788/789 770/789/790
f 751/770/771 750/769/770 770/789/790 771/790/791
f 752/771/772 751/770/771 771/790/791 772/791/792
f 753/772/773 752/771/772 772/791/792 773/792/793
f 754/773/774 753/772/773 773/792/793 774/793/794
f 755/774/775 754/773/774 774/793/794 775/794/795
f 756/775/776 755/774/775 775/794/795 776/795/796
f 757/776/777 756/775/776 776/795/796 777/796/797
f 758/777/778 757/776/777 777/796/797 778/797/798
f 759/778/779 758/777/778 778/797/798 779/798/799
f 760/779/780 759/778/779 779/798/799 780/799/800
f 761/780/781 760/779/780 780/799/800 781/800/801
f 762/781/782 761/780/781 781/800/801 782/801/802
f 743/744/763 762/781/782 782/801/802 763/782/783
f 764/745/784 763/784/783 3/176/803 5/178/804
f 765/746/785 764/745/784 5/178/804 6/180/805
f 766/747/786 765/746/785 6/180/805 7/182/806
f 767/748/787 766/747/786 7/182/806 8/184/807
f 768/749/788 767/748/787 8/184/807 9/186/808
f 769/750/789 768/749/788 9/186/808 10/188/809
f 770/751/790 769/750/789 10/188/809 11/190/810
f 771/752/791 770/751/790 11/190/810 12/192/811
f 772/753/792 771/752/791 12/192/811 13/194/812
f 773/754/793 772/753/792 13/194/812 14/196/813
f 774/755/794 773/754/793 14/196/813 15/198/814
f 775/756/795 774/755/794 15/198/814 16/200/815
f 776/757/796 775/756/795 16/200/815 17/202/816
f 777/758/797 776/757/796 17/202/816 18/204/817
f 778/759/798 777/758/797 18/204/817 19/206/818
f 779/760/799 778/759/798 19/206/818 20/208/819
f 780/761/800 779/760/799 20/208/819 21/210/820
f 781/762/801 780/761/800 21/210/820 22/212/821
f 782/763/802 781/762/801 22/212/821 2/214/822
f 763/784/783 782/763/802 2/214/822 3/176/803
s 1
g chessPieces_KIT knight_Model knight_02
usemtl initialShadingGroup
f 783/1621/823 784/850/824 786/1891/825 785/851/826
f 1373/1439/827 1374/1910/828 1375/1441/829 1376/2002/830
f 787/1784/831 788/1890/832 790/1788/833 789/855/834
f 789/855/835 790/1788/836 1359/1425/837 1360/1620/838
f 1358/1424/839 1359/1787/840 790/856/841 788/854/842
f 789/1786/843 1360/1426/844 1233/1299/845 787/853/846
f 785/851/826 786/1891/825 792/1889/847 791/857/848
f 1357/1423/849 1358/1424/839 788/854/842 793/859/850
f 788/1890/832 787/1784/831 794/1782/851 793/1888/852
f 787/853/846 1233/1299/845 1234/1300/853 794/860/854
f 791/857/855 792/1889/856 796/1887/857 795/861/858
f 1356/1422/859 1357/1423/849 793/859/850 797/863/860
f 793/1888/861 794/1782/862 798/1780/863 797/1886/864
f 794/860/854 1234/1300/853 1235/1301/865 798/864/866
f 795/861/867 796/1887/868 800/1885/869 799/865/870
f 1355/1421/871 1356/1422/859 797/863/860 801/867/872
f 797/1886/864 798/1780/863 802/1778/873 801/1884/874
f 798/864/866 1235/1301/865 1236/1302/875 802/868/876
f 799/865/877 800/1885/878 804/1883/879 803/869/880
f 1354/1420/881 1355/1421/871 801/867/872 805/871/882
f 801/1884/883 802/1778/884 806/1776/885 805/1882/886
f 802/868/876 1236/1302/875 1237/1303/887 806/872/888
f 803/869/889 804/1883/890 808/1881/891 807/873/892
f 1353/1419/893 1354/1420/881 805/871/882 809/875/894
f 805/1882/895 806/1776/896 810/1774/897 809/1880/898
f 806/872/888 1237/1303/887 1238/1304/899 810/876/900
f 807/873/901 808/1881/902 812/1879/903 811/877/904
f 1352/1418/905 1353/1419/893 809/875/894 813/879/906
f 809/1880/907 810/1774/908 814/1772/909 813/1878/910
f 810/876/900 1238/1304/899 1239/1305/911 814/880/912
f 811/877/913 812/1879/914 816/1877/915 815/881/916
f 1351/1417/917 1352/1418/905 813/879/906 817/883/918
f 813/1878/919 814/1772/920 818/1770/921 817/1876/922
f 814/880/912 1239/1305/911 1240/1306/923 818/884/924
f 815/881/925 816/1877/926 820/1875/927 819/885/928
f 1350/1416/929 1351/1417/917 817/883/918 821/887/930
f 817/1876/931 818/1770/932 822/1768/933 821/2008/934
f 818/884/924 1240/1306/923 1241/1307/935 822/888/936
f 819/885/937 820/1875/938 824/1873/939 823/889/940
f 1349/1415/941 1350/1416/929 821/887/930 825/891/942
f 821/1874/943 822/2007/944 826/1766/945 825/1872/946
f 822/888/936 1241/1307/935 1242/1308/947 826/892/948
f 823/889/949 824/1873/950 828/1871/951 827/893/952
f 1348/1414/953 1349/1415/941 825/891/942 829/895/954
f 825/1872/955 826/1766/956 830/1764/957 829/1870/958
f 826/892/948 1242/1308/947 1243/1309/959 830/896/960
f 827/893/961 828/1871/962 832/1869/963 831/897/964
f 1347/1413/965 1348/1414/953 829/895/954 833/899/966
f 829/1870/967 830/1764/968 834/1762/969 833/1868/970
f 830/896/960 1243/1309/959 1244/1310/971 834/900/972
f 831/897/973 832/1869/974 836/1867/975 835/901/976
f 1346/1412/977 1347/1413/965 833/899/966 837/903/978
f 833/1868/970 834/1762/969 838/1760/979 837/1866/980
f 834/900/972 1244/1310/971 1245/1311/981 838/904/982
f 835/901/976 836/1867/975 840/1865/983 839/905/984
f 1345/1411/985 1346/1412/977 837/903/978 841/907/986
f 837/1866/980 838/1760/979 842/1758/987 841/1864/988
f 838/904/982 1245/1311/981 1246/1312/989 842/908/990
f 839/905/984 840/1865/983 844/1863/991 843/2009/992
f 1344/1410/993 1345/1411/985 841/907/986 845/911/994
f 841/1864/988 842/1758/987 846/1756/995 845/1862/996
f 842/908/990 1246/1312/989 1247/1313/997 846/912/998
f 843/909/999 844/2010/1000 848/1861/1001 847/913/1002
f 1343/1409/1003 1344/1410/993 845/911/994 849/915/1004
f 845/1862/996 846/1756/995 850/1754/1005 849/1860/1006
f 846/912/998 1247/1313/997 1248/1314/1007 850/916/1008
f 847/913/1009 848/1861/1010 852/1859/1011 851/917/1012
f 1342/1408/1013 1343/1409/1003 849/915/1004 853/919/1014
f 849/1860/1006 850/1754/1005 854/1752/1015 853/1858/1016
f 850/916/1008 1248/1314/1007 1249/1315/1017 854/920/1018
f 851/917/1019 852/1859/1020 856/1857/1021 855/921/1022
f 1341/1407/1023 1342/1408/1013 853/919/1014 857/923/1024
f 853/1858/1016 854/1752/1015 858/1750/1025 857/1856/1026
f 854/920/1018 1249/1315/1017 1250/1316/1027 858/924/1028
f 855/921/1029 856/1857/1030 860/1855/1031 859/925/1032
f 1340/1406/1033 1341/1407/1023 857/923/1024 861/927/1034
f 857/1856/1026 858/1750/1025 862/1748/1035 861/1854/1036
f 858/924/1028 1250/1316/1027 1251/1317/1037 862/928/1038
f 859/925/1039 860/1855/1040 864/1853/1041 863/929/1042
f 1339/1405/1043 1340/1406/1033 861/927/1034 865/931/1044
f 861/1854/1036 862/1748/1035 866/1746/1045 865/1852/1046
f 862/928/1038 1251/1317/1037 1252/1318/1047 866/932/1048
f 863/929/1049 864/1853/1050 868/1851/1051 867/933/1052
f 1338/1404/1053 1339/1405/1043 865/931/1044 869/935/1054
f 865/1852/1046 866/1746/1045 870/1744/1055 869/1850/1056
f 866/932/1048 1252/1318/1047 1253/1319/1057 870/936/1058
f 867/933/1059 868/1851/1060 872/1849/1061 871/937/1062
f 1337/1403/1063 1338/1404/1053 869/935/1054 873/939/1064
f 869/1850/1056 870/1744/1055 874/1742/1065 873/1848/1066
f 870/936/1058 1253/1319/1057 1254/1320/1067 874/940/1068
f 871/937/1069 872/1849/1070 876/1847/1071 875/941/1072
f 1336/1402/1073 1337/1403/1063 873/939/1064 877/943/1074
f 873/1848/1066 874/1742/1065 878/1740/1075 877/1846/1076
f 874/940/1068 1254/1320/1067 1255/1321/1077 878/944/1078
f 875/941/1079 876/1847/1080 880/1845/1081 879/945/1082
f 1335/1401/1083 1336/1402/1073 877/943/1074 881/947/1084
f 877/1846/1076 878/1740/1075 882/1738/1085 881/1844/1086
f 878/944/1078 1255/1321/1077 1256/1322/1087 882/948/1088
f 879/945/1089 880/1845/1090 884/1843/1091 883/949/1092
f 1334/1400/1093 1335/1401/1083 881/947/1084 885/951/1094
f 881/1844/1086 882/1738/1085 886/1736/1095 885/1842/1096
f 882/948/1088 1256/1322/1087 1257/1323/1097 886/952/1098
f 883/949/1099 884/1843/1100 888/1841/1101 887/953/1102
f 1333/1399/1103 1334/1400/1093 885/951/1094 889/955/1104
f 885/1842/1096 886/1736/1095 890/1734/1105 889/1840/1106
f 886/952/1098 1257/1323/1097 1258/1324/1107 890/956/1108
f 887/953/1109 888/1841/1110 892/1839/1111 891/957/1112
f 1332/1398/1113 1333/1399/1103 889/955/1104 893/959/1114
f 889/1840/1106 890/1734/1105 894/1732/1115 893/1838/1116
f 890/956/1108 1258/1324/1107 1259/1325/1117 894/960/1118
f 891/957/1119 892/1839/1120 896/1837/1121 895/961/1122
f 1331/1397/1123 1332/1398/1113 893/959/1114 897/963/1124
f 893/1838/1116 894/1732/1115 898/1730/1125 897/1836/1126
f 894/960/1118 1259/1325/1117 1260/1326/1127 898/964/1128
f 895/961/1129 896/1837/1130 900/1835/1131 899/965/1132
f 1330/1396/1133 1331/1397/1123 897/963/1124 901/967/1134
f 897/1836/1126 898/1730/1125 902/1728/1135 901/1834/1136
f 898/964/1128 1260/1326/1127 1261/1327/1137 902/968/1138
f 899/965/1139 900/1835/1140 904/1833/1141 903/969/1142
f 1329/1395/1143 1330/1396/1133 901/967/1134 905/971/1144
f 901/1834/1136 902/1728/1135 906/1726/1145 905/1832/1146
f 902/968/1138 1261/1327/1137 1262/1328/1147 906/972/1148
f 903/969/1149 904/1833/1150 908/1831/1151 907/973/1152
f 1328/1394/1153 1329/1395/1143 905/971/1144 909/975/1154
f 905/1832/1146 906/1726/1145 910/1724/1155 909/1830/1156
f 906/972/1148 1262/1328/1147 1263/1329/1157 910/976/1158
f 907/973/1159 908/1831/1160 912/1829/1161 911/977/1162
f 1327/1393/1163 1328/1394/1153 909/975/1154 913/979/1164
f 909/1830/1156 910/1724/1155 914/1722/1165 913/1828/1166
f 910/976/1158 1263/1329/1157 1264/1330/1167 914/980/1168
f 911/977/1169 912/1829/1170 916/1827/1171 915/981/1172
f 1326/1392/1173 1327/1393/1163 913/979/1164 917/983/1174
f 913/1828/1166 914/1722/1165 918/1720/1175 917/1826/1176
f 914/980/1168 1264/1330/1167 1265/1331/1177 918/984/1178
f 915/981/1179 916/1827/1180 920/1825/1181 919/985/1182
f 1325/1391/1183 1326/1392/1173 917/983/1174 921/987/1184
f 917/1826/1176 918/1720/1175 922/1718/1185 921/1824/1186
f 918/984/1178 1265/1331/1177 1266/1332/1187 922/988/1188
f 919/985/1182 920/1825/1181 924/1823/1189 923/989/1190
f 1324/1390/1191 1325/1391/1183 921/987/1184 925/991/1192
f 921/1824/1186 922/1718/1185 926/1716/1193 925/1822/1194
f 922/988/1188 1266/1332/1187 1267/1333/1195 926/992/1196
f 923/989/1190 924/1823/1189 928/1821/1197 927/993/1198
f 1323/1389/1199 1324/1390/1191 925/991/1192 929/995/1200
f 925/1822/1194 926/1716/1193 930/1714/1201 929/1820/1202
f 926/992/1196 1267/1333/1195 1268/1334/1203 930/996/1204
f 927/993/1198 928/1821/1197 932/1819/1205 931/997/1206
f 1322/1388/1207 1323/1389/1199 929/995/1200 933/999/1208
f 929/1820/1202 930/1714/1201 934/1712/1209 933/1818/1210
f 930/996/1204 1268/1334/1203 1269/1335/1211 934/1000/1212
f 931/997/1206 932/1819/1205 936/2000/1213 935/1001/1214
f 1321/1387/1215 1322/1388/1207 933/999/1208 937/1003/1216
f 933/1818/1210 934/1712/1209 938/1711/1217 937/1817/1218
f 934/1000/1212 1269/1335/1211 1270/1336/1219 938/1004/1220
f 943/1709/1221 944/1974/1222 945/1959/1223 946/1012/1224
f 1320/1386/1225 1321/1387/1215 937/1003/1216 941/1007/1226
f 937/1817/1218 938/1711/1217 942/1669/1227 941/1816/1228
f 938/1004/1220 1270/1336/1219 1271/1337/1229 942/1008/1230
f 1037/1103/1231 1038/1975/1232 1039/1105/1233 1040/1671/1234
f 984/1050/1235 985/1051/1236 945/1011/1237 944/1010/1238
f 1505/1917/1239 1506/1571/1240 1507/1572/1241 1508/1918/1242
f 986/1052/1243 971/1037/1244 943/1009/1245 946/1668/1246
f 935/1001/1247 936/2000/1248 948/1999/1249 947/1013/1250
f 983/1049/1251 984/1050/1235 944/1010/1238 949/1015/1252
f 944/1974/1222 943/1709/1221 950/1707/1253 949/1973/1254
f 943/1009/1245 971/1037/1244 972/1038/1255 950/1016/1256
f 947/1013/1257 948/1999/1258 952/1998/1259 951/1017/1260
f 982/1048/1261 983/1049/1251 949/1015/1252 953/1019/1262
f 949/1973/1254 950/1707/1253 954/1705/1263 953/1972/1264
f 950/1016/1256 972/1038/1255 973/1039/1265 954/1020/1266
f 951/1017/1267 952/1998/1268 956/1997/1269 955/1021/1270
f 981/1047/1271 982/1048/1261 953/1019/1262 957/1023/1272
f 953/1972/1264 954/1705/1263 958/1703/1273 957/1971/1274
f 954/1020/1266 973/1039/1265 974/1040/1275 958/1024/1276
f 955/1021/1277 956/1997/1278 960/1996/1279 959/1025/1280
f 980/1046/1281 981/1047/1271 957/1023/1272 961/1027/1282
f 957/1971/1274 958/1703/1273 962/1701/1283 961/1970/1284
f 958/1024/1276 974/1040/1275 975/1041/1285 962/1028/1286
f 959/1025/1287 960/1996/1288 964/1995/1289 963/1029/1290
f 979/1045/1291 980/1046/1281 961/1027/1282 965/1031/1292
f 961/1970/1284 962/1701/1283 966/1699/1293 965/1969/1294
f 962/1028/1286 975/1041/1285 976/1042/1295 966/1032/1296
f 963/1029/1297 964/1995/1298 968/1994/1299 967/1033/1300
f 978/1044/1301 979/1045/1291 965/1031/1292 969/1968/1302
f 965/1969/1303 966/1699/1304 970/1698/1305 969/1035/1306
f 966/1032/1296 976/1042/1295 977/1043/1307 970/1036/1308
f 972/1038/1255 971/1037/1244 935/1710/1309 947/1708/1310
f 973/1039/1265 972/1038/1255 947/1708/1310 951/1706/1311
f 974/1040/1275 973/1039/1265 951/1706/1311 955/1704/1312
f 975/1041/1285 974/1040/1275 955/1704/1312 959/1702/1313
f 976/1042/1295 975/1041/1285 959/1702/1313 963/1700/1314
f 977/1043/1307 976/1042/1295 963/1700/1314 967/1697/1315
f 1005/1071/1316 1006/1988/1317 1007/1073/1318 1008/1689/1319
f 964/1030/1320 979/1045/1291 978/1044/1301 968/1034/1321
f 960/1026/1322 980/1046/1281 979/1045/1291 964/1030/1320
f 956/1022/1323 981/1047/1271 980/1046/1281 960/1026/1322
f 952/1018/1324 982/1048/1261 981/1047/1271 956/1022/1323
f 948/1014/1325 983/1049/1251 982/1048/1261 952/1018/1324
f 936/1002/1326 984/1050/1235 983/1049/1251 948/1014/1325
f 936/1002/1326 940/1006/1327 985/1051/1236 984/1050/1235
f 1510/1915/1328 1509/1575/1329 1506/1571/1240 1505/1917/1239
f 939/1005/1330 935/1710/1309 971/1037/1244 986/1052/1243
f 978/1044/1301 969/1968/1302 989/1967/1331 988/1053/1332
f 969/1035/1333 970/1698/1334 990/1686/1335 989/1054/1336
f 970/1036/1308 977/1043/1307 987/1687/1337 990/1055/1338
f 967/1033/1339 968/1994/1340 992/1993/1341 991/1057/1342
f 968/1034/1321 978/1044/1301 988/1053/1332 992/1058/1343
f 977/1043/1307 967/1697/1315 991/1696/1344 987/1687/1337
f 991/1057/1345 992/1993/1346 994/1992/1347 993/1059/1348
f 992/1058/1343 988/1053/1332 995/1987/1349 994/1060/1350
f 988/1984/1351 987/1056/1352 996/1694/1353 995/1061/1354
f 987/1687/1337 991/1696/1344 993/1695/1355 996/1062/1356
f 993/1059/1357 994/1992/1358 998/1991/1359 997/1063/1360
f 994/1060/1350 995/1987/1349 999/1986/1361 998/1064/1362
f 995/1061/1363 996/1694/1364 1000/1692/1365 999/1065/1366
f 996/1062/1356 993/1695/1355 997/1693/1367 1000/1066/1368
f 997/1063/1369 998/1991/1370 1002/1990/1371 1001/1067/1372
f 998/1064/1362 999/1986/1361 1003/1985/1373 1002/1068/1374
f 999/1065/1375 1000/1692/1376 1004/1690/1377 1003/1069/1378
f 1000/1066/1368 997/1693/1367 1001/1691/1379 1004/1070/1380
f 1001/1067/1381 1002/1990/1382 1006/1988/1383 1005/1071/1384
f 1002/1068/1374 1003/1985/1373 1007/1989/1385 1006/1072/1386
f 1003/1069/1387 1004/1690/1388 1008/1689/1389 1007/1073/1390
f 1004/1070/1380 1001/1691/1379 1005/1688/1391 1008/1074/1392
f 987/1056/1393 988/1984/1394 1010/1983/1395 1009/1075/1396
f 988/1053/1332 989/1967/1331 1011/1966/1397 1010/1076/1398
f 989/1054/1336 990/1686/1335 1012/1684/1399 1011/1077/1400
f 990/1055/1338 987/1687/1337 1009/1685/1401 1012/1078/1402
f 1009/1075/1403 1010/1983/1404 1014/1982/1405 1013/1079/1406
f 1010/1076/1398 1011/1966/1397 1015/1965/1407 1014/1080/1408
f 1011/1077/1409 1012/1684/1410 1016/1682/1411 1015/1081/1412
f 1012/1078/1402 1009/1685/1401 1013/1683/1413 1016/1082/1414
f 1013/1079/1415 1014/1982/1416 1018/1981/1417 1017/1083/1418
f 1014/1080/1408 1015/1965/1407 1019/1964/1419 1018/1084/1420
f 1015/1081/1421 1016/1682/1422 1020/1680/1423 1019/1085/1424
f 1016/1082/1414 1013/1683/1413 1017/1681/1425 1020/1086/1426
f 1017/1083/1427 1018/1981/1428 1022/1980/1429 1021/1087/1430
f 1018/1084/1420 1019/1964/1419 1023/1963/1431 1022/1088/1432
f 1019/1085/1433 1020/1680/1434 1024/1678/1435 1023/1089/1436
f 1020/1086/1426 1017/1681/1425 1021/1679/1437 1024/1090/1438
f 1021/1087/1439 1022/1980/1440 1026/1979/1441 1025/1091/1442
f 1022/1088/1432 1023/1963/1431 1027/1962/1443 1026/1092/1444
f 1023/1089/1445 1024/1678/1446 1028/1676/1447 1027/1093/1448
f 1024/1090/1438 1021/1679/1437 1025/1677/1449 1028/1094/1450
f 1025/1091/1451 1026/1979/1452 1030/1978/1453 1029/1095/1454
f 1026/1092/1444 1027/1962/1443 1031/1961/1455 1030/1096/1456
f 1027/1093/1457 1028/1676/1458 1032/1674/1459 1031/1097/1460
f 1028/1094/1450 1025/1677/1449 1029/1675/1461 1032/1098/1462
f 1029/1095/1463 1030/1978/1464 1034/1977/1465 1033/2011/1466
f 1030/1096/1456 1031/1961/1455 1035/1960/1467 1034/1100/1468
f 1031/1097/1469 1032/1674/1470 1036/1672/1471 1035/1101/1472
f 1032/1098/1462 1029/1675/1461 1033/1673/1473 1036/1102/1474
f 1033/1099/1475 1034/2012/1476 1038/1975/1477 1037/1103/1478
f 1034/1100/1468 1035/1960/1467 1039/1976/1479 1038/1104/1480
f 1035/1101/1481 1036/1672/1482 1040/1671/1483 1039/1105/1484
f 1036/1102/1474 1033/1673/1473 1037/1670/1485 1040/1106/1486
f 1319/1385/1487 1320/1386/1225 941/1007/1226 1043/1108/1488
f 941/1816/1228 942/1669/1227 1044/1667/1489 1043/1815/1490
f 942/1008/1230 1271/1337/1229 1272/1338/1491 1044/1109/1492
f 986/1052/1243 946/1668/1246 1047/1666/1493 1046/1111/1494
f 946/1012/1224 945/1959/1223 1048/1958/1495 1047/1112/1496
f 945/1011/1237 985/1051/1236 1045/1114/1497 1048/1113/1498
f 939/1005/1330 986/1052/1243 1046/1111/1494 1041/1110/1499
f 985/1051/1236 940/1006/1327 1042/1107/1500 1045/1114/1497
f 1318/1384/1501 1319/1385/1487 1043/1108/1488 1051/1116/1502
f 1043/1815/1490 1044/1667/1489 1052/1665/1503 1051/1814/1504
f 1044/1109/1492 1272/1338/1491 1273/1339/1505 1052/1117/1506
f 1046/1111/1494 1047/1666/1493 1055/1664/1507 1054/1119/1508
f 1047/1112/1496 1048/1958/1495 1056/1957/1509 1055/1120/1510
f 1048/1113/1498 1045/1114/1497 1053/1122/1511 1056/1121/1512
f 1041/1110/1499 1046/1111/1494 1054/1119/1508 1049/1118/1513
f 1045/1114/1497 1042/1107/1500 1050/1115/1514 1053/1122/1511
f 1317/1383/1515 1318/1384/1501 1051/1116/1502 1059/1124/1516
f 1051/1814/1504 1052/1665/1503 1060/1663/1517 1059/1813/1518
f 1052/1117/1506 1273/1339/1505 1274/1340/1519 1060/1125/1520
f 1054/1119/1508 1055/1664/1507 1063/1662/1521 1062/1127/1522
f 1055/1120/1510 1056/1957/1509 1064/1956/1523 1063/1128/1524
f 1056/1121/1512 1053/1122/1511 1061/1130/1525 1064/1129/1526
f 1049/1118/1513 1054/1119/1508 1062/1127/1522 1057/1126/1527
f 1053/1122/1511 1050/1115/1514 1058/1123/1528 1061/1130/1525
f 1316/1382/1529 1317/1383/1515 1059/1124/1516 1067/1132/1530
f 1059/1813/1518 1060/1663/1517 1068/1661/1531 1067/1812/1532
f 1060/1125/1520 1274/1340/1519 1275/1341/1533 1068/1133/1534
f 1062/1127/1522 1063/1662/1521 1071/1660/1535 1070/1135/1536
f 1063/1128/1524 1064/1956/1523 1072/1955/1537 1071/1136/1538
f 1064/1129/1526 1061/1130/1525 1069/1138/1539 1072/1137/1540
f 1057/1126/1527 1062/1127/1522 1070/1135/1536 1065/1134/1541
f 1061/1130/1525 1058/1123/1528 1066/1131/1542 1069/1138/1539
f 1315/1381/1543 1316/1382/1529 1067/1132/1530 1075/1140/1544
f 1067/1812/1532 1068/1661/1531 1076/1659/1545 1075/1811/1546
f 1068/1133/1534 1275/1341/1533 1276/1342/1547 1076/1141/1548
f 1070/1135/1536 1071/1660/1535 1079/1658/1549 1078/1143/1550
f 1071/1136/1551 1072/1955/1552 1080/1954/1553 1079/1144/1554
f 1072/1137/1540 1069/1138/1539 1077/1146/1555 1080/1145/1556
f 1065/1134/1541 1070/1135/1536 1078/1143/1550 1073/1142/1557
f 1069/1138/1539 1066/1131/1542 1074/1139/1558 1077/1146/1555
f 1314/1380/1559 1315/1381/1543 1075/1140/1544 1083/1148/1560
f 1075/1811/1546 1076/1659/1545 1084/1657/1561 1083/1810/1562
f 1076/1141/1548 1276/1342/1547 1277/1343/1563 1084/1149/1564
f 1078/1143/1550 1079/1658/1549 1087/1656/1565 1086/1151/1566
f 1079/1144/1567 1080/1954/1568 1088/1953/1569 1087/1152/1570
f 1080/1145/1556 1077/1146/1555 1085/1154/1571 1088/1153/1572
f 1073/1142/1557 1078/1143/1550 1086/1151/1566 1081/1150/1573
f 1077/1146/1555 1074/1139/1558 1082/1147/1574 1085/1154/1571
f 1313/1379/1575 1314/1380/1559 1083/1148/1560 1091/1156/1576
f 1083/1810/1562 1084/1657/1561 1092/1655/1577 1091/1809/1578
f 1084/1149/1564 1277/1343/1563 1278/1344/1579 1092/1157/1580
f 1086/1151/1566 1087/1656/1565 1095/1654/1581 1094/1159/1582
f 1087/1152/1583 1088/1953/1584 1096/1952/1585 1095/1160/1586
f 1088/1153/1572 1085/1154/1571 1093/1162/1587 1096/1161/1588
f 1081/1150/1573 1086/1151/1566 1094/1159/1582 1089/1158/1589
f 1085/1154/1571 1082/1147/1574 1090/1155/1590 1093/1162/1587
f 1312/1378/1591 1313/1379/1575 1091/1156/1576 1099/1164/1592
f 1091/1809/1578 1092/1655/1577 1100/1653/1593 1099/1808/1594
f 1092/1157/1580 1278/1344/1579 1279/1345/1595 1100/1165/1596
f 1094/1159/1582 1095/1654/1581 1103/1652/1597 1102/1167/1598
f 1095/1160/1599 1096/1952/1600 1104/1951/1601 1103/1168/1602
f 1096/1161/1588 1093/1162/1587 1101/1170/1603 1104/1169/1604
f 1089/1158/1589 1094/1159/1582 1102/1167/1598 1097/1166/1605
f 1093/1162/1587 1090/1155/1590 1098/1163/1606 1101/1170/1603
f 1311/1377/1607 1312/1378/1591 1099/1164/1592 1107/1172/1608
f 1099/1808/1594 1100/1653/1593 1108/1651/1609 1107/1807/1610
f 1100/1165/1596 1279/1345/1595 1280/1346/1611 1108/1173/1612
f 1102/1167/1598 1103/1652/1597 1111/1650/1613 1110/1175/1614
f 1103/1168/1615 1104/1951/1616 1112/1950/1617 1111/1176/1618
f 1104/1169/1604 1101/1170/1603 1109/1178/1619 1112/1177/1620
f 1097/1166/1605 1102/1167/1598 1110/1175/1614 1105/1174/1621
f 1101/1170/1603 1098/1163/1606 1106/1171/1622 1109/1178/1619
f 1310/1376/1623 1311/1377/1607 1107/1172/1608 1115/1180/1624
f 1107/1807/1610 1108/1651/1609 1116/1649/1625 1115/1806/1626
f 1108/1173/1612 1280/1346/1611 1281/1347/1627 1116/1181/1628
f 1110/1175/1614 1111/1650/1613 1119/1648/1629 1118/1183/1630
f 1111/1176/1631 1112/1950/1632 1120/1949/1633 1119/1184/1634
f 1112/1177/1620 1109/1178/1619 1117/1186/1635 1120/1185/1636
f 1105/1174/1621 1110/1175/1614 1118/1183/1630 1113/1182/1637
f 1109/1178/1619 1106/1171/1622 1114/1179/1638 1117/1186/1635
f 1309/1375/1639 1310/1376/1623 1115/1180/1624 1123/1188/1640
f 1115/1806/1626 1116/1649/1625 1124/1647/1641 1123/1805/1642
f 1116/1181/1628 1281/1347/1627 1282/1348/1643 1124/1189/1644
f 1118/1183/1630 1119/1648/1629 1127/1646/1645 1126/1191/1646
f 1119/1184/1647 1120/1949/1648 1128/1948/1649 1127/1192/1650
f 1120/1185/1636 1117/1186/1635 1125/1194/1651 1128/1193/1652
f 1113/1182/1637 1118/1183/1630 1126/1191/1646 1121/1190/1653
f 1117/1186/1635 1114/1179/1638 1122/1187/1654 1125/1194/1651
f 1308/1374/1655 1309/1375/1639 1123/1188/1640 1131/1196/1656
f 1123/1805/1642 1124/1647/1641 1132/1645/1657 1131/1804/1658
f 1124/1189/1644 1282/1348/1643 1283/1349/1659 1132/1197/1660
f 1126/1191/1646 1127/1646/1645 1135/1644/1661 1134/1199/1662
f 1127/1192/1663 1128/1948/1664 1136/1947/1665 1135/1200/1666
f 1128/1193/1652 1125/1194/1651 1133/1202/1667 1136/1201/1668
f 1121/1190/1653 1126/1191/1646 1134/1199/1662 1129/1198/1669
f 1125/1194/1651 1122/1187/1654 1130/1195/1670 1133/1202/1667
f 1307/1373/1671 1308/1374/1655 1131/1196/1656 1139/1204/1672
f 1131/1804/1658 1132/1645/1657 1140/1643/1673 1139/1803/1674
f 1132/1197/1660 1283/1349/1659 1284/1350/1675 1140/1205/1676
f 1134/1199/1662 1135/1644/1661 1143/1642/1677 1142/1207/1678
f 1135/1200/1679 1136/1947/1680 1144/1946/1681 1143/1208/1682
f 1136/1201/1668 1133/1202/1667 1141/1210/1683 1144/1209/1684
f 1129/1198/1669 1134/1199/1662 1142/1207/1678 1137/1206/1685
f 1133/1202/1667 1130/1195/1670 1138/1203/1686 1141/1210/1683
f 1306/1372/1687 1307/1373/1671 1139/1204/1672 1147/1212/1688
f 1139/1803/1674 1140/1643/1673 1148/1641/1689 1147/1802/1690
f 1140/1205/1676 1284/1350/1675 1285/1351/1691 1148/1213/1692
f 1142/1207/1678 1143/1642/1677 1151/1640/1693 1150/1215/1694
f 1143/1208/1695 1144/1946/1696 1152/1945/1697 1151/1216/1698
f 1144/1209/1684 1141/1210/1683 1149/1218/1699 1152/1217/1700
f 1137/1206/1685 1142/1207/1678 1150/1215/1694 1145/1214/1701
f 1141/1210/1683 1138/1203/1686 1146/1211/1702 1149/1218/1699
f 1305/1371/1703 1306/1372/1687 1147/1212/1688 1155/1220/1704
f 1147/1802/1705 1148/1641/1706 1156/1639/1707 1155/1801/1708
f 1148/1213/1692 1285/1351/1691 1286/1352/1709 1156/1221/1710
f 1150/1215/1694 1151/1640/1693 1159/1638/1711 1158/1223/1712
f 1151/1216/1713 1152/1945/1714 1160/1944/1715 1159/1224/1716
f 1152/1217/1700 1149/1218/1699 1157/1226/1717 1160/1225/1718
f 1145/1214/1701 1150/1215/1694 1158/1223/1712 1153/1222/1719
f 1149/1218/1699 1146/1211/1702 1154/1219/1720 1157/1226/1717
f 1304/1370/1721 1305/1371/1703 1155/1220/1704 1163/1228/1722
f 1155/1801/1708 1156/1639/1707 1164/1637/1723 1163/1800/1724
f 1156/1221/1710 1286/1352/1709 1287/1353/1725 1164/1229/1726
f 1158/1223/1712 1159/1638/1711 1167/1636/1727 1166/1231/1728
f 1159/1224/1729 1160/1944/1730 1168/1943/1731 1167/1232/1732
f 1160/1225/1718 1157/1226/1717 1165/1234/1733 1168/1233/1734
f 1153/1222/1719 1158/1223/1712 1166/1231/1728 1161/1230/1735
f 1157/1226/1717 1154/1219/1720 1162/1227/1736 1165/1234/1733
f 1303/1369/1737 1304/1370/1721 1163/1228/1722 1171/1236/1738
f 1163/1800/1739 1164/1637/1740 1172/1635/1741 1171/1799/1742
f 1164/1229/1726 1287/1353/1725 1288/1354/1743 1172/1237/1744
f 1166/1231/1728 1167/1636/1727 1175/1634/1745 1174/1239/1746
f 1167/1232/1747 1168/1943/1748 1176/1942/1749 1175/1240/1750
f 1168/1233/1734 1165/1234/1733 1173/1242/1751 1176/1241/1752
f 1161/1230/1735 1166/1231/1728 1174/1239/1746 1169/1238/1753
f 1165/1234/1733 1162/1227/1736 1170/1235/1754 1173/1242/1751
f 1302/1368/1755 1303/1369/1737 1171/1236/1738 1179/1244/1756
f 1171/1799/1757 1172/1635/1758 1180/1633/1759 1179/1798/1760
f 1172/1237/1744 1288/1354/1743 1289/1355/1761 1180/1245/1762
f 1174/1239/1746 1175/1634/1745 1183/1632/1763 1182/1247/1764
f 1175/1240/1765 1176/1942/1766 1184/1941/1767 1183/1248/1768
f 1176/1241/1752 1173/1242/1751 1181/1250/1769 1184/1249/1770
f 1169/1238/1753 1174/1239/1746 1182/1247/1764 1177/1246/1771
f 1173/1242/1751 1170/1235/1754 1178/1243/1772 1181/1250/1769
f 1301/1367/1773 1302/1368/1755 1179/1244/1756 1187/1252/1774
f 1179/1798/1775 1180/1633/1776 1188/1631/1777 1187/1797/1778
f 1180/1245/1762 1289/1355/1761 1290/1356/1779 1188/1253/1780
f 1182/1247/1764 1183/1632/1763 1191/1630/1781 1190/1255/1782
f 1183/1248/1783 1184/1941/1784 1192/1940/1785 1191/1256/1786
f 1184/1249/1770 1181/1250/1769 1189/1258/1787 1192/1257/1788
f 1177/1246/1771 1182/1247/1764 1190/1255/1782 1185/1254/1789
f 1181/1250/1769 1178/1243/1772 1186/1251/1790 1189/1258/1787
f 1300/1366/1791 1301/1367/1773 1187/1252/1774 1195/1260/1792
f 1187/1797/1793 1188/1631/1794 1196/1629/1795 1195/1796/1796
f 1188/1253/1780 1290/1356/1779 1291/1357/1797 1196/1261/1798
f 1190/1255/1782 1191/1630/1781 1199/1628/1799 1198/1263/1800
f 1191/1256/1801 1192/1940/1802 1200/1939/1803 1199/1264/1804
f 1192/1257/1788 1189/1258/1787 1197/1266/1805 1200/1265/1806
f 1185/1254/1789 1190/1255/1782 1198/1263/1800 1193/1262/1807
f 1189/1258/1787 1186/1251/1790 1194/1259/1808 1197/1266/1805
f 1299/1365/1809 1300/1366/1791 1195/1260/1792 1203/1268/1810
f 1195/1796/1811 1196/1629/1812 1204/1627/1813 1203/1795/1814
f 1196/1261/1798 1291/1357/1797 1292/1358/1815 1204/1269/1816
f 1198/1263/1800 1199/1628/1799 1207/1626/1817 1206/1271/1818
f 1199/1264/1819 1200/1939/1820 1208/1938/1821 1207/1272/1822
f 1200/1265/1806 1197/1266/1805 1205/1274/1823 1208/1273/1824
f 1193/1262/1807 1198/1263/1800 1206/1271/1818 1201/1270/1825
f 1197/1266/1805 1194/1259/1808 1202/1267/1826 1205/1274/1823
f 1298/1364/1827 1299/1365/1809 1203/1268/1810 1211/1276/1828
f 1203/1795/1829 1204/1627/1830 1212/1625/1831 1211/1794/1832
f 1204/1269/1816 1292/1358/1815 1293/1359/1833 1212/1277/1834
f 1206/1271/1818 1207/1626/1817 1215/1624/1835 1214/1279/1836
f 1207/1272/1837 1208/1938/1838 1216/1937/1839 1215/1280/1840
f 1208/1273/1824 1205/1274/1823 1213/1282/1841 1216/1281/1842
f 1201/1270/1825 1206/1271/1818 1214/1279/1836 1209/1278/1843
f 1205/1274/1823 1202/1267/1826 1210/1275/1844 1213/1282/1841
f 1297/1363/1845 1298/1364/1827 1211/1276/1828 1219/1284/1846
f 1211/1794/1847 1212/1625/1848 1220/1623/1849 1219/1793/1850
f 1212/1277/1834 1293/1359/1833 1294/1360/1851 1220/1285/1852
f 1214/1279/1836 1215/1624/1835 1223/1622/1853 1222/1287/1854
f 1215/1280/1855 1216/1937/1856 1224/1936/1857 1223/1288/1858
f 1216/1281/1842 1213/1282/1841 1221/1290/1859 1224/1289/1860
f 1209/1278/1843 1214/1279/1836 1222/1287/1854 1217/1286/1861
f 1213/1282/1841 1210/1275/1844 1218/1283/1862 1221/1290/1859
f 1296/1909/1863 1297/1363/1845 1219/1284/1846 1227/1792/1864
f 1219/1793/1865 1220/1623/1866 1228/1619/1867 1227/1292/1868
f 1220/1285/1852 1294/1360/1851 1295/1361/1869 1228/1293/1870
f 1222/1287/1854 1223/1622/1853 1231/1615/1871 1230/1295/1872
f 1223/1288/1873 1224/1936/1874 1232/1935/1875 1231/1296/1876
f 1224/1289/1860 1221/1290/1859 1229/1298/1877 1232/1297/1878
f 1217/1286/1861 1222/1287/1854 1230/1295/1872 1225/1294/1879
f 1221/1290/1859 1218/1283/1862 1226/1291/1880 1229/1298/1877
f 1234/1300/853 1233/1299/845 785/1785/1881 791/1783/1882
f 1235/1301/865 1234/1300/853 791/1783/1882 795/1781/1883
f 1236/1302/875 1235/1301/865 795/1781/1883 799/1779/1884
f 1237/1303/887 1236/1302/875 799/1779/1884 803/1777/1885
f 1238/1304/899 1237/1303/887 803/1777/1885 807/1775/1886
f 1239/1305/911 1238/1304/899 807/1775/1886 811/1773/1887
f 1240/1306/923 1239/1305/911 811/1773/1887 815/1771/1888
f 1241/1307/935 1240/1306/923 815/1771/1888 819/1769/1889
f 1242/1308/947 1241/1307/935 819/1769/1889 823/1767/1890
f 1243/1309/959 1242/1308/947 823/1767/1890 827/1765/1891
f 1244/1310/971 1243/1309/959 827/1765/1891 831/1763/1892
f 1245/1311/981 1244/1310/971 831/1763/1892 835/1761/1893
f 1246/1312/989 1245/1311/981 835/1761/1893 839/1759/1894
f 1247/1313/997 1246/1312/989 839/1759/1894 843/1757/1895
f 1248/1314/1007 1247/1313/997 843/1757/1895 847/1755/1896
f 1249/1315/1017 1248/1314/1007 847/1755/1896 851/1753/1897
f 1250/1316/1027 1249/1315/1017 851/1753/1897 855/1751/1898
f 1251/1317/1037 1250/1316/1027 855/1751/1898 859/1749/1899
f 1252/1318/1047 1251/1317/1037 859/1749/1899 863/1747/1900
f 1253/1319/1057 1252/1318/1047 863/1747/1900 867/1745/1901
f 1254/1320/1067 1253/1319/1057 867/1745/1901 871/1743/1902
f 1255/1321/1077 1254/1320/1067 871/1743/1902 875/1741/1903
f 1256/1322/1087 1255/1321/1077 875/1741/1903 879/1739/1904
f 1257/1323/1097 1256/1322/1087 879/1739/1904 883/1737/1905
f 1258/1324/1107 1257/1323/1097 883/1737/1905 887/1735/1906
f 1259/1325/1117 1258/1324/1107 887/1735/1906 891/1733/1907
f 1260/1326/1127 1259/1325/1117 891/1733/1907 895/1731/1908
f 1261/1327/1137 1260/1326/1127 895/1731/1908 899/1729/1909
f 1262/1328/1147 1261/1327/1137 899/1729/1909 903/1727/1910
f 1263/1329/1157 1262/1328/1147 903/1727/1910 907/1725/1911
f 1264/1330/1167 1263/1329/1157 907/1725/1911 911/1723/1912
f 1265/1331/1177 1264/1330/1167 911/1723/1912 915/1721/1913
f 1266/1332/1187 1265/1331/1177 915/1721/1913 919/1719/1914
f 1267/1333/1195 1266/1332/1187 919/1719/1914 923/1717/1915
f 1268/1334/1203 1267/1333/1195 923/1717/1915 927/1715/1916
f 1269/1335/1211 1268/1334/1203 927/1715/1916 931/1713/1917
f 1270/1336/1219 1269/1335/1211 931/1713/1917 935/1710/1309
f 1271/1337/1229 1270/1336/1219 935/1710/1309 939/1005/1330
f 1272/1338/1491 1271/1337/1229 939/1005/1330 1041/1110/1499
f 1273/1339/1505 1272/1338/1491 1041/1110/1499 1049/1118/1513
f 1274/1340/1519 1273/1339/1505 1049/1118/1513 1057/1126/1527
f 1275/1341/1533 1274/1340/1519 1057/1126/1527 1065/1134/1541
f 1276/1342/1547 1275/1341/1533 1065/1134/1541 1073/1142/1557
f 1277/1343/1563 1276/1342/1547 1073/1142/1557 1081/1150/1573
f 1278/1344/1579 1277/1343/1563 1081/1150/1573 1089/1158/1589
f 1279/1345/1595 1278/1344/1579 1089/1158/1589 1097/1166/1605
f 1280/1346/1611 1279/1345/1595 1097/1166/1605 1105/1174/1621
f 1281/1347/1627 1280/1346/1611 1105/1174/1621 1113/1182/1637
f 1282/1348/1643 1281/1347/1627 1113/1182/1637 1121/1190/1653
f 1283/1349/1659 1282/1348/1643 1121/1190/1653 1129/1198/1669
f 1284/1350/1675 1283/1349/1659 1129/1198/1669 1137/1206/1685
f 1285/1351/1691 1284/1350/1675 1137/1206/1685 1145/1214/1701
f 1286/1352/1709 1285/1351/1691 1145/1214/1701 1153/1222/1719
f 1287/1353/1725 1286/1352/1709 1153/1222/1719 1161/1230/1735
f 1288/1354/1743 1287/1353/1725 1161/1230/1735 1169/1238/1753
f 1289/1355/1761 1288/1354/1743 1169/1238/1753 1177/1246/1771
f 1290/1356/1779 1289/1355/1761 1177/1246/1771 1185/1254/1789
f 1291/1357/1797 1290/1356/1779 1185/1254/1789 1193/1262/1807
f 1292/1358/1815 1291/1357/1797 1193/1262/1807 1201/1270/1825
f 1293/1359/1833 1292/1358/1815 1201/1270/1825 1209/1278/1843
f 1294/1360/1851 1293/1359/1833 1209/1278/1843 1217/1286/1861
f 1295/1361/1869 1294/1360/1851 1217/1286/1861 1225/1294/1879
f 1509/1575/1329 1510/1915/1328 1511/1577/1918 1512/1580/1919
f 1218/1283/1862 1297/1363/1845 1296/1909/1863 1226/1291/1880
f 1210/1275/1844 1298/1364/1827 1297/1363/1845 1218/1283/1862
f 1202/1267/1826 1299/1365/1809 1298/1364/1827 1210/1275/1844
f 1194/1259/1808 1300/1366/1791 1299/1365/1809 1202/1267/1826
f 1186/1251/1790 1301/1367/1773 1300/1366/1791 1194/1259/1808
f 1178/1243/1772 1302/1368/1755 1301/1367/1773 1186/1251/1790
f 1170/1235/1754 1303/1369/1737 1302/1368/1755 1178/1243/1772
f 1162/1227/1736 1304/1370/1721 1303/1369/1737 1170/1235/1754
f 1154/1219/1720 1305/1371/1703 1304/1370/1721 1162/1227/1736
f 1146/1211/1702 1306/1372/1687 1305/1371/1703 1154/1219/1720
f 1138/1203/1686 1307/1373/1671 1306/1372/1687 1146/1211/1702
f 1130/1195/1670 1308/1374/1655 1307/1373/1671 1138/1203/1686
f 1122/1187/1654 1309/1375/1639 1308/1374/1655 1130/1195/1670
f 1114/1179/1638 1310/1376/1623 1309/1375/1639 1122/1187/1654
f 1106/1171/1622 1311/1377/1607 1310/1376/1623 1114/1179/1638
f 1098/1163/1606 1312/1378/1591 1311/1377/1607 1106/1171/1622
f 1090/1155/1590 1313/1379/1575 1312/1378/1591 1098/1163/1606
f 1082/1147/1574 1314/1380/1559 1313/1379/1575 1090/1155/1590
f 1074/1139/1558 1315/1381/1543 1314/1380/1559 1082/1147/1574
f 1066/1131/1542 1316/1382/1529 1315/1381/1543 1074/1139/1558
f 1058/1123/1528 1317/1383/1515 1316/1382/1529 1066/1131/1542
f 1050/1115/1514 1318/1384/1501 1317/1383/1515 1058/1123/1528
f 1042/1107/1500 1319/1385/1487 1318/1384/1501 1050/1115/1514
f 940/1006/1327 1320/1386/1225 1319/1385/1487 1042/1107/1500
f 936/1002/1326 1321/1387/1215 1320/1386/1225 940/1006/1327
f 932/998/1920 1322/1388/1207 1321/1387/1215 936/1002/1326
f 928/994/1921 1323/1389/1199 1322/1388/1207 932/998/1920
f 924/990/1922 1324/1390/1191 1323/1389/1199 928/994/1921
f 920/986/1923 1325/1391/1183 1324/1390/1191 924/990/1922
f 916/982/1924 1326/1392/1173 1325/1391/1183 920/986/1923
f 912/978/1925 1327/1393/1163 1326/1392/1173 916/982/1924
f 908/974/1926 1328/1394/1153 1327/1393/1163 912/978/1925
f 904/970/1927 1329/1395/1143 1328/1394/1153 908/974/1926
f 900/966/1928 1330/1396/1133 1329/1395/1143 904/970/1927
f 896/962/1929 1331/1397/1123 1330/1396/1133 900/966/1928
f 892/958/1930 1332/1398/1113 1331/1397/1123 896/962/1929
f 888/954/1931 1333/1399/1103 1332/1398/1113 892/958/1930
f 884/950/1932 1334/1400/1093 1333/1399/1103 888/954/1931
f 880/946/1933 1335/1401/1083 1334/1400/1093 884/950/1932
f 876/942/1934 1336/1402/1073 1335/1401/1083 880/946/1933
f 872/938/1935 1337/1403/1063 1336/1402/1073 876/942/1934
f 868/934/1936 1338/1404/1053 1337/1403/1063 872/938/1935
f 864/930/1937 1339/1405/1043 1338/1404/1053 868/934/1936
f 860/926/1938 1340/1406/1033 1339/1405/1043 864/930/1937
f 856/922/1939 1341/1407/1023 1340/1406/1033 860/926/1938
f 852/918/1940 1342/1408/1013 1341/1407/1023 856/922/1939
f 848/914/1941 1343/1409/1003 1342/1408/1013 852/918/1940
f 844/910/1942 1344/1410/993 1343/1409/1003 848/914/1941
f 840/906/1943 1345/1411/985 1344/1410/993 844/910/1942
f 836/902/1944 1346/1412/977 1345/1411/985 840/906/1943
f 832/898/1945 1347/1413/965 1346/1412/977 836/902/1944
f 828/894/1946 1348/1414/953 1347/1413/965 832/898/1945
f 824/890/1947 1349/1415/941 1348/1414/953 828/894/1946
f 820/886/1948 1350/1416/929 1349/1415/941 824/890/1947
f 816/882/1949 1351/1417/917 1350/1416/929 820/886/1948
f 812/878/1950 1352/1418/905 1351/1417/917 816/882/1949
f 808/874/1951 1353/1419/893 1352/1418/905 812/878/1950
f 804/870/1952 1354/1420/881 1353/1419/893 808/874/1951
f 800/866/1953 1355/1421/871 1354/1420/881 804/870/1952
f 796/862/1954 1356/1422/859 1355/1421/871 800/866/1953
f 792/858/1955 1357/1423/849 1356/1422/859 796/862/1954
f 786/852/1956 1358/1424/839 1357/1423/849 792/858/1955
f 784/1892/1957 1359/1787/840 1358/1424/839 786/852/1956
f 1360/1620/838 1359/1425/837 784/850/1958 783/1621/1959
f 1233/1299/845 1360/1426/844 783/849/1960 785/1785/1881
f 1295/2006/1961 1296/1362/1962 1362/1914/1963 1361/1427/1964
f 1296/1909/1863 1227/1792/1864 1363/1791/1965 1362/1428/1966
f 1227/1292/1967 1228/1619/1968 1364/1618/1969 1363/1429/1970
f 1228/1293/1870 1295/1361/1869 1361/2005/1971 1364/1430/1972
f 1361/1427/1973 1362/1914/1974 1366/1913/1975 1365/1431/1976
f 1362/1428/1966 1363/1791/1965 1367/1790/1977 1366/1432/1978
f 1363/1429/1979 1364/1618/1980 1368/1617/1981 1367/1433/1982
f 1364/1430/1972 1361/2005/1971 1365/2004/1983 1368/1434/1984
f 1365/1431/1985 1366/1913/1986 1370/1912/1987 1369/1435/1988
f 1366/1432/1978 1367/1790/1977 1371/1789/1989 1370/1436/1990
f 1367/1433/1991 1368/1617/1992 1372/1616/1993 1371/1437/1994
f 1368/1434/1984 1365/2004/1983 1369/2003/1995 1372/1438/1996
f 1369/1435/1997 1370/1912/1998 1374/1910/1999 1373/1439/2000
f 1370/1436/1990 1371/1789/1989 1375/1911/2001 1374/1440/2002
f 1371/1437/2003 1372/1616/2004 1376/2002/2005 1375/1441/2006
f 1372/1438/1996 1369/2003/1995 1373/2001/2007 1376/1442/2008
f 1230/1295/1872 1231/1615/1871 1379/1614/2009 1378/1443/2010
f 1231/1296/2011 1232/1935/2012 1380/1934/2013 1379/1444/2014
f 1232/1297/1878 1229/1298/1877 1377/1446/2015 1380/1445/2016
f 1225/1294/1879 1230/1295/1872 1378/1443/2010 1381/1447/2017
f 1229/1298/1877 1226/1291/1880 1382/1448/2018 1377/1446/2015
f 1226/1291/1880 1296/1909/1863 1383/1908/2019 1382/1448/2018
f 1296/1362/2020 1295/2006/2021 1384/1613/2022 1383/1449/2023
f 1295/1361/1869 1225/1294/1879 1381/1447/2017 1384/1450/2024
f 1378/1443/2010 1379/1614/2009 1387/1612/2025 1386/1451/2026
f 1379/1444/2027 1380/1934/2028 1388/1933/2029 1387/1452/2030
f 1380/1445/2016 1377/1446/2015 1385/1454/2031 1388/1453/2032
f 1381/1447/2017 1378/1443/2010 1386/1451/2026 1389/1455/2033
f 1377/1446/2015 1382/1448/2018 1390/1456/2034 1385/1454/2031
f 1382/1448/2018 1383/1908/2019 1391/1907/2035 1390/1456/2034
f 1383/1449/2036 1384/1613/2037 1392/1611/2038 1391/1457/2039
f 1384/1450/2024 1381/1447/2017 1389/1455/2033 1392/1458/2040
f 1386/1451/2026 1387/1612/2025 1395/1610/2041 1394/1459/2042
f 1387/1452/2043 1388/1933/2044 1396/1932/2045 1395/1460/2046
f 1388/1453/2032 1385/1454/2031 1393/1462/2047 1396/1461/2048
f 1389/1455/2033 1386/1451/2026 1394/1459/2042 1397/1463/2049
f 1385/1454/2031 1390/1456/2034 1398/1464/2050 1393/1462/2047
f 1390/1456/2034 1391/1907/2035 1399/1906/2051 1398/1464/2050
f 1391/1457/2052 1392/1611/2053 1400/1609/2054 1399/1465/2055
f 1392/1458/2040 1389/1455/2033 1397/1463/2049 1400/1466/2056
f 1394/1459/2042 1395/1610/2041 1403/1608/2057 1402/1467/2058
f 1395/1460/2059 1396/1932/2060 1404/1931/2061 1403/1468/2062
f 1396/1461/2048 1393/1462/2047 1401/1470/2063 1404/1469/2064
f 1397/1463/2049 1394/1459/2042 1402/1467/2058 1405/1471/2065
f 1393/1462/2047 1398/1464/2050 1406/1472/2066 1401/1470/2063
f 1398/1464/2050 1399/1906/2051 1407/1905/2067 1406/1472/2066
f 1399/1465/2068 1400/1609/2069 1408/1607/2070 1407/1473/2071
f 1400/1466/2056 1397/1463/2049 1405/1471/2065 1408/1474/2072
f 1402/1467/2058 1403/1608/2057 1411/1606/2073 1410/1475/2074
f 1403/1468/2062 1404/1931/2061 1412/1930/2075 1411/1476/2076
f 1404/1469/2064 1401/1470/2063 1409/1478/2077 1412/1477/2078
f 1405/1471/2065 1402/1467/2058 1410/1475/2074 1413/1479/2079
f 1401/1470/2063 1406/1472/2066 1414/1480/2080 1409/1478/2077
f 1406/1472/2066 1407/1905/2067 1415/1904/2081 1414/1480/2080
f 1407/1473/2082 1408/1607/2083 1416/1605/2084 1415/1481/2085
f 1408/1474/2072 1405/1471/2065 1413/1479/2079 1416/1482/2086
f 1410/1475/2074 1411/1606/2073 1419/1604/2087 1418/1483/2088
f 1411/1476/2076 1412/1930/2075 1420/1929/2089 1419/1484/2090
f 1412/1477/2078 1409/1478/2077 1417/1486/2091 1420/1485/2092
f 1413/1479/2079 1410/1475/2074 1418/1483/2088 1421/1487/2093
f 1409/1478/2077 1414/1480/2080 1422/1488/2094 1417/1486/2091
f 1414/1480/2080 1415/1904/2081 1423/1903/2095 1422/1488/2094
f 1415/1481/2096 1416/1605/2097 1424/1603/2098 1423/1489/2099
f 1416/1482/2086 1413/1479/2079 1421/1487/2093 1424/1490/2100
f 1418/1483/2088 1419/1604/2087 1427/1602/2101 1426/1491/2102
f 1419/1484/2090 1420/1929/2089 1428/1928/2103 1427/1492/2104
f 1420/1485/2092 1417/1486/2091 1425/1494/2105 1428/1493/2106
f 1421/1487/2093 1418/1483/2088 1426/1491/2102 1429/1495/2107
f 1417/1486/2091 1422/1488/2094 1430/1496/2108 1425/1494/2105
f 1422/1488/2094 1423/1903/2095 1431/1902/2109 1430/1496/2108
f 1423/1489/2110 1424/1603/2111 1432/1601/2112 1431/1497/2113
f 1424/1490/2100 1421/1487/2093 1429/1495/2107 1432/1498/2114
f 1426/1491/2102 1427/1602/2101 1435/1600/2115 1434/1499/2116
f 1427/1492/2104 1428/1928/2103 1436/1927/2117 1435/1500/2118
f 1428/1493/2106 1425/1494/2105 1433/1502/2119 1436/1501/2120
f 1429/1495/2107 1426/1491/2102 1434/1499/2116 1437/1503/2121
f 1425/1494/2105 1430/1496/2108 1438/1504/2122 1433/1502/2119
f 1430/1496/2108 1431/1902/2109 1439/1901/2123 1438/1504/2122
f 1431/1497/2124 1432/1601/2125 1440/1599/2126 1439/1505/2127
f 1432/1498/2114 1429/1495/2107 1437/1503/2121 1440/1506/2128
f 1434/1499/2116 1435/1600/2115 1443/1598/2129 1442/1507/2130
f 1435/1500/2118 1436/1927/2117 1444/1926/2131 1443/1508/2132
f 1436/1501/2120 1433/1502/2119 1441/1510/2133 1444/1509/2134
f 1437/1503/2121 1434/1499/2116 1442/1507/2130 1445/1511/2135
f 1433/1502/2119 1438/1504/2122 1446/1512/2136 1441/1510/2133
f 1438/1504/2122 1439/1901/2123 1447/1900/2137 1446/1512/2136
f 1439/1505/2127 1440/1599/2126 1448/1597/2138 1447/1513/2139
f 1440/1506/2128 1437/1503/2121 1445/1511/2135 1448/1514/2140
f 1442/1507/2130 1443/1598/2129 1451/1596/2141 1450/1515/2142
f 1443/1508/2132 1444/1926/2131 1452/1925/2143 1451/1516/2144
f 1444/1509/2134 1441/1510/2133 1449/1518/2145 1452/1517/2146
f 1445/1511/2135 1442/1507/2130 1450/1515/2142 1453/1519/2147
f 1441/1510/2133 1446/1512/2136 1454/1520/2148 1449/1518/2145
f 1446/1512/2136 1447/1900/2137 1455/1899/2149 1454/1520/2148
f 1447/1513/2150 1448/1597/2151 1456/1595/2152 1455/1521/2153
f 1448/1514/2140 1445/1511/2135 1453/1519/2147 1456/1522/2154
f 1450/1515/2142 1451/1596/2141 1459/1594/2155 1458/1523/2156
f 1451/1516/2144 1452/1925/2143 1460/1924/2157 1459/1524/2158
f 1452/1517/2146 1449/1518/2145 1457/1526/2159 1460/1525/2160
f 1453/1519/2147 1450/1515/2142 1458/1523/2156 1461/1527/2161
f 1449/1518/2145 1454/1520/2148 1462/1528/2162 1457/1526/2159
f 1454/1520/2148 1455/1899/2149 1463/1898/2163 1462/1528/2162
f 1455/1521/2164 1456/1595/2165 1464/1593/2166 1463/1529/2167
f 1456/1522/2154 1453/1519/2147 1461/1527/2161 1464/1530/2168
f 1458/1523/2156 1459/1594/2155 1467/1592/2169 1466/1531/2170
f 1459/1524/2158 1460/1924/2157 1468/1923/2171 1467/1532/2172
f 1460/1525/2160 1457/1526/2159 1465/1534/2173 1468/1533/2174
f 1461/1527/2161 1458/1523/2156 1466/1531/2170 1469/1535/2175
f 1457/1526/2159 1462/1528/2162 1470/1536/2176 1465/1534/2173
f 1462/1528/2162 1463/1898/2163 1471/1897/2177 1470/1536/2176
f 1463/1529/2178 1464/1593/2179 1472/1591/2180 1471/1537/2181
f 1464/1530/2168 1461/1527/2161 1469/1535/2175 1472/1538/2182
f 1466/1531/2170 1467/1592/2169 1475/1590/2183 1474/1539/2184
f 1467/1532/2172 1468/1923/2171 1476/1922/2185 1475/1540/2186
f 1468/1533/2174 1465/1534/2173 1473/1542/2187 1476/1541/2188
f 1469/1535/2175 1466/1531/2170 1474/1539/2184 1477/1543/2189
f 1465/1534/2173 1470/1536/2176 1478/1544/2190 1473/1542/2187
f 1470/1536/2176 1471/1897/2177 1479/1896/2191 1478/1544/2190
f 1471/1537/2192 1472/1591/2193 1480/1589/2194 1479/1545/2195
f 1472/1538/2182 1469/1535/2175 1477/1543/2189 1480/1546/2196
f 1474/1539/2184 1475/1590/2183 1483/1588/2197 1482/1547/2198
f 1475/1540/2186 1476/1922/2185 1484/1921/2199 1483/1548/2200
f 1476/1541/2188 1473/1542/2187 1481/1550/2201 1484/1549/2202
f 1477/1543/2189 1474/1539/2184 1482/1547/2198 1485/1551/2203
f 1473/1542/2187 1478/1544/2190 1486/1552/2204 1481/1550/2201
f 1478/1544/2190 1479/1896/2191 1487/1895/2205 1486/1552/2204
f 1479/1545/2206 1480/1589/2207 1488/1587/2208 1487/1553/2209
f 1480/1546/2196 1477/1543/2189 1485/1551/2203 1488/1554/2210
f 1482/1547/2198 1483/1588/2197 1491/1586/2211 1490/1555/2212
f 1483/1548/2200 1484/1921/2199 1492/1920/2213 1491/1556/2214
f 1484/1549/2202 1481/1550/2201 1489/1558/2215 1492/1557/2216
f 1485/1551/2203 1482/1547/2198 1490/1555/2212 1493/1559/2217
f 1481/1550/2201 1486/1552/2204 1494/1560/2218 1489/1558/2215
f 1486/1552/2204 1487/1895/2205 1495/1894/2219 1494/1560/2218
f 1487/1553/2220 1488/1587/2221 1496/1585/2222 1495/1561/2223
f 1488/1554/2210 1485/1551/2203 1493/1559/2217 1496/1562/2224
f 1490/1555/2212 1491/1586/2211 1499/1584/2225 1498/1563/2226
f 1491/1556/2214 1492/1920/2213 1500/1919/2227 1499/1564/2228
f 1492/1557/2216 1489/1558/2215 1497/1566/2229 1500/1565/2230
f 1493/1559/2217 1490/1555/2212 1498/1563/2226 1501/1567/2231
f 1489/1558/2215 1494/1560/2218 1502/1568/2232 1497/1566/2229
f 1494/1560/2218 1495/1894/2219 1503/1893/2233 1502/1568/2232
f 1495/1561/2234 1496/1585/2235 1504/1581/2236 1503/1569/2237
f 1496/1562/2224 1493/1559/2217 1501/1567/2231 1504/1570/2238
f 1498/1563/2226 1499/1584/2225 1507/1583/2239 1506/1582/2240
f 1499/1564/2241 1500/1919/2242 1508/1918/2243 1507/1572/2244
f 1500/1565/2230 1497/1566/2229 1505/1574/2245 1508/1573/2246
f 1501/1567/2231 1498/1563/2226 1506/1582/2240 1509/1579/2247
f 1497/1566/2229 1502/1568/2232 1510/1576/2248 1505/1574/2245
f 1502/1568/2232 1503/1893/2233 1511/1916/2249 1510/1576/2248
f 1503/1569/2250 1504/1581/2251 1512/1580/2252 1511/1577/2253
f 1504/1570/2238 1501/1567/2231 1509/1579/2247 1512/1578/2254