# queen extracted from chessKitExport.obj
g queen
v 0.018462 0.708318 0.092813
v 0.036214 0.708318 0.087427
v 0.052574 0.708318 0.078683
v 0.066914 0.708318 0.066914
v 0.078683 0.708318 0.052574
v 0.087428 0.708318 0.036213
v 0.092813 0.708318 0.018461
v 0.094631 0.708318 -0.000000
v 0.092813 0.708318 -0.018462
v 0.087428 0.708318 -0.036214
v 0.078683 0.708318 -0.052575
v 0.066914 0.708318 -0.066915
v 0.052574 0.708318 -0.078683
v 0.036214 0.708318 -0.087428
v 0.018462 0.708318 -0.092813
v -0.000000 0.708318 -0.094631
v -0.018462 0.708318 -0.092813
v -0.036214 0.708318 -0.087428
v -0.052574 0.708318 -0.078683
v -0.066914 0.708318 -0.066915
v -0.078683 0.708318 -0.052575
v -0.087428 0.708318 -0.036214
v -0.092813 0.708318 -0.018462
v -0.094631 0.708318 -0.000000
v -0.092813 0.708318 0.018461
v -0.087428 0.708318 0.036213
v -0.078683 0.708318 0.052574
v -0.066915 0.708318 0.066914
v -0.052574 0.708318 0.078683
v -0.036214 0.708318 0.087428
v -0.018462 0.708318 0.092813
v -0.000000 0.708318 0.094631
v 0.012659 0.734756 0.063741
v 0.024851 0.734756 0.060043
v 0.036086 0.734756 0.054037
v 0.045935 0.734756 0.045955
v 0.054017 0.734756 0.036106
v 0.060023 0.734756 0.024870
v 0.063721 0.734756 0.012679
v 0.064970 0.734756 -0.000000
v 0.063721 0.734756 -0.012679
v 0.060023 0.734756 -0.024871
v 0.054017 0.734756 -0.036107
v 0.045935 0.734756 -0.045955
v 0.036086 0.734756 -0.054038
v 0.024851 0.734756 -0.060044
v 0.012659 0.734756 -0.063742
v -0.000020 0.734756 -0.064991
v -0.012699 0.734756 -0.063742
v -0.024891 0.734756 -0.060044
v -0.036127 0.734756 -0.054038
v -0.045975 0.734756 -0.045956
v -0.054058 0.734756 -0.036107
v -0.060064 0.734756 -0.024871
v -0.065686 0.734455 -0.011617
v -0.065011 0.734756 -0.000000
v -0.063762 0.734756 0.012679
v -0.060064 0.734756 0.024870
v -0.054058 0.734756 0.036106
v -0.045975 0.734756 0.045955
v -0.036127 0.734756 0.054037
v -0.024891 0.734756 0.060043
v -0.012699 0.734756 0.063741
v -0.000020 0.734756 0.064990
v -0.000000 0.800000 -0.000000
v 0.004947 0.775148 0.024871
v 0.004852 0.779992 0.024393
v 0.004571 0.784649 0.022978
v 0.004114 0.788941 0.020680
v 0.003499 0.792703 0.017588
v 0.002749 0.795791 0.013820
v 0.001894 0.798085 0.009520
v 0.000966 0.799498 0.004856
v 0.001895 0.799498 0.004574
v 0.003715 0.798085 0.008968
v 0.005392 0.795791 0.013018
v 0.006863 0.792703 0.016567
v 0.008069 0.788941 0.019480
v 0.008966 0.784649 0.021645
v 0.009518 0.779992 0.022978
v 0.009704 0.775148 0.023428
v 0.002751 0.799498 0.004116
v 0.005393 0.798085 0.008071
v 0.007828 0.795791 0.011716
v 0.009963 0.792703 0.014910
v 0.011715 0.788941 0.017532
v 0.013016 0.784649 0.019480
v 0.013818 0.779992 0.020680
v 0.014089 0.775148 0.021085
v 0.003501 0.799498 0.003501
v 0.006864 0.798085 0.006864
v 0.009963 0.795791 0.009963
v 0.012680 0.792703 0.012680
v 0.014910 0.788941 0.014910
v 0.016566 0.784649 0.016566
v 0.017587 0.779992 0.017586
v 0.017931 0.775148 0.017931
v 0.004117 0.799498 0.002750
v 0.008071 0.798085 0.005393
v 0.011716 0.795791 0.007828
v 0.014910 0.792703 0.009963
v 0.017532 0.788941 0.011714
v 0.019480 0.784649 0.013016
v 0.020680 0.779992 0.013818
v 0.021085 0.775148 0.014088
v 0.004574 0.799498 0.001894
v 0.008968 0.798085 0.003714
v 0.013018 0.795791 0.005392
v 0.016567 0.792703 0.006862
v 0.019481 0.788941 0.008069
v 0.021645 0.784649 0.008965
v 0.022978 0.779992 0.009518
v 0.023428 0.775148 0.009704
v 0.004856 0.799498 0.000966
v 0.009521 0.798085 0.001893
v 0.013820 0.795791 0.002749
v 0.017588 0.792703 0.003498
v 0.020681 0.788941 0.004113
v 0.022979 0.784649 0.004570
v 0.024394 0.779992 0.004852
v 0.024871 0.775148 0.004947
v 0.004951 0.799498 -0.000000
v 0.009707 0.798085 -0.000000
v 0.014091 0.795791 -0.000000
v 0.017933 0.792703 -0.000000
v 0.021086 0.788941 -0.000000
v 0.023429 0.784649 -0.000000
v 0.024871 0.779992 -0.000000
v 0.025359 0.775148 -0.000000
v 0.004856 0.799498 -0.000966
v 0.009521 0.798085 -0.001894
v 0.013820 0.795791 -0.002749
v 0.017588 0.792703 -0.003499
v 0.020681 0.788941 -0.004114
v 0.022979 0.784649 -0.004571
v 0.024394 0.779992 -0.004853
v 0.024871 0.775148 -0.004948
v 0.004574 0.799498 -0.001895
v 0.008968 0.798085 -0.003715
v 0.013018 0.795791 -0.005393
v 0.016567 0.792703 -0.006863
v 0.019481 0.788941 -0.008069
v 0.021645 0.784649 -0.008966
v 0.022978 0.779992 -0.009518
v 0.023428 0.775148 -0.009705
v 0.004117 0.799498 -0.002751
v 0.008071 0.798085 -0.005394
v 0.011716 0.795791 -0.007829
v 0.014910 0.792703 -0.009963
v 0.017532 0.788941 -0.011715
v 0.019480 0.784649 -0.013017
v 0.020680 0.779992 -0.013818
v 0.021085 0.775148 -0.014089
v 0.003501 0.799498 -0.003501
v 0.006864 0.798085 -0.006864
v 0.009963 0.795791 -0.009964
v 0.012680 0.792703 -0.012681
v 0.014910 0.788941 -0.014910
v 0.016567 0.784649 -0.016567
v 0.017587 0.779992 -0.017587
v 0.017931 0.775148 -0.017932
v 0.002751 0.799498 -0.004117
v 0.005393 0.798085 -0.008072
v 0.007828 0.795791 -0.011716
v 0.009963 0.792703 -0.014911
v 0.011715 0.788941 -0.017533
v 0.013016 0.784649 -0.019481
v 0.013818 0.779992 -0.020680
v 0.014089 0.775148 -0.021085
v 0.001895 0.799498 -0.004574
v 0.003715 0.798085 -0.008969
v 0.005392 0.795791 -0.013018
v 0.006863 0.792703 -0.016568
v 0.008069 0.788941 -0.019481
v 0.008966 0.784649 -0.021646
v 0.009518 0.779992 -0.022979
v 0.009704 0.775148 -0.023429
v 0.000966 0.799498 -0.004856
v 0.001894 0.798085 -0.009521
v 0.002749 0.795791 -0.013820
v 0.003499 0.792703 -0.017588
v 0.004114 0.788941 -0.020681
v 0.004571 0.784649 -0.022979
v 0.004852 0.779992 -0.024394
v 0.004947 0.775148 -0.024872
v -0.000000 0.799498 -0.004951
v -0.000000 0.798085 -0.009708
v -0.000000 0.795791 -0.014091
v -0.000000 0.792703 -0.017933
v -0.000000 0.788941 -0.021086
v -0.000000 0.784649 -0.023429
v -0.000000 0.779992 -0.024872
v -0.000000 0.775148 -0.025359
v -0.000966 0.799498 -0.004856
v -0.001894 0.798085 -0.009521
v -0.002749 0.795791 -0.013820
v -0.003499 0.792703 -0.017588
v -0.004114 0.788941 -0.020681
v -0.004571 0.784649 -0.022979
v -0.004852 0.779992 -0.024394
v -0.004947 0.775148 -0.024872
v -0.001895 0.799498 -0.004574
v -0.003715 0.798085 -0.008969
v -0.005392 0.795791 -0.013018
v -0.006863 0.792703 -0.016568
v -0.008069 0.788941 -0.019481
v -0.008966 0.784649 -0.021646
v -0.009518 0.779992 -0.022979
v -0.009704 0.775148 -0.023429
v -0.002751 0.799498 -0.004117
v -0.005393 0.798085 -0.008072
v -0.007829 0.795791 -0.011716
v -0.009963 0.792703 -0.014911
v -0.011715 0.788941 -0.017533
v -0.013016 0.784649 -0.019481
v -0.013818 0.779992 -0.020680
v -0.014089 0.775148 -0.021085
v -0.003501 0.799498 -0.003501
v -0.006864 0.798085 -0.006864
v -0.009964 0.795791 -0.009964
v -0.012680 0.792703 -0.012681
v -0.014910 0.788941 -0.014910
v -0.016567 0.784649 -0.016567
v -0.017587 0.779992 -0.017587
v -0.017931 0.775148 -0.017932
v -0.004117 0.799498 -0.002751
v -0.008072 0.798085 -0.005393
v -0.011716 0.795791 -0.007829
v -0.014910 0.792703 -0.009963
v -0.017532 0.788941 -0.011715
v -0.019480 0.784649 -0.013017
v -0.020680 0.779992 -0.013818
v -0.021085 0.775148 -0.014089
v -0.004574 0.799498 -0.001895
v -0.008969 0.798085 -0.003715
v -0.013018 0.795791 -0.005393
v -0.016568 0.792703 -0.006863
v -0.019481 0.788941 -0.008069
v -0.021645 0.784649 -0.008966
v -0.022978 0.779992 -0.009518
v -0.023428 0.775148 -0.009705
v -0.004856 0.799498 -0.000966
v -0.009521 0.798085 -0.001894
v -0.013820 0.795791 -0.002749
v -0.017588 0.792703 -0.003499
v -0.020681 0.788941 -0.004114
v -0.022979 0.784649 -0.004571
v -0.024394 0.779992 -0.004853
v -0.024872 0.775148 -0.004948
v -0.004951 0.799498 -0.000000
v -0.009708 0.798085 -0.000000
v -0.014091 0.795791 -0.000000
v -0.017933 0.792703 -0.000000
v -0.021086 0.788941 -0.000000
v -0.023429 0.784649 -0.000000
v -0.024872 0.779992 -0.000000
v -0.025359 0.775148 -0.000000
v -0.004856 0.799498 0.000966
v -0.009521 0.798085 0.001894
v -0.013820 0.795791 0.002749
v -0.017588 0.792703 0.003498
v -0.020681 0.788941 0.004113
v -0.022979 0.784649 0.004570
v -0.024394 0.779992 0.004852
v -0.024872 0.775148 0.004947
v -0.004574 0.799498 0.001894
v -0.008969 0.798085 0.003714
v -0.013018 0.795791 0.005392
v -0.016568 0.792703 0.006862
v -0.019481 0.788941 0.008069
v -0.021645 0.784649 0.008965
v -0.022978 0.779992 0.009518
v -0.023428 0.775148 0.009704
v -0.004117 0.799498 0.002750
v -0.008072 0.798085 0.005393
v -0.011716 0.795791 0.007828
v -0.014910 0.792703 0.009963
v -0.017532 0.788941 0.011714
v -0.019480 0.784649 0.013016
v -0.020680 0.779992 0.013818
v -0.021085 0.775148 0.014088
v -0.003501 0.799498 0.003501
v -0.006864 0.798085 0.006864
v -0.009964 0.795791 0.009963
v -0.012680 0.792703 0.012680
v -0.014910 0.788941 0.014910
v -0.016567 0.784649 0.016566
v -0.017587 0.779992 0.017586
v -0.017931 0.775148 0.017931
v -0.002751 0.799498 0.004116
v -0.005393 0.798085 0.008071
v -0.007829 0.795791 0.011716
v -0.009963 0.792703 0.014910
v -0.011715 0.788941 0.017532
v -0.013016 0.784649 0.019480
v -0.013818 0.779992 0.020680
v -0.014089 0.775148 0.021085
v -0.001895 0.799498 0.004574
v -0.003715 0.798085 0.008968
v -0.005392 0.795791 0.013018
v -0.006863 0.792703 0.016567
v -0.008069 0.788941 0.019480
v -0.008966 0.784649 0.021645
v -0.009518 0.779992 0.022978
v -0.009704 0.775148 0.023428
v -0.000966 0.799498 0.004856
v -0.001894 0.798085 0.009520
v -0.002749 0.795791 0.013820
v -0.003499 0.792703 0.017588
v -0.004114 0.788941 0.020680
v -0.004571 0.784649 0.022978
v -0.004852 0.779992 0.024393
v -0.004947 0.775148 0.024871
v -0.000000 0.799498 0.004951
v -0.000000 0.798085 0.009707
v -0.000000 0.795791 0.014090
v -0.000000 0.792703 0.017932
v -0.000000 0.788941 0.021085
v -0.000000 0.784649 0.023428
v -0.000000 0.779992 0.024871
v -0.000000 0.775148 0.025358
v 0.009958 0.731720 0.050065
v 0.009055 0.731098 0.045523
v 0.008156 0.731825 0.041002
v 0.007347 0.733832 0.036936
v 0.006706 0.736925 0.033715
v 0.005061 0.767493 0.025443
v 0.004947 0.771129 0.024871
v 0.019534 0.731720 0.047161
v 0.017762 0.731098 0.042882
v 0.015999 0.731825 0.038623
v 0.014412 0.733832 0.034793
v 0.013155 0.736925 0.031759
v 0.009927 0.767493 0.023967
v 0.009704 0.771129 0.023428
v 0.028360 0.731720 0.042443
v 0.025787 0.731098 0.038593
v 0.023226 0.731825 0.034760
v 0.020923 0.733832 0.031313
v 0.019098 0.736925 0.028582
v 0.014412 0.767493 0.021570
v 0.014089 0.771129 0.021085
v 0.036095 0.731720 0.036095
v 0.032821 0.731098 0.032820
v 0.029561 0.731825 0.029561
v 0.026630 0.733832 0.026629
v 0.024307 0.736925 0.024307
v 0.018344 0.767493 0.018343
v 0.017931 0.771129 0.017931
v 0.042444 0.731720 0.028360
v 0.038593 0.731098 0.025787
v 0.034760 0.731825 0.023226
v 0.031313 0.733832 0.020922
v 0.028582 0.736925 0.019098
v 0.021570 0.767493 0.014412
v 0.021085 0.771129 0.014088
v 0.047161 0.731720 0.019534
v 0.042882 0.731098 0.017762
v 0.038624 0.731825 0.015998
v 0.034793 0.733832 0.014412
v 0.031759 0.736925 0.013155
v 0.023967 0.767493 0.009927
v 0.023428 0.771129 0.009704
v 0.050065 0.731720 0.009958
v 0.045524 0.731098 0.009055
v 0.041002 0.731825 0.008156
v 0.036936 0.733832 0.007347
v 0.033715 0.736925 0.006706
v 0.025443 0.767493 0.005061
v 0.024871 0.771129 0.004947
v 0.051047 0.731720 -0.000000
v 0.046415 0.731098 -0.000000
v 0.041806 0.731825 -0.000000
v 0.037660 0.733832 -0.000000
v 0.034376 0.736925 -0.000000
v 0.025942 0.767493 -0.000000
v 0.025359 0.771129 -0.000000
v 0.050065 0.731720 -0.009959
v 0.045524 0.731098 -0.009055
v 0.041002 0.731825 -0.008156
v 0.036936 0.733832 -0.007347
v 0.033715 0.736925 -0.006707
v 0.025443 0.767493 -0.005061
v 0.024871 0.771129 -0.004948
v 0.047161 0.731720 -0.019535
v 0.042882 0.731098 -0.017763
v 0.038624 0.731825 -0.015999
v 0.034793 0.733832 -0.014412
v 0.031759 0.736925 -0.013155
v 0.023967 0.767493 -0.009928
v 0.023428 0.771129 -0.009705
v 0.042444 0.731720 -0.028360
v 0.038593 0.731098 -0.025787
v 0.034760 0.731825 -0.023226
v 0.031313 0.733832 -0.020923
v 0.028582 0.736925 -0.019098
v 0.021570 0.767493 -0.014413
v 0.021085 0.771129 -0.014089
v 0.036095 0.731720 -0.036096
v 0.032821 0.731098 -0.032821
v 0.029561 0.731825 -0.029562
v 0.026630 0.733832 -0.026630
v 0.024307 0.736925 -0.024308
v 0.018344 0.767493 -0.018344
v 0.017931 0.771129 -0.017932
v 0.028360 0.731720 -0.042444
v 0.025787 0.731098 -0.038593
v 0.023226 0.731825 -0.034761
v 0.020923 0.733832 -0.031313
v 0.019098 0.736925 -0.028583
v 0.014413 0.767493 -0.021570
v 0.014089 0.771129 -0.021085
v 0.019535 0.731720 -0.047161
v 0.017762 0.731098 -0.042883
v 0.015999 0.731825 -0.038624
v 0.014412 0.733832 -0.034794
v 0.013155 0.736925 -0.031759
v 0.009927 0.767493 -0.023968
v 0.009704 0.771129 -0.023429
v 0.009959 0.731720 -0.050066
v 0.009055 0.731098 -0.045524
v 0.008156 0.731825 -0.041003
v 0.007347 0.733832 -0.036937
v 0.006706 0.736925 -0.033716
v 0.005061 0.767493 -0.025444
v 0.004947 0.771129 -0.024872
v -0.000000 0.731720 -0.051047
v -0.000000 0.731098 -0.046416
v -0.000000 0.731825 -0.041806
v -0.000000 0.733832 -0.037660
v -0.000000 0.736925 -0.034376
v -0.000000 0.767493 -0.025942
v -0.000000 0.771129 -0.025359
v -0.009959 0.731720 -0.050066
v -0.009055 0.731098 -0.045524
v -0.008156 0.731825 -0.041003
v -0.007347 0.733832 -0.036937
v -0.006706 0.736925 -0.033716
v -0.005061 0.767493 -0.025444
v -0.004947 0.771129 -0.024872
v -0.019535 0.731720 -0.047161
v -0.017763 0.731098 -0.042883
v -0.015999 0.731825 -0.038624
v -0.014412 0.733832 -0.034794
v -0.013155 0.736925 -0.031759
v -0.009928 0.767493 -0.023968
v -0.009704 0.771129 -0.023429
v -0.028360 0.731720 -0.042444
v -0.025787 0.731098 -0.038593
v -0.023226 0.731825 -0.034761
v -0.020923 0.733832 -0.031313
v -0.019098 0.736925 -0.028583
v -0.014413 0.767493 -0.021570
v -0.014089 0.771129 -0.021085
v -0.036096 0.731720 -0.036096
v -0.032821 0.731098 -0.032821
v -0.029561 0.731825 -0.029562
v -0.026630 0.733832 -0.026630
v -0.024307 0.736925 -0.024308
v -0.018344 0.767493 -0.018344
v -0.017931 0.771129 -0.017932
v -0.042444 0.731720 -0.028360
v -0.038593 0.731098 -0.025787
v -0.034761 0.731825 -0.023226
v -0.031313 0.733832 -0.020923
v -0.028583 0.736925 -0.019098
v -0.021570 0.767493 -0.014413
v -0.021085 0.771129 -0.014089
v -0.047163 0.731720 -0.019530
v -0.042884 0.731097 -0.017759
v -0.038625 0.731825 -0.015996
v -0.034794 0.733832 -0.014411
v -0.031759 0.736925 -0.013155
v -0.023967 0.767493 -0.009928
v -0.023428 0.771130 -0.009705
v -0.050059 0.731274 -0.009200
v -0.045487 0.730735 -0.008472
v -0.040961 0.731526 -0.007751
v -0.036903 0.733574 -0.007104
v -0.033698 0.736685 -0.006594
v -0.025440 0.767288 -0.005038
v -0.024872 0.770915 -0.004948
v -0.051046 0.731720 -0.000008
v -0.046415 0.731097 -0.000006
v -0.041806 0.731824 -0.000004
v -0.037660 0.733831 -0.000003
v -0.034376 0.736925 -0.000002
v -0.025942 0.767492 -0.000001
v -0.025359 0.771129 -0.000000
v -0.050066 0.731720 0.009958
v -0.045524 0.731098 0.009055
v -0.041003 0.731825 0.008156
v -0.036937 0.733832 0.007347
v -0.033716 0.736925 0.006706
v -0.025444 0.767493 0.005061
v -0.024872 0.771129 0.004947
v -0.047161 0.731720 0.019534
v -0.042883 0.731098 0.017762
v -0.038624 0.731825 0.015998
v -0.034793 0.733832 0.014412
v -0.031759 0.736925 0.013155
v -0.023967 0.767493 0.009927
v -0.023428 0.771129 0.009704
v -0.042444 0.731720 0.028360
v -0.038593 0.731097 0.025787
v -0.034761 0.731825 0.023226
v -0.031313 0.733832 0.020922
v -0.028583 0.736925 0.019098
v -0.021570 0.767493 0.014412
v -0.021085 0.771129 0.014088
v -0.036096 0.731720 0.036095
v -0.032821 0.731098 0.032820
v -0.029561 0.731825 0.029561
v -0.026630 0.733832 0.026629
v -0.024307 0.736925 0.024307
v -0.018344 0.767493 0.018343
v -0.017931 0.771129 0.017931
v -0.028360 0.731720 0.042443
v -0.025787 0.731098 0.038593
v -0.023226 0.731825 0.034760
v -0.020923 0.733832 0.031313
v -0.019098 0.736925 0.028582
v -0.014413 0.767493 0.021570
v -0.014089 0.771129 0.021085
v -0.019535 0.731720 0.047161
v -0.017763 0.731098 0.042882
v -0.015999 0.731825 0.038623
v -0.014412 0.733832 0.034793
v -0.013155 0.736925 0.031759
v -0.009928 0.767493 0.023967
v -0.009704 0.771129 0.023428
v -0.009959 0.731720 0.050065
v -0.009055 0.731098 0.045523
v -0.008156 0.731825 0.041002
v -0.007347 0.733832 0.036936
v -0.006707 0.736925 0.033715
v -0.005061 0.767493 0.025443
v -0.004947 0.771129 0.024871
v -0.000000 0.731720 0.051046
v -0.000000 0.731098 0.046415
v -0.000000 0.731825 0.041806
v -0.000000 0.733832 0.037660
v -0.000000 0.736925 0.034375
v -0.000000 0.767493 0.025942
v -0.000000 0.771129 0.025358
v -0.000000 0.758012 0.027338
v -0.005333 0.758012 0.026812
v -0.010462 0.758012 0.025257
v -0.015188 0.758012 0.022730
v -0.019331 0.758012 0.019331
v -0.022731 0.758012 0.015188
v -0.025257 0.758012 0.010461
v -0.026813 0.758012 0.005333
v -0.027338 0.758011 -0.000001
v -0.026804 0.757792 -0.005279
v -0.025257 0.758012 -0.010462
v -0.022731 0.758012 -0.015188
v -0.019331 0.758012 -0.019331
v -0.015188 0.758012 -0.022731
v -0.010462 0.758012 -0.025257
v -0.005333 0.758012 -0.026813
v -0.000000 0.758012 -0.027338
v 0.005333 0.758012 -0.026813
v 0.010462 0.758012 -0.025257
v 0.015188 0.758012 -0.022731
v 0.019331 0.758012 -0.019331
v 0.022731 0.758012 -0.015188
v 0.025257 0.758012 -0.010462
v 0.026812 0.758012 -0.005334
v 0.027338 0.758012 -0.000000
v 0.026812 0.758012 0.005333
v 0.025257 0.758012 0.010461
v 0.022731 0.758012 0.015188
v 0.019331 0.758012 0.019331
v 0.015188 0.758012 0.022730
v 0.010462 0.758012 0.025257
v 0.005333 0.758012 0.026812
v -0.000000 0.744036 0.029474
v 0.005750 0.744036 0.028908
v 0.011279 0.744036 0.027231
v 0.016375 0.744036 0.024507
v 0.020842 0.744036 0.020841
v 0.024507 0.744036 0.016375
v 0.027231 0.744036 0.011279
v 0.028908 0.744036 0.005750
v 0.029475 0.744036 -0.000000
v 0.028908 0.744036 -0.005751
v 0.027231 0.744036 -0.011280
v 0.024507 0.744036 -0.016376
v 0.020842 0.744036 -0.020842
v 0.016375 0.744036 -0.024508
v 0.011279 0.744036 -0.027231
v 0.005750 0.744036 -0.028909
v -0.000000 0.744036 -0.029475
v -0.005750 0.744036 -0.028909
v -0.011280 0.744036 -0.027231
v -0.016375 0.744036 -0.024508
v -0.020842 0.744036 -0.020842
v -0.024507 0.744036 -0.016376
v -0.027231 0.744036 -0.011279
v -0.028896 0.743806 -0.005671
v -0.029475 0.744036 -0.000001
v -0.028909 0.744036 0.005750
v -0.027231 0.744036 0.011279
v -0.024507 0.744036 0.016375
v -0.020842 0.744036 0.020841
v -0.016375 0.744036 0.024507
v -0.011280 0.744036 0.027231
v -0.005750 0.744036 0.028908
v -0.000000 0.763700 0.026672
v -0.005203 0.763700 0.026159
v -0.010207 0.763700 0.024642
v -0.014818 0.763700 0.022177
v -0.018860 0.763700 0.018860
v -0.022177 0.763700 0.014818
v -0.024642 0.763700 0.010207
v -0.026160 0.763700 0.005203
v -0.026672 0.763700 -0.000001
v -0.026154 0.763490 -0.005167
v -0.024642 0.763701 -0.010207
v -0.022177 0.763700 -0.014819
v -0.018860 0.763700 -0.018860
v -0.014818 0.763700 -0.022177
v -0.010207 0.763700 -0.024642
v -0.005203 0.763700 -0.026160
v -0.000000 0.763700 -0.026673
v 0.005203 0.763700 -0.026160
v 0.010207 0.763700 -0.024642
v 0.014818 0.763700 -0.022177
v 0.018860 0.763700 -0.018860
v 0.022177 0.763700 -0.014819
v 0.024642 0.763700 -0.010207
v 0.026160 0.763700 -0.005204
v 0.026672 0.763700 -0.000000
v 0.026160 0.763700 0.005203
v 0.024642 0.763700 0.010207
v 0.022177 0.763700 0.014818
v 0.018860 0.763700 0.018860
v 0.014818 0.763700 0.022177
v 0.010207 0.763700 0.024642
v 0.005203 0.763700 0.026159
v 0.059360 0.762545 0.088838
v 0.059606 0.764241 0.089008
v 0.059831 0.765980 0.088749
v 0.060030 0.767731 0.088067
v 0.060198 0.769458 0.086977
v 0.060334 0.771122 0.085505
v 0.060433 0.772683 0.083691
v 0.060493 0.774098 0.081585
v 0.060512 0.775328 0.079251
v 0.060490 0.776335 0.076759
v 0.070279 0.781918 0.070279
v 0.071449 0.781508 0.071449
v 0.072542 0.780796 0.072541
v 0.073522 0.779807 0.073522
v 0.074356 0.778574 0.074356
v 0.075018 0.777136 0.075018
v 0.075486 0.775540 0.075486
v 0.075743 0.773838 0.075743
v 0.075783 0.772086 0.075783
v 0.075602 0.770338 0.075602
v 0.060297 0.775316 0.060297
v 0.060932 0.776798 0.060932
v 0.061701 0.778156 0.061701
v 0.062587 0.779360 0.062587
v 0.063569 0.780381 0.063569
v 0.064627 0.781197 0.064627
v 0.065740 0.781791 0.065739
v 0.066886 0.782151 0.066886
v 0.068047 0.782271 0.068047
v 0.069201 0.782148 0.069201
v 0.059791 0.776893 0.076572
v 0.057798 0.776320 0.076097
v 0.055887 0.775601 0.075553
v 0.054096 0.774752 0.074951
v 0.052455 0.773786 0.074301
v 0.050991 0.772716 0.073612
v 0.049721 0.771553 0.072890
v 0.048655 0.770306 0.072142
v 0.047801 0.768978 0.071370
v 0.047157 0.767573 0.070576
v 0.076759 0.776335 0.060490
v 0.079251 0.775328 0.060512
v 0.081586 0.774098 0.060492
v 0.083691 0.772683 0.060433
v 0.085505 0.771122 0.060334
v 0.086977 0.769458 0.060198
v 0.088067 0.767731 0.060029
v 0.088749 0.765980 0.059831
v 0.089008 0.764241 0.059606
v 0.088838 0.762545 0.059360
v 0.076544 0.776862 0.059664
v 0.076075 0.776294 0.057695
v 0.075536 0.775581 0.055806
v 0.074939 0.774737 0.054036
v 0.074293 0.773776 0.052414
v 0.073606 0.772709 0.050965
v 0.072887 0.771549 0.049706
v 0.072140 0.770302 0.048648
v 0.071369 0.768976 0.047798
v 0.070576 0.767573 0.047157
v 0.104792 0.762545 0.020844
v 0.105086 0.764241 0.020790
v 0.105062 0.765980 0.020448
v 0.104720 0.767731 0.019825
v 0.104068 0.769458 0.018935
v 0.103124 0.771122 0.017798
v 0.101911 0.772683 0.016446
v 0.100465 0.774098 0.014915
v 0.098828 0.775328 0.013250
v 0.097050 0.776335 0.011504
v 0.099390 0.781918 -0.000000
v 0.101044 0.781508 -0.000000
v 0.102589 0.780796 -0.000000
v 0.103976 0.779807 -0.000000
v 0.105156 0.778574 -0.000000
v 0.106093 0.777136 -0.000000
v 0.106753 0.775540 -0.000000
v 0.107118 0.773838 -0.000000
v 0.107173 0.772086 -0.000000
v 0.106918 0.770338 -0.000000
v 0.085273 0.775316 -0.000000
v 0.086171 0.776798 -0.000000
v 0.087259 0.778156 -0.000000
v 0.088511 0.779360 -0.000000
v 0.089900 0.780381 -0.000000
v 0.091396 0.781197 -0.000000
v 0.092970 0.781791 -0.000000
v 0.094592 0.782151 -0.000000
v 0.096233 0.782271 -0.000000
v 0.097865 0.782148 -0.000000
v 0.096423 0.776893 0.011866
v 0.094679 0.776320 0.012939
v 0.092943 0.775601 0.013906
v 0.091250 0.774752 0.014747
v 0.089631 0.773786 0.015447
v 0.088108 0.772716 0.015995
v 0.086699 0.771553 0.016383
v 0.085417 0.770306 0.016607
v 0.084267 0.768978 0.016666
v 0.083250 0.767573 0.016559
v 0.097050 0.776335 -0.011504
v 0.098828 0.775328 -0.013251
v 0.100465 0.774098 -0.014915
v 0.101911 0.772683 -0.016446
v 0.103124 0.771122 -0.017799
v 0.104068 0.769458 -0.018935
v 0.104720 0.767731 -0.019826
v 0.105062 0.765980 -0.020449
v 0.105086 0.764241 -0.020791
v 0.104792 0.762545 -0.020845
v 0.096314 0.776862 -0.011937
v 0.094590 0.776294 -0.012997
v 0.092873 0.775581 -0.013952
v 0.091199 0.774737 -0.014781
v 0.089595 0.773776 -0.015471
v 0.088085 0.772709 -0.016010
v 0.086686 0.771549 -0.016391
v 0.085410 0.770302 -0.016611
v 0.084264 0.768976 -0.016667
v 0.083250 0.767573 -0.016560
v 0.088839 0.762545 -0.059360
v 0.089008 0.764241 -0.059607
v 0.088749 0.765980 -0.059831
v 0.088067 0.767731 -0.060030
v 0.086977 0.769458 -0.060199
v 0.085505 0.771122 -0.060334
v 0.083691 0.772683 -0.060433
v 0.081586 0.774098 -0.060493
v 0.079251 0.775328 -0.060512
v 0.076759 0.776335 -0.060490
v 0.070279 0.781918 -0.070280
v 0.071449 0.781508 -0.071449
v 0.072542 0.780796 -0.072542
v 0.073522 0.779807 -0.073522
v 0.074357 0.778574 -0.074357
v 0.075019 0.777136 -0.075019
v 0.075486 0.775540 -0.075487
v 0.075744 0.773838 -0.075744
v 0.075783 0.772086 -0.075783
v 0.075603 0.770338 -0.075603
v 0.060297 0.775316 -0.060297
v 0.060932 0.776798 -0.060933
v 0.061701 0.778156 -0.061702
v 0.062587 0.779360 -0.062587
v 0.063569 0.780381 -0.063569
v 0.064627 0.781197 -0.064627
v 0.065740 0.781791 -0.065740
v 0.066887 0.782151 -0.066887
v 0.068047 0.782271 -0.068047
v 0.069201 0.782148 -0.069202
v 0.076572 0.776893 -0.059791
v 0.076098 0.776320 -0.057799
v 0.075554 0.775601 -0.055887
v 0.074952 0.774752 -0.054096
v 0.074302 0.773786 -0.052456
v 0.073612 0.772716 -0.050992
v 0.072890 0.771553 -0.049721
v 0.072142 0.770306 -0.048656
v 0.071370 0.768978 -0.047801
v 0.070576 0.767573 -0.047158
v 0.060490 0.776335 -0.076760
v 0.060512 0.775328 -0.079251
v 0.060493 0.774098 -0.081586
v 0.060433 0.772683 -0.083691
v 0.060334 0.771122 -0.085505
v 0.060198 0.769458 -0.086977
v 0.060030 0.767731 -0.088068
v 0.059831 0.765980 -0.088750
v 0.059606 0.764241 -0.089009
v 0.059360 0.762545 -0.088839
v 0.059664 0.776862 -0.076545
v 0.057695 0.776294 -0.076076
v 0.055806 0.775581 -0.075537
v 0.054036 0.774737 -0.074939
v 0.052414 0.773776 -0.074293
v 0.050965 0.772709 -0.073606
v 0.049706 0.771549 -0.072887
v 0.048649 0.770302 -0.072140
v 0.047798 0.768976 -0.071370
v 0.047157 0.767573 -0.070576
v 0.020844 0.762545 -0.104793
v 0.020790 0.764241 -0.105087
v 0.020449 0.765980 -0.105063
v 0.019826 0.767731 -0.104721
v 0.018935 0.769458 -0.104069
v 0.017798 0.771122 -0.103124
v 0.016446 0.772683 -0.101911
v 0.014915 0.774098 -0.100465
v 0.013250 0.775328 -0.098828
v 0.011504 0.776335 -0.097050
v -0.000000 0.781918 -0.099391
v -0.000000 0.781508 -0.101044
v -0.000000 0.780796 -0.102590
v -0.000000 0.779807 -0.103976
v -0.000000 0.778574 -0.105157
v -0.000000 0.777136 -0.106093
v -0.000000 0.775540 -0.106754
v -0.000000 0.773838 -0.107118
v -0.000000 0.772086 -0.107173
v -0.000000 0.770338 -0.106918
v -0.000000 0.775316 -0.085273
v -0.000000 0.776798 -0.086171
v -0.000000 0.778156 -0.087259
v -0.000000 0.779360 -0.088512
v -0.000000 0.780381 -0.089900
v -0.000000 0.781197 -0.091396
v -0.000000 0.781791 -0.092970
v -0.000000 0.782151 -0.094592
v -0.000000 0.782271 -0.096233
v -0.000000 0.782148 -0.097866
v 0.011866 0.776893 -0.096423
v 0.012940 0.776320 -0.094679
v 0.013906 0.775601 -0.092943
v 0.014747 0.774752 -0.091251
v 0.015447 0.773786 -0.089631
v 0.015995 0.772716 -0.088108
v 0.016383 0.771553 -0.086700
v 0.016608 0.770306 -0.085417
v 0.016666 0.768978 -0.084267
v 0.016560 0.767573 -0.083250
v -0.011504 0.776335 -0.097051
v -0.013251 0.775328 -0.098828
v -0.014915 0.774098 -0.100465
v -0.016446 0.772683 -0.101911
v -0.017799 0.771122 -0.103124
v -0.018935 0.769458 -0.104069
v -0.019826 0.767731 -0.104721
v -0.020449 0.765980 -0.105063
v -0.020790 0.764241 -0.105087
v -0.020844 0.762545 -0.104793
v -0.011936 0.776862 -0.096314
v -0.012997 0.776294 -0.094590
v -0.013951 0.775581 -0.092874
v -0.014781 0.774737 -0.091199
v -0.015470 0.773776 -0.089596
v -0.016010 0.772709 -0.088086
v -0.016391 0.771549 -0.086687
v -0.016611 0.770302 -0.085411
v -0.016667 0.768976 -0.084265
v -0.016560 0.767573 -0.083250
v -0.059360 0.762545 -0.088839
v -0.059606 0.764241 -0.089009
v -0.059831 0.765980 -0.088750
v -0.060030 0.767731 -0.088068
v -0.060198 0.769458 -0.086977
v -0.060334 0.771122 -0.085505
v -0.060433 0.772683 -0.083691
v -0.060493 0.774098 -0.081586
v -0.060512 0.775328 -0.079252
v -0.060490 0.776335 -0.076760
v -0.070280 0.781918 -0.070280
v -0.071449 0.781508 -0.071449
v -0.072542 0.780796 -0.072542
v -0.073522 0.779807 -0.073522
v -0.074357 0.778574 -0.074357
v -0.075019 0.777136 -0.075019
v -0.075486 0.775540 -0.075487
v -0.075744 0.773838 -0.075744
v -0.075783 0.772086 -0.075783
v -0.075603 0.770338 -0.075603
v -0.060297 0.775316 -0.060297
v -0.060932 0.776798 -0.060933
v -0.061702 0.778156 -0.061702
v -0.062587 0.779360 -0.062587
v -0.063569 0.780381 -0.063569
v -0.064627 0.781197 -0.064627
v -0.065740 0.781791 -0.065740
v -0.066887 0.782151 -0.066887
v -0.068047 0.782271 -0.068047
v -0.069202 0.782148 -0.069202
v -0.059791 0.776893 -0.076572
v -0.057799 0.776320 -0.076098
v -0.055887 0.775601 -0.075554
v -0.054096 0.774752 -0.074952
v -0.052456 0.773786 -0.074302
v -0.050991 0.772716 -0.073612
v -0.049721 0.771553 -0.072891
v -0.048655 0.770306 -0.072143
v -0.047801 0.768978 -0.071371
v -0.047157 0.767573 -0.070576
v -0.076760 0.776335 -0.060491
v -0.079251 0.775328 -0.060512
v -0.081586 0.774098 -0.060493
v -0.083691 0.772683 -0.060433
v -0.085505 0.771122 -0.060334
v -0.086977 0.769458 -0.060199
v -0.088068 0.767731 -0.060030
v -0.088750 0.765980 -0.059831
v -0.089008 0.764241 -0.059607
v -0.088839 0.762545 -0.059360
v -0.076545 0.776862 -0.059664
v -0.076075 0.776294 -0.057695
v -0.075537 0.775581 -0.055807
v -0.074939 0.774737 -0.054036
v -0.074293 0.773776 -0.052415
v -0.073606 0.772709 -0.050966
v -0.072887 0.771549 -0.049707
v -0.072140 0.770302 -0.048649
v -0.071369 0.768976 -0.047799
v -0.070576 0.767573 -0.047158
v -0.104789 0.762545 -0.020844
v -0.105084 0.764240 -0.020790
v -0.105060 0.765980 -0.020449
v -0.104719 0.767731 -0.019826
v -0.104067 0.769458 -0.018935
v -0.103122 0.771122 -0.017799
v -0.101910 0.772683 -0.016446
v -0.100463 0.774098 -0.014915
v -0.098826 0.775328 -0.013250
v -0.097049 0.776335 -0.011504
v -0.099391 0.781918 -0.000000
v -0.101044 0.781508 -0.000000
v -0.102590 0.780796 -0.000000
v -0.103976 0.779807 -0.000000
v -0.105156 0.778574 -0.000000
v -0.106093 0.777136 -0.000000
v -0.106754 0.775540 -0.000000
v -0.107118 0.773838 -0.000000
v -0.107173 0.772086 -0.000000
v -0.106918 0.770338 -0.000000
v -0.085273 0.775316 -0.000000
v -0.086171 0.776798 -0.000000
v -0.087259 0.778156 -0.000000
v -0.088511 0.779360 -0.000000
v -0.089900 0.780381 -0.000000
v -0.091396 0.781197 -0.000000
v -0.092970 0.781791 -0.000000
v -0.094592 0.782151 -0.000000
v -0.096233 0.782271 -0.000000
v -0.097866 0.782148 -0.000000
v -0.096495 0.776913 -0.011820
v -0.094755 0.776336 -0.012890
v -0.093026 0.775605 -0.013850
v -0.091345 0.774735 -0.014679
v -0.089744 0.773742 -0.015361
v -0.088248 0.772641 -0.015885
v -0.086877 0.771443 -0.016243
v -0.085644 0.770160 -0.016430
v -0.084558 0.768798 -0.016444
v -0.083621 0.767363 -0.016285
v -0.097050 0.776335 0.011504
v -0.098828 0.775328 0.013250
v -0.100465 0.774098 0.014915
v -0.101911 0.772683 0.016446
v -0.103124 0.771122 0.017798
v -0.104069 0.769458 0.018935
v -0.104721 0.767731 0.019825
v -0.105063 0.765980 0.020448
v -0.105086 0.764241 0.020790
v -0.104792 0.762545 0.020844
v -0.096314 0.776862 0.011936
v -0.094590 0.776294 0.012997
v -0.092873 0.775581 0.013951
v -0.091199 0.774737 0.014780
v -0.089595 0.773776 0.015470
v -0.088085 0.772709 0.016009
v -0.086686 0.771549 0.016391
v -0.085411 0.770302 0.016611
v -0.084265 0.768976 0.016667
v -0.083250 0.767573 0.016559
v -0.088839 0.762545 0.059360
v -0.089008 0.764241 0.059606
v -0.088750 0.765980 0.059831
v -0.088068 0.767731 0.060029
v -0.086977 0.769458 0.060198
v -0.085505 0.771122 0.060334
v -0.083691 0.772683 0.060433
v -0.081586 0.774098 0.060492
v -0.079251 0.775328 0.060512
v -0.076760 0.776335 0.060490
v -0.070280 0.781918 0.070279
v -0.071449 0.781508 0.071449
v -0.072542 0.780796 0.072541
v -0.073522 0.779807 0.073522
v -0.074357 0.778574 0.074357
v -0.075019 0.777136 0.075019
v -0.075486 0.775540 0.075486
v -0.075744 0.773838 0.075743
v -0.075783 0.772086 0.075783
v -0.075603 0.770338 0.075602
v -0.060297 0.775316 0.060297
v -0.060932 0.776798 0.060932
v -0.061702 0.778156 0.061701
v -0.062587 0.779360 0.062587
v -0.063569 0.780381 0.063569
v -0.064627 0.781197 0.064627
v -0.065740 0.781791 0.065739
v -0.066887 0.782151 0.066886
v -0.068047 0.782271 0.068047
v -0.069202 0.782148 0.069201
v -0.076572 0.776893 0.059791
v -0.076098 0.776320 0.057798
v -0.075554 0.775601 0.055887
v -0.074952 0.774752 0.054095
v -0.074302 0.773786 0.052455
v -0.073612 0.772716 0.050991
v -0.072891 0.771553 0.049721
v -0.072143 0.770306 0.048655
v -0.071371 0.768978 0.047800
v -0.070576 0.767573 0.047157
v -0.060490 0.776335 0.076759
v -0.060512 0.775328 0.079251
v -0.060493 0.774098 0.081585
v -0.060433 0.772683 0.083691
v -0.060334 0.771122 0.085505
v -0.060199 0.769458 0.086977
v -0.060030 0.767731 0.088067
v -0.059831 0.765980 0.088749
v -0.059606 0.764241 0.089008
v -0.059360 0.762545 0.088838
v -0.059664 0.776862 0.076544
v -0.057695 0.776294 0.076075
v -0.055806 0.775581 0.075536
v -0.054036 0.774737 0.074939
v -0.052414 0.773776 0.074292
v -0.050965 0.772709 0.073606
v -0.049706 0.771549 0.072887
v -0.048649 0.770302 0.072140
v -0.047799 0.768976 0.071369
v -0.047158 0.767573 0.070576
v -0.020844 0.762545 0.104792
v -0.020790 0.764241 0.105086
v -0.020449 0.765980 0.105062
v -0.019826 0.767731 0.104720
v -0.018935 0.769458 0.104068
v -0.017799 0.771122 0.103123
v -0.016446 0.772683 0.101911
v -0.014915 0.774098 0.100464
v -0.013251 0.775328 0.098827
v -0.011504 0.776335 0.097050
v -0.000000 0.781918 0.099390
v -0.000000 0.781508 0.101044
v -0.000000 0.780796 0.102589
v -0.000000 0.779807 0.103975
v -0.000000 0.778574 0.105156
v -0.000000 0.777136 0.106092
v -0.000000 0.775540 0.106753
v -0.000000 0.773838 0.107117
v -0.000000 0.772086 0.107173
v -0.000000 0.770338 0.106918
v -0.000000 0.775316 0.085273
v -0.000000 0.776798 0.086171
v -0.000000 0.778156 0.087259
v -0.000000 0.779360 0.088511
v -0.000000 0.780381 0.089900
v -0.000000 0.781197 0.091396
v -0.000000 0.781791 0.092970
v -0.000000 0.782151 0.094592
v -0.000000 0.782271 0.096233
v -0.000000 0.782148 0.097865
v -0.011866 0.776893 0.096423
v -0.012940 0.776320 0.094679
v -0.013907 0.775601 0.092942
v -0.014748 0.774752 0.091250
v -0.015448 0.773786 0.089630
v -0.015995 0.772716 0.088108
v -0.016384 0.771553 0.086699
v -0.016608 0.770306 0.085417
v -0.016666 0.768978 0.084266
v -0.016560 0.767573 0.083250
v 0.011504 0.776335 0.097050
v 0.013250 0.775328 0.098827
v 0.014915 0.774098 0.100464
v 0.016446 0.772683 0.101911
v 0.017798 0.771122 0.103123
v 0.018935 0.769458 0.104068
v 0.019826 0.767731 0.104720
v 0.020448 0.765980 0.105062
v 0.020790 0.764241 0.105086
v 0.020844 0.762545 0.104792
v 0.011936 0.776862 0.096314
v 0.012997 0.776294 0.094589
v 0.013951 0.775581 0.092873
v 0.014781 0.774737 0.091199
v 0.015470 0.773776 0.089595
v 0.016009 0.772709 0.088085
v 0.016391 0.771549 0.086686
v 0.016611 0.770302 0.085410
v 0.016667 0.768976 0.084264
v 0.016560 0.767573 0.083250
v 0.018462 0.713807 0.092813
v 0.018447 0.716206 0.092742
v 0.018405 0.718588 0.092530
v 0.018336 0.721001 0.092179
v 0.018239 0.731592 0.091695
v 0.036214 0.713162 0.087427
v 0.036117 0.715634 0.087194
v 0.035830 0.718018 0.086502
v 0.035364 0.720228 0.085376
v 0.035773 0.730316 0.086363
v 0.052574 0.713807 0.078683
v 0.052534 0.716206 0.078623
v 0.052414 0.718588 0.078443
v 0.052215 0.721001 0.078145
v 0.051941 0.731592 0.077735
v 0.066914 0.713504 0.066914
v 0.066964 0.715936 0.066964
v 0.067114 0.718360 0.067114
v 0.067364 0.720770 0.067364
v 0.067712 0.723159 0.067712
v 0.078683 0.713807 0.052574
v 0.078623 0.716206 0.052534
v 0.078444 0.718588 0.052414
v 0.078146 0.721001 0.052215
v 0.077735 0.731592 0.051941
v 0.087428 0.713162 0.036213
v 0.087194 0.715634 0.036117
v 0.086502 0.718018 0.035830
v 0.085376 0.720228 0.035364
v 0.086364 0.730316 0.035773
v 0.092813 0.713807 0.018461
v 0.092742 0.716206 0.018447
v 0.092530 0.718588 0.018405
v 0.092179 0.721001 0.018335
v 0.091695 0.731592 0.018239
v 0.094631 0.713504 -0.000000
v 0.094702 0.715936 -0.000000
v 0.094914 0.718360 -0.000000
v 0.095267 0.720770 -0.000000
v 0.095760 0.723159 -0.000000
v 0.092813 0.713807 -0.018462
v 0.092742 0.716206 -0.018448
v 0.092530 0.718588 -0.018406
v 0.092179 0.721001 -0.018336
v 0.091695 0.731592 -0.018240
v 0.087428 0.713162 -0.036214
v 0.087194 0.715634 -0.036117
v 0.086502 0.718018 -0.035831
v 0.085376 0.720228 -0.035364
v 0.086364 0.730316 -0.035773
v 0.078683 0.713807 -0.052575
v 0.078623 0.716206 -0.052535
v 0.078444 0.718588 -0.052415
v 0.078146 0.721001 -0.052216
v 0.077735 0.731592 -0.051941
v 0.066914 0.713504 -0.066915
v 0.066964 0.715936 -0.066965
v 0.067114 0.718360 -0.067115
v 0.067364 0.720770 -0.067364
v 0.067712 0.723159 -0.067712
v 0.052574 0.713807 -0.078683
v 0.052534 0.716206 -0.078624
v 0.052414 0.718588 -0.078444
v 0.052215 0.721001 -0.078146
v 0.051941 0.731592 -0.077736
v 0.036214 0.713162 -0.087428
v 0.036117 0.715634 -0.087195
v 0.035830 0.718018 -0.086502
v 0.035364 0.720228 -0.085376
v 0.035773 0.730316 -0.086364
v 0.018462 0.713807 -0.092813
v 0.018447 0.716206 -0.092743
v 0.018406 0.718588 -0.092531
v 0.018336 0.721001 -0.092179
v 0.018239 0.731592 -0.091696
v -0.000000 0.713504 -0.094631
v -0.000000 0.715936 -0.094702
v -0.000000 0.718360 -0.094914
v -0.000000 0.720770 -0.095267
v -0.000000 0.723159 -0.095760
v -0.018462 0.713807 -0.092813
v -0.018448 0.716206 -0.092743
v -0.018406 0.718588 -0.092531
v -0.018336 0.721001 -0.092180
v -0.018240 0.731592 -0.091696
v -0.036214 0.713162 -0.087428
v -0.036117 0.715634 -0.087195
v -0.035830 0.718018 -0.086502
v -0.035364 0.720228 -0.085376
v -0.035773 0.730316 -0.086364
v -0.052574 0.713807 -0.078683
v -0.052535 0.716206 -0.078624
v -0.052414 0.718588 -0.078444
v -0.052216 0.721001 -0.078146
v -0.051941 0.731592 -0.077736
v -0.066914 0.713504 -0.066915
v -0.066964 0.715936 -0.066965
v -0.067115 0.718360 -0.067115
v -0.067364 0.720770 -0.067364
v -0.067712 0.723159 -0.067713
v -0.078683 0.713807 -0.052575
v -0.078623 0.716206 -0.052535
v -0.078444 0.718588 -0.052415
v -0.078146 0.721001 -0.052216
v -0.077736 0.731592 -0.051942
v -0.087428 0.713162 -0.036214
v -0.087194 0.715634 -0.036117
v -0.086502 0.718018 -0.035831
v -0.085376 0.720228 -0.035364
v -0.086364 0.730316 -0.035773
v -0.092813 0.713887 -0.018462
v -0.092740 0.716285 -0.018444
v -0.092521 0.718664 -0.018391
v -0.092159 0.721076 -0.018303
v -0.091659 0.731666 -0.018182
v -0.094631 0.713505 -0.000000
v -0.094702 0.715936 -0.000000
v -0.094914 0.718360 -0.000000
v -0.095267 0.720770 -0.000000
v -0.095760 0.723159 -0.000000
v -0.092813 0.713807 0.018461
v -0.092743 0.716206 0.018447
v -0.092531 0.718588 0.018405
v -0.092179 0.721001 0.018335
v -0.091696 0.731592 0.018239
v -0.087428 0.713162 0.036213
v -0.087194 0.715634 0.036117
v -0.086502 0.718018 0.035830
v -0.085376 0.720228 0.035364
v -0.086364 0.730316 0.035773
v -0.078683 0.713807 0.052574
v -0.078623 0.716206 0.052534
v -0.078444 0.718588 0.052414
v -0.078146 0.721001 0.052215
v -0.077736 0.731592 0.051941
v -0.066915 0.713504 0.066914
v -0.066964 0.715936 0.066964
v -0.067115 0.718360 0.067114
v -0.067364 0.720770 0.067364
v -0.067712 0.723159 0.067712
v -0.052574 0.713807 0.078683
v -0.052535 0.716206 0.078623
v -0.052414 0.718588 0.078443
v -0.052216 0.721001 0.078145
v -0.051941 0.731592 0.077735
v -0.036214 0.713162 0.087428
v -0.036117 0.715634 0.087194
v -0.035831 0.718018 0.086502
v -0.035364 0.720228 0.085376
v -0.035773 0.730316 0.086363
v -0.018462 0.713807 0.092813
v -0.018448 0.716206 0.092742
v -0.018406 0.718588 0.092530
v -0.018336 0.721001 0.092179
v -0.018240 0.731592 0.091695
v -0.000000 0.713504 0.094631
v -0.000000 0.715936 0.094702
v -0.000000 0.718360 0.094914
v -0.000000 0.720770 0.095267
v -0.000000 0.723159 0.095759
v 0.027630 0.592346 0.066703
v 0.014085 0.592346 0.070812
v 0.040112 0.592346 0.060032
v 0.051053 0.592346 0.051053
v 0.060032 0.592346 0.040112
v 0.066704 0.592346 0.027629
v 0.070812 0.592346 0.014085
v 0.072199 0.592346 -0.000000
v 0.070812 0.592346 -0.014086
v 0.066704 0.592346 -0.027630
v 0.060032 0.592346 -0.040112
v 0.051053 0.592346 -0.051053
v 0.040112 0.592346 -0.060032
v 0.027630 0.592346 -0.066704
v 0.014085 0.592346 -0.070813
v -0.000000 0.592346 -0.072200
v -0.014086 0.592346 -0.070813
v -0.027630 0.592346 -0.066704
v -0.040112 0.592346 -0.060032
v -0.051053 0.592346 -0.051053
v -0.060032 0.592346 -0.040112
v -0.066704 0.592346 -0.027630
v -0.070813 0.592346 -0.014086
v -0.072200 0.592346 -0.000000
v -0.070813 0.592346 0.014085
v -0.066704 0.592346 0.027629
v -0.060032 0.592346 0.040112
v -0.051053 0.592346 0.051053
v -0.040112 0.592346 0.060032
v -0.027630 0.592346 0.066704
v -0.014086 0.592346 0.070812
v -0.000000 0.592346 0.072199
v 0.026695 0.521618 0.064447
v 0.013609 0.521618 0.068417
v 0.038755 0.521618 0.058001
v 0.049326 0.521618 0.049326
v 0.058001 0.521618 0.038755
v 0.064447 0.521618 0.026695
v 0.068417 0.521618 0.013609
v 0.069757 0.521618 -0.000000
v 0.068417 0.521618 -0.013609
v 0.064447 0.521618 -0.026695
v 0.058001 0.521618 -0.038756
v 0.049326 0.521618 -0.049326
v 0.038755 0.521618 -0.058001
v 0.026695 0.521618 -0.064448
v 0.013609 0.521618 -0.068418
v 0.000000 0.521618 -0.069758
v -0.013609 0.521618 -0.068418
v -0.026695 0.521618 -0.064448
v -0.038756 0.521618 -0.058002
v -0.049326 0.521618 -0.049326
v -0.058001 0.521618 -0.038756
v -0.064448 0.521618 -0.026695
v -0.068417 0.521618 -0.013609
v -0.069757 0.521618 -0.000000
v -0.068417 0.521618 0.013609
v -0.064448 0.521618 0.026695
v -0.058001 0.521618 0.038755
v -0.049326 0.521618 0.049326
v -0.038755 0.521618 0.058001
v -0.026695 0.521618 0.064447
v -0.013609 0.521618 0.068417
v -0.000000 0.521618 0.069757
v 0.029764 0.587160 0.071857
v 0.030155 0.585853 0.072800
v 0.030360 0.584314 0.073296
v 0.030360 0.582696 0.073296
v 0.030155 0.581158 0.072800
v 0.029764 0.579850 0.071857
v 0.015174 0.587160 0.076283
v 0.015373 0.585853 0.077284
v 0.015477 0.584314 0.077810
v 0.015477 0.582696 0.077810
v 0.015373 0.581158 0.077284
v 0.015174 0.579850 0.076283
v 0.043211 0.587160 0.064669
v 0.043778 0.585853 0.065518
v 0.044076 0.584314 0.065965
v 0.044076 0.582696 0.065965
v 0.043778 0.581158 0.065518
v 0.043211 0.579850 0.064669
v 0.054997 0.587160 0.054997
v 0.055719 0.585853 0.055719
v 0.056098 0.584314 0.056098
v 0.056098 0.582696 0.056098
v 0.055719 0.581158 0.055719
v 0.054997 0.579850 0.054997
v 0.064670 0.587160 0.043211
v 0.065518 0.585853 0.043778
v 0.065965 0.584314 0.044076
v 0.065965 0.582696 0.044076
v 0.065518 0.581158 0.043778
v 0.064670 0.579850 0.043211
v 0.071857 0.587160 0.029764
v 0.072800 0.585853 0.030155
v 0.073296 0.584314 0.030360
v 0.073296 0.582696 0.030360
v 0.072800 0.581158 0.030155
v 0.071857 0.579850 0.029764
v 0.076283 0.587160 0.015173
v 0.077284 0.585853 0.015372
v 0.077811 0.584314 0.015477
v 0.077811 0.582696 0.015477
v 0.077284 0.581158 0.015372
v 0.076283 0.579850 0.015173
v 0.077778 0.587160 -0.000000
v 0.078798 0.585853 -0.000000
v 0.079335 0.584314 -0.000000
v 0.079335 0.582696 -0.000000
v 0.078798 0.581158 -0.000000
v 0.077778 0.579850 -0.000000
v 0.076283 0.587160 -0.015174
v 0.077284 0.585853 -0.015373
v 0.077811 0.584314 -0.015478
v 0.077811 0.582696 -0.015478
v 0.077284 0.581158 -0.015373
v 0.076283 0.579850 -0.015174
v 0.071857 0.587160 -0.029764
v 0.072800 0.585853 -0.030155
v 0.073296 0.584314 -0.030361
v 0.073296 0.582696 -0.030361
v 0.072800 0.581158 -0.030155
v 0.071857 0.579850 -0.029764
v 0.064670 0.587160 -0.043211
v 0.065518 0.585853 -0.043778
v 0.065965 0.584314 -0.044077
v 0.065965 0.582696 -0.044077
v 0.065518 0.581158 -0.043778
v 0.064670 0.579850 -0.043211
v 0.054997 0.587160 -0.054997
v 0.055719 0.585853 -0.055719
v 0.056098 0.584314 -0.056099
v 0.056098 0.582696 -0.056099
v 0.055719 0.581158 -0.055719
v 0.054997 0.579850 -0.054997
v 0.043211 0.587160 -0.064670
v 0.043778 0.585853 -0.065519
v 0.044076 0.584314 -0.065965
v 0.044076 0.582696 -0.065965
v 0.043778 0.581158 -0.065519
v 0.043211 0.579850 -0.064670
v 0.029764 0.587160 -0.071857
v 0.030155 0.585853 -0.072800
v 0.030360 0.584314 -0.073296
v 0.030360 0.582696 -0.073296
v 0.030155 0.581158 -0.072800
v 0.029764 0.579850 -0.071857
v 0.015174 0.587160 -0.076283
v 0.015373 0.585853 -0.077285
v 0.015477 0.584314 -0.077811
v 0.015477 0.582696 -0.077811
v 0.015373 0.581158 -0.077285
v 0.015174 0.579850 -0.076283
v -0.000000 0.587160 -0.077778
v -0.000000 0.585853 -0.078799
v -0.000000 0.584314 -0.079336
v -0.000000 0.582696 -0.079336
v -0.000000 0.581158 -0.078799
v -0.000000 0.579850 -0.077778
v -0.015174 0.587160 -0.076283
v -0.015373 0.585853 -0.077285
v -0.015478 0.584314 -0.077811
v -0.015478 0.582696 -0.077811
v -0.015373 0.581158 -0.077285
v -0.015174 0.579850 -0.076283
v -0.029764 0.587160 -0.071857
v -0.030155 0.585853 -0.072801
v -0.030361 0.584314 -0.073296
v -0.030361 0.582696 -0.073296
v -0.030155 0.581158 -0.072801
v -0.029764 0.579850 -0.071857
v -0.043211 0.587160 -0.064670
v -0.043778 0.585853 -0.065519
v -0.044076 0.584314 -0.065965
v -0.044076 0.582696 -0.065965
v -0.043778 0.581158 -0.065519
v -0.043211 0.579850 -0.064670
v -0.054997 0.587160 -0.054997
v -0.055719 0.585853 -0.055719
v -0.056098 0.584314 -0.056099
v -0.056098 0.582696 -0.056099
v -0.055719 0.581158 -0.055719
v -0.054997 0.579850 -0.054997
v -0.064670 0.587160 -0.043211
v -0.065519 0.585853 -0.043778
v -0.065965 0.584314 -0.044077
v -0.065965 0.582696 -0.044077
v -0.065519 0.581158 -0.043778
v -0.064670 0.579850 -0.043211
v -0.071857 0.587160 -0.029765
v -0.072800 0.585853 -0.030155
v -0.073296 0.584314 -0.030361
v -0.073296 0.582696 -0.030361
v -0.072800 0.581158 -0.030155
v -0.071857 0.579850 -0.029765
v -0.076283 0.587160 -0.015174
v -0.077284 0.585853 -0.015373
v -0.077811 0.584314 -0.015478
v -0.077811 0.582696 -0.015478
v -0.077284 0.581158 -0.015373
v -0.076283 0.579850 -0.015174
v -0.077778 0.587160 -0.000000
v -0.078798 0.585853 -0.000000
v -0.079335 0.584314 -0.000000
v -0.079335 0.582696 -0.000000
v -0.078798 0.581158 -0.000000
v -0.077778 0.579850 -0.000000
v -0.076283 0.587160 0.015173
v -0.077284 0.585853 0.015372
v -0.077811 0.584314 0.015477
v -0.077811 0.582696 0.015477
v -0.077284 0.581158 0.015372
v -0.076283 0.579850 0.015173
v -0.071857 0.587160 0.029764
v -0.072800 0.585853 0.030155
v -0.073296 0.584314 0.030360
v -0.073296 0.582696 0.030360
v -0.072800 0.581158 0.030155
v -0.071857 0.579850 0.029764
v -0.064670 0.587160 0.043211
v -0.065519 0.585853 0.043778
v -0.065965 0.584314 0.044076
v -0.065965 0.582696 0.044076
v -0.065519 0.581158 0.043778
v -0.064670 0.579850 0.043211
v -0.054997 0.587160 0.054997
v -0.055719 0.585853 0.055719
v -0.056099 0.584314 0.056098
v -0.056099 0.582696 0.056098
v -0.055719 0.581158 0.055719
v -0.054997 0.579850 0.054997
v -0.043211 0.587160 0.064669
v -0.043778 0.585853 0.065518
v -0.044076 0.584314 0.065965
v -0.044076 0.582696 0.065965
v -0.043778 0.581158 0.065518
v -0.043211 0.579850 0.064669
v -0.029764 0.587160 0.071857
v -0.030155 0.585853 0.072800
v -0.030361 0.584314 0.073296
v -0.030361 0.582696 0.073296
v -0.030155 0.581158 0.072800
v -0.029764 0.579850 0.071857
v -0.015174 0.587160 0.076283
v -0.015373 0.585853 0.077284
v -0.015478 0.584314 0.077811
v -0.015478 0.582696 0.077811
v -0.015373 0.581158 0.077284
v -0.015174 0.579850 0.076283
v -0.000000 0.587160 0.077777
v -0.000000 0.585853 0.078798
v -0.000000 0.584314 0.079335
v -0.000000 0.582696 0.079335
v -0.000000 0.581158 0.078798
v -0.000000 0.579850 0.077777
v 0.032606 0.559778 0.078718
v 0.033159 0.558749 0.080054
v 0.033517 0.557293 0.080918
v 0.033629 0.555619 0.081188
v 0.033479 0.553963 0.080825
v 0.033088 0.552562 0.079882
v 0.016622 0.559778 0.083567
v 0.016905 0.558749 0.084985
v 0.017087 0.557293 0.085902
v 0.017144 0.555619 0.086188
v 0.017067 0.553963 0.085803
v 0.016868 0.552562 0.084802
v 0.047337 0.559778 0.070844
v 0.048140 0.558749 0.072046
v 0.048660 0.557294 0.072824
v 0.048822 0.555619 0.073067
v 0.048604 0.553963 0.072741
v 0.048037 0.552562 0.071892
v 0.060248 0.559778 0.060248
v 0.061271 0.558749 0.061271
v 0.061932 0.557294 0.061932
v 0.062138 0.555619 0.062138
v 0.061861 0.553963 0.061861
v 0.061139 0.552562 0.061139
v 0.070844 0.559778 0.047337
v 0.072046 0.558749 0.048140
v 0.072824 0.557293 0.048659
v 0.073067 0.555619 0.048822
v 0.072741 0.553963 0.048604
v 0.071892 0.552562 0.048036
v 0.078718 0.559778 0.032606
v 0.080054 0.558749 0.033159
v 0.080918 0.557293 0.033517
v 0.081188 0.555619 0.033629
v 0.080825 0.553963 0.033479
v 0.079882 0.552562 0.033088
v 0.083567 0.559778 0.016622
v 0.084985 0.558749 0.016904
v 0.085902 0.557293 0.017087
v 0.086189 0.555619 0.017144
v 0.085804 0.553963 0.017067
v 0.084802 0.552562 0.016868
v 0.085204 0.559778 -0.000000
v 0.086650 0.558749 -0.000000
v 0.087585 0.557293 -0.000000
v 0.087877 0.555619 -0.000000
v 0.087485 0.553963 -0.000000
v 0.086464 0.552562 -0.000000
v 0.083567 0.559778 -0.016623
v 0.084985 0.558748 -0.016905
v 0.085902 0.557293 -0.017087
v 0.086189 0.555619 -0.017144
v 0.085803 0.553963 -0.017068
v 0.084802 0.552562 -0.016868
v 0.078718 0.559778 -0.032606
v 0.080054 0.558748 -0.033160
v 0.080918 0.557293 -0.033518
v 0.081188 0.555619 -0.033629
v 0.080825 0.553963 -0.033479
v 0.079882 0.552562 -0.033088
v 0.070845 0.559778 -0.047337
v 0.072047 0.558749 -0.048140
v 0.072824 0.557294 -0.048660
v 0.073067 0.555619 -0.048822
v 0.072741 0.553963 -0.048604
v 0.071892 0.552562 -0.048037
v 0.060248 0.559778 -0.060249
v 0.061271 0.558749 -0.061271
v 0.061932 0.557294 -0.061932
v 0.062138 0.555619 -0.062139
v 0.061861 0.553963 -0.061861
v 0.061139 0.552562 -0.061139
v 0.047337 0.559778 -0.070845
v 0.048140 0.558749 -0.072047
v 0.048660 0.557293 -0.072825
v 0.048822 0.555619 -0.073068
v 0.048604 0.553963 -0.072741
v 0.048037 0.552562 -0.071892
v 0.032606 0.559778 -0.078719
v 0.033160 0.558749 -0.080054
v 0.033517 0.557293 -0.080919
v 0.033629 0.555619 -0.081188
v 0.033479 0.553963 -0.080826
v 0.033088 0.552562 -0.079882
v 0.016622 0.559778 -0.083567
v 0.016905 0.558749 -0.084985
v 0.017087 0.557293 -0.085903
v 0.017144 0.555619 -0.086189
v 0.017067 0.553963 -0.085804
v 0.016868 0.552562 -0.084803
v -0.000000 0.559778 -0.085204
v -0.000000 0.558749 -0.086650
v -0.000000 0.557293 -0.087585
v -0.000000 0.555619 -0.087878
v -0.000000 0.553963 -0.087485
v -0.000000 0.552562 -0.086464
v -0.016623 0.559778 -0.083567
v -0.016905 0.558749 -0.084985
v -0.017087 0.557293 -0.085903
v -0.017144 0.555619 -0.086189
v -0.017067 0.553963 -0.085804
v -0.016868 0.552562 -0.084803
v -0.032606 0.559778 -0.078719
v -0.033160 0.558749 -0.080054
v -0.033518 0.557293 -0.080919
v -0.033629 0.555619 -0.081188
v -0.033479 0.553963 -0.080826
v -0.033088 0.552562 -0.079882
v -0.047337 0.559778 -0.070845
v -0.048140 0.558749 -0.072047
v -0.048660 0.557294 -0.072825
v -0.048822 0.555619 -0.073068
v -0.048604 0.553963 -0.072741
v -0.048037 0.552562 -0.071892
v -0.060249 0.559778 -0.060249
v -0.061271 0.558749 -0.061271
v -0.061932 0.557293 -0.061932
v -0.062139 0.555619 -0.062139
v -0.061861 0.553963 -0.061861
v -0.061139 0.552562 -0.061139
v -0.070845 0.559778 -0.047337
v -0.072047 0.558749 -0.048140
v -0.072824 0.557293 -0.048660
v -0.073067 0.555619 -0.048822
v -0.072741 0.553963 -0.048604
v -0.071892 0.552562 -0.048037
v -0.078719 0.559778 -0.032607
v -0.080054 0.558749 -0.033160
v -0.080918 0.557293 -0.033518
v -0.081188 0.555619 -0.033629
v -0.080825 0.553963 -0.033479
v -0.079882 0.552562 -0.033089
v -0.083567 0.559778 -0.016623
v -0.084985 0.558749 -0.016905
v -0.085902 0.557293 -0.017087
v -0.086189 0.555619 -0.017144
v -0.085804 0.553963 -0.017068
v -0.084802 0.552562 -0.016869
v -0.085204 0.559778 -0.000000
v -0.086650 0.558749 -0.000000
v -0.087585 0.557293 -0.000000
v -0.087877 0.555619 -0.000000
v -0.087485 0.553963 -0.000000
v -0.086464 0.552562 -0.000000
v -0.083567 0.559778 0.016622
v -0.084985 0.558749 0.016904
v -0.085903 0.557293 0.017087
v -0.086189 0.555619 0.017144
v -0.085804 0.553963 0.017067
v -0.084802 0.552562 0.016868
v -0.078718 0.559778 0.032606
v -0.080054 0.558749 0.033159
v -0.080918 0.557293 0.033517
v -0.081188 0.555619 0.033629
v -0.080825 0.553963 0.033479
v -0.079882 0.552562 0.033088
v -0.070845 0.559778 0.047337
v -0.072047 0.558749 0.048140
v -0.072825 0.557293 0.048659
v -0.073067 0.555619 0.048822
v -0.072741 0.553963 0.048604
v -0.071892 0.552562 0.048036
v -0.060249 0.559778 0.060248
v -0.061271 0.558749 0.061270
v -0.061932 0.557293 0.061932
v -0.062139 0.555619 0.062138
v -0.061861 0.553963 0.061861
v -0.061139 0.552562 0.061139
v -0.047337 0.559778 0.070844
v -0.048140 0.558749 0.072046
v -0.048660 0.557293 0.072824
v -0.048822 0.555619 0.073067
v -0.048604 0.553963 0.072741
v -0.048037 0.552562 0.071892
v -0.032606 0.559778 0.078718
v -0.033160 0.558749 0.080054
v -0.033517 0.557293 0.080918
v -0.033629 0.555619 0.081188
v -0.033479 0.553963 0.080825
v -0.033088 0.552562 0.079882
v -0.016623 0.559778 0.083567
v -0.016905 0.558749 0.084985
v -0.017087 0.557294 0.085902
v -0.017144 0.555619 0.086189
v -0.017067 0.553963 0.085804
v -0.016868 0.552562 0.084802
v -0.000000 0.559778 0.085204
v -0.000000 0.558749 0.086650
v -0.000000 0.557293 0.087585
v -0.000000 0.555619 0.087877
v -0.000000 0.553963 0.087485
v -0.000000 0.552562 0.086463
v 0.040495 0.538535 0.097762
v 0.041100 0.537441 0.099224
v 0.041439 0.535799 0.100043
v 0.041439 0.533960 0.100043
v 0.041100 0.532318 0.099224
v 0.040495 0.531225 0.097762
v 0.020644 0.538535 0.103784
v 0.020953 0.537441 0.105336
v 0.021126 0.535799 0.106205
v 0.021126 0.533960 0.106205
v 0.020953 0.532318 0.105336
v 0.020644 0.531225 0.103784
v 0.058789 0.538535 0.087984
v 0.059668 0.537441 0.089300
v 0.060160 0.535799 0.090037
v 0.060160 0.533960 0.090037
v 0.059668 0.532318 0.089300
v 0.058789 0.531225 0.087984
v 0.074824 0.538535 0.074824
v 0.075943 0.537441 0.075943
v 0.076570 0.535799 0.076570
v 0.076570 0.533960 0.076570
v 0.075943 0.532318 0.075943
v 0.074824 0.531225 0.074824
v 0.087984 0.538535 0.058789
v 0.089300 0.537441 0.059668
v 0.090037 0.535799 0.060160
v 0.090037 0.533960 0.060160
v 0.089300 0.532318 0.059668
v 0.087984 0.531225 0.058789
v 0.097762 0.538535 0.040494
v 0.099225 0.537441 0.041100
v 0.100043 0.535799 0.041439
v 0.100043 0.533960 0.041439
v 0.099225 0.532318 0.041100
v 0.097762 0.531225 0.040494
v 0.103784 0.538535 0.020644
v 0.105336 0.537441 0.020952
v 0.106206 0.535799 0.021125
v 0.106206 0.533960 0.021125
v 0.105336 0.532318 0.020952
v 0.103784 0.531225 0.020644
v 0.105817 0.538535 -0.000000
v 0.107400 0.537441 -0.000000
v 0.108286 0.535799 -0.000000
v 0.108286 0.533960 -0.000000
v 0.107400 0.532318 -0.000000
v 0.105817 0.531225 -0.000000
v 0.103784 0.538535 -0.020644
v 0.105336 0.537441 -0.020953
v 0.106206 0.535799 -0.021126
v 0.106206 0.533960 -0.021126
v 0.105336 0.532318 -0.020953
v 0.103784 0.531225 -0.020644
v 0.097762 0.538535 -0.040495
v 0.099225 0.537441 -0.041100
v 0.100043 0.535799 -0.041440
v 0.100043 0.533960 -0.041440
v 0.099225 0.532318 -0.041100
v 0.097762 0.531225 -0.040495
v 0.087984 0.538535 -0.058789
v 0.089300 0.537442 -0.059669
v 0.090037 0.535799 -0.060161
v 0.090037 0.533960 -0.060161
v 0.089300 0.532318 -0.059669
v 0.087984 0.531225 -0.058789
v 0.074824 0.538535 -0.074825
v 0.075943 0.537442 -0.075944
v 0.076570 0.535799 -0.076570
v 0.076570 0.533960 -0.076570
v 0.075943 0.532318 -0.075944
v 0.074824 0.531225 -0.074825
v 0.058789 0.538535 -0.087984
v 0.059669 0.537441 -0.089300
v 0.060161 0.535799 -0.090037
v 0.060161 0.533960 -0.090037
v 0.059669 0.532318 -0.089300
v 0.058789 0.531225 -0.087984
v 0.040495 0.538535 -0.097763
v 0.041100 0.537441 -0.099225
v 0.041440 0.535799 -0.100044
v 0.041440 0.533960 -0.100044
v 0.041100 0.532318 -0.099225
v 0.040495 0.531225 -0.097763
v 0.020644 0.538535 -0.103784
v 0.020952 0.537441 -0.105337
v 0.021125 0.535799 -0.106206
v 0.021125 0.533960 -0.106206
v 0.020952 0.532318 -0.105337
v 0.020644 0.531225 -0.103784
v 0.000000 0.538535 -0.105818
v 0.000000 0.537441 -0.107400
v 0.000000 0.535799 -0.108287
v 0.000000 0.533960 -0.108287
v 0.000000 0.532318 -0.107400
v 0.000000 0.531225 -0.105818
v -0.020644 0.538535 -0.103784
v -0.020953 0.537441 -0.105337
v -0.021126 0.535799 -0.106206
v -0.021126 0.533960 -0.106206
v -0.020953 0.532318 -0.105337
v -0.020644 0.531225 -0.103784
v -0.040495 0.538535 -0.097763
v -0.041100 0.537441 -0.099225
v -0.041440 0.535799 -0.100044
v -0.041440 0.533960 -0.100044
v -0.041100 0.532318 -0.099225
v -0.040495 0.531225 -0.097763
v -0.058789 0.538535 -0.087984
v -0.059669 0.537441 -0.089300
v -0.060161 0.535799 -0.090037
v -0.060161 0.533960 -0.090037
v -0.059669 0.532318 -0.089300
v -0.058789 0.531225 -0.087984
v -0.074824 0.538535 -0.074825
v -0.075943 0.537441 -0.075944
v -0.076570 0.535799 -0.076571
v -0.076570 0.533960 -0.076571
v -0.075943 0.532318 -0.075944
v -0.074824 0.531225 -0.074825
v -0.087984 0.538535 -0.058789
v -0.089300 0.537441 -0.059669
v -0.090037 0.535799 -0.060161
v -0.090037 0.533960 -0.060161
v -0.089300 0.532318 -0.059669
v -0.087984 0.531225 -0.058789
v -0.097763 0.538535 -0.040495
v -0.099225 0.537441 -0.041101
v -0.100044 0.535799 -0.041440
v -0.100044 0.533960 -0.041440
v -0.099225 0.532318 -0.041101
v -0.097763 0.531225 -0.040495
v -0.103784 0.538535 -0.020644
v -0.105337 0.537441 -0.020953
v -0.106206 0.535799 -0.021126
v -0.106206 0.533960 -0.021126
v -0.105337 0.532318 -0.020953
v -0.103784 0.531225 -0.020644
v -0.105817 0.538535 -0.000000
v -0.107400 0.537441 -0.000000
v -0.108287 0.535799 -0.000000
v -0.108287 0.533960 -0.000000
v -0.107400 0.532318 -0.000000
v -0.105817 0.531225 -0.000000
v -0.103784 0.538535 0.020644
v -0.105337 0.537441 0.020952
v -0.106206 0.535799 0.021125
v -0.106206 0.533960 0.021125
v -0.105337 0.532318 0.020952
v -0.103784 0.531225 0.020644
v -0.097762 0.538535 0.040494
v -0.099225 0.537441 0.041100
v -0.100044 0.535799 0.041439
v -0.100044 0.533960 0.041439
v -0.099225 0.532318 0.041100
v -0.097762 0.531225 0.040494
v -0.087984 0.538535 0.058789
v -0.089300 0.537441 0.059668
v -0.090037 0.535799 0.060160
v -0.090037 0.533960 0.060160
v -0.089300 0.532318 0.059668
v -0.087984 0.531225 0.058789
v -0.074824 0.538535 0.074824
v -0.075943 0.537441 0.075943
v -0.076570 0.535799 0.076570
v -0.076570 0.533960 0.076570
v -0.075943 0.532318 0.075943
v -0.074824 0.531225 0.074824
v -0.058789 0.538535 0.087984
v -0.059669 0.537441 0.089300
v -0.060161 0.535799 0.090037
v -0.060161 0.533960 0.090037
v -0.059669 0.532318 0.089300
v -0.058789 0.531225 0.087984
v -0.040495 0.538535 0.097762
v -0.041100 0.537441 0.099225
v -0.041439 0.535799 0.100043
v -0.041439 0.533960 0.100043
v -0.041100 0.532318 0.099225
v -0.040495 0.531225 0.097762
v -0.020644 0.538535 0.103784
v -0.020953 0.537441 0.105336
v -0.021126 0.535799 0.106206
v -0.021126 0.533960 0.106206
v -0.020953 0.532318 0.105336
v -0.020644 0.531225 0.103784
v -0.000000 0.538535 0.105817
v -0.000000 0.537441 0.107400
v -0.000000 0.535799 0.108286
v -0.000000 0.533960 0.108286
v -0.000000 0.532318 0.107400
v -0.000000 0.531225 0.105817
v 0.027630 0.572388 0.066703
v 0.027657 0.573248 0.066771
v 0.027740 0.574086 0.066971
v 0.027876 0.574883 0.067299
v 0.028062 0.575618 0.067747
v 0.028292 0.576274 0.068303
v 0.014085 0.572388 0.070812
v 0.014099 0.573248 0.070883
v 0.014142 0.574086 0.071096
v 0.014211 0.574883 0.071444
v 0.014306 0.575618 0.071919
v 0.014423 0.576274 0.072510
v 0.040112 0.572388 0.060032
v 0.040152 0.573248 0.060092
v 0.040273 0.574086 0.060272
v 0.040470 0.574883 0.060567
v 0.040739 0.575618 0.060970
v 0.041074 0.576274 0.061471
v 0.051053 0.572388 0.051053
v 0.051104 0.573248 0.051104
v 0.051257 0.574086 0.051257
v 0.051508 0.574883 0.051508
v 0.051851 0.575618 0.051851
v 0.052277 0.576274 0.052277
v 0.060032 0.572388 0.040112
v 0.060092 0.573248 0.040152
v 0.060272 0.574086 0.040273
v 0.060567 0.574883 0.040470
v 0.060970 0.575618 0.040739
v 0.061471 0.576274 0.041073
v 0.066704 0.572388 0.027629
v 0.066771 0.573248 0.027657
v 0.066971 0.574086 0.027740
v 0.067299 0.574883 0.027876
v 0.067747 0.575618 0.028061
v 0.068303 0.576274 0.028292
v 0.070812 0.572388 0.014085
v 0.070884 0.573248 0.014099
v 0.071096 0.574086 0.014142
v 0.071444 0.574883 0.014211
v 0.071919 0.575618 0.014305
v 0.072510 0.576274 0.014423
v 0.072199 0.572388 -0.000000
v 0.072272 0.573248 -0.000000
v 0.072489 0.574086 -0.000000
v 0.072844 0.574883 -0.000000
v 0.073329 0.575618 -0.000000
v 0.073930 0.576274 -0.000000
v 0.070812 0.572388 -0.014086
v 0.070884 0.573248 -0.014100
v 0.071096 0.574086 -0.014142
v 0.071444 0.574883 -0.014211
v 0.071919 0.575618 -0.014306
v 0.072510 0.576274 -0.014424
v 0.066704 0.572388 -0.027630
v 0.066771 0.573248 -0.027658
v 0.066971 0.574086 -0.027741
v 0.067299 0.574883 -0.027876
v 0.067747 0.575618 -0.028062
v 0.068303 0.576274 -0.028292
v 0.060032 0.572388 -0.040112
v 0.060092 0.573248 -0.040153
v 0.060272 0.574086 -0.040273
v 0.060567 0.574883 -0.040470
v 0.060971 0.575618 -0.040740
v 0.061471 0.576274 -0.041074
v 0.051053 0.572388 -0.051053
v 0.051104 0.573248 -0.051105
v 0.051257 0.574086 -0.051258
v 0.051508 0.574883 -0.051509
v 0.051851 0.575618 -0.051851
v 0.052277 0.576274 -0.052277
v 0.040112 0.572388 -0.060032
v 0.040152 0.573248 -0.060093
v 0.040273 0.574086 -0.060273
v 0.040470 0.574883 -0.060568
v 0.040739 0.575618 -0.060971
v 0.041074 0.576274 -0.061471
v 0.027630 0.572388 -0.066704
v 0.027657 0.573248 -0.066771
v 0.027740 0.574086 -0.066971
v 0.027876 0.574883 -0.067299
v 0.028062 0.575618 -0.067747
v 0.028292 0.576274 -0.068303
v 0.014085 0.572388 -0.070813
v 0.014100 0.573248 -0.070884
v 0.014142 0.574086 -0.071096
v 0.014211 0.574883 -0.071445
v 0.014306 0.575618 -0.071920
v 0.014423 0.576274 -0.072511
v -0.000000 0.572388 -0.072200
v -0.000000 0.573248 -0.072273
v -0.000000 0.574086 -0.072489
v -0.000000 0.574883 -0.072844
v -0.000000 0.575618 -0.073329
v -0.000000 0.576274 -0.073931
v -0.014086 0.572388 -0.070813
v -0.014100 0.573248 -0.070884
v -0.014142 0.574086 -0.071096
v -0.014211 0.574883 -0.071445
v -0.014306 0.575618 -0.071920
v -0.014423 0.576274 -0.072511
v -0.027630 0.572388 -0.066704
v -0.027658 0.573248 -0.066771
v -0.027740 0.574086 -0.066971
v -0.027877 0.574883 -0.067299
v -0.028062 0.575618 -0.067747
v -0.028292 0.576274 -0.068303
v -0.040112 0.572388 -0.060032
v -0.040153 0.573248 -0.060093
v -0.040273 0.574086 -0.060273
v -0.040470 0.574883 -0.060568
v -0.040739 0.575618 -0.060971
v -0.041074 0.576274 -0.061472
v -0.051053 0.572388 -0.051053
v -0.051104 0.573248 -0.051105
v -0.051257 0.574086 -0.051258
v -0.051509 0.574883 -0.051509
v -0.051851 0.575618 -0.051852
v -0.052277 0.576274 -0.052277
v -0.060032 0.572388 -0.040112
v -0.060093 0.573248 -0.040153
v -0.060272 0.574086 -0.040273
v -0.060568 0.574883 -0.040470
v -0.060971 0.575618 -0.040740
v -0.061471 0.576274 -0.041074
v -0.066704 0.572388 -0.027630
v -0.066771 0.573248 -0.027658
v -0.066971 0.574086 -0.027741
v -0.067299 0.574883 -0.027877
v -0.067747 0.575618 -0.028062
v -0.068303 0.576274 -0.028292
v -0.070813 0.572388 -0.014086
v -0.070884 0.573248 -0.014100
v -0.071096 0.574086 -0.014142
v -0.071444 0.574883 -0.014211
v -0.071920 0.575618 -0.014306
v -0.072510 0.576274 -0.014424
v -0.072200 0.572388 -0.000000
v -0.072272 0.573248 -0.000000
v -0.072489 0.574086 -0.000000
v -0.072844 0.574883 -0.000000
v -0.073329 0.575618 -0.000000
v -0.073931 0.576274 -0.000000
v -0.070813 0.572388 0.014085
v -0.070884 0.573248 0.014099
v -0.071096 0.574086 0.014142
v -0.071445 0.574883 0.014211
v -0.071920 0.575618 0.014305
v -0.072510 0.576274 0.014423
v -0.066704 0.572388 0.027629
v -0.066771 0.573248 0.027657
v -0.066971 0.574086 0.027740
v -0.067299 0.574883 0.027876
v -0.067747 0.575618 0.028061
v -0.068303 0.576274 0.028292
v -0.060032 0.572388 0.040112
v -0.060093 0.573248 0.040152
v -0.060272 0.574086 0.040272
v -0.060568 0.574883 0.040470
v -0.060971 0.575618 0.040739
v -0.061471 0.576274 0.041073
v -0.051053 0.572388 0.051053
v -0.051104 0.573248 0.051104
v -0.051257 0.574086 0.051257
v -0.051509 0.574883 0.051508
v -0.051851 0.575618 0.051851
v -0.052277 0.576274 0.052277
v -0.040112 0.572388 0.060032
v -0.040153 0.573248 0.060092
v -0.040273 0.574086 0.060272
v -0.040470 0.574883 0.060567
v -0.040739 0.575618 0.060970
v -0.041074 0.576274 0.061471
v -0.027630 0.572388 0.066704
v -0.027657 0.573248 0.066771
v -0.027740 0.574086 0.066971
v -0.027876 0.574883 0.067299
v -0.028062 0.575618 0.067747
v -0.028292 0.576274 0.068303
v -0.014086 0.572388 0.070812
v -0.014100 0.573248 0.070884
v -0.014142 0.574086 0.071096
v -0.014211 0.574883 0.071444
v -0.014306 0.575618 0.071919
v -0.014423 0.576274 0.072510
v -0.000000 0.572388 0.072199
v -0.000000 0.573248 0.072272
v -0.000000 0.574086 0.072489
v -0.000000 0.574883 0.072844
v -0.000000 0.575618 0.073328
v -0.000000 0.576274 0.073931
v 0.027630 0.568295 0.066703
v 0.027670 0.567417 0.066801
v 0.027788 0.566581 0.067087
v 0.027980 0.565829 0.067549
v 0.028234 0.565198 0.068164
v 0.028540 0.564718 0.068901
v 0.014085 0.568295 0.070812
v 0.014106 0.567417 0.070915
v 0.014166 0.566581 0.071219
v 0.014264 0.565829 0.071710
v 0.014394 0.565198 0.072362
v 0.014549 0.564718 0.073145
v 0.040112 0.568295 0.060032
v 0.040170 0.567417 0.060119
v 0.040343 0.566581 0.060377
v 0.040620 0.565829 0.060792
v 0.040990 0.565198 0.061346
v 0.041433 0.564718 0.062009
v 0.051053 0.568295 0.051053
v 0.051127 0.567417 0.051127
v 0.051346 0.566581 0.051346
v 0.051700 0.565829 0.051700
v 0.052170 0.565198 0.052170
v 0.052734 0.564718 0.052734
v 0.060032 0.568295 0.040112
v 0.060119 0.567417 0.040170
v 0.060377 0.566581 0.040342
v 0.060793 0.565829 0.040620
v 0.061346 0.565198 0.040990
v 0.062009 0.564718 0.041433
v 0.066704 0.568295 0.027629
v 0.066801 0.567417 0.027670
v 0.067087 0.566581 0.027788
v 0.067549 0.565829 0.027980
v 0.068164 0.565198 0.028234
v 0.068901 0.564718 0.028539
v 0.070812 0.568295 0.014085
v 0.070916 0.567417 0.014106
v 0.071219 0.566581 0.014166
v 0.071710 0.565829 0.014264
v 0.072362 0.565198 0.014394
v 0.073145 0.564718 0.014549
v 0.072199 0.568295 -0.000000
v 0.072305 0.567417 -0.000000
v 0.072615 0.566581 -0.000000
v 0.073115 0.565829 -0.000000
v 0.073780 0.565198 -0.000000
v 0.074578 0.564718 -0.000000
v 0.070812 0.568295 -0.014086
v 0.070916 0.567417 -0.014106
v 0.071219 0.566581 -0.014167
v 0.071710 0.565829 -0.014264
v 0.072362 0.565198 -0.014394
v 0.073145 0.564718 -0.014550
v 0.066704 0.568295 -0.027630
v 0.066801 0.567417 -0.027670
v 0.067087 0.566581 -0.027789
v 0.067549 0.565829 -0.027980
v 0.068164 0.565198 -0.028235
v 0.068901 0.564718 -0.028540
v 0.060032 0.568295 -0.040112
v 0.060119 0.567417 -0.040171
v 0.060377 0.566581 -0.040343
v 0.060793 0.565829 -0.040621
v 0.061346 0.565198 -0.040990
v 0.062009 0.564718 -0.041434
v 0.051053 0.568295 -0.051053
v 0.051127 0.567417 -0.051127
v 0.051346 0.566581 -0.051347
v 0.051700 0.565829 -0.051700
v 0.052170 0.565198 -0.052171
v 0.052735 0.564718 -0.052735
v 0.040112 0.568295 -0.060032
v 0.040170 0.567417 -0.060120
v 0.040343 0.566581 -0.060377
v 0.040620 0.565829 -0.060793
v 0.040990 0.565198 -0.061346
v 0.041433 0.564718 -0.062009
v 0.027630 0.568295 -0.066704
v 0.027670 0.567417 -0.066801
v 0.027788 0.566581 -0.067088
v 0.027980 0.565829 -0.067550
v 0.028234 0.565198 -0.068164
v 0.028540 0.564718 -0.068901
v 0.014085 0.568295 -0.070813
v 0.014106 0.567417 -0.070916
v 0.014166 0.566581 -0.071220
v 0.014264 0.565829 -0.071710
v 0.014394 0.565198 -0.072363
v 0.014549 0.564718 -0.073145
v -0.000000 0.568295 -0.072200
v -0.000000 0.567417 -0.072305
v -0.000000 0.566581 -0.072615
v -0.000000 0.565829 -0.073115
v -0.000000 0.565198 -0.073780
v -0.000000 0.564718 -0.074578
v -0.014086 0.568295 -0.070813
v -0.014106 0.567417 -0.070916
v -0.014166 0.566581 -0.071220
v -0.014264 0.565829 -0.071710
v -0.014394 0.565198 -0.072363
v -0.014550 0.564718 -0.073145
v -0.027630 0.568295 -0.066704
v -0.027670 0.567417 -0.066801
v -0.027789 0.566581 -0.067088
v -0.027980 0.565829 -0.067550
v -0.028235 0.565198 -0.068164
v -0.028540 0.564718 -0.068901
v -0.040112 0.568295 -0.060032
v -0.040170 0.567417 -0.060120
v -0.040343 0.566581 -0.060377
v -0.040621 0.565829 -0.060793
v -0.040990 0.565198 -0.061346
v -0.041434 0.564718 -0.062010
v -0.051053 0.568295 -0.051053
v -0.051127 0.567417 -0.051128
v -0.051347 0.566581 -0.051347
v -0.051700 0.565829 -0.051700
v -0.052170 0.565198 -0.052171
v -0.052735 0.564718 -0.052735
v -0.060032 0.568295 -0.040112
v -0.060119 0.567417 -0.040171
v -0.060377 0.566581 -0.040343
v -0.060793 0.565829 -0.040621
v -0.061346 0.565198 -0.040990
v -0.062009 0.564718 -0.041434
v -0.066704 0.568295 -0.027630
v -0.066801 0.567417 -0.027670
v -0.067088 0.566581 -0.027789
v -0.067549 0.565829 -0.027980
v -0.068164 0.565198 -0.028235
v -0.068901 0.564718 -0.028540
v -0.070813 0.568295 -0.014086
v -0.070916 0.567417 -0.014106
v -0.071220 0.566581 -0.014167
v -0.071710 0.565829 -0.014264
v -0.072362 0.565198 -0.014394
v -0.073145 0.564718 -0.014550
v -0.072200 0.568295 -0.000000
v -0.072305 0.567417 -0.000000
v -0.072615 0.566581 -0.000000
v -0.073115 0.565829 -0.000000
v -0.073780 0.565198 -0.000000
v -0.074578 0.564718 -0.000000
v -0.070813 0.568295 0.014085
v -0.070916 0.567417 0.014106
v -0.071220 0.566581 0.014166
v -0.071710 0.565829 0.014264
v -0.072363 0.565198 0.014394
v -0.073145 0.564718 0.014549
v -0.066704 0.568295 0.027629
v -0.066801 0.567417 0.027670
v -0.067088 0.566581 0.027788
v -0.067549 0.565829 0.027980
v -0.068164 0.565198 0.028234
v -0.068901 0.564718 0.028539
v -0.060032 0.568295 0.040112
v -0.060119 0.567417 0.040170
v -0.060377 0.566581 0.040342
v -0.060793 0.565829 0.040620
v -0.061346 0.565198 0.040990
v -0.062009 0.564718 0.041433
v -0.051053 0.568295 0.051053
v -0.051127 0.567417 0.051127
v -0.051347 0.566581 0.051346
v -0.051700 0.565829 0.051700
v -0.052170 0.565198 0.052170
v -0.052735 0.564718 0.052734
v -0.040112 0.568295 0.060032
v -0.040170 0.567417 0.060119
v -0.040343 0.566581 0.060377
v -0.040621 0.565829 0.060792
v -0.040990 0.565198 0.061346
v -0.041434 0.564718 0.062009
v -0.027630 0.568295 0.066704
v -0.027670 0.567417 0.066801
v -0.027788 0.566581 0.067087
v -0.027980 0.565829 0.067549
v -0.028234 0.565198 0.068164
v -0.028540 0.564718 0.068901
v -0.014086 0.568295 0.070812
v -0.014106 0.567417 0.070915
v -0.014166 0.566581 0.071219
v -0.014264 0.565829 0.071710
v -0.014394 0.565198 0.072362
v -0.014550 0.564718 0.073145
v -0.000000 0.568295 0.072199
v -0.000000 0.567417 0.072305
v -0.000000 0.566581 0.072615
v -0.000000 0.565829 0.073115
v -0.000000 0.565198 0.073780
v -0.000000 0.564718 0.074578
v 0.032360 0.550793 0.078124
v 0.032135 0.549976 0.077581
v 0.032055 0.549011 0.077387
v 0.032131 0.548043 0.077572
v 0.032353 0.547219 0.078108
v 0.032687 0.546664 0.078914
v 0.016497 0.550793 0.082936
v 0.016382 0.549976 0.082359
v 0.016341 0.549011 0.082154
v 0.016380 0.548043 0.082350
v 0.016494 0.547219 0.082919
v 0.016664 0.546664 0.083775
v 0.046980 0.550793 0.070310
v 0.046653 0.549976 0.069821
v 0.046536 0.549011 0.069647
v 0.046648 0.548043 0.069813
v 0.046970 0.547219 0.070296
v 0.047455 0.546664 0.071021
v 0.059794 0.550793 0.059794
v 0.059378 0.549976 0.059378
v 0.059230 0.549011 0.059230
v 0.059371 0.548043 0.059371
v 0.059782 0.547219 0.059782
v 0.060398 0.546664 0.060398
v 0.070310 0.550793 0.046980
v 0.069821 0.549976 0.046653
v 0.069647 0.549011 0.046536
v 0.069813 0.548043 0.046648
v 0.070296 0.547219 0.046970
v 0.071021 0.546664 0.047455
v 0.078124 0.550793 0.032360
v 0.077581 0.549976 0.032135
v 0.077387 0.549011 0.032055
v 0.077572 0.548043 0.032131
v 0.078108 0.547219 0.032353
v 0.078915 0.546664 0.032687
v 0.082936 0.550793 0.016497
v 0.082360 0.549976 0.016382
v 0.082154 0.549011 0.016341
v 0.082351 0.548043 0.016380
v 0.082920 0.547219 0.016493
v 0.083775 0.546664 0.016664
v 0.084561 0.550793 -0.000000
v 0.083973 0.549976 -0.000000
v 0.083764 0.549011 -0.000000
v 0.083964 0.548043 -0.000000
v 0.084544 0.547219 -0.000000
v 0.085417 0.546664 -0.000000
v 0.082936 0.550793 -0.016497
v 0.082360 0.549976 -0.016383
v 0.082154 0.549011 -0.016342
v 0.082350 0.548043 -0.016381
v 0.082920 0.547219 -0.016494
v 0.083775 0.546664 -0.016664
v 0.078124 0.550793 -0.032360
v 0.077581 0.549976 -0.032135
v 0.077387 0.549011 -0.032055
v 0.077572 0.548043 -0.032132
v 0.078108 0.547219 -0.032354
v 0.078915 0.546664 -0.032688
v 0.070310 0.550794 -0.046980
v 0.069821 0.549976 -0.046653
v 0.069647 0.549011 -0.046537
v 0.069813 0.548043 -0.046648
v 0.070296 0.547220 -0.046971
v 0.071021 0.546664 -0.047455
v 0.059794 0.550794 -0.059794
v 0.059378 0.549976 -0.059378
v 0.059230 0.549011 -0.059230
v 0.059371 0.548043 -0.059372
v 0.059782 0.547220 -0.059782
v 0.060399 0.546664 -0.060399
v 0.046980 0.550793 -0.070310
v 0.046653 0.549976 -0.069822
v 0.046536 0.549011 -0.069647
v 0.046648 0.548043 -0.069814
v 0.046970 0.547219 -0.070296
v 0.047455 0.546664 -0.071022
v 0.032360 0.550793 -0.078125
v 0.032135 0.549976 -0.077581
v 0.032055 0.549011 -0.077388
v 0.032131 0.548043 -0.077573
v 0.032353 0.547219 -0.078109
v 0.032687 0.546664 -0.078915
v 0.016497 0.550793 -0.082937
v 0.016382 0.549976 -0.082360
v 0.016341 0.549011 -0.082154
v 0.016380 0.548043 -0.082351
v 0.016493 0.547219 -0.082920
v 0.016664 0.546664 -0.083776
v -0.000000 0.550793 -0.084562
v -0.000000 0.549976 -0.083974
v -0.000000 0.549011 -0.083764
v -0.000000 0.548043 -0.083964
v -0.000000 0.547219 -0.084544
v -0.000000 0.546664 -0.085417
v -0.016497 0.550793 -0.082937
v -0.016383 0.549976 -0.082360
v -0.016341 0.549011 -0.082154
v -0.016381 0.548043 -0.082351
v -0.016494 0.547219 -0.082920
v -0.016664 0.546664 -0.083776
v -0.032360 0.550793 -0.078125
v -0.032135 0.549976 -0.077582
v -0.032055 0.549011 -0.077388
v -0.032132 0.548043 -0.077573
v -0.032354 0.547219 -0.078109
v -0.032688 0.546664 -0.078915
v -0.046980 0.550793 -0.070310
v -0.046653 0.549976 -0.069822
v -0.046537 0.549011 -0.069647
v -0.046648 0.548043 -0.069814
v -0.046970 0.547219 -0.070296
v -0.047455 0.546664 -0.071022
v -0.059794 0.550793 -0.059794
v -0.059378 0.549976 -0.059379
v -0.059230 0.549011 -0.059230
v -0.059371 0.548043 -0.059372
v -0.059782 0.547219 -0.059782
v -0.060399 0.546664 -0.060399
v -0.070310 0.550793 -0.046980
v -0.069821 0.549976 -0.046653
v -0.069647 0.549011 -0.046537
v -0.069813 0.548043 -0.046648
v -0.070296 0.547219 -0.046971
v -0.071022 0.546664 -0.047455
v -0.078124 0.550793 -0.032360
v -0.077581 0.549976 -0.032136
v -0.077388 0.549011 -0.032055
v -0.077573 0.548043 -0.032132
v -0.078109 0.547219 -0.032354
v -0.078915 0.546664 -0.032688
v -0.082936 0.550793 -0.016497
v -0.082360 0.549976 -0.016383
v -0.082154 0.549011 -0.016342
v -0.082351 0.548043 -0.016381
v -0.082920 0.547219 -0.016494
v -0.083776 0.546664 -0.016664
v -0.084561 0.550793 -0.000000
v -0.083973 0.549976 -0.000000
v -0.083764 0.549011 -0.000000
v -0.083964 0.548043 -0.000000
v -0.084544 0.547219 -0.000000
v -0.085417 0.546664 -0.000000
v -0.082937 0.550793 0.016497
v -0.082360 0.549976 0.016382
v -0.082155 0.549011 0.016341
v -0.082351 0.548043 0.016380
v -0.082920 0.547219 0.016493
v -0.083776 0.546664 0.016664
v -0.078124 0.550793 0.032360
v -0.077581 0.549976 0.032135
v -0.077387 0.549011 0.032055
v -0.077573 0.548043 0.032131
v -0.078109 0.547219 0.032353
v -0.078915 0.546664 0.032687
v -0.070310 0.550793 0.046980
v -0.069821 0.549976 0.046653
v -0.069647 0.549011 0.046536
v -0.069814 0.548043 0.046648
v -0.070296 0.547219 0.046970
v -0.071022 0.546664 0.047455
v -0.059794 0.550793 0.059794
v -0.059378 0.549976 0.059378
v -0.059230 0.549011 0.059230
v -0.059371 0.548043 0.059371
v -0.059782 0.547219 0.059781
v -0.060399 0.546664 0.060398
v -0.046980 0.550793 0.070310
v -0.046653 0.549976 0.069821
v -0.046537 0.549011 0.069647
v -0.046648 0.548043 0.069813
v -0.046970 0.547219 0.070296
v -0.047455 0.546664 0.071021
v -0.032360 0.550793 0.078124
v -0.032135 0.549976 0.077581
v -0.032055 0.549011 0.077387
v -0.032131 0.548043 0.077572
v -0.032353 0.547219 0.078108
v -0.032687 0.546664 0.078915
v -0.016497 0.550794 0.082936
v -0.016383 0.549976 0.082360
v -0.016341 0.549011 0.082154
v -0.016381 0.548043 0.082350
v -0.016494 0.547219 0.082919
v -0.016664 0.546664 0.083775
v -0.000000 0.550793 0.084561
v -0.000000 0.549976 0.083973
v -0.000000 0.549011 0.083763
v -0.000000 0.548043 0.083964
v -0.000000 0.547219 0.084544
v -0.000000 0.546664 0.085417
v -0.035746 0.254424 -0.086299
v -0.051896 0.254424 -0.077668
v -0.066050 0.254424 -0.066051
v -0.077668 0.254424 -0.051896
v -0.086299 0.254424 -0.035747
v -0.091615 0.254424 -0.018224
v -0.093409 0.254424 -0.000000
v -0.091615 0.254424 0.018224
v -0.086299 0.254424 0.035746
v -0.077668 0.254424 0.051894
v -0.066049 0.254424 0.066051
v -0.051896 0.254424 0.077667
v -0.035747 0.254424 0.086299
v -0.018223 0.254424 0.091615
v -0.000002 0.254424 0.093410
v 0.018223 0.254424 0.091614
v 0.035746 0.254424 0.086299
v 0.051895 0.254424 0.077667
v 0.066049 0.254424 0.066051
v 0.077666 0.254424 0.051896
v 0.086299 0.254424 0.035745
v 0.091615 0.254424 0.018223
v 0.093409 0.254424 -0.000000
v 0.091614 0.254424 -0.018224
v 0.086298 0.254424 -0.035746
v 0.077667 0.254424 -0.051898
v 0.066052 0.254424 -0.066052
v 0.051896 0.254424 -0.077667
v 0.035747 0.254424 -0.086299
v 0.018224 0.254424 -0.091615
v 0.000000 0.254424 -0.093410
v -0.018224 0.254424 -0.091615
v -0.033209 0.287823 -0.080173
v -0.048212 0.287823 -0.072154
v -0.061362 0.287823 -0.061362
v -0.072154 0.287823 -0.048212
v -0.080173 0.287823 -0.033209
v -0.085111 0.287823 -0.016930
v -0.086778 0.287823 -0.000000
v -0.085111 0.287823 0.016930
v -0.080173 0.287823 0.033208
v -0.072154 0.287823 0.048210
v -0.061360 0.287823 0.061362
v -0.048212 0.287823 0.072153
v -0.033209 0.287823 0.080173
v -0.016929 0.287823 0.085111
v -0.000002 0.287823 0.086778
v 0.016930 0.287823 0.085110
v 0.033209 0.287823 0.080172
v 0.048211 0.287823 0.072153
v 0.061361 0.287823 0.061361
v 0.072153 0.287823 0.048212
v 0.080172 0.287823 0.033208
v 0.085111 0.287823 0.016929
v 0.086778 0.287823 -0.000000
v 0.085110 0.287823 -0.016930
v 0.080172 0.287823 -0.033208
v 0.072153 0.287823 -0.048213
v 0.061363 0.287823 -0.061363
v 0.048212 0.287823 -0.072154
v 0.033209 0.287823 -0.080173
v 0.016930 0.287823 -0.085111
v 0.000000 0.287823 -0.086778
v -0.016930 0.287823 -0.085111
v -0.030837 0.321223 -0.074448
v -0.044769 0.321223 -0.067002
v -0.056980 0.321223 -0.056981
v -0.067002 0.321223 -0.044769
v -0.074448 0.321223 -0.030838
v -0.079034 0.321223 -0.015721
v -0.080582 0.321223 -0.000000
v -0.079033 0.321223 0.015721
v -0.074448 0.321223 0.030837
v -0.067002 0.321223 0.044768
v -0.056979 0.321223 0.056981
v -0.044769 0.321223 0.067001
v -0.030838 0.321223 0.074448
v -0.015720 0.321223 0.079034
v -0.000001 0.321223 0.080582
v 0.015721 0.321223 0.079033
v 0.030837 0.321223 0.074448
v 0.044769 0.321223 0.067001
v 0.056979 0.321223 0.056980
v 0.067001 0.321223 0.044769
v 0.074448 0.321223 0.030837
v 0.079033 0.321223 0.015721
v 0.080582 0.321223 -0.000000
v 0.079033 0.321223 -0.015721
v 0.074447 0.321223 -0.030837
v 0.067001 0.321223 -0.044771
v 0.056981 0.321223 -0.056981
v 0.044769 0.321223 -0.067001
v 0.030838 0.321223 -0.074448
v 0.015721 0.321223 -0.079034
v 0.000000 0.321223 -0.080582
v -0.015721 0.321223 -0.079034
v -0.028580 0.354622 -0.069000
v -0.041493 0.354622 -0.062098
v -0.052810 0.354622 -0.052810
v -0.062098 0.354622 -0.041492
v -0.068999 0.354622 -0.028581
v -0.073250 0.354622 -0.014570
v -0.074684 0.354622 -0.000000
v -0.073249 0.354622 0.014570
v -0.068999 0.354622 0.028580
v -0.062098 0.354622 0.041492
v -0.052809 0.354622 0.052810
v -0.041493 0.354622 0.062098
v -0.028581 0.354622 0.068999
v -0.014570 0.354622 0.073250
v -0.000001 0.354622 0.074684
v 0.014570 0.354622 0.073249
v 0.028580 0.354622 0.068999
v 0.041492 0.354622 0.062098
v 0.052809 0.354622 0.052810
v 0.062097 0.354622 0.041493
v 0.068999 0.354622 0.028580
v 0.073249 0.354622 0.014570
v 0.074684 0.354622 -0.000000
v 0.073249 0.354622 -0.014570
v 0.068999 0.354622 -0.028580
v 0.062098 0.354622 -0.041494
v 0.052810 0.354622 -0.052810
v 0.041493 0.354622 -0.062098
v 0.028581 0.354622 -0.068999
v 0.014570 0.354622 -0.073249
v 0.000000 0.354622 -0.074685
v -0.014570 0.354622 -0.073249
v -0.026512 0.388021 -0.064007
v -0.038490 0.388021 -0.057605
v -0.048988 0.388021 -0.048989
v -0.057605 0.388021 -0.038490
v -0.064007 0.388021 -0.026513
v -0.067949 0.388021 -0.013516
v -0.069280 0.388021 -0.000000
v -0.067949 0.388021 0.013516
v -0.064007 0.388021 0.026512
v -0.057605 0.388021 0.038489
v -0.048988 0.388021 0.048989
v -0.038490 0.388021 0.057604
v -0.026513 0.388021 0.064006
v -0.013516 0.388021 0.067949
v -0.000001 0.388021 0.069280
v 0.013516 0.388021 0.067949
v 0.026512 0.388021 0.064006
v 0.038490 0.388021 0.057604
v 0.048988 0.388021 0.048988
v 0.057604 0.388021 0.038490
v 0.064006 0.388021 0.026512
v 0.067949 0.388021 0.013516
v 0.069280 0.388021 -0.000000
v 0.067949 0.388021 -0.013516
v 0.064006 0.388021 -0.026512
v 0.057604 0.388021 -0.038491
v 0.048989 0.388021 -0.048989
v 0.038490 0.388021 -0.057605
v 0.026513 0.388021 -0.064007
v 0.013516 0.388021 -0.067949
v 0.000000 0.388021 -0.069280
v -0.013516 0.388021 -0.067949
v -0.023967 0.421420 -0.057861
v -0.034794 0.421420 -0.052074
v -0.044285 0.421420 -0.044285
v -0.052074 0.421420 -0.034795
v -0.057861 0.421420 -0.023967
v -0.061425 0.421420 -0.012219
v -0.062628 0.421420 -0.000000
v -0.061425 0.421420 0.012218
v -0.057861 0.421420 0.023967
v -0.052074 0.421420 0.034794
v -0.044285 0.421420 0.044285
v -0.034794 0.421420 0.052073
v -0.023967 0.421420 0.057861
v -0.012218 0.421420 0.061425
v -0.000001 0.421420 0.062628
v 0.012218 0.421420 0.061425
v 0.023967 0.421420 0.057861
v 0.034794 0.421420 0.052073
v 0.044285 0.421420 0.044285
v 0.052073 0.421420 0.034794
v 0.057861 0.421420 0.023967
v 0.061425 0.421420 0.012218
v 0.062628 0.421420 -0.000000
v 0.061425 0.421420 -0.012218
v 0.057861 0.421420 -0.023967
v 0.052073 0.421421 -0.034795
v 0.044285 0.421421 -0.044285
v 0.034795 0.421420 -0.052074
v 0.023967 0.421420 -0.057861
v 0.012218 0.421420 -0.061425
v 0.000000 0.421420 -0.062629
v -0.012218 0.421420 -0.061425
v -0.023392 0.454820 -0.056473
v -0.033960 0.454820 -0.050824
v -0.043222 0.454820 -0.043223
v -0.050824 0.454820 -0.033960
v -0.056472 0.454820 -0.023392
v -0.059951 0.454820 -0.011925
v -0.061125 0.454820 -0.000000
v -0.059951 0.454820 0.011925
v -0.056472 0.454820 0.023391
v -0.050824 0.454820 0.033959
v -0.043222 0.454820 0.043222
v -0.033960 0.454820 0.050824
v -0.023392 0.454820 0.056472
v -0.011925 0.454820 0.059951
v -0.000001 0.454820 0.061125
v 0.011925 0.454820 0.059950
v 0.023392 0.454820 0.056472
v 0.033959 0.454820 0.050824
v 0.043222 0.454820 0.043222
v 0.050824 0.454820 0.033959
v 0.056472 0.454820 0.023391
v 0.059951 0.454820 0.011925
v 0.061125 0.454820 -0.000000
v 0.059950 0.454820 -0.011925
v 0.056472 0.454820 -0.023392
v 0.050824 0.454820 -0.033960
v 0.043223 0.454820 -0.043223
v 0.033960 0.454820 -0.050824
v 0.023392 0.454820 -0.056473
v 0.011925 0.454820 -0.059951
v 0.000000 0.454820 -0.061126
v -0.011925 0.454820 -0.059951
v -0.023403 0.488219 -0.056500
v -0.033976 0.488219 -0.050848
v -0.043243 0.488219 -0.043243
v -0.050848 0.488219 -0.033976
v -0.056499 0.488219 -0.023403
v -0.059980 0.488219 -0.011931
v -0.061155 0.488219 -0.000000
v -0.059980 0.488219 0.011930
v -0.056499 0.488219 0.023403
v -0.050848 0.488219 0.033975
v -0.043243 0.488219 0.043243
v -0.033976 0.488219 0.050848
v -0.023403 0.488219 0.056499
v -0.011931 0.488219 0.059979
v -0.000000 0.488219 0.061154
v 0.011931 0.488219 0.059979
v 0.023403 0.488219 0.056499
v 0.033975 0.488219 0.050848
v 0.043243 0.488219 0.043243
v 0.050848 0.488219 0.033976
v 0.056499 0.488219 0.023403
v 0.059979 0.488219 0.011930
v 0.061155 0.488219 -0.000000
v 0.059979 0.488219 -0.011931
v 0.056499 0.488219 -0.023403
v 0.050848 0.488219 -0.033976
v 0.043243 0.488219 -0.043243
v 0.033976 0.488219 -0.050848
v 0.023403 0.488219 -0.056500
v 0.011931 0.488219 -0.059980
v 0.000000 0.488219 -0.061155
v -0.011931 0.488219 -0.059980
v 0.067657 0.008841 0.163340
v 0.034492 0.008841 0.173400
v 0.098224 0.008841 0.147002
v 0.125014 0.008841 0.125015
v 0.147000 0.008841 0.098225
v 0.163339 0.008841 0.067657
v 0.173401 0.008841 0.034492
v 0.176798 0.008841 -0.000002
v 0.173400 0.008841 -0.034494
v 0.163340 0.008841 -0.067653
v 0.147005 0.008841 -0.098224
v 0.125017 0.008842 -0.125018
v 0.098224 0.008841 -0.147003
v 0.067659 0.008841 -0.163340
v 0.034492 0.008841 -0.173401
v 0.000000 0.008841 -0.176798
v -0.034492 0.008841 -0.173401
v -0.067658 0.008841 -0.163340
v -0.098224 0.008841 -0.147004
v -0.125015 0.008841 -0.125016
v -0.147004 0.008841 -0.098223
v -0.163340 0.008841 -0.067659
v -0.173402 0.008841 -0.034492
v -0.176798 0.008841 0.000000
v -0.173401 0.008841 0.034492
v -0.163339 0.008841 0.067658
v -0.147002 0.008841 0.098222
v -0.125012 0.008841 0.125017
v -0.098225 0.008841 0.147001
v -0.067660 0.008841 0.163340
v -0.034490 0.008841 0.173402
v -0.000002 0.008841 0.176798
v 0.005219 0.000000 0.026241
v 0.010246 0.000000 0.024718
v 0.020478 0.000000 0.049437
v 0.010439 0.000000 0.052481
v 0.014859 0.000000 0.022246
v 0.029728 0.000000 0.044492
v 0.018924 0.000000 0.018918
v 0.037836 0.000000 0.037838
v 0.022243 0.000000 0.014864
v 0.044490 0.000000 0.029730
v 0.024719 0.000000 0.010238
v 0.049437 0.000000 0.020476
v 0.026241 0.000000 0.005219
v 0.052482 0.000000 0.010439
v 0.026756 0.000000 -0.000000
v 0.053510 0.000000 -0.000000
v 0.026241 0.000000 -0.005220
v 0.052482 0.000000 -0.010439
v 0.024719 0.000000 -0.010239
v 0.049436 0.000000 -0.020477
v 0.022241 0.000000 -0.014865
v 0.044491 0.000000 -0.029734
v 0.018923 0.000000 -0.018919
v 0.037840 0.000000 -0.037839
v 0.014857 0.000000 -0.022246
v 0.029731 0.000000 -0.044492
v 0.010243 0.000000 -0.024719
v 0.020479 0.000000 -0.049437
v 0.005219 0.000000 -0.026241
v 0.010440 0.000000 -0.052482
v -0.000005 0.000000 -0.026755
v 0.000000 0.000000 -0.053510
v -0.005220 0.000000 -0.026241
v -0.010440 0.000000 -0.052482
v -0.010226 0.000000 -0.024719
v -0.020478 0.000000 -0.049437
v -0.014869 0.000000 -0.022246
v -0.029729 0.000000 -0.044493
v -0.018919 0.000000 -0.018919
v -0.037837 0.000000 -0.037839
v -0.022249 0.000000 -0.014865
v -0.044494 0.000000 -0.029728
v -0.024717 0.000000 -0.010239
v -0.049437 0.000000 -0.020479
v -0.026241 0.000000 -0.005220
v -0.052483 0.000000 -0.010440
v -0.026753 0.000000 -0.000000
v -0.053510 0.000000 -0.000000
v -0.026239 0.000000 0.005219
v -0.052482 0.000000 0.010439
v -0.024719 0.000000 0.010238
v -0.049437 0.000000 0.020477
v -0.022246 0.000000 0.014864
v -0.044492 0.000000 0.029727
v -0.018919 0.000000 0.018918
v -0.037835 0.000000 0.037839
v -0.014871 0.000000 0.022246
v -0.029729 0.000000 0.044492
v -0.010235 0.000000 0.024718
v -0.020478 0.000000 0.049437
v -0.005225 0.000000 0.026241
v -0.010438 0.000000 0.052483
v 0.000000 0.000000 0.026755
v -0.000003 0.000000 0.053510
v 0.067657 0.000000 0.163340
v 0.034492 0.000000 0.173400
v 0.098224 0.000000 0.147002
v 0.125014 0.000000 0.125015
v 0.147000 0.000000 0.098225
v 0.163339 0.000000 0.067657
v 0.173401 0.000000 0.034492
v 0.176798 0.000000 -0.000002
v 0.173400 0.000000 -0.034494
v 0.163340 0.000000 -0.067653
v 0.147005 0.000000 -0.098224
v 0.125017 0.000001 -0.125018
v 0.098224 0.000000 -0.147003
v 0.067659 0.000000 -0.163340
v 0.034492 0.000000 -0.173401
v 0.000000 0.000000 -0.176798
v -0.034491 0.000000 -0.173401
v -0.067658 0.000000 -0.163340
v -0.098224 0.000000 -0.147004
v -0.125015 0.000000 -0.125016
v -0.147004 0.000000 -0.098223
v -0.163340 0.000000 -0.067659
v -0.173402 0.000000 -0.034492
v -0.176798 0.000000 0.000000
v -0.173401 0.000000 0.034492
v -0.163339 0.000000 0.067658
v -0.147002 0.000000 0.098222
v -0.125012 0.000000 0.125017
v -0.098225 0.000000 0.147001
v -0.067660 0.000000 0.163340
v -0.034490 0.000000 0.173402
v -0.000002 0.000000 0.176798
v -0.000005 0.000000 -0.000000
v 0.040730 0.215719 0.098331
v 0.042053 0.211292 0.101525
v 0.042749 0.206083 0.103204
v 0.042749 0.200603 0.103204
v 0.042053 0.195393 0.101525
v 0.040730 0.190967 0.098331
v 0.020764 0.215719 0.104388
v 0.021438 0.211292 0.107778
v 0.021793 0.206082 0.109561
v 0.021793 0.200603 0.109561
v 0.021438 0.195393 0.107778
v 0.020764 0.190967 0.104388
v 0.059131 0.215719 0.088496
v 0.061051 0.211292 0.091370
v 0.062062 0.206083 0.092882
v 0.062062 0.200603 0.092882
v 0.061051 0.195393 0.091370
v 0.059131 0.190967 0.088496
v 0.075259 0.215719 0.075260
v 0.077703 0.211292 0.077704
v 0.078988 0.206082 0.078989
v 0.078988 0.200603 0.078989
v 0.077703 0.195393 0.077704
v 0.075259 0.190967 0.075260
v 0.088495 0.215719 0.059132
v 0.091369 0.211292 0.061052
v 0.092880 0.206082 0.062062
v 0.092880 0.200603 0.062062
v 0.091369 0.195393 0.061052
v 0.088495 0.190967 0.059132
v 0.098331 0.215719 0.040729
v 0.101524 0.211292 0.042052
v 0.103204 0.206082 0.042748
v 0.103204 0.200603 0.042748
v 0.101524 0.195393 0.042052
v 0.098331 0.190967 0.040729
v 0.104388 0.215719 0.020764
v 0.107778 0.211292 0.021438
v 0.109561 0.206082 0.021793
v 0.109561 0.200603 0.021793
v 0.107778 0.195393 0.021438
v 0.104388 0.190967 0.020764
v 0.106433 0.215719 -0.000000
v 0.109890 0.211292 -0.000000
v 0.111708 0.206082 -0.000000
v 0.111708 0.200603 -0.000000
v 0.109890 0.195393 -0.000000
v 0.106433 0.190967 -0.000000
v 0.104388 0.215719 -0.020765
v 0.107778 0.211292 -0.021439
v 0.109560 0.206082 -0.021794
v 0.109560 0.200603 -0.021794
v 0.107778 0.195393 -0.021439
v 0.104388 0.190967 -0.020765
v 0.098330 0.215719 -0.040730
v 0.101524 0.211292 -0.042052
v 0.103204 0.206082 -0.042748
v 0.103204 0.200603 -0.042748
v 0.101524 0.195393 -0.042052
v 0.098330 0.190967 -0.040729
v 0.088496 0.215719 -0.059134
v 0.091370 0.211292 -0.061054
v 0.092882 0.206083 -0.062064
v 0.092882 0.200603 -0.062064
v 0.091370 0.195394 -0.061054
v 0.088496 0.190967 -0.059134
v 0.075261 0.215719 -0.075261
v 0.077706 0.211292 -0.077705
v 0.078991 0.206083 -0.078991
v 0.078991 0.200603 -0.078991
v 0.077706 0.195394 -0.077705
v 0.075261 0.190967 -0.075261
v 0.059132 0.215719 -0.088497
v 0.061052 0.211292 -0.091370
v 0.062062 0.206083 -0.092882
v 0.062062 0.200603 -0.092882
v 0.061052 0.195393 -0.091370
v 0.059132 0.190967 -0.088496
v 0.040731 0.215719 -0.098332
v 0.042054 0.211292 -0.101525
v 0.042750 0.206082 -0.103205
v 0.042750 0.200603 -0.103205
v 0.042054 0.195393 -0.101525
v 0.040731 0.190967 -0.098332
v 0.020765 0.215719 -0.104388
v 0.021439 0.211292 -0.107779
v 0.021794 0.206082 -0.109561
v 0.021794 0.200603 -0.109561
v 0.021439 0.195393 -0.107779
v 0.020765 0.190967 -0.104388
v 0.000000 0.215719 -0.106433
v 0.000000 0.211292 -0.109890
v 0.000000 0.206082 -0.111708
v 0.000000 0.200603 -0.111708
v 0.000000 0.195393 -0.109890
v 0.000000 0.190967 -0.106433
v -0.020764 0.215719 -0.104388
v -0.021439 0.211292 -0.107779
v -0.021793 0.206082 -0.109561
v -0.021793 0.200603 -0.109561
v -0.021439 0.195393 -0.107779
v -0.020764 0.190967 -0.104388
v -0.040730 0.215719 -0.098332
v -0.042053 0.211292 -0.101525
v -0.042749 0.206083 -0.103205
v -0.042749 0.200603 -0.103205
v -0.042053 0.195393 -0.101525
v -0.040730 0.190967 -0.098332
v -0.059131 0.215719 -0.088497
v -0.061052 0.211292 -0.091371
v -0.062062 0.206083 -0.092882
v -0.062062 0.200603 -0.092882
v -0.061052 0.195393 -0.091371
v -0.059131 0.190967 -0.088497
v -0.075260 0.215719 -0.075261
v -0.077704 0.211292 -0.077705
v -0.078989 0.206082 -0.078990
v -0.078989 0.200603 -0.078990
v -0.077704 0.195393 -0.077705
v -0.075260 0.190967 -0.075261
v -0.088497 0.215719 -0.059131
v -0.091371 0.211292 -0.061051
v -0.092882 0.206083 -0.062061
v -0.092882 0.200603 -0.062061
v -0.091371 0.195393 -0.061051
v -0.088497 0.190967 -0.059131
v -0.098332 0.215719 -0.040731
v -0.101525 0.211292 -0.042054
v -0.103204 0.206082 -0.042750
v -0.103204 0.200603 -0.042750
v -0.101525 0.195393 -0.042054
v -0.098332 0.190967 -0.040731
v -0.104389 0.215719 -0.020764
v -0.107779 0.211292 -0.021439
v -0.109562 0.206082 -0.021793
v -0.109562 0.200603 -0.021793
v -0.107779 0.195393 -0.021439
v -0.104389 0.190967 -0.020764
v -0.106433 0.215719 -0.000000
v -0.109890 0.211292 -0.000000
v -0.111708 0.206082 -0.000000
v -0.111708 0.200603 -0.000000
v -0.109890 0.195393 -0.000000
v -0.106433 0.190967 -0.000000
v -0.104388 0.215719 0.020764
v -0.107779 0.211292 0.021439
v -0.109561 0.206083 0.021793
v -0.109561 0.200603 0.021793
v -0.107779 0.195393 0.021439
v -0.104388 0.190967 0.020764
v -0.098332 0.215719 0.040730
v -0.101525 0.211292 0.042053
v -0.103204 0.206082 0.042749
v -0.103204 0.200603 0.042749
v -0.101525 0.195393 0.042053
v -0.098332 0.190967 0.040730
v -0.088497 0.215719 0.059130
v -0.091371 0.211292 0.061050
v -0.092882 0.206082 0.062060
v -0.092882 0.200603 0.062060
v -0.091371 0.195393 0.061050
v -0.088497 0.190967 0.059130
v -0.075258 0.215719 0.075261
v -0.077702 0.211292 0.077705
v -0.078987 0.206083 0.078991
v -0.078987 0.200603 0.078991
v -0.077702 0.195393 0.077705
v -0.075258 0.190967 0.075261
v -0.059131 0.215719 0.088496
v -0.061052 0.211292 0.091370
v -0.062062 0.206083 0.092881
v -0.062062 0.200603 0.092881
v -0.061052 0.195393 0.091370
v -0.059131 0.190967 0.088496
v -0.040731 0.215719 0.098332
v -0.042054 0.211292 0.101525
v -0.042750 0.206083 0.103205
v -0.042750 0.200603 0.103205
v -0.042054 0.195393 0.101525
v -0.040731 0.190967 0.098332
v -0.020763 0.215719 0.104389
v -0.021438 0.211292 0.107779
v -0.021792 0.206083 0.109562
v -0.021792 0.200603 0.109562
v -0.021438 0.195394 0.107779
v -0.020763 0.190967 0.104389
v -0.000002 0.215719 0.106433
v -0.000002 0.211292 0.109890
v -0.000002 0.206082 0.111708
v -0.000002 0.200603 0.111708
v -0.000002 0.195393 0.109890
v -0.000002 0.190967 0.106433
v 0.064006 0.100608 0.154525
v 0.065056 0.096015 0.157059
v 0.065619 0.090939 0.158420
v 0.065663 0.085681 0.158527
v 0.065185 0.080554 0.157373
v 0.064213 0.075861 0.155027
v 0.032630 0.100608 0.164042
v 0.033166 0.096015 0.166733
v 0.033453 0.090939 0.168177
v 0.033475 0.085681 0.168290
v 0.033232 0.080554 0.167065
v 0.032737 0.075861 0.164575
v 0.092923 0.100608 0.139069
v 0.094447 0.096015 0.141350
v 0.095265 0.090939 0.142575
v 0.095330 0.085681 0.142671
v 0.094635 0.080554 0.141632
v 0.093225 0.075861 0.139520
v 0.118268 0.100608 0.118268
v 0.120207 0.096015 0.120208
v 0.121249 0.090939 0.121249
v 0.121331 0.085681 0.121331
v 0.120447 0.080554 0.120448
v 0.118651 0.075861 0.118652
v 0.139067 0.100608 0.092924
v 0.141348 0.096015 0.094448
v 0.142573 0.090939 0.095267
v 0.142669 0.085681 0.095331
v 0.141630 0.080553 0.094637
v 0.139518 0.075860 0.093226
v 0.154524 0.100608 0.064006
v 0.157058 0.096015 0.065056
v 0.158419 0.090939 0.065620
v 0.158526 0.085681 0.065664
v 0.157372 0.080554 0.065186
v 0.155026 0.075861 0.064214
v 0.164043 0.100608 0.032631
v 0.166733 0.096015 0.033166
v 0.168178 0.090939 0.033453
v 0.168291 0.085681 0.033476
v 0.167066 0.080554 0.033232
v 0.164575 0.075861 0.032737
v 0.167257 0.100608 -0.000002
v 0.170000 0.096015 -0.000002
v 0.171473 0.090939 -0.000002
v 0.171588 0.085681 -0.000002
v 0.170339 0.080554 -0.000002
v 0.167800 0.075861 -0.000002
v 0.164042 0.100608 -0.032633
v 0.166732 0.096015 -0.033168
v 0.168177 0.090939 -0.033455
v 0.168290 0.085681 -0.033478
v 0.167065 0.080554 -0.033234
v 0.164574 0.075861 -0.032739
v 0.154524 0.100608 -0.064003
v 0.157059 0.096015 -0.065052
v 0.158420 0.090939 -0.065616
v 0.158526 0.085681 -0.065660
v 0.157373 0.080553 -0.065182
v 0.155026 0.075860 -0.064211
v 0.139071 0.100608 -0.092923
v 0.141352 0.096015 -0.094446
v 0.142577 0.090939 -0.095265
v 0.142673 0.085682 -0.095329
v 0.141634 0.080554 -0.094635
v 0.139523 0.075861 -0.093224
v 0.118270 0.100608 -0.118271
v 0.120210 0.096015 -0.120211
v 0.121251 0.090939 -0.121252
v 0.121333 0.085682 -0.121334
v 0.120449 0.080554 -0.120451
v 0.118654 0.075861 -0.118655
v 0.092922 0.100608 -0.139070
v 0.094446 0.096015 -0.141351
v 0.095265 0.090939 -0.142576
v 0.095329 0.085681 -0.142672
v 0.094635 0.080554 -0.141633
v 0.093224 0.075861 -0.139521
v 0.064007 0.100608 -0.154525
v 0.065057 0.096015 -0.157060
v 0.065621 0.090939 -0.158420
v 0.065665 0.085681 -0.158527
v 0.065187 0.080553 -0.157373
v 0.064215 0.075861 -0.155027
v 0.032630 0.100608 -0.164043
v 0.033165 0.096015 -0.166733
v 0.033453 0.090939 -0.168178
v 0.033475 0.085681 -0.168291
v 0.033232 0.080554 -0.167066
v 0.032736 0.075861 -0.164576
v 0.000000 0.100608 -0.167257
v 0.000000 0.096015 -0.170000
v 0.000000 0.090939 -0.171473
v 0.000000 0.085681 -0.171588
v 0.000000 0.080554 -0.170339
v 0.000000 0.075861 -0.167800
v -0.032630 0.100608 -0.164043
v -0.033165 0.096015 -0.166733
v -0.033453 0.090939 -0.168178
v -0.033475 0.085681 -0.168291
v -0.033231 0.080554 -0.167066
v -0.032736 0.075861 -0.164576
v -0.064006 0.100608 -0.154526
v -0.065056 0.096015 -0.157060
v -0.065619 0.090939 -0.158421
v -0.065663 0.085681 -0.158527
v -0.065186 0.080554 -0.157373
v -0.064214 0.075861 -0.155027
v -0.092923 0.100608 -0.139070
v -0.094447 0.096015 -0.141351
v -0.095265 0.090939 -0.142576
v -0.095329 0.085681 -0.142672
v -0.094635 0.080554 -0.141633
v -0.093224 0.075861 -0.139522
v -0.118268 0.100608 -0.118270
v -0.120208 0.096015 -0.120209
v -0.121249 0.090939 -0.121251
v -0.121331 0.085681 -0.121332
v -0.120448 0.080554 -0.120449
v -0.118652 0.075861 -0.118653
v -0.139070 0.100608 -0.092922
v -0.141351 0.096015 -0.094446
v -0.142576 0.090939 -0.095265
v -0.142672 0.085681 -0.095329
v -0.141633 0.080554 -0.094635
v -0.139522 0.075861 -0.093224
v -0.154525 0.100608 -0.064007
v -0.157059 0.096015 -0.065057
v -0.158420 0.090939 -0.065621
v -0.158527 0.085681 -0.065665
v -0.157373 0.080554 -0.065187
v -0.155026 0.075861 -0.064215
v -0.164044 0.100608 -0.032630
v -0.166734 0.096015 -0.033166
v -0.168179 0.090939 -0.033453
v -0.168292 0.085681 -0.033475
v -0.167067 0.080554 -0.033232
v -0.164576 0.075861 -0.032736
v -0.167257 0.100608 -0.000000
v -0.170000 0.096015 0.000000
v -0.171473 0.090939 0.000000
v -0.171588 0.085681 0.000000
v -0.170339 0.080554 -0.000000
v -0.167800 0.075861 -0.000000
v -0.164043 0.100608 0.032631
v -0.166733 0.096015 0.033166
v -0.168178 0.090939 0.033453
v -0.168291 0.085681 0.033476
v -0.167066 0.080554 0.033232
v -0.164576 0.075861 0.032737
v -0.154525 0.100608 0.064007
v -0.157059 0.096015 0.065057
v -0.158420 0.090939 0.065620
v -0.158526 0.085681 0.065664
v -0.157373 0.080553 0.065186
v -0.155026 0.075861 0.064214
v -0.139069 0.100608 0.092921
v -0.141350 0.096015 0.094445
v -0.142575 0.090939 0.095264
v -0.142671 0.085681 0.095328
v -0.141632 0.080553 0.094634
v -0.139521 0.075860 0.093223
v -0.118266 0.100608 0.118270
v -0.120206 0.096015 0.120210
v -0.121247 0.090939 0.121251
v -0.121329 0.085681 0.121333
v -0.120445 0.080554 0.120450
v -0.118650 0.075861 0.118654
v -0.092924 0.100608 0.139068
v -0.094448 0.096015 0.141349
v -0.095267 0.090939 0.142573
v -0.095331 0.085681 0.142669
v -0.094637 0.080554 0.141631
v -0.093226 0.075861 0.139519
v -0.064008 0.100608 0.154525
v -0.065058 0.096015 0.157059
v -0.065622 0.090939 0.158420
v -0.065666 0.085681 0.158527
v -0.065188 0.080554 0.157373
v -0.064216 0.075861 0.155027
v -0.032629 0.100608 0.164044
v -0.033164 0.096015 0.166735
v -0.033451 0.090939 0.168179
v -0.033474 0.085681 0.168292
v -0.033230 0.080554 0.167067
v -0.032734 0.075861 0.164577
v -0.000001 0.100608 0.167257
v -0.000001 0.096015 0.170000
v -0.000001 0.090939 0.171473
v -0.000001 0.085681 0.171588
v -0.000002 0.080554 0.170339
v -0.000002 0.075861 0.167800
v 0.038351 0.223359 0.092586
v 0.038448 0.222465 0.092822
v 0.038588 0.221605 0.093160
v 0.038769 0.220790 0.093595
v 0.038987 0.220031 0.094122
v 0.039240 0.219340 0.094733
v 0.019551 0.223359 0.098289
v 0.019601 0.222465 0.098539
v 0.019672 0.221605 0.098898
v 0.019764 0.220790 0.099360
v 0.019875 0.220031 0.099919
v 0.020004 0.219340 0.100568
v 0.055676 0.223359 0.083326
v 0.055818 0.222465 0.083538
v 0.056021 0.221605 0.083842
v 0.056283 0.220790 0.084234
v 0.056600 0.220031 0.084708
v 0.056967 0.219340 0.085258
v 0.070862 0.223359 0.070863
v 0.071042 0.222465 0.071043
v 0.071301 0.221605 0.071302
v 0.071634 0.220790 0.071635
v 0.072037 0.220031 0.072038
v 0.072505 0.219340 0.072506
v 0.083325 0.223359 0.055677
v 0.083537 0.222465 0.055819
v 0.083841 0.221605 0.056022
v 0.084233 0.220790 0.056284
v 0.084707 0.220031 0.056601
v 0.085257 0.219340 0.056968
v 0.092586 0.223359 0.038350
v 0.092822 0.222465 0.038447
v 0.093160 0.221605 0.038587
v 0.093595 0.220790 0.038768
v 0.094122 0.220031 0.038986
v 0.094733 0.219340 0.039239
v 0.098290 0.223359 0.019551
v 0.098540 0.222465 0.019601
v 0.098899 0.221605 0.019672
v 0.099361 0.220790 0.019764
v 0.099920 0.220031 0.019875
v 0.100569 0.219340 0.020004
v 0.100215 0.223359 -0.000000
v 0.100470 0.222465 -0.000000
v 0.100836 0.221605 -0.000000
v 0.101307 0.220790 -0.000000
v 0.101878 0.220031 -0.000000
v 0.102539 0.219340 -0.000000
v 0.098289 0.223359 -0.019551
v 0.098539 0.222465 -0.019601
v 0.098898 0.221605 -0.019672
v 0.099360 0.220790 -0.019764
v 0.099919 0.220031 -0.019876
v 0.100568 0.219340 -0.020005
v 0.092586 0.223359 -0.038350
v 0.092821 0.222465 -0.038448
v 0.093159 0.221605 -0.038588
v 0.093595 0.220790 -0.038768
v 0.094121 0.220031 -0.038986
v 0.094732 0.219340 -0.039239
v 0.083326 0.223360 -0.055679
v 0.083538 0.222465 -0.055821
v 0.083842 0.221605 -0.056024
v 0.084234 0.220790 -0.056286
v 0.084708 0.220031 -0.056603
v 0.085258 0.219340 -0.056970
v 0.070865 0.223360 -0.070864
v 0.071045 0.222465 -0.071045
v 0.071304 0.221605 -0.071303
v 0.071637 0.220790 -0.071636
v 0.072040 0.220031 -0.072040
v 0.072507 0.219340 -0.072507
v 0.055677 0.223359 -0.083326
v 0.055819 0.222465 -0.083538
v 0.056022 0.221605 -0.083842
v 0.056284 0.220790 -0.084234
v 0.056601 0.220031 -0.084708
v 0.056968 0.219340 -0.085258
v 0.038352 0.223359 -0.092587
v 0.038449 0.222465 -0.092823
v 0.038589 0.221605 -0.093161
v 0.038770 0.220790 -0.093596
v 0.038988 0.220031 -0.094123
v 0.039241 0.219340 -0.094733
v 0.019552 0.223359 -0.098290
v 0.019602 0.222465 -0.098540
v 0.019673 0.221605 -0.098899
v 0.019765 0.220790 -0.099361
v 0.019876 0.220031 -0.099920
v 0.020005 0.219340 -0.100569
v 0.000000 0.223359 -0.100215
v 0.000000 0.222465 -0.100471
v 0.000000 0.221605 -0.100836
v 0.000000 0.220790 -0.101307
v 0.000000 0.220031 -0.101878
v 0.000000 0.219340 -0.102539
v -0.019551 0.223359 -0.098290
v -0.019601 0.222465 -0.098540
v -0.019672 0.221605 -0.098899
v -0.019764 0.220790 -0.099361
v -0.019876 0.220031 -0.099920
v -0.020004 0.219340 -0.100569
v -0.038351 0.223359 -0.092587
v -0.038448 0.222465 -0.092823
v -0.038588 0.221605 -0.093161
v -0.038769 0.220790 -0.093596
v -0.038987 0.220031 -0.094123
v -0.039240 0.219340 -0.094734
v -0.055677 0.223359 -0.083327
v -0.055819 0.222465 -0.083539
v -0.056022 0.221605 -0.083843
v -0.056284 0.220790 -0.084235
v -0.056600 0.220031 -0.084709
v -0.056968 0.219340 -0.085259
v -0.070863 0.223359 -0.070864
v -0.071043 0.222465 -0.071044
v -0.071302 0.221605 -0.071303
v -0.071635 0.220790 -0.071636
v -0.072038 0.220031 -0.072039
v -0.072506 0.219340 -0.072507
v -0.083327 0.223359 -0.055677
v -0.083539 0.222465 -0.055818
v -0.083843 0.221605 -0.056022
v -0.084235 0.220790 -0.056283
v -0.084709 0.220031 -0.056600
v -0.085259 0.219340 -0.056967
v -0.092587 0.223359 -0.038352
v -0.092823 0.222465 -0.038449
v -0.093160 0.221605 -0.038589
v -0.093596 0.220790 -0.038769
v -0.094122 0.220031 -0.038988
v -0.094733 0.219340 -0.039241
v -0.098290 0.223359 -0.019551
v -0.098540 0.222465 -0.019601
v -0.098899 0.221605 -0.019672
v -0.099361 0.220790 -0.019764
v -0.099920 0.220031 -0.019876
v -0.100569 0.219340 -0.020005
v -0.100215 0.223359 -0.000000
v -0.100470 0.222465 -0.000000
v -0.100836 0.221605 -0.000000
v -0.101307 0.220790 -0.000000
v -0.101878 0.220031 -0.000000
v -0.102539 0.219340 -0.000000
v -0.098290 0.223359 0.019551
v -0.098540 0.222465 0.019601
v -0.098899 0.221605 0.019672
v -0.099361 0.220790 0.019764
v -0.099920 0.220031 0.019876
v -0.100569 0.219340 0.020005
v -0.092586 0.223359 0.038350
v -0.092823 0.222465 0.038448
v -0.093160 0.221605 0.038588
v -0.093596 0.220790 0.038768
v -0.094122 0.220031 0.038987
v -0.094733 0.219340 0.039240
v -0.083326 0.223359 0.055675
v -0.083539 0.222465 0.055817
v -0.083843 0.221605 0.056020
v -0.084235 0.220790 0.056282
v -0.084709 0.220031 0.056599
v -0.085258 0.219340 0.056966
v -0.070861 0.223359 0.070864
v -0.071041 0.222465 0.071044
v -0.071300 0.221605 0.071303
v -0.071633 0.220790 0.071636
v -0.072036 0.220031 0.072039
v -0.072504 0.219340 0.072507
v -0.055677 0.223359 0.083326
v -0.055819 0.222465 0.083538
v -0.056022 0.221605 0.083842
v -0.056284 0.220790 0.084234
v -0.056600 0.220031 0.084708
v -0.056968 0.219340 0.085258
v -0.038351 0.223359 0.092587
v -0.038449 0.222465 0.092823
v -0.038589 0.221605 0.093161
v -0.038769 0.220790 0.093596
v -0.038988 0.220031 0.094123
v -0.039241 0.219340 0.094733
v -0.019550 0.223360 0.098290
v -0.019600 0.222465 0.098541
v -0.019671 0.221605 0.098899
v -0.019763 0.220790 0.099361
v -0.019874 0.220031 0.099921
v -0.020003 0.219340 0.100569
v -0.000002 0.223359 0.100215
v -0.000002 0.222465 0.100470
v -0.000002 0.221605 0.100836
v -0.000002 0.220790 0.101307
v -0.000002 0.220031 0.101878
v -0.000002 0.219340 0.102539
v 0.039420 0.187783 0.095168
v 0.039175 0.186992 0.094578
v 0.039031 0.186065 0.094230
v 0.039000 0.185078 0.094153
v 0.039082 0.184108 0.094353
v 0.039273 0.183234 0.094813
v 0.020096 0.187783 0.101029
v 0.019971 0.186992 0.100403
v 0.019898 0.186065 0.100034
v 0.019882 0.185078 0.099952
v 0.019924 0.184108 0.100164
v 0.020021 0.183234 0.100653
v 0.057229 0.187783 0.085649
v 0.056874 0.186992 0.085118
v 0.056665 0.186065 0.084806
v 0.056619 0.185078 0.084736
v 0.056739 0.184108 0.084916
v 0.057015 0.183234 0.085330
v 0.072837 0.187783 0.072839
v 0.072386 0.186992 0.072387
v 0.072120 0.186065 0.072121
v 0.072061 0.185078 0.072062
v 0.072214 0.184108 0.072215
v 0.072566 0.183234 0.072567
v 0.085647 0.187783 0.057229
v 0.085116 0.186992 0.056875
v 0.084804 0.186065 0.056666
v 0.084735 0.185078 0.056619
v 0.084914 0.184108 0.056739
v 0.085328 0.183234 0.057016
v 0.095168 0.187783 0.039419
v 0.094578 0.186992 0.039175
v 0.094230 0.186065 0.039031
v 0.094153 0.185078 0.038999
v 0.094353 0.184108 0.039081
v 0.094813 0.183234 0.039272
v 0.101030 0.187783 0.020096
v 0.100404 0.186992 0.019971
v 0.100035 0.186065 0.019898
v 0.099953 0.185078 0.019882
v 0.100165 0.184108 0.019924
v 0.100653 0.183234 0.020021
v 0.103009 0.187783 -0.000000
v 0.102371 0.186992 -0.000000
v 0.101995 0.186065 -0.000000
v 0.101911 0.185078 -0.000000
v 0.102127 0.184108 -0.000000
v 0.102625 0.183234 -0.000000
v 0.101029 0.187783 -0.020096
v 0.100403 0.186992 -0.019972
v 0.100034 0.186065 -0.019898
v 0.099952 0.185078 -0.019882
v 0.100164 0.184108 -0.019924
v 0.100653 0.183234 -0.020022
v 0.095167 0.187783 -0.039419
v 0.094577 0.186992 -0.039175
v 0.094230 0.186065 -0.039031
v 0.094152 0.185078 -0.038999
v 0.094352 0.184108 -0.039082
v 0.094812 0.183234 -0.039272
v 0.085649 0.187783 -0.057232
v 0.085118 0.186992 -0.056877
v 0.084805 0.186065 -0.056668
v 0.084736 0.185078 -0.056622
v 0.084915 0.184108 -0.056742
v 0.085329 0.183234 -0.057018
v 0.072840 0.187783 -0.072840
v 0.072389 0.186992 -0.072388
v 0.072123 0.186065 -0.072122
v 0.072064 0.185078 -0.072064
v 0.072217 0.184108 -0.072216
v 0.072569 0.183234 -0.072568
v 0.057230 0.187783 -0.085649
v 0.056875 0.186992 -0.085118
v 0.056666 0.186065 -0.084806
v 0.056620 0.185078 -0.084736
v 0.056740 0.184108 -0.084916
v 0.057017 0.183234 -0.085330
v 0.039421 0.187783 -0.095168
v 0.039177 0.186992 -0.094578
v 0.039033 0.186065 -0.094231
v 0.039001 0.185078 -0.094154
v 0.039083 0.184108 -0.094353
v 0.039274 0.183234 -0.094813
v 0.020097 0.187783 -0.101030
v 0.019972 0.186992 -0.100404
v 0.019899 0.186065 -0.100035
v 0.019882 0.185078 -0.099953
v 0.019925 0.184108 -0.100165
v 0.020022 0.183234 -0.100653
v 0.000000 0.187783 -0.103009
v 0.000000 0.186992 -0.102371
v 0.000000 0.186065 -0.101995
v 0.000000 0.185078 -0.101911
v 0.000000 0.184108 -0.102127
v 0.000000 0.183234 -0.102625
v -0.020096 0.187783 -0.101030
v -0.019972 0.186992 -0.100404
v -0.019898 0.186065 -0.100035
v -0.019882 0.185078 -0.099953
v -0.019924 0.184108 -0.100165
v -0.020021 0.183234 -0.100653
v -0.039420 0.187783 -0.095168
v -0.039176 0.186992 -0.094578
v -0.039032 0.186065 -0.094231
v -0.039000 0.185078 -0.094154
v -0.039082 0.184108 -0.094353
v -0.039273 0.183234 -0.094814
v -0.057229 0.187783 -0.085650
v -0.056874 0.186992 -0.085119
v -0.056665 0.186065 -0.084806
v -0.056619 0.185078 -0.084737
v -0.056739 0.184108 -0.084916
v -0.057016 0.183234 -0.085331
v -0.072838 0.187783 -0.072839
v -0.072387 0.186992 -0.072388
v -0.072121 0.186065 -0.072122
v -0.072062 0.185078 -0.072063
v -0.072215 0.184108 -0.072216
v -0.072567 0.183234 -0.072568
v -0.085650 0.187783 -0.057229
v -0.085119 0.186992 -0.056874
v -0.084806 0.186065 -0.056665
v -0.084737 0.185078 -0.056619
v -0.084917 0.184108 -0.056739
v -0.085331 0.183234 -0.057015
v -0.095168 0.187783 -0.039421
v -0.094578 0.186992 -0.039176
v -0.094230 0.186065 -0.039033
v -0.094153 0.185078 -0.039001
v -0.094353 0.184108 -0.039083
v -0.094813 0.183234 -0.039274
v -0.101030 0.187783 -0.020096
v -0.100404 0.186992 -0.019972
v -0.100035 0.186065 -0.019898
v -0.099954 0.185078 -0.019882
v -0.100165 0.184108 -0.019924
v -0.100654 0.183234 -0.020021
v -0.103009 0.187783 -0.000000
v -0.102371 0.186992 -0.000000
v -0.101995 0.186065 -0.000000
v -0.101911 0.185078 -0.000000
v -0.102127 0.184108 -0.000000
v -0.102625 0.183234 -0.000000
v -0.101030 0.187783 0.020096
v -0.100404 0.186992 0.019972
v -0.100035 0.186065 0.019898
v -0.099953 0.185078 0.019882
v -0.100165 0.184108 0.019924
v -0.100653 0.183234 0.020022
v -0.095168 0.187783 0.039420
v -0.094578 0.186992 0.039175
v -0.094230 0.186065 0.039031
v -0.094153 0.185078 0.039000
v -0.094353 0.184108 0.039082
v -0.094813 0.183234 0.039273
v -0.085650 0.187783 0.057227
v -0.085119 0.186992 0.056872
v -0.084806 0.186065 0.056664
v -0.084737 0.185078 0.056617
v -0.084916 0.184108 0.056737
v -0.085330 0.183234 0.057014
v -0.072836 0.187783 0.072840
v -0.072385 0.186992 0.072388
v -0.072119 0.186065 0.072122
v -0.072060 0.185078 0.072063
v -0.072213 0.184108 0.072216
v -0.072565 0.183234 0.072568
v -0.057229 0.187783 0.085649
v -0.056874 0.186992 0.085118
v -0.056665 0.186065 0.084805
v -0.056619 0.185078 0.084736
v -0.056739 0.184108 0.084915
v -0.057016 0.183234 0.085330
v -0.039421 0.187783 0.095168
v -0.039177 0.186992 0.094578
v -0.039033 0.186065 0.094231
v -0.039001 0.185078 0.094154
v -0.039083 0.184108 0.094353
v -0.039274 0.183234 0.094813
v -0.020095 0.187783 0.101031
v -0.019971 0.186992 0.100404
v -0.019897 0.186065 0.100035
v -0.019881 0.185078 0.099954
v -0.019923 0.184108 0.100166
v -0.020020 0.183234 0.100654
v -0.000002 0.187783 0.103009
v -0.000002 0.186992 0.102371
v -0.000002 0.186065 0.101995
v -0.000002 0.185078 0.101911
v -0.000002 0.184108 0.102127
v -0.000002 0.183234 0.102625
v 0.061649 0.060345 0.148834
v 0.061308 0.060953 0.148012
v 0.061070 0.061801 0.147438
v 0.060962 0.062794 0.147176
v 0.060995 0.063818 0.147256
v 0.061166 0.064756 0.147670
v 0.031429 0.060345 0.158000
v 0.031255 0.060953 0.157128
v 0.031134 0.061801 0.156518
v 0.031079 0.062794 0.156240
v 0.031095 0.063818 0.156326
v 0.031183 0.064756 0.156765
v 0.089501 0.060345 0.133947
v 0.089006 0.060953 0.133208
v 0.088661 0.061801 0.132691
v 0.088504 0.062794 0.132455
v 0.088552 0.063818 0.132527
v 0.088801 0.064756 0.132900
v 0.113912 0.060345 0.113912
v 0.113283 0.060953 0.113283
v 0.112843 0.061801 0.112844
v 0.112643 0.062794 0.112643
v 0.112704 0.063818 0.112705
v 0.113021 0.064756 0.113021
v 0.133945 0.060345 0.089502
v 0.133206 0.060952 0.089008
v 0.132689 0.061801 0.088662
v 0.132453 0.062794 0.088505
v 0.132525 0.063818 0.088553
v 0.132898 0.064756 0.088802
v 0.148833 0.060345 0.061649
v 0.148012 0.060952 0.061308
v 0.147437 0.061801 0.061070
v 0.147175 0.062794 0.060962
v 0.147256 0.063818 0.060995
v 0.147669 0.064756 0.061167
v 0.158001 0.060345 0.031429
v 0.157129 0.060953 0.031255
v 0.156519 0.061801 0.031134
v 0.156241 0.062794 0.031079
v 0.156326 0.063818 0.031096
v 0.156766 0.064756 0.031183
v 0.161097 0.060345 -0.000001
v 0.160208 0.060953 -0.000001
v 0.159586 0.061801 -0.000001
v 0.159302 0.062794 -0.000001
v 0.159389 0.063818 -0.000001
v 0.159837 0.064756 -0.000001
v 0.158000 0.060345 -0.031431
v 0.157128 0.060953 -0.031257
v 0.156518 0.061801 -0.031136
v 0.156240 0.062794 -0.031081
v 0.156325 0.063818 -0.031098
v 0.156765 0.064756 -0.031185
v 0.148833 0.060345 -0.061646
v 0.148012 0.060952 -0.061305
v 0.147437 0.061801 -0.061067
v 0.147175 0.062794 -0.060959
v 0.147256 0.063818 -0.060992
v 0.147669 0.064755 -0.061164
v 0.133949 0.060346 -0.089501
v 0.133209 0.060953 -0.089007
v 0.132692 0.061802 -0.088662
v 0.132457 0.062795 -0.088504
v 0.132529 0.063818 -0.088552
v 0.132901 0.064756 -0.088801
v 0.113914 0.060346 -0.113915
v 0.113286 0.060953 -0.113286
v 0.112846 0.061802 -0.112847
v 0.112645 0.062795 -0.112646
v 0.112707 0.063819 -0.112708
v 0.113024 0.064756 -0.113025
v 0.089501 0.060345 -0.133948
v 0.089006 0.060953 -0.133209
v 0.088661 0.061801 -0.132691
v 0.088504 0.062794 -0.132456
v 0.088552 0.063818 -0.132528
v 0.088801 0.064756 -0.132901
v 0.061650 0.060345 -0.148834
v 0.061310 0.060952 -0.148012
v 0.061072 0.061801 -0.147438
v 0.060963 0.062794 -0.147176
v 0.060997 0.063818 -0.147256
v 0.061168 0.064756 -0.147670
v 0.031429 0.060345 -0.158001
v 0.031255 0.060953 -0.157129
v 0.031134 0.061801 -0.156519
v 0.031079 0.062794 -0.156241
v 0.031095 0.063818 -0.156327
v 0.031183 0.064756 -0.156766
v 0.000000 0.060345 -0.161097
v 0.000000 0.060953 -0.160208
v 0.000000 0.061801 -0.159586
v 0.000000 0.062794 -0.159302
v 0.000000 0.063818 -0.159389
v 0.000000 0.064756 -0.159837
v -0.031428 0.060345 -0.158001
v -0.031255 0.060952 -0.157129
v -0.031134 0.061801 -0.156519
v -0.031079 0.062794 -0.156241
v -0.031095 0.063818 -0.156327
v -0.031183 0.064756 -0.156766
v -0.061649 0.060345 -0.148834
v -0.061308 0.060953 -0.148013
v -0.061071 0.061801 -0.147438
v -0.060962 0.062794 -0.147176
v -0.060996 0.063818 -0.147257
v -0.061167 0.064756 -0.147670
v -0.089501 0.060345 -0.133948
v -0.089006 0.060953 -0.133209
v -0.088661 0.061801 -0.132692
v -0.088503 0.062794 -0.132456
v -0.088552 0.063818 -0.132528
v -0.088801 0.064756 -0.132901
v -0.113912 0.060345 -0.113914
v -0.113283 0.060953 -0.113285
v -0.112843 0.061801 -0.112845
v -0.112643 0.062794 -0.112645
v -0.112705 0.063818 -0.112706
v -0.113021 0.064756 -0.113023
v -0.133949 0.060345 -0.089500
v -0.133209 0.060953 -0.089006
v -0.132692 0.061801 -0.088660
v -0.132456 0.062794 -0.088503
v -0.132529 0.063818 -0.088551
v -0.132901 0.064756 -0.088800
v -0.148834 0.060345 -0.061650
v -0.148012 0.060953 -0.061310
v -0.147437 0.061801 -0.061072
v -0.147176 0.062794 -0.060963
v -0.147256 0.063818 -0.060997
v -0.147670 0.064756 -0.061168
v -0.158002 0.060345 -0.031429
v -0.157130 0.060953 -0.031255
v -0.156520 0.061801 -0.031134
v -0.156242 0.062794 -0.031079
v -0.156327 0.063818 -0.031096
v -0.156766 0.064756 -0.031183
v -0.161097 0.060345 -0.000000
v -0.160207 0.060953 -0.000000
v -0.159585 0.061801 -0.000000
v -0.159302 0.062794 -0.000000
v -0.159389 0.063818 -0.000000
v -0.159837 0.064756 -0.000000
v -0.158001 0.060345 0.031429
v -0.157129 0.060952 0.031256
v -0.156519 0.061801 0.031134
v -0.156241 0.062794 0.031079
v -0.156326 0.063818 0.031096
v -0.156766 0.064756 0.031183
v -0.148833 0.060345 0.061649
v -0.148012 0.060952 0.061309
v -0.147437 0.061801 0.061071
v -0.147175 0.062794 0.060962
v -0.147256 0.063818 0.060996
v -0.147670 0.064756 0.061167
v -0.133948 0.060345 0.089499
v -0.133208 0.060952 0.089005
v -0.132691 0.061801 0.088659
v -0.132455 0.062794 0.088502
v -0.132527 0.063818 0.088550
v -0.132900 0.064755 0.088799
v -0.113910 0.060345 0.113914
v -0.113281 0.060953 0.113285
v -0.112842 0.061801 0.112846
v -0.112641 0.062794 0.112645
v -0.112703 0.063818 0.112707
v -0.113019 0.064756 0.113023
v -0.089502 0.060345 0.133946
v -0.089008 0.060953 0.133207
v -0.088662 0.061801 0.132690
v -0.088505 0.062794 0.132454
v -0.088553 0.063818 0.132526
v -0.088802 0.064756 0.132899
v -0.061651 0.060345 0.148834
v -0.061311 0.060953 0.148012
v -0.061072 0.061801 0.147438
v -0.060964 0.062794 0.147176
v -0.060997 0.063818 0.147256
v -0.061169 0.064756 0.147670
v -0.031427 0.060346 0.158003
v -0.031253 0.060953 0.157130
v -0.031132 0.061801 0.156520
v -0.031077 0.062795 0.156242
v -0.031094 0.063818 0.156328
v -0.031181 0.064756 0.156767
v -0.000002 0.060345 0.161097
v -0.000002 0.060952 0.160208
v -0.000002 0.061801 0.159586
v -0.000002 0.062794 0.159302
v -0.000002 0.063818 0.159389
v -0.000002 0.064756 0.159837
v 0.067657 0.046518 0.163340
v 0.067551 0.048838 0.163084
v 0.067237 0.051044 0.162327
v 0.066732 0.053030 0.161108
v 0.066060 0.054698 0.159485
v 0.065254 0.055965 0.157538
v 0.034492 0.046518 0.173400
v 0.034438 0.048838 0.173128
v 0.034278 0.051044 0.172325
v 0.034021 0.053030 0.171030
v 0.033678 0.054698 0.169307
v 0.033267 0.055965 0.167241
v 0.098224 0.046518 0.147002
v 0.098070 0.048838 0.146772
v 0.097615 0.051044 0.146091
v 0.096881 0.053030 0.144993
v 0.095905 0.054698 0.143532
v 0.094735 0.055965 0.141781
v 0.125014 0.046518 0.125015
v 0.124818 0.048838 0.124818
v 0.124239 0.051044 0.124239
v 0.123306 0.053030 0.123306
v 0.122063 0.054698 0.122064
v 0.120574 0.055965 0.120574
v 0.147000 0.046518 0.098225
v 0.146769 0.048838 0.098071
v 0.146089 0.051044 0.097616
v 0.144991 0.053030 0.096883
v 0.143530 0.054697 0.095907
v 0.141778 0.055965 0.094736
v 0.163339 0.046518 0.067657
v 0.163083 0.048838 0.067551
v 0.162326 0.051044 0.067238
v 0.161107 0.053030 0.066733
v 0.159484 0.054698 0.066060
v 0.157537 0.055965 0.065254
v 0.173401 0.046518 0.034492
v 0.173129 0.048838 0.034438
v 0.172326 0.051044 0.034278
v 0.171031 0.053030 0.034021
v 0.169308 0.054698 0.033678
v 0.167242 0.055965 0.033267
v 0.176798 0.046518 -0.000002
v 0.176521 0.048838 -0.000002
v 0.175702 0.051044 -0.000002
v 0.174382 0.053030 -0.000002
v 0.172625 0.054698 -0.000002
v 0.170518 0.055965 -0.000002
v 0.173400 0.046518 -0.034494
v 0.173128 0.048838 -0.034440
v 0.172325 0.051044 -0.034281
v 0.171030 0.053030 -0.034023
v 0.169307 0.054698 -0.033680
v 0.167241 0.055965 -0.033269
v 0.163340 0.046518 -0.067654
v 0.163083 0.048837 -0.067547
v 0.162327 0.051044 -0.067234
v 0.161107 0.053030 -0.066729
v 0.159484 0.054697 -0.066057
v 0.157538 0.055965 -0.065251
v 0.147005 0.046518 -0.098223
v 0.146774 0.048838 -0.098069
v 0.146093 0.051044 -0.097614
v 0.144996 0.053030 -0.096881
v 0.143535 0.054698 -0.095905
v 0.141783 0.055966 -0.094735
v 0.125017 0.046519 -0.125018
v 0.124821 0.048838 -0.124822
v 0.124242 0.051044 -0.124243
v 0.123308 0.053030 -0.123309
v 0.122066 0.054698 -0.122067
v 0.120576 0.055966 -0.120577
v 0.098223 0.046518 -0.147003
v 0.098069 0.048838 -0.146773
v 0.097614 0.051044 -0.146092
v 0.096881 0.053030 -0.144994
v 0.095905 0.054698 -0.143533
v 0.094735 0.055965 -0.141782
v 0.067659 0.046518 -0.163340
v 0.067553 0.048838 -0.163084
v 0.067239 0.051044 -0.162327
v 0.066734 0.053030 -0.161108
v 0.066062 0.054698 -0.159485
v 0.065256 0.055965 -0.157538
v 0.034492 0.046518 -0.173401
v 0.034437 0.048838 -0.173129
v 0.034278 0.051044 -0.172326
v 0.034020 0.053030 -0.171031
v 0.033678 0.054698 -0.169308
v 0.033266 0.055965 -0.167242
v 0.000000 0.046518 -0.176798
v 0.000000 0.048838 -0.176521
v 0.000000 0.051044 -0.175702
v 0.000000 0.053030 -0.174382
v 0.000000 0.054698 -0.172625
v 0.000000 0.055965 -0.170518
v -0.034492 0.046518 -0.173401
v -0.034438 0.048838 -0.173129
v -0.034278 0.051044 -0.172326
v -0.034020 0.053030 -0.171031
v -0.033677 0.054698 -0.169308
v -0.033266 0.055965 -0.167242
v -0.067657 0.046518 -0.163341
v -0.067551 0.048838 -0.163084
v -0.067238 0.051044 -0.162328
v -0.066732 0.053030 -0.161108
v -0.066060 0.054698 -0.159485
v -0.065254 0.055966 -0.157539
v -0.098224 0.046518 -0.147004
v -0.098069 0.048838 -0.146773
v -0.097615 0.051044 -0.146092
v -0.096881 0.053030 -0.144994
v -0.095905 0.054698 -0.143534
v -0.094735 0.055966 -0.141782
v -0.125015 0.046518 -0.125016
v -0.124818 0.048838 -0.124820
v -0.124239 0.051044 -0.124241
v -0.123306 0.053030 -0.123308
v -0.122064 0.054698 -0.122065
v -0.120574 0.055965 -0.120576
v -0.147004 0.046518 -0.098223
v -0.146773 0.048838 -0.098069
v -0.146092 0.051044 -0.097614
v -0.144995 0.053030 -0.096881
v -0.143534 0.054698 -0.095905
v -0.141783 0.055966 -0.094734
v -0.163340 0.046518 -0.067659
v -0.163083 0.048838 -0.067553
v -0.162327 0.051044 -0.067239
v -0.161107 0.053030 -0.066734
v -0.159484 0.054698 -0.066062
v -0.157538 0.055965 -0.065256
v -0.173402 0.046518 -0.034492
v -0.173129 0.048838 -0.034438
v -0.172326 0.051044 -0.034278
v -0.171032 0.053030 -0.034020
v -0.169309 0.054698 -0.033678
v -0.167242 0.055965 -0.033267
v -0.176798 0.046518 0.000000
v -0.176521 0.048838 0.000000
v -0.175702 0.051044 0.000000
v -0.174382 0.053030 -0.000000
v -0.172625 0.054698 -0.000000
v -0.170518 0.055965 -0.000000
v -0.173401 0.046518 0.034492
v -0.173129 0.048838 0.034438
v -0.172326 0.051044 0.034278
v -0.171031 0.053030 0.034021
v -0.169308 0.054698 0.033678
v -0.167242 0.055965 0.033267
v -0.163339 0.046518 0.067658
v -0.163083 0.048838 0.067552
v -0.162327 0.051044 0.067239
v -0.161107 0.053030 0.066733
v -0.159484 0.054698 0.066061
v -0.157537 0.055965 0.065255
v -0.147002 0.046518 0.098222
v -0.146772 0.048837 0.098068
v -0.146091 0.051044 0.097613
v -0.144993 0.053030 0.096880
v -0.143533 0.054697 0.095904
v -0.141781 0.055965 0.094733
v -0.125013 0.046518 0.125017
v -0.124816 0.048838 0.124820
v -0.124237 0.051044 0.124241
v -0.123304 0.053030 0.123308
v -0.122062 0.054698 0.122066
v -0.120572 0.055965 0.120576
v -0.098225 0.046518 0.147001
v -0.098071 0.048838 0.146770
v -0.097616 0.051044 0.146090
v -0.096883 0.053030 0.144992
v -0.095907 0.054698 0.143531
v -0.094736 0.055966 0.141780
v -0.067660 0.046518 0.163340
v -0.067554 0.048838 0.163084
v -0.067240 0.051044 0.162327
v -0.066735 0.053030 0.161108
v -0.066063 0.054698 0.159485
v -0.065257 0.055966 0.157538
v -0.034490 0.046518 0.173402
v -0.034436 0.048838 0.173130
v -0.034276 0.051044 0.172327
v -0.034018 0.053030 0.171032
v -0.033676 0.054698 0.169309
v -0.033265 0.055966 0.167243
v -0.000002 0.046518 0.176798
v -0.000002 0.048838 0.176521
v -0.000002 0.051044 0.175702
v -0.000002 0.053030 0.174382
v -0.000002 0.054698 0.172625
v -0.000002 0.055965 0.170518
f 2786 2787 2788 2789
f 2787 2790 2791 2788
f 2790 2792 2793 2791
f 2792 2794 2795 2793
f 2794 2796 2797 2795
f 2796 2798 2799 2797
f 2798 2800 2801 2799
f 2800 2802 2803 2801
f 2802 2804 2805 2803
f 2804 2806 2807 2805
f 2806 2808 2809 2807
f 2808 2810 2811 2809
f 2810 2812 2813 2811
f 2812 2814 2815 2813
f 2814 2816 2817 2815
f 2816 2818 2819 2817
f 2818 2820 2821 2819
f 2820 2822 2823 2821
f 2822 2824 2825 2823
f 2824 2826 2827 2825
f 2826 2828 2829 2827
f 2828 2830 2831 2829
f 2830 2832 2833 2831
f 2832 2834 2835 2833
f 2834 2836 2837 2835
f 2836 2838 2839 2837
f 2838 2840 2841 2839
f 2840 2842 2843 2841
f 2842 2844 2845 2843
f 2844 2846 2847 2845
f 2846 2848 2849 2847
f 2848 2786 2789 2849
f 2789 2788 2850 2851
f 2788 2791 2852 2850
f 2791 2793 2853 2852
f 2793 2795 2854 2853
f 2795 2797 2855 2854
f 2797 2799 2856 2855
f 2799 2801 2857 2856
f 2801 2803 2858 2857
f 2803 2805 2859 2858
f 2805 2807 2860 2859
f 2807 2809 2861 2860
f 2809 2811 2862 2861
f 2811 2813 2863 2862
f 2813 2815 2864 2863
f 2815 2817 2865 2864
f 2817 2819 2866 2865
f 2819 2821 2867 2866
f 2821 2823 2868 2867
f 2823 2825 2869 2868
f 2825 2827 2870 2869
f 2827 2829 2871 2870
f 2829 2831 2872 2871
f 2831 2833 2873 2872
f 2833 2835 2874 2873
f 2835 2837 2875 2874
f 2837 2839 2876 2875
f 2839 2841 2877 2876
f 2841 2843 2878 2877
f 2843 2845 2879 2878
f 2845 2847 2880 2879
f 2847 2849 2881 2880
f 2849 2789 2851 2881
f 2787 2786 2882
f 2790 2787 2882
f 2792 2790 2882
f 2794 2792 2882
f 2796 2794 2882
f 2798 2796 2882
f 2800 2798 2882
f 2802 2800 2882
f 2804 2802 2882
f 2806 2804 2882
f 2808 2806 2882
f 2810 2808 2882
f 2812 2810 2882
f 2814 2812 2882
f 2816 2814 2882
f 2818 2816 2882
f 2820 2818 2882
f 2822 2820 2882
f 2824 2822 2882
f 2826 2824 2882
f 2828 2826 2882
f 2830 2828 2882
f 2832 2830 2882
f 2834 2832 2882
f 2836 2834 2882
f 2838 2836 2882
f 2840 2838 2882
f 2842 2840 2882
f 2844 2842 2882
f 2846 2844 2882
f 2848 2846 2882
f 2786 2848 2882
f 65 73 74
f 73 72 75 74
f 72 71 76 75
f 71 70 77 76
f 70 69 78 77
f 69 68 79 78
f 68 67 80 79
f 67 66 81 80
f 80 81 89 88
f 79 80 88 87
f 78 79 87 86
f 77 78 86 85
f 76 77 85 84
f 75 76 84 83
f 65 74 82
f 74 75 83 82
f 88 89 97 96
f 87 88 96 95
f 86 87 95 94
f 85 86 94 93
f 84 85 93 92
f 83 84 92 91
f 65 82 90
f 82 83 91 90
f 96 97 105 104
f 95 96 104 103
f 94 95 103 102
f 93 94 102 101
f 92 93 101 100
f 91 92 100 99
f 65 90 98
f 90 91 99 98
f 104 105 113 112
f 103 104 112 111
f 102 103 111 110
f 101 102 110 109
f 100 101 109 108
f 99 100 108 107
f 65 98 106
f 98 99 107 106
f 112 113 121 120
f 111 112 120 119
f 110 111 119 118
f 109 110 118 117
f 108 109 117 116
f 107 108 116 115
f 65 106 114
f 106 107 115 114
f 120 121 129 128
f 119 120 128 127
f 118 119 127 126
f 117 118 126 125
f 116 117 125 124
f 115 116 124 123
f 65 114 122
f 114 115 123 122
f 128 129 137 136
f 127 128 136 135
f 126 127 135 134
f 125 126 134 133
f 124 125 133 132
f 123 124 132 131
f 65 122 130
f 122 123 131 130
f 136 137 145 144
f 135 136 144 143
f 134 135 143 142
f 133 134 142 141
f 132 133 141 140
f 131 132 140 139
f 65 130 138
f 130 131 139 138
f 144 145 153 152
f 143 144 152 151
f 142 143 151 150
f 141 142 150 149
f 140 141 149 148
f 139 140 148 147
f 65 138 146
f 138 139 147 146
f 152 153 161 160
f 151 152 160 159
f 150 151 159 158
f 149 150 158 157
f 148 149 157 156
f 147 148 156 155
f 65 146 154
f 146 147 155 154
f 160 161 169 168
f 159 160 168 167
f 158 159 167 166
f 157 158 166 165
f 156 157 165 164
f 155 156 164 163
f 65 154 162
f 154 155 163 162
f 168 169 177 176
f 167 168 176 175
f 166 167 175 174
f 165 166 174 173
f 164 165 173 172
f 163 164 172 171
f 65 162 170
f 162 163 171 170
f 176 177 185 184
f 175 176 184 183
f 174 175 183 182
f 173 174 182 181
f 172 173 181 180
f 171 172 180 179
f 65 170 178
f 170 171 179 178
f 184 185 193 192
f 183 184 192 191
f 182 183 191 190
f 181 182 190 189
f 180 181 189 188
f 179 180 188 187
f 65 178 186
f 178 179 187 186
f 192 193 201 200
f 191 192 200 199
f 190 191 199 198
f 189 190 198 197
f 188 189 197 196
f 187 188 196 195
f 65 186 194
f 186 187 195 194
f 200 201 209 208
f 199 200 208 207
f 198 199 207 206
f 197 198 206 205
f 196 197 205 204
f 195 196 204 203
f 65 194 202
f 194 195 203 202
f 208 209 217 216
f 207 208 216 215
f 206 207 215 214
f 205 206 214 213
f 204 205 213 212
f 203 204 212 211
f 65 202 210
f 202 203 211 210
f 216 217 225 224
f 215 216 224 223
f 214 215 223 222
f 213 214 222 221
f 212 213 221 220
f 211 212 220 219
f 65 210 218
f 210 211 219 218
f 224 225 233 232
f 223 224 232 231
f 222 223 231 230
f 221 222 230 229
f 220 221 229 228
f 219 220 228 227
f 65 218 226
f 218 219 227 226
f 232 233 241 240
f 231 232 240 239
f 230 231 239 238
f 229 230 238 237
f 228 229 237 236
f 227 228 236 235
f 65 226 234
f 226 227 235 234
f 240 241 249 248
f 239 240 248 247
f 238 239 247 246
f 237 238 246 245
f 236 237 245 244
f 235 236 244 243
f 65 234 242
f 234 235 243 242
f 248 249 257 256
f 247 248 256 255
f 246 247 255 254
f 245 246 254 253
f 244 245 253 252
f 243 244 252 251
f 65 242 250
f 242 243 251 250
f 256 257 265 264
f 255 256 264 263
f 254 255 263 262
f 253 254 262 261
f 252 253 261 260
f 251 252 260 259
f 65 250 258
f 250 251 259 258
f 264 265 273 272
f 263 264 272 271
f 262 263 271 270
f 261 262 270 269
f 260 261 269 268
f 259 260 268 267
f 65 258 266
f 258 259 267 266
f 272 273 281 280
f 271 272 280 279
f 270 271 279 278
f 269 270 278 277
f 268 269 277 276
f 267 268 276 275
f 65 266 274
f 266 267 275 274
f 280 281 289 288
f 279 280 288 287
f 278 279 287 286
f 277 278 286 285
f 276 277 285 284
f 275 276 284 283
f 65 274 282
f 274 275 283 282
f 288 289 297 296
f 287 288 296 295
f 286 287 295 294
f 285 286 294 293
f 284 285 293 292
f 283 284 292 291
f 65 282 290
f 282 283 291 290
f 296 297 305 304
f 295 296 304 303
f 294 295 303 302
f 293 294 302 301
f 292 293 301 300
f 291 292 300 299
f 65 290 298
f 290 291 299 298
f 304 305 313 312
f 303 304 312 311
f 302 303 311 310
f 301 302 310 309
f 300 301 309 308
f 299 300 308 307
f 65 298 306
f 298 299 307 306
f 312 313 321 320
f 311 312 320 319
f 310 311 319 318
f 309 310 318 317
f 308 309 317 316
f 307 308 316 315
f 65 306 314
f 306 307 315 314
f 66 67 320 321
f 67 68 319 320
f 68 69 318 319
f 69 70 317 318
f 70 71 316 317
f 71 72 315 316
f 72 73 314 315
f 73 65 314
f 33 34 329 322
f 34 35 336 329
f 35 36 343 336
f 36 37 350 343
f 37 38 357 350
f 38 39 364 357
f 39 40 371 364
f 40 41 378 371
f 41 42 385 378
f 42 43 392 385
f 43 44 399 392
f 44 45 406 399
f 45 46 413 406
f 46 47 420 413
f 47 48 427 420
f 48 49 434 427
f 49 50 441 434
f 50 51 448 441
f 51 52 455 448
f 52 53 462 455
f 53 54 469 462
f 54 55 476 469
f 55 56 483 476
f 56 57 490 483
f 57 58 497 490
f 58 59 504 497
f 59 60 511 504
f 60 61 518 511
f 61 62 525 518
f 62 63 532 525
f 63 64 539 532
f 64 33 322 539
f 328 335 81 66
f 335 342 89 81
f 342 349 97 89
f 349 356 105 97
f 356 363 113 105
f 363 370 121 113
f 370 377 129 121
f 377 384 137 129
f 384 391 145 137
f 391 398 153 145
f 398 405 161 153
f 405 412 169 161
f 412 419 177 169
f 419 426 185 177
f 426 433 193 185
f 433 440 201 193
f 440 447 209 201
f 447 454 217 209
f 454 461 225 217
f 461 468 233 225
f 468 475 241 233
f 475 482 249 241
f 482 489 257 249
f 489 496 265 257
f 496 503 273 265
f 503 510 281 273
f 510 517 289 281
f 517 524 297 289
f 524 531 305 297
f 531 538 313 305
f 538 545 321 313
f 545 328 66 321
f 327 328 545 544
f 578 579 577 546
f 325 326 543 542
f 324 325 542 541
f 322 323 540 539
f 323 324 541 540
f 328 327 334 335
f 576 577 579 580
f 326 325 332 333
f 325 324 331 332
f 324 323 330 331
f 323 322 329 330
f 335 334 341 342
f 575 576 580 581
f 333 332 339 340
f 332 331 338 339
f 331 330 337 338
f 330 329 336 337
f 342 341 348 349
f 574 575 581 582
f 340 339 346 347
f 339 338 345 346
f 338 337 344 345
f 337 336 343 344
f 349 348 355 356
f 573 574 582 583
f 347 346 353 354
f 346 345 352 353
f 345 344 351 352
f 344 343 350 351
f 356 355 362 363
f 572 573 583 584
f 354 353 360 361
f 353 352 359 360
f 352 351 358 359
f 351 350 357 358
f 363 362 369 370
f 571 572 584 585
f 361 360 367 368
f 360 359 366 367
f 359 358 365 366
f 358 357 364 365
f 370 369 376 377
f 570 571 585 586
f 368 367 374 375
f 367 366 373 374
f 366 365 372 373
f 365 364 371 372
f 377 376 383 384
f 569 570 586 587
f 375 374 381 382
f 374 373 380 381
f 373 372 379 380
f 372 371 378 379
f 384 383 390 391
f 568 569 587 588
f 382 381 388 389
f 381 380 387 388
f 380 379 386 387
f 379 378 385 386
f 391 390 397 398
f 567 568 588 589
f 389 388 395 396
f 388 387 394 395
f 387 386 393 394
f 386 385 392 393
f 398 397 404 405
f 566 567 589 590
f 396 395 402 403
f 395 394 401 402
f 394 393 400 401
f 393 392 399 400
f 405 404 411 412
f 565 566 590 591
f 403 402 409 410
f 402 401 408 409
f 401 400 407 408
f 400 399 406 407
f 412 411 418 419
f 564 565 591 592
f 410 409 416 417
f 409 408 415 416
f 408 407 414 415
f 407 406 413 414
f 419 418 425 426
f 563 564 592 593
f 417 416 423 424
f 416 415 422 423
f 415 414 421 422
f 414 413 420 421
f 426 425 432 433
f 562 563 593 594
f 424 423 430 431
f 423 422 429 430
f 422 421 428 429
f 421 420 427 428
f 433 432 439 440
f 561 562 594 595
f 431 430 437 438
f 430 429 436 437
f 429 428 435 436
f 428 427 434 435
f 440 439 446 447
f 560 561 595 596
f 438 437 444 445
f 437 436 443 444
f 436 435 442 443
f 435 434 441 442
f 447 446 453 454
f 559 560 596 597
f 445 444 451 452
f 444 443 450 451
f 443 442 449 450
f 442 441 448 449
f 454 453 460 461
f 558 559 597 598
f 452 451 458 459
f 451 450 457 458
f 450 449 456 457
f 449 448 455 456
f 461 460 467 468
f 557 558 598 599
f 459 458 465 466
f 458 457 464 465
f 457 456 463 464
f 456 455 462 463
f 468 467 474 475
f 556 557 599 600
f 466 465 472 473
f 465 464 471 472
f 464 463 470 471
f 463 462 469 470
f 475 474 481 482
f 555 556 600 601
f 473 472 479 480
f 472 471 478 479
f 471 470 477 478
f 470 469 476 477
f 482 481 488 489
f 554 555 601 602
f 480 479 486 487
f 479 478 485 486
f 478 477 484 485
f 477 476 483 484
f 489 488 495 496
f 553 554 602 603
f 487 486 493 494
f 486 485 492 493
f 485 484 491 492
f 484 483 490 491
f 496 495 502 503
f 552 553 603 604
f 494 493 500 501
f 493 492 499 500
f 492 491 498 499
f 491 490 497 498
f 503 502 509 510
f 551 552 604 605
f 501 500 507 508
f 500 499 506 507
f 499 498 505 506
f 498 497 504 505
f 510 509 516 517
f 550 551 605 606
f 508 507 514 515
f 507 506 513 514
f 506 505 512 513
f 505 504 511 512
f 517 516 523 524
f 549 550 606 607
f 515 514 521 522
f 514 513 520 521
f 513 512 519 520
f 512 511 518 519
f 524 523 530 531
f 548 549 607 608
f 522 521 528 529
f 521 520 527 528
f 520 519 526 527
f 519 518 525 526
f 531 530 537 538
f 547 548 608 609
f 529 528 535 536
f 528 527 534 535
f 527 526 533 534
f 526 525 532 533
f 538 537 544 545
f 546 547 609 578
f 536 535 542 543
f 535 534 541 542
f 534 533 540 541
f 533 532 539 540
f 610 611 547 546
f 611 612 548 547
f 612 613 549 548
f 613 614 550 549
f 614 615 551 550
f 615 616 552 551
f 616 617 553 552
f 617 618 554 553
f 618 619 555 554
f 619 620 556 555
f 620 621 557 556
f 621 622 558 557
f 622 623 559 558
f 623 624 560 559
f 624 625 561 560
f 625 626 562 561
f 626 627 563 562
f 627 628 564 563
f 628 629 565 564
f 629 630 566 565
f 630 631 567 566
f 631 632 568 567
f 632 633 569 568
f 633 634 570 569
f 634 635 571 570
f 635 636 572 571
f 636 637 573 572
f 637 638 574 573
f 638 639 575 574
f 639 640 576 575
f 640 641 577 576
f 546 577 641 610
f 326 579 578 543
f 580 579 326 333
f 581 580 333 340
f 582 581 340 347
f 583 582 347 354
f 584 583 354 361
f 585 584 361 368
f 586 585 368 375
f 587 586 375 382
f 588 587 382 389
f 589 588 389 396
f 590 589 396 403
f 591 590 403 410
f 592 591 410 417
f 593 592 417 424
f 594 593 424 431
f 595 594 431 438
f 596 595 438 445
f 597 596 445 452
f 598 597 452 459
f 599 598 459 466
f 600 599 466 473
f 601 600 473 480
f 602 601 480 487
f 603 602 487 494
f 604 603 494 501
f 605 604 501 508
f 606 605 508 515
f 607 606 515 522
f 608 607 522 529
f 609 608 529 536
f 578 609 536 543
f 537 611 610 544
f 530 612 611 537
f 523 613 612 530
f 516 614 613 523
f 509 615 614 516
f 502 616 615 509
f 495 617 616 502
f 488 618 617 495
f 481 619 618 488
f 474 620 619 481
f 467 621 620 474
f 460 622 621 467
f 453 623 622 460
f 446 624 623 453
f 439 625 624 446
f 432 626 625 439
f 425 627 626 432
f 418 628 627 425
f 411 629 628 418
f 404 630 629 411
f 397 631 630 404
f 390 632 631 397
f 383 633 632 390
f 376 634 633 383
f 369 635 634 376
f 362 636 635 369
f 355 637 636 362
f 348 638 637 355
f 341 639 638 348
f 334 640 639 341
f 327 641 640 334
f 610 641 327 544
f 651 650 653 652
f 650 649 654 653
f 649 648 655 654
f 648 647 656 655
f 647 646 657 656
f 646 645 658 657
f 645 644 659 658
f 644 643 660 659
f 643 642 661 660
f 671 670 673 672
f 670 669 674 673
f 669 668 675 674
f 668 667 676 675
f 667 666 677 676
f 666 665 678 677
f 665 664 679 678
f 664 663 680 679
f 663 662 681 680
f 711 710 713 712
f 710 709 714 713
f 709 708 715 714
f 708 707 716 715
f 707 706 717 716
f 706 705 718 717
f 705 704 719 718
f 704 703 720 719
f 703 702 721 720
f 731 730 733 732
f 730 729 734 733
f 729 728 735 734
f 728 727 736 735
f 727 726 737 736
f 726 725 738 737
f 725 724 739 738
f 724 723 740 739
f 723 722 741 740
f 771 770 773 772
f 770 769 774 773
f 769 768 775 774
f 768 767 776 775
f 767 766 777 776
f 766 765 778 777
f 765 764 779 778
f 764 763 780 779
f 763 762 781 780
f 791 790 793 792
f 790 789 794 793
f 789 788 795 794
f 788 787 796 795
f 787 786 797 796
f 786 785 798 797
f 785 784 799 798
f 784 783 800 799
f 783 782 801 800
f 831 830 833 832
f 830 829 834 833
f 829 828 835 834
f 828 827 836 835
f 827 826 837 836
f 826 825 838 837
f 825 824 839 838
f 824 823 840 839
f 823 822 841 840
f 851 850 853 852
f 850 849 854 853
f 849 848 855 854
f 848 847 856 855
f 847 846 857 856
f 846 845 858 857
f 845 844 859 858
f 844 843 860 859
f 843 842 861 860
f 891 890 893 892
f 890 889 894 893
f 889 888 895 894
f 888 887 896 895
f 887 886 897 896
f 886 885 898 897
f 885 884 899 898
f 884 883 900 899
f 883 882 901 900
f 911 910 913 912
f 910 909 914 913
f 909 908 915 914
f 908 907 916 915
f 907 906 917 916
f 906 905 918 917
f 905 904 919 918
f 904 903 920 919
f 903 902 921 920
f 951 950 953 952
f 950 949 954 953
f 949 948 955 954
f 948 947 956 955
f 947 946 957 956
f 946 945 958 957
f 945 944 959 958
f 944 943 960 959
f 943 942 961 960
f 971 970 973 972
f 970 969 974 973
f 969 968 975 974
f 968 967 976 975
f 967 966 977 976
f 966 965 978 977
f 965 964 979 978
f 964 963 980 979
f 963 962 981 980
f 1011 1010 1013 1012
f 1010 1009 1014 1013
f 1009 1008 1015 1014
f 1008 1007 1016 1015
f 1007 1006 1017 1016
f 1006 1005 1018 1017
f 1005 1004 1019 1018
f 1004 1003 1020 1019
f 1003 1002 1021 1020
f 1031 1030 1033 1032
f 1030 1029 1034 1033
f 1029 1028 1035 1034
f 1028 1027 1036 1035
f 1027 1026 1037 1036
f 1026 1025 1038 1037
f 1025 1024 1039 1038
f 1024 1023 1040 1039
f 1023 1022 1041 1040
f 1071 1070 1073 1072
f 1070 1069 1074 1073
f 1069 1068 1075 1074
f 1068 1067 1076 1075
f 1067 1066 1077 1076
f 1066 1065 1078 1077
f 1065 1064 1079 1078
f 1064 1063 1080 1079
f 1063 1062 1081 1080
f 1091 1090 1093 1092
f 1090 1089 1094 1093
f 1089 1088 1095 1094
f 1088 1087 1096 1095
f 1087 1086 1097 1096
f 1086 1085 1098 1097
f 1085 1084 1099 1098
f 1084 1083 1100 1099
f 1083 1082 1101 1100
f 651 652 671 672
f 652 682 692 671
f 711 712 731 732
f 712 742 752 731
f 771 772 791 792
f 772 802 812 791
f 831 832 851 852
f 832 862 872 851
f 891 892 911 912
f 892 922 932 911
f 951 952 971 972
f 952 982 992 971
f 1011 1012 1031 1032
f 1012 1042 1052 1031
f 1071 1072 1091 1092
f 1072 1102 1112 1091
f 36 35 681 662
f 37 36 662 701
f 40 39 741 722
f 41 40 722 761
f 44 43 801 782
f 45 44 782 821
f 48 47 861 842
f 49 48 842 881
f 52 51 921 902
f 53 52 902 941
f 56 55 981 962
f 57 56 962 1001
f 60 59 1041 1022
f 61 60 1022 1061
f 64 63 1101 1082
f 33 64 1082 1121
f 660 661 691 690
f 659 660 690 689
f 658 659 689 688
f 657 658 688 687
f 656 657 687 686
f 655 656 686 685
f 654 655 685 684
f 652 653 683 682
f 653 654 684 683
f 642 643 680 681
f 643 644 679 680
f 644 645 678 679
f 645 646 677 678
f 646 647 676 677
f 647 648 675 676
f 648 649 674 675
f 649 650 673 674
f 650 651 672 673
f 690 691 701 700
f 689 690 700 699
f 688 689 699 698
f 687 688 698 697
f 686 687 697 696
f 685 686 696 695
f 684 685 695 694
f 682 683 693 692
f 683 684 694 693
f 662 663 700 701
f 663 664 699 700
f 664 665 698 699
f 665 666 697 698
f 666 667 696 697
f 667 668 695 696
f 668 669 694 695
f 669 670 693 694
f 670 671 692 693
f 720 721 751 750
f 719 720 750 749
f 718 719 749 748
f 717 718 748 747
f 716 717 747 746
f 715 716 746 745
f 714 715 745 744
f 712 713 743 742
f 713 714 744 743
f 702 703 740 741
f 703 704 739 740
f 704 705 738 739
f 705 706 737 738
f 706 707 736 737
f 707 708 735 736
f 708 709 734 735
f 709 710 733 734
f 710 711 732 733
f 750 751 761 760
f 749 750 760 759
f 748 749 759 758
f 747 748 758 757
f 746 747 757 756
f 745 746 756 755
f 744 745 755 754
f 742 743 753 752
f 743 744 754 753
f 722 723 760 761
f 723 724 759 760
f 724 725 758 759
f 725 726 757 758
f 726 727 756 757
f 727 728 755 756
f 728 729 754 755
f 729 730 753 754
f 730 731 752 753
f 780 781 811 810
f 779 780 810 809
f 778 779 809 808
f 777 778 808 807
f 776 777 807 806
f 775 776 806 805
f 774 775 805 804
f 772 773 803 802
f 773 774 804 803
f 762 763 800 801
f 763 764 799 800
f 764 765 798 799
f 765 766 797 798
f 766 767 796 797
f 767 768 795 796
f 768 769 794 795
f 769 770 793 794
f 770 771 792 793
f 810 811 821 820
f 809 810 820 819
f 808 809 819 818
f 807 808 818 817
f 806 807 817 816
f 805 806 816 815
f 804 805 815 814
f 802 803 813 812
f 803 804 814 813
f 782 783 820 821
f 783 784 819 820
f 784 785 818 819
f 785 786 817 818
f 786 787 816 817
f 787 788 815 816
f 788 789 814 815
f 789 790 813 814
f 790 791 812 813
f 840 841 871 870
f 839 840 870 869
f 838 839 869 868
f 837 838 868 867
f 836 837 867 866
f 835 836 866 865
f 834 835 865 864
f 832 833 863 862
f 833 834 864 863
f 822 823 860 861
f 823 824 859 860
f 824 825 858 859
f 825 826 857 858
f 826 827 856 857
f 827 828 855 856
f 828 829 854 855
f 829 830 853 854
f 830 831 852 853
f 870 871 881 880
f 869 870 880 879
f 868 869 879 878
f 867 868 878 877
f 866 867 877 876
f 865 866 876 875
f 864 865 875 874
f 862 863 873 872
f 863 864 874 873
f 842 843 880 881
f 843 844 879 880
f 844 845 878 879
f 845 846 877 878
f 846 847 876 877
f 847 848 875 876
f 848 849 874 875
f 849 850 873 874
f 850 851 872 873
f 900 901 931 930
f 899 900 930 929
f 898 899 929 928
f 897 898 928 927
f 896 897 927 926
f 895 896 926 925
f 894 895 925 924
f 892 893 923 922
f 893 894 924 923
f 882 883 920 921
f 883 884 919 920
f 884 885 918 919
f 885 886 917 918
f 886 887 916 917
f 887 888 915 916
f 888 889 914 915
f 889 890 913 914
f 890 891 912 913
f 930 931 941 940
f 929 930 940 939
f 928 929 939 938
f 927 928 938 937
f 926 927 937 936
f 925 926 936 935
f 924 925 935 934
f 922 923 933 932
f 923 924 934 933
f 902 903 940 941
f 903 904 939 940
f 904 905 938 939
f 905 906 937 938
f 906 907 936 937
f 907 908 935 936
f 908 909 934 935
f 909 910 933 934
f 910 911 932 933
f 960 961 991 990
f 959 960 990 989
f 958 959 989 988
f 957 958 988 987
f 956 957 987 986
f 955 956 986 985
f 954 955 985 984
f 952 953 983 982
f 953 954 984 983
f 942 943 980 981
f 943 944 979 980
f 944 945 978 979
f 945 946 977 978
f 946 947 976 977
f 947 948 975 976
f 948 949 974 975
f 949 950 973 974
f 950 951 972 973
f 990 991 1001 1000
f 989 990 1000 999
f 988 989 999 998
f 987 988 998 997
f 986 987 997 996
f 985 986 996 995
f 984 985 995 994
f 982 983 993 992
f 983 984 994 993
f 962 963 1000 1001
f 963 964 999 1000
f 964 965 998 999
f 965 966 997 998
f 966 967 996 997
f 967 968 995 996
f 968 969 994 995
f 969 970 993 994
f 970 971 992 993
f 1020 1021 1051 1050
f 1019 1020 1050 1049
f 1018 1019 1049 1048
f 1017 1018 1048 1047
f 1016 1017 1047 1046
f 1015 1016 1046 1045
f 1014 1015 1045 1044
f 1012 1013 1043 1042
f 1013 1014 1044 1043
f 1002 1003 1040 1041
f 1003 1004 1039 1040
f 1004 1005 1038 1039
f 1005 1006 1037 1038
f 1006 1007 1036 1037
f 1007 1008 1035 1036
f 1008 1009 1034 1035
f 1009 1010 1033 1034
f 1010 1011 1032 1033
f 1050 1051 1061 1060
f 1049 1050 1060 1059
f 1048 1049 1059 1058
f 1047 1048 1058 1057
f 1046 1047 1057 1056
f 1045 1046 1056 1055
f 1044 1045 1055 1054
f 1042 1043 1053 1052
f 1043 1044 1054 1053
f 1022 1023 1060 1061
f 1023 1024 1059 1060
f 1024 1025 1058 1059
f 1025 1026 1057 1058
f 1026 1027 1056 1057
f 1027 1028 1055 1056
f 1028 1029 1054 1055
f 1029 1030 1053 1054
f 1030 1031 1052 1053
f 1080 1081 1111 1110
f 1079 1080 1110 1109
f 1078 1079 1109 1108
f 1077 1078 1108 1107
f 1076 1077 1107 1106
f 1075 1076 1106 1105
f 1074 1075 1105 1104
f 1072 1073 1103 1102
f 1073 1074 1104 1103
f 1062 1063 1100 1101
f 1063 1064 1099 1100
f 1064 1065 1098 1099
f 1065 1066 1097 1098
f 1066 1067 1096 1097
f 1067 1068 1095 1096
f 1068 1069 1094 1095
f 1069 1070 1093 1094
f 1070 1071 1092 1093
f 1110 1111 1121 1120
f 1109 1110 1120 1119
f 1108 1109 1119 1118
f 1107 1108 1118 1117
f 1106 1107 1117 1116
f 1105 1106 1116 1115
f 1104 1105 1115 1114
f 1102 1103 1113 1112
f 1103 1104 1114 1113
f 1082 1083 1120 1121
f 1083 1084 1119 1120
f 1084 1085 1118 1119
f 1085 1086 1117 1118
f 1086 1087 1116 1117
f 1087 1088 1115 1116
f 1088 1089 1114 1115
f 1089 1090 1113 1114
f 1090 1091 1112 1113
f 1 2 1127 1122
f 2 3 1132 1127
f 3 4 1137 1132
f 4 5 1142 1137
f 5 6 1147 1142
f 6 7 1152 1147
f 7 8 1157 1152
f 8 9 1162 1157
f 9 10 1167 1162
f 10 11 1172 1167
f 11 12 1177 1172
f 12 13 1182 1177
f 13 14 1187 1182
f 14 15 1192 1187
f 15 16 1197 1192
f 16 17 1202 1197
f 17 18 1207 1202
f 18 19 1212 1207
f 19 20 1217 1212
f 20 21 1222 1217
f 21 22 1227 1222
f 22 23 1232 1227
f 23 24 1237 1232
f 24 25 1242 1237
f 25 26 1247 1242
f 26 27 1252 1247
f 27 28 1257 1252
f 28 29 1262 1257
f 29 30 1267 1262
f 30 31 1272 1267
f 31 32 1277 1272
f 32 1 1122 1277
f 1126 1131 34 33
f 1131 1136 35 34
f 1146 1151 38 37
f 1151 1156 39 38
f 1166 1171 42 41
f 1171 1176 43 42
f 1186 1191 46 45
f 1191 1196 47 46
f 1206 1211 50 49
f 1211 1216 51 50
f 1226 1231 54 53
f 1231 1236 55 54
f 1246 1251 58 57
f 1251 1256 59 58
f 1266 1271 62 61
f 1271 1276 63 62
f 1136 1141 661 642
f 35 1136 642 681
f 1141 1146 691 661
f 1146 37 701 691
f 1156 1161 721 702
f 39 1156 702 741
f 1161 1166 751 721
f 1166 41 761 751
f 1176 1181 781 762
f 43 1176 762 801
f 1181 1186 811 781
f 1186 45 821 811
f 1196 1201 841 822
f 47 1196 822 861
f 1201 1206 871 841
f 1206 49 881 871
f 1216 1221 901 882
f 51 1216 882 921
f 1221 1226 931 901
f 1226 53 941 931
f 1236 1241 961 942
f 55 1236 942 981
f 1241 1246 991 961
f 1246 57 1001 991
f 1256 1261 1021 1002
f 59 1256 1002 1041
f 1261 1266 1051 1021
f 1266 61 1061 1051
f 1276 1281 1081 1062
f 63 1276 1062 1101
f 1281 1126 1111 1081
f 1126 33 1121 1111
f 1125 1126 1281 1280
f 1124 1125 1280 1279
f 1122 1123 1278 1277
f 1123 1124 1279 1278
f 1126 1125 1130 1131
f 1125 1124 1129 1130
f 1124 1123 1128 1129
f 1123 1122 1127 1128
f 1131 1130 1135 1136
f 1130 1129 1134 1135
f 1129 1128 1133 1134
f 1128 1127 1132 1133
f 1136 1135 1140 1141
f 1135 1134 1139 1140
f 1134 1133 1138 1139
f 1133 1132 1137 1138
f 1141 1140 1145 1146
f 1140 1139 1144 1145
f 1139 1138 1143 1144
f 1138 1137 1142 1143
f 1146 1145 1150 1151
f 1145 1144 1149 1150
f 1144 1143 1148 1149
f 1143 1142 1147 1148
f 1151 1150 1155 1156
f 1150 1149 1154 1155
f 1149 1148 1153 1154
f 1148 1147 1152 1153
f 1156 1155 1160 1161
f 1155 1154 1159 1160
f 1154 1153 1158 1159
f 1153 1152 1157 1158
f 1161 1160 1165 1166
f 1160 1159 1164 1165
f 1159 1158 1163 1164
f 1158 1157 1162 1163
f 1166 1165 1170 1171
f 1165 1164 1169 1170
f 1164 1163 1168 1169
f 1163 1162 1167 1168
f 1171 1170 1175 1176
f 1170 1169 1174 1175
f 1169 1168 1173 1174
f 1168 1167 1172 1173
f 1176 1175 1180 1181
f 1175 1174 1179 1180
f 1174 1173 1178 1179
f 1173 1172 1177 1178
f 1181 1180 1185 1186
f 1180 1179 1184 1185
f 1179 1178 1183 1184
f 1178 1177 1182 1183
f 1186 1185 1190 1191
f 1185 1184 1189 1190
f 1184 1183 1188 1189
f 1183 1182 1187 1188
f 1191 1190 1195 1196
f 1190 1189 1194 1195
f 1189 1188 1193 1194
f 1188 1187 1192 1193
f 1196 1195 1200 1201
f 1195 1194 1199 1200
f 1194 1193 1198 1199
f 1193 1192 1197 1198
f 1201 1200 1205 1206
f 1200 1199 1204 1205
f 1199 1198 1203 1204
f 1198 1197 1202 1203
f 1206 1205 1210 1211
f 1205 1204 1209 1210
f 1204 1203 1208 1209
f 1203 1202 1207 1208
f 1211 1210 1215 1216
f 1210 1209 1214 1215
f 1209 1208 1213 1214
f 1208 1207 1212 1213
f 1216 1215 1220 1221
f 1215 1214 1219 1220
f 1214 1213 1218 1219
f 1213 1212 1217 1218
f 1221 1220 1225 1226
f 1220 1219 1224 1225
f 1219 1218 1223 1224
f 1218 1217 1222 1223
f 1226 1225 1230 1231
f 1225 1224 1229 1230
f 1224 1223 1228 1229
f 1223 1222 1227 1228
f 1231 1230 1235 1236
f 1230 1229 1234 1235
f 1229 1228 1233 1234
f 1228 1227 1232 1233
f 1236 1235 1240 1241
f 1235 1234 1239 1240
f 1234 1233 1238 1239
f 1233 1232 1237 1238
f 1241 1240 1245 1246
f 1240 1239 1244 1245
f 1239 1238 1243 1244
f 1238 1237 1242 1243
f 1246 1245 1250 1251
f 1245 1244 1249 1250
f 1244 1243 1248 1249
f 1243 1242 1247 1248
f 1251 1250 1255 1256
f 1250 1249 1254 1255
f 1249 1248 1253 1254
f 1248 1247 1252 1253
f 1256 1255 1260 1261
f 1255 1254 1259 1260
f 1254 1253 1258 1259
f 1253 1252 1257 1258
f 1261 1260 1265 1266
f 1260 1259 1264 1265
f 1259 1258 1263 1264
f 1258 1257 1262 1263
f 1266 1265 1270 1271
f 1265 1264 1269 1270
f 1264 1263 1268 1269
f 1263 1262 1267 1268
f 1271 1270 1275 1276
f 1270 1269 1274 1275
f 1269 1268 1273 1274
f 1268 1267 1272 1273
f 1276 1275 1280 1281
f 1275 1274 1279 1280
f 1274 1273 1278 1279
f 1273 1272 1277 1278
f 2 1 1283 1282
f 3 2 1282 1284
f 4 3 1284 1285
f 5 4 1285 1286
f 6 5 1286 1287
f 7 6 1287 1288
f 8 7 1288 1289
f 9 8 1289 1290
f 10 9 1290 1291
f 11 10 1291 1292
f 12 11 1292 1293
f 13 12 1293 1294
f 14 13 1294 1295
f 15 14 1295 1296
f 16 15 1296 1297
f 17 16 1297 1298
f 18 17 1298 1299
f 19 18 1299 1300
f 20 19 1300 1301
f 21 20 1301 1302
f 22 21 1302 1303
f 23 22 1303 1304
f 24 23 1304 1305
f 25 24 1305 1306
f 26 25 1306 1307
f 27 26 1307 1308
f 28 27 1308 1309
f 29 28 1309 1310
f 30 29 1310 1311
f 31 30 1311 1312
f 32 31 1312 1313
f 1 32 1313 1283
f 1282 1283 1352 1346
f 1284 1282 1346 1358
f 1285 1284 1358 1364
f 1286 1285 1364 1370
f 1287 1286 1370 1376
f 1288 1287 1376 1382
f 1289 1288 1382 1388
f 1290 1289 1388 1394
f 1291 1290 1394 1400
f 1292 1291 1400 1406
f 1293 1292 1406 1412
f 1294 1293 1412 1418
f 1295 1294 1418 1424
f 1296 1295 1424 1430
f 1297 1296 1430 1436
f 1298 1297 1436 1442
f 1299 1298 1442 1448
f 1300 1299 1448 1454
f 1301 1300 1454 1460
f 1302 1301 1460 1466
f 1303 1302 1466 1472
f 1304 1303 1472 1478
f 1305 1304 1478 1484
f 1306 1305 1484 1490
f 1307 1306 1490 1496
f 1308 1307 1496 1502
f 1309 1308 1502 1508
f 1310 1309 1508 1514
f 1311 1310 1514 1520
f 1312 1311 1520 1526
f 1313 1312 1526 1532
f 1283 1313 1532 1352
f 1735 1741 1315 1314
f 1747 1735 1314 1316
f 1753 1747 1316 1317
f 1759 1753 1317 1318
f 1765 1759 1318 1319
f 1771 1765 1319 1320
f 1777 1771 1320 1321
f 1783 1777 1321 1322
f 1789 1783 1322 1323
f 1795 1789 1323 1324
f 1801 1795 1324 1325
f 1807 1801 1325 1326
f 1813 1807 1326 1327
f 1819 1813 1327 1328
f 1825 1819 1328 1329
f 1831 1825 1329 1330
f 1837 1831 1330 1331
f 1843 1837 1331 1332
f 1849 1843 1332 1333
f 1855 1849 1333 1334
f 1861 1855 1334 1335
f 1867 1861 1335 1336
f 1873 1867 1336 1337
f 1879 1873 1337 1338
f 1885 1879 1338 1339
f 1891 1885 1339 1340
f 1897 1891 1340 1341
f 1903 1897 1341 1342
f 1909 1903 1342 1343
f 1915 1909 1343 1344
f 1921 1915 1344 1345
f 1741 1921 1345 1315
f 1350 1351 1363 1362
f 1349 1350 1362 1361
f 1348 1349 1361 1360
f 1346 1347 1359 1358
f 1347 1348 1360 1359
f 1351 1350 1356 1357
f 1350 1349 1355 1356
f 1349 1348 1354 1355
f 1348 1347 1353 1354
f 1347 1346 1352 1353
f 1362 1363 1369 1368
f 1361 1362 1368 1367
f 1360 1361 1367 1366
f 1358 1359 1365 1364
f 1359 1360 1366 1365
f 1368 1369 1375 1374
f 1367 1368 1374 1373
f 1366 1367 1373 1372
f 1364 1365 1371 1370
f 1365 1366 1372 1371
f 1374 1375 1381 1380
f 1373 1374 1380 1379
f 1372 1373 1379 1378
f 1370 1371 1377 1376
f 1371 1372 1378 1377
f 1380 1381 1387 1386
f 1379 1380 1386 1385
f 1378 1379 1385 1384
f 1376 1377 1383 1382
f 1377 1378 1384 1383
f 1386 1387 1393 1392
f 1385 1386 1392 1391
f 1384 1385 1391 1390
f 1382 1383 1389 1388
f 1383 1384 1390 1389
f 1392 1393 1399 1398
f 1391 1392 1398 1397
f 1390 1391 1397 1396
f 1388 1389 1395 1394
f 1389 1390 1396 1395
f 1398 1399 1405 1404
f 1397 1398 1404 1403
f 1396 1397 1403 1402
f 1394 1395 1401 1400
f 1395 1396 1402 1401
f 1404 1405 1411 1410
f 1403 1404 1410 1409
f 1402 1403 1409 1408
f 1400 1401 1407 1406
f 1401 1402 1408 1407
f 1410 1411 1417 1416
f 1409 1410 1416 1415
f 1408 1409 1415 1414
f 1406 1407 1413 1412
f 1407 1408 1414 1413
f 1416 1417 1423 1422
f 1415 1416 1422 1421
f 1414 1415 1421 1420
f 1412 1413 1419 1418
f 1413 1414 1420 1419
f 1422 1423 1429 1428
f 1421 1422 1428 1427
f 1420 1421 1427 1426
f 1418 1419 1425 1424
f 1419 1420 1426 1425
f 1428 1429 1435 1434
f 1427 1428 1434 1433
f 1426 1427 1433 1432
f 1424 1425 1431 1430
f 1425 1426 1432 1431
f 1434 1435 1441 1440
f 1433 1434 1440 1439
f 1432 1433 1439 1438
f 1430 1431 1437 1436
f 1431 1432 1438 1437
f 1440 1441 1447 1446
f 1439 1440 1446 1445
f 1438 1439 1445 1444
f 1436 1437 1443 1442
f 1437 1438 1444 1443
f 1446 1447 1453 1452
f 1445 1446 1452 1451
f 1444 1445 1451 1450
f 1442 1443 1449 1448
f 1443 1444 1450 1449
f 1452 1453 1459 1458
f 1451 1452 1458 1457
f 1450 1451 1457 1456
f 1448 1449 1455 1454
f 1449 1450 1456 1455
f 1458 1459 1465 1464
f 1457 1458 1464 1463
f 1456 1457 1463 1462
f 1454 1455 1461 1460
f 1455 1456 1462 1461
f 1464 1465 1471 1470
f 1463 1464 1470 1469
f 1462 1463 1469 1468
f 1460 1461 1467 1466
f 1461 1462 1468 1467
f 1470 1471 1477 1476
f 1469 1470 1476 1475
f 1468 1469 1475 1474
f 1466 1467 1473 1472
f 1467 1468 1474 1473
f 1476 1477 1483 1482
f 1475 1476 1482 1481
f 1474 1475 1481 1480
f 1472 1473 1479 1478
f 1473 1474 1480 1479
f 1482 1483 1489 1488
f 1481 1482 1488 1487
f 1480 1481 1487 1486
f 1478 1479 1485 1484
f 1479 1480 1486 1485
f 1488 1489 1495 1494
f 1487 1488 1494 1493
f 1486 1487 1493 1492
f 1484 1485 1491 1490
f 1485 1486 1492 1491
f 1494 1495 1501 1500
f 1493 1494 1500 1499
f 1492 1493 1499 1498
f 1490 1491 1497 1496
f 1491 1492 1498 1497
f 1500 1501 1507 1506
f 1499 1500 1506 1505
f 1498 1499 1505 1504
f 1496 1497 1503 1502
f 1497 1498 1504 1503
f 1506 1507 1513 1512
f 1505 1506 1512 1511
f 1504 1505 1511 1510
f 1502 1503 1509 1508
f 1503 1504 1510 1509
f 1512 1513 1519 1518
f 1511 1512 1518 1517
f 1510 1511 1517 1516
f 1508 1509 1515 1514
f 1509 1510 1516 1515
f 1518 1519 1525 1524
f 1517 1518 1524 1523
f 1516 1517 1523 1522
f 1514 1515 1521 1520
f 1515 1516 1522 1521
f 1524 1525 1531 1530
f 1523 1524 1530 1529
f 1522 1523 1529 1528
f 1520 1521 1527 1526
f 1521 1522 1528 1527
f 1530 1531 1537 1536
f 1529 1530 1536 1535
f 1528 1529 1535 1534
f 1526 1527 1533 1532
f 1527 1528 1534 1533
f 1357 1356 1536 1537
f 1356 1355 1535 1536
f 1355 1354 1534 1535
f 1354 1353 1533 1534
f 1353 1352 1532 1533
f 1542 1543 1555 1554
f 1541 1542 1554 1553
f 1540 1541 1553 1552
f 1538 1539 1551 1550
f 1539 1540 1552 1551
f 1543 1542 1548 1549
f 1542 1541 1547 1548
f 1541 1540 1546 1547
f 1540 1539 1545 1546
f 1539 1538 1544 1545
f 1554 1555 1561 1560
f 1553 1554 1560 1559
f 1552 1553 1559 1558
f 1550 1551 1557 1556
f 1551 1552 1558 1557
f 1560 1561 1567 1566
f 1559 1560 1566 1565
f 1558 1559 1565 1564
f 1556 1557 1563 1562
f 1557 1558 1564 1563
f 1566 1567 1573 1572
f 1565 1566 1572 1571
f 1564 1565 1571 1570
f 1562 1563 1569 1568
f 1563 1564 1570 1569
f 1572 1573 1579 1578
f 1571 1572 1578 1577
f 1570 1571 1577 1576
f 1568 1569 1575 1574
f 1569 1570 1576 1575
f 1578 1579 1585 1584
f 1577 1578 1584 1583
f 1576 1577 1583 1582
f 1574 1575 1581 1580
f 1575 1576 1582 1581
f 1584 1585 1591 1590
f 1583 1584 1590 1589
f 1582 1583 1589 1588
f 1580 1581 1587 1586
f 1581 1582 1588 1587
f 1590 1591 1597 1596
f 1589 1590 1596 1595
f 1588 1589 1595 1594
f 1586 1587 1593 1592
f 1587 1588 1594 1593
f 1596 1597 1603 1602
f 1595 1596 1602 1601
f 1594 1595 1601 1600
f 1592 1593 1599 1598
f 1593 1594 1600 1599
f 1602 1603 1609 1608
f 1601 1602 1608 1607
f 1600 1601 1607 1606
f 1598 1599 1605 1604
f 1599 1600 1606 1605
f 1608 1609 1615 1614
f 1607 1608 1614 1613
f 1606 1607 1613 1612
f 1604 1605 1611 1610
f 1605 1606 1612 1611
f 1614 1615 1621 1620
f 1613 1614 1620 1619
f 1612 1613 1619 1618
f 1610 1611 1617 1616
f 1611 1612 1618 1617
f 1620 1621 1627 1626
f 1619 1620 1626 1625
f 1618 1619 1625 1624
f 1616 1617 1623 1622
f 1617 1618 1624 1623
f 1626 1627 1633 1632
f 1625 1626 1632 1631
f 1624 1625 1631 1630
f 1622 1623 1629 1628
f 1623 1624 1630 1629
f 1632 1633 1639 1638
f 1631 1632 1638 1637
f 1630 1631 1637 1636
f 1628 1629 1635 1634
f 1629 1630 1636 1635
f 1638 1639 1645 1644
f 1637 1638 1644 1643
f 1636 1637 1643 1642
f 1634 1635 1641 1640
f 1635 1636 1642 1641
f 1644 1645 1651 1650
f 1643 1644 1650 1649
f 1642 1643 1649 1648
f 1640 1641 1647 1646
f 1641 1642 1648 1647
f 1650 1651 1657 1656
f 1649 1650 1656 1655
f 1648 1649 1655 1654
f 1646 1647 1653 1652
f 1647 1648 1654 1653
f 1656 1657 1663 1662
f 1655 1656 1662 1661
f 1654 1655 1661 1660
f 1652 1653 1659 1658
f 1653 1654 1660 1659
f 1662 1663 1669 1668
f 1661 1662 1668 1667
f 1660 1661 1667 1666
f 1658 1659 1665 1664
f 1659 1660 1666 1665
f 1668 1669 1675 1674
f 1667 1668 1674 1673
f 1666 1667 1673 1672
f 1664 1665 1671 1670
f 1665 1666 1672 1671
f 1674 1675 1681 1680
f 1673 1674 1680 1679
f 1672 1673 1679 1678
f 1670 1671 1677 1676
f 1671 1672 1678 1677
f 1680 1681 1687 1686
f 1679 1680 1686 1685
f 1678 1679 1685 1684
f 1676 1677 1683 1682
f 1677 1678 1684 1683
f 1686 1687 1693 1692
f 1685 1686 1692 1691
f 1684 1685 1691 1690
f 1682 1683 1689 1688
f 1683 1684 1690 1689
f 1692 1693 1699 1698
f 1691 1692 1698 1697
f 1690 1691 1697 1696
f 1688 1689 1695 1694
f 1689 1690 1696 1695
f 1698 1699 1705 1704
f 1697 1698 1704 1703
f 1696 1697 1703 1702
f 1694 1695 1701 1700
f 1695 1696 1702 1701
f 1704 1705 1711 1710
f 1703 1704 1710 1709
f 1702 1703 1709 1708
f 1700 1701 1707 1706
f 1701 1702 1708 1707
f 1710 1711 1717 1716
f 1709 1710 1716 1715
f 1708 1709 1715 1714
f 1706 1707 1713 1712
f 1707 1708 1714 1713
f 1716 1717 1723 1722
f 1715 1716 1722 1721
f 1714 1715 1721 1720
f 1712 1713 1719 1718
f 1713 1714 1720 1719
f 1722 1723 1729 1728
f 1721 1722 1728 1727
f 1720 1721 1727 1726
f 1718 1719 1725 1724
f 1719 1720 1726 1725
f 1549 1548 1728 1729
f 1548 1547 1727 1728
f 1547 1546 1726 1727
f 1546 1545 1725 1726
f 1545 1544 1724 1725
f 1734 1735 1747 1746
f 1733 1734 1746 1745
f 1732 1733 1745 1744
f 1730 1731 1743 1742
f 1731 1732 1744 1743
f 1735 1734 1740 1741
f 1734 1733 1739 1740
f 1733 1732 1738 1739
f 1732 1731 1737 1738
f 1731 1730 1736 1737
f 1746 1747 1753 1752
f 1745 1746 1752 1751
f 1744 1745 1751 1750
f 1742 1743 1749 1748
f 1743 1744 1750 1749
f 1752 1753 1759 1758
f 1751 1752 1758 1757
f 1750 1751 1757 1756
f 1748 1749 1755 1754
f 1749 1750 1756 1755
f 1758 1759 1765 1764
f 1757 1758 1764 1763
f 1756 1757 1763 1762
f 1754 1755 1761 1760
f 1755 1756 1762 1761
f 1764 1765 1771 1770
f 1763 1764 1770 1769
f 1762 1763 1769 1768
f 1760 1761 1767 1766
f 1761 1762 1768 1767
f 1770 1771 1777 1776
f 1769 1770 1776 1775
f 1768 1769 1775 1774
f 1766 1767 1773 1772
f 1767 1768 1774 1773
f 1776 1777 1783 1782
f 1775 1776 1782 1781
f 1774 1775 1781 1780
f 1772 1773 1779 1778
f 1773 1774 1780 1779
f 1782 1783 1789 1788
f 1781 1782 1788 1787
f 1780 1781 1787 1786
f 1778 1779 1785 1784
f 1779 1780 1786 1785
f 1788 1789 1795 1794
f 1787 1788 1794 1793
f 1786 1787 1793 1792
f 1784 1785 1791 1790
f 1785 1786 1792 1791
f 1794 1795 1801 1800
f 1793 1794 1800 1799
f 1792 1793 1799 1798
f 1790 1791 1797 1796
f 1791 1792 1798 1797
f 1800 1801 1807 1806
f 1799 1800 1806 1805
f 1798 1799 1805 1804
f 1796 1797 1803 1802
f 1797 1798 1804 1803
f 1806 1807 1813 1812
f 1805 1806 1812 1811
f 1804 1805 1811 1810
f 1802 1803 1809 1808
f 1803 1804 1810 1809
f 1812 1813 1819 1818
f 1811 1812 1818 1817
f 1810 1811 1817 1816
f 1808 1809 1815 1814
f 1809 1810 1816 1815
f 1818 1819 1825 1824
f 1817 1818 1824 1823
f 1816 1817 1823 1822
f 1814 1815 1821 1820
f 1815 1816 1822 1821
f 1824 1825 1831 1830
f 1823 1824 1830 1829
f 1822 1823 1829 1828
f 1820 1821 1827 1826
f 1821 1822 1828 1827
f 1830 1831 1837 1836
f 1829 1830 1836 1835
f 1828 1829 1835 1834
f 1826 1827 1833 1832
f 1827 1828 1834 1833
f 1836 1837 1843 1842
f 1835 1836 1842 1841
f 1834 1835 1841 1840
f 1832 1833 1839 1838
f 1833 1834 1840 1839
f 1842 1843 1849 1848
f 1841 1842 1848 1847
f 1840 1841 1847 1846
f 1838 1839 1845 1844
f 1839 1840 1846 1845
f 1848 1849 1855 1854
f 1847 1848 1854 1853
f 1846 1847 1853 1852
f 1844 1845 1851 1850
f 1845 1846 1852 1851
f 1854 1855 1861 1860
f 1853 1854 1860 1859
f 1852 1853 1859 1858
f 1850 1851 1857 1856
f 1851 1852 1858 1857
f 1860 1861 1867 1866
f 1859 1860 1866 1865
f 1858 1859 1865 1864
f 1856 1857 1863 1862
f 1857 1858 1864 1863
f 1866 1867 1873 1872
f 1865 1866 1872 1871
f 1864 1865 1871 1870
f 1862 1863 1869 1868
f 1863 1864 1870 1869
f 1872 1873 1879 1878
f 1871 1872 1878 1877
f 1870 1871 1877 1876
f 1868 1869 1875 1874
f 1869 1870 1876 1875
f 1878 1879 1885 1884
f 1877 1878 1884 1883
f 1876 1877 1883 1882
f 1874 1875 1881 1880
f 1875 1876 1882 1881
f 1884 1885 1891 1890
f 1883 1884 1890 1889
f 1882 1883 1889 1888
f 1880 1881 1887 1886
f 1881 1882 1888 1887
f 1890 1891 1897 1896
f 1889 1890 1896 1895
f 1888 1889 1895 1894
f 1886 1887 1893 1892
f 1887 1888 1894 1893
f 1896 1897 1903 1902
f 1895 1896 1902 1901
f 1894 1895 1901 1900
f 1892 1893 1899 1898
f 1893 1894 1900 1899
f 1902 1903 1909 1908
f 1901 1902 1908 1907
f 1900 1901 1907 1906
f 1898 1899 1905 1904
f 1899 1900 1906 1905
f 1908 1909 1915 1914
f 1907 1908 1914 1913
f 1906 1907 1913 1912
f 1904 1905 1911 1910
f 1905 1906 1912 1911
f 1914 1915 1921 1920
f 1913 1914 1920 1919
f 1912 1913 1919 1918
f 1910 1911 1917 1916
f 1911 1912 1918 1917
f 1741 1740 1920 1921
f 1740 1739 1919 1920
f 1739 1738 1918 1919
f 1738 1737 1917 1918
f 1737 1736 1916 1917
f 1922 1928 2120 2114
f 1934 1922 2114 2126
f 1940 1934 2126 2132
f 1946 1940 2132 2138
f 1952 1946 2138 2144
f 1958 1952 2144 2150
f 1964 1958 2150 2156
f 1970 1964 2156 2162
f 1976 1970 2162 2168
f 1982 1976 2168 2174
f 1988 1982 2174 2180
f 1994 1988 2180 2186
f 2000 1994 2186 2192
f 2006 2000 2192 2198
f 2012 2006 2198 2204
f 2018 2012 2204 2210
f 2024 2018 2210 2216
f 2030 2024 2216 2222
f 2036 2030 2222 2228
f 2042 2036 2228 2234
f 2048 2042 2234 2240
f 2054 2048 2240 2246
f 2060 2054 2246 2252
f 2066 2060 2252 2258
f 2072 2066 2258 2264
f 2078 2072 2264 2270
f 2084 2078 2270 2276
f 2090 2084 2276 2282
f 2096 2090 2282 2288
f 2102 2096 2288 2294
f 2108 2102 2294 2300
f 1928 2108 2300 2120
f 1351 1357 1933 1927
f 1363 1351 1927 1939
f 1369 1363 1939 1945
f 1375 1369 1945 1951
f 1381 1375 1951 1957
f 1387 1381 1957 1963
f 1393 1387 1963 1969
f 1399 1393 1969 1975
f 1405 1399 1975 1981
f 1411 1405 1981 1987
f 1417 1411 1987 1993
f 1423 1417 1993 1999
f 1429 1423 1999 2005
f 1435 1429 2005 2011
f 1441 1435 2011 2017
f 1447 1441 2017 2023
f 1453 1447 2023 2029
f 1459 1453 2029 2035
f 1465 1459 2035 2041
f 1471 1465 2041 2047
f 1477 1471 2047 2053
f 1483 1477 2053 2059
f 1489 1483 2059 2065
f 1495 1489 2065 2071
f 1501 1495 2071 2077
f 1507 1501 2077 2083
f 1513 1507 2083 2089
f 1519 1513 2089 2095
f 1525 1519 2095 2101
f 1531 1525 2101 2107
f 1537 1531 2107 2113
f 1357 1537 2113 1933
f 2119 2125 1544 1538
f 2131 2119 1538 1550
f 2137 2131 1550 1556
f 2143 2137 1556 1562
f 2149 2143 1562 1568
f 2155 2149 1568 1574
f 2161 2155 1574 1580
f 2167 2161 1580 1586
f 2173 2167 1586 1592
f 2179 2173 1592 1598
f 2185 2179 1598 1604
f 2191 2185 1604 1610
f 2197 2191 1610 1616
f 2203 2197 1616 1622
f 2209 2203 1622 1628
f 2215 2209 1628 1634
f 2221 2215 1634 1640
f 2227 2221 1640 1646
f 2233 2227 1646 1652
f 2239 2233 1652 1658
f 2245 2239 1658 1664
f 2251 2245 1664 1670
f 2257 2251 1670 1676
f 2263 2257 1676 1682
f 2269 2263 1682 1688
f 2275 2269 1688 1694
f 2281 2275 1694 1700
f 2287 2281 1700 1706
f 2293 2287 1706 1712
f 2299 2293 1712 1718
f 2305 2299 1718 1724
f 2125 2305 1724 1544
f 1543 1549 2312 2306
f 1555 1543 2306 2318
f 1561 1555 2318 2324
f 1567 1561 2324 2330
f 1573 1567 2330 2336
f 1579 1573 2336 2342
f 1585 1579 2342 2348
f 1591 1585 2348 2354
f 1597 1591 2354 2360
f 1603 1597 2360 2366
f 1609 1603 2366 2372
f 1615 1609 2372 2378
f 1621 1615 2378 2384
f 1627 1621 2384 2390
f 1633 1627 2390 2396
f 1639 1633 2396 2402
f 1645 1639 2402 2408
f 1651 1645 2408 2414
f 1657 1651 2414 2420
f 1663 1657 2420 2426
f 1669 1663 2426 2432
f 1675 1669 2432 2438
f 1681 1675 2438 2444
f 1687 1681 2444 2450
f 1693 1687 2450 2456
f 1699 1693 2456 2462
f 1705 1699 2462 2468
f 1711 1705 2468 2474
f 1717 1711 2474 2480
f 1723 1717 2480 2486
f 1729 1723 2486 2492
f 1549 1729 2492 2312
f 2311 2317 1736 1730
f 2323 2311 1730 1742
f 2329 2323 1742 1748
f 2335 2329 1748 1754
f 2341 2335 1754 1760
f 2347 2341 1760 1766
f 2353 2347 1766 1772
f 2359 2353 1772 1778
f 2365 2359 1778 1784
f 2371 2365 1784 1790
f 2377 2371 1790 1796
f 2383 2377 1796 1802
f 2389 2383 1802 1808
f 2395 2389 1808 1814
f 2401 2395 1814 1820
f 2407 2401 1820 1826
f 2413 2407 1826 1832
f 2419 2413 1832 1838
f 2425 2419 1838 1844
f 2431 2425 1844 1850
f 2437 2431 1850 1856
f 2443 2437 1856 1862
f 2449 2443 1862 1868
f 2455 2449 1868 1874
f 2461 2455 1874 1880
f 2467 2461 1880 1886
f 2473 2467 1886 1892
f 2479 2473 1892 1898
f 2485 2479 1898 1904
f 2491 2485 1904 1910
f 2497 2491 1910 1916
f 2317 2497 1916 1736
f 1926 1927 1933 1932
f 1925 1926 1932 1931
f 1924 1925 1931 1930
f 1922 1923 1929 1928
f 1923 1924 1930 1929
f 1932 1933 2113 2112
f 1931 1932 2112 2111
f 1930 1931 2111 2110
f 1928 1929 2109 2108
f 1929 1930 2110 2109
f 1927 1926 1938 1939
f 1926 1925 1937 1938
f 1925 1924 1936 1937
f 1924 1923 1935 1936
f 1923 1922 1934 1935
f 1939 1938 1944 1945
f 1938 1937 1943 1944
f 1937 1936 1942 1943
f 1936 1935 1941 1942
f 1935 1934 1940 1941
f 1945 1944 1950 1951
f 1944 1943 1949 1950
f 1943 1942 1948 1949
f 1942 1941 1947 1948
f 1941 1940 1946 1947
f 1951 1950 1956 1957
f 1950 1949 1955 1956
f 1949 1948 1954 1955
f 1948 1947 1953 1954
f 1947 1946 1952 1953
f 1957 1956 1962 1963
f 1956 1955 1961 1962
f 1955 1954 1960 1961
f 1954 1953 1959 1960
f 1953 1952 1958 1959
f 1963 1962 1968 1969
f 1962 1961 1967 1968
f 1961 1960 1966 1967
f 1960 1959 1965 1966
f 1959 1958 1964 1965
f 1969 1968 1974 1975
f 1968 1967 1973 1974
f 1967 1966 1972 1973
f 1966 1965 1971 1972
f 1965 1964 1970 1971
f 1975 1974 1980 1981
f 1974 1973 1979 1980
f 1973 1972 1978 1979
f 1972 1971 1977 1978
f 1971 1970 1976 1977
f 1981 1980 1986 1987
f 1980 1979 1985 1986
f 1979 1978 1984 1985
f 1978 1977 1983 1984
f 1977 1976 1982 1983
f 1987 1986 1992 1993
f 1986 1985 1991 1992
f 1985 1984 1990 1991
f 1984 1983 1989 1990
f 1983 1982 1988 1989
f 1993 1992 1998 1999
f 1992 1991 1997 1998
f 1991 1990 1996 1997
f 1990 1989 1995 1996
f 1989 1988 1994 1995
f 1999 1998 2004 2005
f 1998 1997 2003 2004
f 1997 1996 2002 2003
f 1996 1995 2001 2002
f 1995 1994 2000 2001
f 2005 2004 2010 2011
f 2004 2003 2009 2010
f 2003 2002 2008 2009
f 2002 2001 2007 2008
f 2001 2000 2006 2007
f 2011 2010 2016 2017
f 2010 2009 2015 2016
f 2009 2008 2014 2015
f 2008 2007 2013 2014
f 2007 2006 2012 2013
f 2017 2016 2022 2023
f 2016 2015 2021 2022
f 2015 2014 2020 2021
f 2014 2013 2019 2020
f 2013 2012 2018 2019
f 2023 2022 2028 2029
f 2022 2021 2027 2028
f 2021 2020 2026 2027
f 2020 2019 2025 2026
f 2019 2018 2024 2025
f 2029 2028 2034 2035
f 2028 2027 2033 2034
f 2027 2026 2032 2033
f 2026 2025 2031 2032
f 2025 2024 2030 2031
f 2035 2034 2040 2041
f 2034 2033 2039 2040
f 2033 2032 2038 2039
f 2032 2031 2037 2038
f 2031 2030 2036 2037
f 2041 2040 2046 2047
f 2040 2039 2045 2046
f 2039 2038 2044 2045
f 2038 2037 2043 2044
f 2037 2036 2042 2043
f 2047 2046 2052 2053
f 2046 2045 2051 2052
f 2045 2044 2050 2051
f 2044 2043 2049 2050
f 2043 2042 2048 2049
f 2053 2052 2058 2059
f 2052 2051 2057 2058
f 2051 2050 2056 2057
f 2050 2049 2055 2056
f 2049 2048 2054 2055
f 2059 2058 2064 2065
f 2058 2057 2063 2064
f 2057 2056 2062 2063
f 2056 2055 2061 2062
f 2055 2054 2060 2061
f 2065 2064 2070 2071
f 2064 2063 2069 2070
f 2063 2062 2068 2069
f 2062 2061 2067 2068
f 2061 2060 2066 2067
f 2071 2070 2076 2077
f 2070 2069 2075 2076
f 2069 2068 2074 2075
f 2068 2067 2073 2074
f 2067 2066 2072 2073
f 2077 2076 2082 2083
f 2076 2075 2081 2082
f 2075 2074 2080 2081
f 2074 2073 2079 2080
f 2073 2072 2078 2079
f 2083 2082 2088 2089
f 2082 2081 2087 2088
f 2081 2080 2086 2087
f 2080 2079 2085 2086
f 2079 2078 2084 2085
f 2089 2088 2094 2095
f 2088 2087 2093 2094
f 2087 2086 2092 2093
f 2086 2085 2091 2092
f 2085 2084 2090 2091
f 2095 2094 2100 2101
f 2094 2093 2099 2100
f 2093 2092 2098 2099
f 2092 2091 2097 2098
f 2091 2090 2096 2097
f 2101 2100 2106 2107
f 2100 2099 2105 2106
f 2099 2098 2104 2105
f 2098 2097 2103 2104
f 2097 2096 2102 2103
f 2107 2106 2112 2113
f 2106 2105 2111 2112
f 2105 2104 2110 2111
f 2104 2103 2109 2110
f 2103 2102 2108 2109
f 2118 2119 2131 2130
f 2117 2118 2130 2129
f 2116 2117 2129 2128
f 2114 2115 2127 2126
f 2115 2116 2128 2127
f 2119 2118 2124 2125
f 2118 2117 2123 2124
f 2117 2116 2122 2123
f 2116 2115 2121 2122
f 2115 2114 2120 2121
f 2130 2131 2137 2136
f 2129 2130 2136 2135
f 2128 2129 2135 2134
f 2126 2127 2133 2132
f 2127 2128 2134 2133
f 2136 2137 2143 2142
f 2135 2136 2142 2141
f 2134 2135 2141 2140
f 2132 2133 2139 2138
f 2133 2134 2140 2139
f 2142 2143 2149 2148
f 2141 2142 2148 2147
f 2140 2141 2147 2146
f 2138 2139 2145 2144
f 2139 2140 2146 2145
f 2148 2149 2155 2154
f 2147 2148 2154 2153
f 2146 2147 2153 2152
f 2144 2145 2151 2150
f 2145 2146 2152 2151
f 2154 2155 2161 2160
f 2153 2154 2160 2159
f 2152 2153 2159 2158
f 2150 2151 2157 2156
f 2151 2152 2158 2157
f 2160 2161 2167 2166
f 2159 2160 2166 2165
f 2158 2159 2165 2164
f 2156 2157 2163 2162
f 2157 2158 2164 2163
f 2166 2167 2173 2172
f 2165 2166 2172 2171
f 2164 2165 2171 2170
f 2162 2163 2169 2168
f 2163 2164 2170 2169
f 2172 2173 2179 2178
f 2171 2172 2178 2177
f 2170 2171 2177 2176
f 2168 2169 2175 2174
f 2169 2170 2176 2175
f 2178 2179 2185 2184
f 2177 2178 2184 2183
f 2176 2177 2183 2182
f 2174 2175 2181 2180
f 2175 2176 2182 2181
f 2184 2185 2191 2190
f 2183 2184 2190 2189
f 2182 2183 2189 2188
f 2180 2181 2187 2186
f 2181 2182 2188 2187
f 2190 2191 2197 2196
f 2189 2190 2196 2195
f 2188 2189 2195 2194
f 2186 2187 2193 2192
f 2187 2188 2194 2193
f 2196 2197 2203 2202
f 2195 2196 2202 2201
f 2194 2195 2201 2200
f 2192 2193 2199 2198
f 2193 2194 2200 2199
f 2202 2203 2209 2208
f 2201 2202 2208 2207
f 2200 2201 2207 2206
f 2198 2199 2205 2204
f 2199 2200 2206 2205
f 2208 2209 2215 2214
f 2207 2208 2214 2213
f 2206 2207 2213 2212
f 2204 2205 2211 2210
f 2205 2206 2212 2211
f 2214 2215 2221 2220
f 2213 2214 2220 2219
f 2212 2213 2219 2218
f 2210 2211 2217 2216
f 2211 2212 2218 2217
f 2220 2221 2227 2226
f 2219 2220 2226 2225
f 2218 2219 2225 2224
f 2216 2217 2223 2222
f 2217 2218 2224 2223
f 2226 2227 2233 2232
f 2225 2226 2232 2231
f 2224 2225 2231 2230
f 2222 2223 2229 2228
f 2223 2224 2230 2229
f 2232 2233 2239 2238
f 2231 2232 2238 2237
f 2230 2231 2237 2236
f 2228 2229 2235 2234
f 2229 2230 2236 2235
f 2238 2239 2245 2244
f 2237 2238 2244 2243
f 2236 2237 2243 2242
f 2234 2235 2241 2240
f 2235 2236 2242 2241
f 2244 2245 2251 2250
f 2243 2244 2250 2249
f 2242 2243 2249 2248
f 2240 2241 2247 2246
f 2241 2242 2248 2247
f 2250 2251 2257 2256
f 2249 2250 2256 2255
f 2248 2249 2255 2254
f 2246 2247 2253 2252
f 2247 2248 2254 2253
f 2256 2257 2263 2262
f 2255 2256 2262 2261
f 2254 2255 2261 2260
f 2252 2253 2259 2258
f 2253 2254 2260 2259
f 2262 2263 2269 2268
f 2261 2262 2268 2267
f 2260 2261 2267 2266
f 2258 2259 2265 2264
f 2259 2260 2266 2265
f 2268 2269 2275 2274
f 2267 2268 2274 2273
f 2266 2267 2273 2272
f 2264 2265 2271 2270
f 2265 2266 2272 2271
f 2274 2275 2281 2280
f 2273 2274 2280 2279
f 2272 2273 2279 2278
f 2270 2271 2277 2276
f 2271 2272 2278 2277
f 2280 2281 2287 2286
f 2279 2280 2286 2285
f 2278 2279 2285 2284
f 2276 2277 2283 2282
f 2277 2278 2284 2283
f 2286 2287 2293 2292
f 2285 2286 2292 2291
f 2284 2285 2291 2290
f 2282 2283 2289 2288
f 2283 2284 2290 2289
f 2292 2293 2299 2298
f 2291 2292 2298 2297
f 2290 2291 2297 2296
f 2288 2289 2295 2294
f 2289 2290 2296 2295
f 2298 2299 2305 2304
f 2297 2298 2304 2303
f 2296 2297 2303 2302
f 2294 2295 2301 2300
f 2295 2296 2302 2301
f 2125 2124 2304 2305
f 2124 2123 2303 2304
f 2123 2122 2302 2303
f 2122 2121 2301 2302
f 2121 2120 2300 2301
f 2310 2311 2323 2322
f 2309 2310 2322 2321
f 2308 2309 2321 2320
f 2306 2307 2319 2318
f 2307 2308 2320 2319
f 2311 2310 2316 2317
f 2310 2309 2315 2316
f 2309 2308 2314 2315
f 2308 2307 2313 2314
f 2307 2306 2312 2313
f 2322 2323 2329 2328
f 2321 2322 2328 2327
f 2320 2321 2327 2326
f 2318 2319 2325 2324
f 2319 2320 2326 2325
f 2328 2329 2335 2334
f 2327 2328 2334 2333
f 2326 2327 2333 2332
f 2324 2325 2331 2330
f 2325 2326 2332 2331
f 2334 2335 2341 2340
f 2333 2334 2340 2339
f 2332 2333 2339 2338
f 2330 2331 2337 2336
f 2331 2332 2338 2337
f 2340 2341 2347 2346
f 2339 2340 2346 2345
f 2338 2339 2345 2344
f 2336 2337 2343 2342
f 2337 2338 2344 2343
f 2346 2347 2353 2352
f 2345 2346 2352 2351
f 2344 2345 2351 2350
f 2342 2343 2349 2348
f 2343 2344 2350 2349
f 2352 2353 2359 2358
f 2351 2352 2358 2357
f 2350 2351 2357 2356
f 2348 2349 2355 2354
f 2349 2350 2356 2355
f 2358 2359 2365 2364
f 2357 2358 2364 2363
f 2356 2357 2363 2362
f 2354 2355 2361 2360
f 2355 2356 2362 2361
f 2364 2365 2371 2370
f 2363 2364 2370 2369
f 2362 2363 2369 2368
f 2360 2361 2367 2366
f 2361 2362 2368 2367
f 2370 2371 2377 2376
f 2369 2370 2376 2375
f 2368 2369 2375 2374
f 2366 2367 2373 2372
f 2367 2368 2374 2373
f 2376 2377 2383 2382
f 2375 2376 2382 2381
f 2374 2375 2381 2380
f 2372 2373 2379 2378
f 2373 2374 2380 2379
f 2382 2383 2389 2388
f 2381 2382 2388 2387
f 2380 2381 2387 2386
f 2378 2379 2385 2384
f 2379 2380 2386 2385
f 2388 2389 2395 2394
f 2387 2388 2394 2393
f 2386 2387 2393 2392
f 2384 2385 2391 2390
f 2385 2386 2392 2391
f 2394 2395 2401 2400
f 2393 2394 2400 2399
f 2392 2393 2399 2398
f 2390 2391 2397 2396
f 2391 2392 2398 2397
f 2400 2401 2407 2406
f 2399 2400 2406 2405
f 2398 2399 2405 2404
f 2396 2397 2403 2402
f 2397 2398 2404 2403
f 2406 2407 2413 2412
f 2405 2406 2412 2411
f 2404 2405 2411 2410
f 2402 2403 2409 2408
f 2403 2404 2410 2409
f 2412 2413 2419 2418
f 2411 2412 2418 2417
f 2410 2411 2417 2416
f 2408 2409 2415 2414
f 2409 2410 2416 2415
f 2418 2419 2425 2424
f 2417 2418 2424 2423
f 2416 2417 2423 2422
f 2414 2415 2421 2420
f 2415 2416 2422 2421
f 2424 2425 2431 2430
f 2423 2424 2430 2429
f 2422 2423 2429 2428
f 2420 2421 2427 2426
f 2421 2422 2428 2427
f 2430 2431 2437 2436
f 2429 2430 2436 2435
f 2428 2429 2435 2434
f 2426 2427 2433 2432
f 2427 2428 2434 2433
f 2436 2437 2443 2442
f 2435 2436 2442 2441
f 2434 2435 2441 2440
f 2432 2433 2439 2438
f 2433 2434 2440 2439
f 2442 2443 2449 2448
f 2441 2442 2448 2447
f 2440 2441 2447 2446
f 2438 2439 2445 2444
f 2439 2440 2446 2445
f 2448 2449 2455 2454
f 2447 2448 2454 2453
f 2446 2447 2453 2452
f 2444 2445 2451 2450
f 2445 2446 2452 2451
f 2454 2455 2461 2460
f 2453 2454 2460 2459
f 2452 2453 2459 2458
f 2450 2451 2457 2456
f 2451 2452 2458 2457
f 2460 2461 2467 2466
f 2459 2460 2466 2465
f 2458 2459 2465 2464
f 2456 2457 2463 2462
f 2457 2458 2464 2463
f 2466 2467 2473 2472
f 2465 2466 2472 2471
f 2464 2465 2471 2470
f 2462 2463 2469 2468
f 2463 2464 2470 2469
f 2472 2473 2479 2478
f 2471 2472 2478 2477
f 2470 2471 2477 2476
f 2468 2469 2475 2474
f 2469 2470 2476 2475
f 2478 2479 2485 2484
f 2477 2478 2484 2483
f 2476 2477 2483 2482
f 2474 2475 2481 2480
f 2475 2476 2482 2481
f 2484 2485 2491 2490
f 2483 2484 2490 2489
f 2482 2483 2489 2488
f 2480 2481 2487 2486
f 2481 2482 2488 2487
f 2490 2491 2497 2496
f 2489 2490 2496 2495
f 2488 2489 2495 2494
f 2486 2487 2493 2492
f 2487 2488 2494 2493
f 2317 2316 2496 2497
f 2316 2315 2495 2496
f 2315 2314 2494 2495
f 2314 2313 2493 2494
f 2313 2312 2492 2493
f 1314 1315 2737 2738
f 1316 1314 2738 2739
f 1317 1316 2739 2740
f 1318 1317 2740 2741
f 1319 1318 2741 2742
f 1320 1319 2742 2743
f 1321 1320 2743 2744
f 1322 1321 2744 2745
f 1323 1322 2745 2746
f 1324 1323 2746 2747
f 1325 1324 2747 2748
f 1326 1325 2748 2749
f 1327 1326 2749 2750
f 1328 1327 2750 2751
f 1329 1328 2751 2752
f 1330 1329 2752 2753
f 1331 1330 2753 2722
f 1332 1331 2722 2723
f 1333 1332 2723 2724
f 1334 1333 2724 2725
f 1335 1334 2725 2726
f 1336 1335 2726 2727
f 1337 1336 2727 2728
f 1338 1337 2728 2729
f 1339 1338 2729 2730
f 1340 1339 2730 2731
f 1341 1340 2731 2732
f 1342 1341 2732 2733
f 1343 1342 2733 2734
f 1344 1343 2734 2735
f 1345 1344 2735 2736
f 1315 1345 2736 2737
f 2531 2530 2498 2499
f 2532 2531 2499 2500
f 2533 2532 2500 2501
f 2534 2533 2501 2502
f 2535 2534 2502 2503
f 2536 2535 2503 2504
f 2537 2536 2504 2505
f 2538 2537 2505 2506
f 2539 2538 2506 2507
f 2540 2539 2507 2508
f 2541 2540 2508 2509
f 2542 2541 2509 2510
f 2543 2542 2510 2511
f 2544 2543 2511 2512
f 2545 2544 2512 2513
f 2546 2545 2513 2514
f 2547 2546 2514 2515
f 2548 2547 2515 2516
f 2549 2548 2516 2517
f 2550 2549 2517 2518
f 2551 2550 2518 2519
f 2552 2551 2519 2520
f 2553 2552 2520 2521
f 2554 2553 2521 2522
f 2555 2554 2522 2523
f 2556 2555 2523 2524
f 2557 2556 2524 2525
f 2558 2557 2525 2526
f 2559 2558 2526 2527
f 2560 2559 2527 2528
f 2561 2560 2528 2529
f 2530 2561 2529 2498
f 2563 2562 2530 2531
f 2564 2563 2531 2532
f 2565 2564 2532 2533
f 2566 2565 2533 2534
f 2567 2566 2534 2535
f 2568 2567 2535 2536
f 2569 2568 2536 2537
f 2570 2569 2537 2538
f 2571 2570 2538 2539
f 2572 2571 2539 2540
f 2573 2572 2540 2541
f 2574 2573 2541 2542
f 2575 2574 2542 2543
f 2576 2575 2543 2544
f 2577 2576 2544 2545
f 2578 2577 2545 2546
f 2579 2578 2546 2547
f 2580 2579 2547 2548
f 2581 2580 2548 2549
f 2582 2581 2549 2550
f 2583 2582 2550 2551
f 2584 2583 2551 2552
f 2585 2584 2552 2553
f 2586 2585 2553 2554
f 2587 2586 2554 2555
f 2588 2587 2555 2556
f 2589 2588 2556 2557
f 2590 2589 2557 2558
f 2591 2590 2558 2559
f 2592 2591 2559 2560
f 2593 2592 2560 2561
f 2562 2593 2561 2530
f 2595 2594 2562 2563
f 2596 2595 2563 2564
f 2597 2596 2564 2565
f 2598 2597 2565 2566
f 2599 2598 2566 2567
f 2600 2599 2567 2568
f 2601 2600 2568 2569
f 2602 2601 2569 2570
f 2603 2602 2570 2571
f 2604 2603 2571 2572
f 2605 2604 2572 2573
f 2606 2605 2573 2574
f 2607 2606 2574 2575
f 2608 2607 2575 2576
f 2609 2608 2576 2577
f 2610 2609 2577 2578
f 2611 2610 2578 2579
f 2612 2611 2579 2580
f 2613 2612 2580 2581
f 2614 2613 2581 2582
f 2615 2614 2582 2583
f 2616 2615 2583 2584
f 2617 2616 2584 2585
f 2618 2617 2585 2586
f 2619 2618 2586 2587
f 2620 2619 2587 2588
f 2621 2620 2588 2589
f 2622 2621 2589 2590
f 2623 2622 2590 2591
f 2624 2623 2591 2592
f 2625 2624 2592 2593
f 2594 2625 2593 2562
f 2627 2626 2594 2595
f 2628 2627 2595 2596
f 2629 2628 2596 2597
f 2630 2629 2597 2598
f 2631 2630 2598 2599
f 2632 2631 2599 2600
f 2633 2632 2600 2601
f 2634 2633 2601 2602
f 2635 2634 2602 2603
f 2636 2635 2603 2604
f 2637 2636 2604 2605
f 2638 2637 2605 2606
f 2639 2638 2606 2607
f 2640 2639 2607 2608
f 2641 2640 2608 2609
f 2642 2641 2609 2610
f 2643 2642 2610 2611
f 2644 2643 2611 2612
f 2645 2644 2612 2613
f 2646 2645 2613 2614
f 2647 2646 2614 2615
f 2648 2647 2615 2616
f 2649 2648 2616 2617
f 2650 2649 2617 2618
f 2651 2650 2618 2619
f 2652 2651 2619 2620
f 2653 2652 2620 2621
f 2654 2653 2621 2622
f 2655 2654 2622 2623
f 2656 2655 2623 2624
f 2657 2656 2624 2625
f 2626 2657 2625 2594
f 2659 2658 2626 2627
f 2660 2659 2627 2628
f 2661 2660 2628 2629
f 2662 2661 2629 2630
f 2663 2662 2630 2631
f 2664 2663 2631 2632
f 2665 2664 2632 2633
f 2666 2665 2633 2634
f 2667 2666 2634 2635
f 2668 2667 2635 2636
f 2669 2668 2636 2637
f 2670 2669 2637 2638
f 2671 2670 2638 2639
f 2672 2671 2639 2640
f 2673 2672 2640 2641
f 2674 2673 2641 2642
f 2675 2674 2642 2643
f 2676 2675 2643 2644
f 2677 2676 2644 2645
f 2678 2677 2645 2646
f 2679 2678 2646 2647
f 2680 2679 2647 2648
f 2681 2680 2648 2649
f 2682 2681 2649 2650
f 2683 2682 2650 2651
f 2684 2683 2651 2652
f 2685 2684 2652 2653
f 2686 2685 2653 2654
f 2687 2686 2654 2655
f 2688 2687 2655 2656
f 2689 2688 2656 2657
f 2658 2689 2657 2626
f 2691 2690 2658 2659
f 2692 2691 2659 2660
f 2693 2692 2660 2661
f 2694 2693 2661 2662
f 2695 2694 2662 2663
f 2696 2695 2663 2664
f 2697 2696 2664 2665
f 2698 2697 2665 2666
f 2699 2698 2666 2667
f 2700 2699 2667 2668
f 2701 2700 2668 2669
f 2702 2701 2669 2670
f 2703 2702 2670 2671
f 2704 2703 2671 2672
f 2705 2704 2672 2673
f 2706 2705 2673 2674
f 2707 2706 2674 2675
f 2708 2707 2675 2676
f 2709 2708 2676 2677
f 2710 2709 2677 2678
f 2711 2710 2678 2679
f 2712 2711 2679 2680
f 2713 2712 2680 2681
f 2714 2713 2681 2682
f 2715 2714 2682 2683
f 2716 2715 2683 2684
f 2717 2716 2684 2685
f 2718 2717 2685 2686
f 2719 2718 2686 2687
f 2720 2719 2687 2688
f 2721 2720 2688 2689
f 2690 2721 2689 2658
f 2723 2722 2690 2691
f 2724 2723 2691 2692
f 2725 2724 2692 2693
f 2726 2725 2693 2694
f 2727 2726 2694 2695
f 2728 2727 2695 2696
f 2729 2728 2696 2697
f 2730 2729 2697 2698
f 2731 2730 2698 2699
f 2732 2731 2699 2700
f 2733 2732 2700 2701
f 2734 2733 2701 2702
f 2735 2734 2702 2703
f 2736 2735 2703 2704
f 2737 2736 2704 2705
f 2738 2737 2705 2706
f 2739 2738 2706 2707
f 2740 2739 2707 2708
f 2741 2740 2708 2709
f 2742 2741 2709 2710
f 2743 2742 2710 2711
f 2744 2743 2711 2712
f 2745 2744 2712 2713
f 2746 2745 2713 2714
f 2747 2746 2714 2715
f 2748 2747 2715 2716
f 2749 2748 2716 2717
f 2750 2749 2717 2718
f 2751 2750 2718 2719
f 2752 2751 2719 2720
f 2753 2752 2720 2721
f 2722 2753 2721 2690
f 2754 2755 2851 2850
f 2756 2754 2850 2852
f 2757 2756 2852 2853
f 2758 2757 2853 2854
f 2759 2758 2854 2855
f 2760 2759 2855 2856
f 2761 2760 2856 2857
f 2762 2761 2857 2858
f 2763 2762 2858 2859
f 2764 2763 2859 2860
f 2765 2764 2860 2861
f 2766 2765 2861 2862
f 2767 2766 2862 2863
f 2768 2767 2863 2864
f 2769 2768 2864 2865
f 2770 2769 2865 2866
f 2771 2770 2866 2867
f 2772 2771 2867 2868
f 2773 2772 2868 2869
f 2774 2773 2869 2870
f 2775 2774 2870 2871
f 2776 2775 2871 2872
f 2777 2776 2872 2873
f 2778 2777 2873 2874
f 2779 2778 2874 2875
f 2780 2779 2875 2876
f 2781 2780 2876 2877
f 2782 2781 2877 2878
f 2783 2782 2878 2879
f 2784 2783 2879 2880
f 2785 2784 2880 2881
f 2755 2785 2881 2851
f 2887 2888 2900 2899
f 2886 2887 2899 2898
f 2885 2886 2898 2897
f 2883 2884 2896 2895
f 2884 2885 2897 2896
f 2888 2887 2893 2894
f 2887 2886 2892 2893
f 2886 2885 2891 2892
f 2885 2884 2890 2891
f 2884 2883 2889 2890
f 2899 2900 2906 2905
f 2898 2899 2905 2904
f 2897 2898 2904 2903
f 2895 2896 2902 2901
f 2896 2897 2903 2902
f 2905 2906 2912 2911
f 2904 2905 2911 2910
f 2903 2904 2910 2909
f 2901 2902 2908 2907
f 2902 2903 2909 2908
f 2911 2912 2918 2917
f 2910 2911 2917 2916
f 2909 2910 2916 2915
f 2907 2908 2914 2913
f 2908 2909 2915 2914
f 2917 2918 2924 2923
f 2916 2917 2923 2922
f 2915 2916 2922 2921
f 2913 2914 2920 2919
f 2914 2915 2921 2920
f 2923 2924 2930 2929
f 2922 2923 2929 2928
f 2921 2922 2928 2927
f 2919 2920 2926 2925
f 2920 2921 2927 2926
f 2929 2930 2936 2935
f 2928 2929 2935 2934
f 2927 2928 2934 2933
f 2925 2926 2932 2931
f 2926 2927 2933 2932
f 2935 2936 2942 2941
f 2934 2935 2941 2940
f 2933 2934 2940 2939
f 2931 2932 2938 2937
f 2932 2933 2939 2938
f 2941 2942 2948 2947
f 2940 2941 2947 2946
f 2939 2940 2946 2945
f 2937 2938 2944 2943
f 2938 2939 2945 2944
f 2947 2948 2954 2953
f 2946 2947 2953 2952
f 2945 2946 2952 2951
f 2943 2944 2950 2949
f 2944 2945 2951 2950
f 2953 2954 2960 2959
f 2952 2953 2959 2958
f 2951 2952 2958 2957
f 2949 2950 2956 2955
f 2950 2951 2957 2956
f 2959 2960 2966 2965
f 2958 2959 2965 2964
f 2957 2958 2964 2963
f 2955 2956 2962 2961
f 2956 2957 2963 2962
f 2965 2966 2972 2971
f 2964 2965 2971 2970
f 2963 2964 2970 2969
f 2961 2962 2968 2967
f 2962 2963 2969 2968
f 2971 2972 2978 2977
f 2970 2971 2977 2976
f 2969 2970 2976 2975
f 2967 2968 2974 2973
f 2968 2969 2975 2974
f 2977 2978 2984 2983
f 2976 2977 2983 2982
f 2975 2976 2982 2981
f 2973 2974 2980 2979
f 2974 2975 2981 2980
f 2983 2984 2990 2989
f 2982 2983 2989 2988
f 2981 2982 2988 2987
f 2979 2980 2986 2985
f 2980 2981 2987 2986
f 2989 2990 2996 2995
f 2988 2989 2995 2994
f 2987 2988 2994 2993
f 2985 2986 2992 2991
f 2986 2987 2993 2992
f 2995 2996 3002 3001
f 2994 2995 3001 3000
f 2993 2994 3000 2999
f 2991 2992 2998 2997
f 2992 2993 2999 2998
f 3001 3002 3008 3007
f 3000 3001 3007 3006
f 2999 3000 3006 3005
f 2997 2998 3004 3003
f 2998 2999 3005 3004
f 3007 3008 3014 3013
f 3006 3007 3013 3012
f 3005 3006 3012 3011
f 3003 3004 3010 3009
f 3004 3005 3011 3010
f 3013 3014 3020 3019
f 3012 3013 3019 3018
f 3011 3012 3018 3017
f 3009 3010 3016 3015
f 3010 3011 3017 3016
f 3019 3020 3026 3025
f 3018 3019 3025 3024
f 3017 3018 3024 3023
f 3015 3016 3022 3021
f 3016 3017 3023 3022
f 3025 3026 3032 3031
f 3024 3025 3031 3030
f 3023 3024 3030 3029
f 3021 3022 3028 3027
f 3022 3023 3029 3028
f 3031 3032 3038 3037
f 3030 3031 3037 3036
f 3029 3030 3036 3035
f 3027 3028 3034 3033
f 3028 3029 3035 3034
f 3037 3038 3044 3043
f 3036 3037 3043 3042
f 3035 3036 3042 3041
f 3033 3034 3040 3039
f 3034 3035 3041 3040
f 3043 3044 3050 3049
f 3042 3043 3049 3048
f 3041 3042 3048 3047
f 3039 3040 3046 3045
f 3040 3041 3047 3046
f 3049 3050 3056 3055
f 3048 3049 3055 3054
f 3047 3048 3054 3053
f 3045 3046 3052 3051
f 3046 3047 3053 3052
f 3055 3056 3062 3061
f 3054 3055 3061 3060
f 3053 3054 3060 3059
f 3051 3052 3058 3057
f 3052 3053 3059 3058
f 3061 3062 3068 3067
f 3060 3061 3067 3066
f 3059 3060 3066 3065
f 3057 3058 3064 3063
f 3058 3059 3065 3064
f 3067 3068 3074 3073
f 3066 3067 3073 3072
f 3065 3066 3072 3071
f 3063 3064 3070 3069
f 3064 3065 3071 3070
f 2894 2893 3073 3074
f 2893 2892 3072 3073
f 2892 2891 3071 3072
f 2891 2890 3070 3071
f 2890 2889 3069 3070
f 3079 3080 3092 3091
f 3078 3079 3091 3090
f 3077 3078 3090 3089
f 3075 3076 3088 3087
f 3076 3077 3089 3088
f 3080 3079 3085 3086
f 3079 3078 3084 3085
f 3078 3077 3083 3084
f 3077 3076 3082 3083
f 3076 3075 3081 3082
f 3091 3092 3098 3097
f 3090 3091 3097 3096
f 3089 3090 3096 3095
f 3087 3088 3094 3093
f 3088 3089 3095 3094
f 3097 3098 3104 3103
f 3096 3097 3103 3102
f 3095 3096 3102 3101
f 3093 3094 3100 3099
f 3094 3095 3101 3100
f 3103 3104 3110 3109
f 3102 3103 3109 3108
f 3101 3102 3108 3107
f 3099 3100 3106 3105
f 3100 3101 3107 3106
f 3109 3110 3116 3115
f 3108 3109 3115 3114
f 3107 3108 3114 3113
f 3105 3106 3112 3111
f 3106 3107 3113 3112
f 3115 3116 3122 3121
f 3114 3115 3121 3120
f 3113 3114 3120 3119
f 3111 3112 3118 3117
f 3112 3113 3119 3118
f 3121 3122 3128 3127
f 3120 3121 3127 3126
f 3119 3120 3126 3125
f 3117 3118 3124 3123
f 3118 3119 3125 3124
f 3127 3128 3134 3133
f 3126 3127 3133 3132
f 3125 3126 3132 3131
f 3123 3124 3130 3129
f 3124 3125 3131 3130
f 3133 3134 3140 3139
f 3132 3133 3139 3138
f 3131 3132 3138 3137
f 3129 3130 3136 3135
f 3130 3131 3137 3136
f 3139 3140 3146 3145
f 3138 3139 3145 3144
f 3137 3138 3144 3143
f 3135 3136 3142 3141
f 3136 3137 3143 3142
f 3145 3146 3152 3151
f 3144 3145 3151 3150
f 3143 3144 3150 3149
f 3141 3142 3148 3147
f 3142 3143 3149 3148
f 3151 3152 3158 3157
f 3150 3151 3157 3156
f 3149 3150 3156 3155
f 3147 3148 3154 3153
f 3148 3149 3155 3154
f 3157 3158 3164 3163
f 3156 3157 3163 3162
f 3155 3156 3162 3161
f 3153 3154 3160 3159
f 3154 3155 3161 3160
f 3163 3164 3170 3169
f 3162 3163 3169 3168
f 3161 3162 3168 3167
f 3159 3160 3166 3165
f 3160 3161 3167 3166
f 3169 3170 3176 3175
f 3168 3169 3175 3174
f 3167 3168 3174 3173
f 3165 3166 3172 3171
f 3166 3167 3173 3172
f 3175 3176 3182 3181
f 3174 3175 3181 3180
f 3173 3174 3180 3179
f 3171 3172 3178 3177
f 3172 3173 3179 3178
f 3181 3182 3188 3187
f 3180 3181 3187 3186
f 3179 3180 3186 3185
f 3177 3178 3184 3183
f 3178 3179 3185 3184
f 3187 3188 3194 3193
f 3186 3187 3193 3192
f 3185 3186 3192 3191
f 3183 3184 3190 3189
f 3184 3185 3191 3190
f 3193 3194 3200 3199
f 3192 3193 3199 3198
f 3191 3192 3198 3197
f 3189 3190 3196 3195
f 3190 3191 3197 3196
f 3199 3200 3206 3205
f 3198 3199 3205 3204
f 3197 3198 3204 3203
f 3195 3196 3202 3201
f 3196 3197 3203 3202
f 3205 3206 3212 3211
f 3204 3205 3211 3210
f 3203 3204 3210 3209
f 3201 3202 3208 3207
f 3202 3203 3209 3208
f 3211 3212 3218 3217
f 3210 3211 3217 3216
f 3209 3210 3216 3215
f 3207 3208 3214 3213
f 3208 3209 3215 3214
f 3217 3218 3224 3223
f 3216 3217 3223 3222
f 3215 3216 3222 3221
f 3213 3214 3220 3219
f 3214 3215 3221 3220
f 3223 3224 3230 3229
f 3222 3223 3229 3228
f 3221 3222 3228 3227
f 3219 3220 3226 3225
f 3220 3221 3227 3226
f 3229 3230 3236 3235
f 3228 3229 3235 3234
f 3227 3228 3234 3233
f 3225 3226 3232 3231
f 3226 3227 3233 3232
f 3235 3236 3242 3241
f 3234 3235 3241 3240
f 3233 3234 3240 3239
f 3231 3232 3238 3237
f 3232 3233 3239 3238
f 3241 3242 3248 3247
f 3240 3241 3247 3246
f 3239 3240 3246 3245
f 3237 3238 3244 3243
f 3238 3239 3245 3244
f 3247 3248 3254 3253
f 3246 3247 3253 3252
f 3245 3246 3252 3251
f 3243 3244 3250 3249
f 3244 3245 3251 3250
f 3253 3254 3260 3259
f 3252 3253 3259 3258
f 3251 3252 3258 3257
f 3249 3250 3256 3255
f 3250 3251 3257 3256
f 3259 3260 3266 3265
f 3258 3259 3265 3264
f 3257 3258 3264 3263
f 3255 3256 3262 3261
f 3256 3257 3263 3262
f 3086 3085 3265 3266
f 3085 3084 3264 3265
f 3084 3083 3263 3264
f 3083 3082 3262 3263
f 3082 3081 3261 3262
f 2499 2498 3369 3375
f 2500 2499 3375 3381
f 2501 2500 3381 3387
f 2502 2501 3387 3393
f 2503 2502 3393 3399
f 2504 2503 3399 3405
f 2505 2504 3405 3411
f 2506 2505 3411 3417
f 2507 2506 3417 3423
f 2508 2507 3423 3429
f 2509 2508 3429 3435
f 2510 2509 3435 3441
f 2511 2510 3441 3447
f 2512 2511 3447 3453
f 2513 2512 3453 3273
f 2514 2513 3273 3267
f 2515 2514 3267 3279
f 2516 2515 3279 3285
f 2517 2516 3285 3291
f 2518 2517 3291 3297
f 2519 2518 3297 3303
f 2520 2519 3303 3309
f 2521 2520 3309 3315
f 2522 2521 3315 3321
f 2523 2522 3321 3327
f 2524 2523 3327 3333
f 2525 2524 3333 3339
f 2526 2525 3339 3345
f 2527 2526 3345 3351
f 2528 2527 3351 3357
f 2529 2528 3357 3363
f 2498 2529 3363 3369
f 3272 3278 2889 2883
f 3284 3272 2883 2895
f 3290 3284 2895 2901
f 3296 3290 2901 2907
f 3302 3296 2907 2913
f 3308 3302 2913 2919
f 3314 3308 2919 2925
f 3320 3314 2925 2931
f 3326 3320 2931 2937
f 3332 3326 2937 2943
f 3338 3332 2943 2949
f 3344 3338 2949 2955
f 3350 3344 2955 2961
f 3356 3350 2961 2967
f 3362 3356 2967 2973
f 3368 3362 2973 2979
f 3374 3368 2979 2985
f 3380 3374 2985 2991
f 3386 3380 2991 2997
f 3392 3386 2997 3003
f 3398 3392 3003 3009
f 3404 3398 3009 3015
f 3410 3404 3015 3021
f 3416 3410 3021 3027
f 3422 3416 3027 3033
f 3428 3422 3033 3039
f 3434 3428 3039 3045
f 3440 3434 3045 3051
f 3446 3440 3051 3057
f 3452 3446 3057 3063
f 3458 3452 3063 3069
f 3278 3458 3069 2889
f 2888 2894 3465 3459
f 2900 2888 3459 3471
f 2906 2900 3471 3477
f 2912 2906 3477 3483
f 2918 2912 3483 3489
f 2924 2918 3489 3495
f 2930 2924 3495 3501
f 2936 2930 3501 3507
f 2942 2936 3507 3513
f 2948 2942 3513 3519
f 2954 2948 3519 3525
f 2960 2954 3525 3531
f 2966 2960 3531 3537
f 2972 2966 3537 3543
f 2978 2972 3543 3549
f 2984 2978 3549 3555
f 2990 2984 3555 3561
f 2996 2990 3561 3567
f 3002 2996 3567 3573
f 3008 3002 3573 3579
f 3014 3008 3579 3585
f 3020 3014 3585 3591
f 3026 3020 3591 3597
f 3032 3026 3597 3603
f 3038 3032 3603 3609
f 3044 3038 3609 3615
f 3050 3044 3615 3621
f 3056 3050 3621 3627
f 3062 3056 3627 3633
f 3068 3062 3633 3639
f 3074 3068 3639 3645
f 2894 3074 3645 3465
f 3464 3470 3081 3075
f 3476 3464 3075 3087
f 3482 3476 3087 3093
f 3488 3482 3093 3099
f 3494 3488 3099 3105
f 3500 3494 3105 3111
f 3506 3500 3111 3117
f 3512 3506 3117 3123
f 3518 3512 3123 3129
f 3524 3518 3129 3135
f 3530 3524 3135 3141
f 3536 3530 3141 3147
f 3542 3536 3147 3153
f 3548 3542 3153 3159
f 3554 3548 3159 3165
f 3560 3554 3165 3171
f 3566 3560 3171 3177
f 3572 3566 3177 3183
f 3578 3572 3183 3189
f 3584 3578 3189 3195
f 3590 3584 3195 3201
f 3596 3590 3201 3207
f 3602 3596 3207 3213
f 3608 3602 3213 3219
f 3614 3608 3219 3225
f 3620 3614 3225 3231
f 3626 3620 3231 3237
f 3632 3626 3237 3243
f 3638 3632 3243 3249
f 3644 3638 3249 3255
f 3650 3644 3255 3261
f 3470 3650 3261 3081
f 3080 3086 3662 3656
f 3092 3080 3656 3668
f 3098 3092 3668 3674
f 3104 3098 3674 3680
f 3110 3104 3680 3686
f 3116 3110 3686 3692
f 3122 3116 3692 3698
f 3128 3122 3698 3704
f 3134 3128 3704 3710
f 3140 3134 3710 3716
f 3146 3140 3716 3722
f 3152 3146 3722 3728
f 3158 3152 3728 3734
f 3164 3158 3734 3740
f 3170 3164 3740 3746
f 3176 3170 3746 3752
f 3182 3176 3752 3758
f 3188 3182 3758 3764
f 3194 3188 3764 3770
f 3200 3194 3770 3776
f 3206 3200 3776 3782
f 3212 3206 3782 3788
f 3218 3212 3788 3794
f 3224 3218 3794 3800
f 3230 3224 3800 3806
f 3236 3230 3806 3812
f 3242 3236 3812 3818
f 3248 3242 3818 3824
f 3254 3248 3824 3830
f 3260 3254 3830 3836
f 3266 3260 3836 3842
f 3086 3266 3842 3662
f 3271 3272 3284 3283
f 3270 3271 3283 3282
f 3269 3270 3282 3281
f 3267 3268 3280 3279
f 3268 3269 3281 3280
f 3272 3271 3277 3278
f 3271 3270 3276 3277
f 3270 3269 3275 3276
f 3269 3268 3274 3275
f 3268 3267 3273 3274
f 3283 3284 3290 3289
f 3282 3283 3289 3288
f 3281 3282 3288 3287
f 3279 3280 3286 3285
f 3280 3281 3287 3286
f 3289 3290 3296 3295
f 3288 3289 3295 3294
f 3287 3288 3294 3293
f 3285 3286 3292 3291
f 3286 3287 3293 3292
f 3295 3296 3302 3301
f 3294 3295 3301 3300
f 3293 3294 3300 3299
f 3291 3292 3298 3297
f 3292 3293 3299 3298
f 3301 3302 3308 3307
f 3300 3301 3307 3306
f 3299 3300 3306 3305
f 3297 3298 3304 3303
f 3298 3299 3305 3304
f 3307 3308 3314 3313
f 3306 3307 3313 3312
f 3305 3306 3312 3311
f 3303 3304 3310 3309
f 3304 3305 3311 3310
f 3313 3314 3320 3319
f 3312 3313 3319 3318
f 3311 3312 3318 3317
f 3309 3310 3316 3315
f 3310 3311 3317 3316
f 3319 3320 3326 3325
f 3318 3319 3325 3324
f 3317 3318 3324 3323
f 3315 3316 3322 3321
f 3316 3317 3323 3322
f 3325 3326 3332 3331
f 3324 3325 3331 3330
f 3323 3324 3330 3329
f 3321 3322 3328 3327
f 3322 3323 3329 3328
f 3331 3332 3338 3337
f 3330 3331 3337 3336
f 3329 3330 3336 3335
f 3327 3328 3334 3333
f 3328 3329 3335 3334
f 3337 3338 3344 3343
f 3336 3337 3343 3342
f 3335 3336 3342 3341
f 3333 3334 3340 3339
f 3334 3335 3341 3340
f 3343 3344 3350 3349
f 3342 3343 3349 3348
f 3341 3342 3348 3347
f 3339 3340 3346 3345
f 3340 3341 3347 3346
f 3349 3350 3356 3355
f 3348 3349 3355 3354
f 3347 3348 3354 3353
f 3345 3346 3352 3351
f 3346 3347 3353 3352
f 3355 3356 3362 3361
f 3354 3355 3361 3360
f 3353 3354 3360 3359
f 3351 3352 3358 3357
f 3352 3353 3359 3358
f 3361 3362 3368 3367
f 3360 3361 3367 3366
f 3359 3360 3366 3365
f 3357 3358 3364 3363
f 3358 3359 3365 3364
f 3367 3368 3374 3373
f 3366 3367 3373 3372
f 3365 3366 3372 3371
f 3363 3364 3370 3369
f 3364 3365 3371 3370
f 3373 3374 3380 3379
f 3372 3373 3379 3378
f 3371 3372 3378 3377
f 3369 3370 3376 3375
f 3370 3371 3377 3376
f 3379 3380 3386 3385
f 3378 3379 3385 3384
f 3377 3378 3384 3383
f 3375 3376 3382 3381
f 3376 3377 3383 3382
f 3385 3386 3392 3391
f 3384 3385 3391 3390
f 3383 3384 3390 3389
f 3381 3382 3388 3387
f 3382 3383 3389 3388
f 3391 3392 3398 3397
f 3390 3391 3397 3396
f 3389 3390 3396 3395
f 3387 3388 3394 3393
f 3388 3389 3395 3394
f 3397 3398 3404 3403
f 3396 3397 3403 3402
f 3395 3396 3402 3401
f 3393 3394 3400 3399
f 3394 3395 3401 3400
f 3403 3404 3410 3409
f 3402 3403 3409 3408
f 3401 3402 3408 3407
f 3399 3400 3406 3405
f 3400 3401 3407 3406
f 3409 3410 3416 3415
f 3408 3409 3415 3414
f 3407 3408 3414 3413
f 3405 3406 3412 3411
f 3406 3407 3413 3412
f 3415 3416 3422 3421
f 3414 3415 3421 3420
f 3413 3414 3420 3419
f 3411 3412 3418 3417
f 3412 3413 3419 3418
f 3421 3422 3428 3427
f 3420 3421 3427 3426
f 3419 3420 3426 3425
f 3417 3418 3424 3423
f 3418 3419 3425 3424
f 3427 3428 3434 3433
f 3426 3427 3433 3432
f 3425 3426 3432 3431
f 3423 3424 3430 3429
f 3424 3425 3431 3430
f 3433 3434 3440 3439
f 3432 3433 3439 3438
f 3431 3432 3438 3437
f 3429 3430 3436 3435
f 3430 3431 3437 3436
f 3439 3440 3446 3445
f 3438 3439 3445 3444
f 3437 3438 3444 3443
f 3435 3436 3442 3441
f 3436 3437 3443 3442
f 3445 3446 3452 3451
f 3444 3445 3451 3450
f 3443 3444 3450 3449
f 3441 3442 3448 3447
f 3442 3443 3449 3448
f 3451 3452 3458 3457
f 3450 3451 3457 3456
f 3449 3450 3456 3455
f 3447 3448 3454 3453
f 3448 3449 3455 3454
f 3278 3277 3457 3458
f 3277 3276 3456 3457
f 3276 3275 3455 3456
f 3275 3274 3454 3455
f 3274 3273 3453 3454
f 3463 3464 3476 3475
f 3462 3463 3475 3474
f 3461 3462 3474 3473
f 3459 3460 3472 3471
f 3460 3461 3473 3472
f 3464 3463 3469 3470
f 3463 3462 3468 3469
f 3462 3461 3467 3468
f 3461 3460 3466 3467
f 3460 3459 3465 3466
f 3475 3476 3482 3481
f 3474 3475 3481 3480
f 3473 3474 3480 3479
f 3471 3472 3478 3477
f 3472 3473 3479 3478
f 3481 3482 3488 3487
f 3480 3481 3487 3486
f 3479 3480 3486 3485
f 3477 3478 3484 3483
f 3478 3479 3485 3484
f 3487 3488 3494 3493
f 3486 3487 3493 3492
f 3485 3486 3492 3491
f 3483 3484 3490 3489
f 3484 3485 3491 3490
f 3493 3494 3500 3499
f 3492 3493 3499 3498
f 3491 3492 3498 3497
f 3489 3490 3496 3495
f 3490 3491 3497 3496
f 3499 3500 3506 3505
f 3498 3499 3505 3504
f 3497 3498 3504 3503
f 3495 3496 3502 3501
f 3496 3497 3503 3502
f 3505 3506 3512 3511
f 3504 3505 3511 3510
f 3503 3504 3510 3509
f 3501 3502 3508 3507
f 3502 3503 3509 3508
f 3511 3512 3518 3517
f 3510 3511 3517 3516
f 3509 3510 3516 3515
f 3507 3508 3514 3513
f 3508 3509 3515 3514
f 3517 3518 3524 3523
f 3516 3517 3523 3522
f 3515 3516 3522 3521
f 3513 3514 3520 3519
f 3514 3515 3521 3520
f 3523 3524 3530 3529
f 3522 3523 3529 3528
f 3521 3522 3528 3527
f 3519 3520 3526 3525
f 3520 3521 3527 3526
f 3529 3530 3536 3535
f 3528 3529 3535 3534
f 3527 3528 3534 3533
f 3525 3526 3532 3531
f 3526 3527 3533 3532
f 3535 3536 3542 3541
f 3534 3535 3541 3540
f 3533 3534 3540 3539
f 3531 3532 3538 3537
f 3532 3533 3539 3538
f 3541 3542 3548 3547
f 3540 3541 3547 3546
f 3539 3540 3546 3545
f 3537 3538 3544 3543
f 3538 3539 3545 3544
f 3547 3548 3554 3553
f 3546 3547 3553 3552
f 3545 3546 3552 3551
f 3543 3544 3550 3549
f 3544 3545 3551 3550
f 3553 3554 3560 3559
f 3552 3553 3559 3558
f 3551 3552 3558 3557
f 3549 3550 3556 3555
f 3550 3551 3557 3556
f 3559 3560 3566 3565
f 3558 3559 3565 3564
f 3557 3558 3564 3563
f 3555 3556 3562 3561
f 3556 3557 3563 3562
f 3565 3566 3572 3571
f 3564 3565 3571 3570
f 3563 3564 3570 3569
f 3561 3562 3568 3567
f 3562 3563 3569 3568
f 3571 3572 3578 3577
f 3570 3571 3577 3576
f 3569 3570 3576 3575
f 3567 3568 3574 3573
f 3568 3569 3575 3574
f 3577 3578 3584 3583
f 3576 3577 3583 3582
f 3575 3576 3582 3581
f 3573 3574 3580 3579
f 3574 3575 3581 3580
f 3583 3584 3590 3589
f 3582 3583 3589 3588
f 3581 3582 3588 3587
f 3579 3580 3586 3585
f 3580 3581 3587 3586
f 3589 3590 3596 3595
f 3588 3589 3595 3594
f 3587 3588 3594 3593
f 3585 3586 3592 3591
f 3586 3587 3593 3592
f 3595 3596 3602 3601
f 3594 3595 3601 3600
f 3593 3594 3600 3599
f 3591 3592 3598 3597
f 3592 3593 3599 3598
f 3601 3602 3608 3607
f 3600 3601 3607 3606
f 3599 3600 3606 3605
f 3597 3598 3604 3603
f 3598 3599 3605 3604
f 3607 3608 3614 3613
f 3606 3607 3613 3612
f 3605 3606 3612 3611
f 3603 3604 3610 3609
f 3604 3605 3611 3610
f 3613 3614 3620 3619
f 3612 3613 3619 3618
f 3611 3612 3618 3617
f 3609 3610 3616 3615
f 3610 3611 3617 3616
f 3619 3620 3626 3625
f 3618 3619 3625 3624
f 3617 3618 3624 3623
f 3615 3616 3622 3621
f 3616 3617 3623 3622
f 3625 3626 3632 3631
f 3624 3625 3631 3630
f 3623 3624 3630 3629
f 3621 3622 3628 3627
f 3622 3623 3629 3628
f 3631 3632 3638 3637
f 3630 3631 3637 3636
f 3629 3630 3636 3635
f 3627 3628 3634 3633
f 3628 3629 3635 3634
f 3637 3638 3644 3643
f 3636 3637 3643 3642
f 3635 3636 3642 3641
f 3633 3634 3640 3639
f 3634 3635 3641 3640
f 3643 3644 3650 3649
f 3642 3643 3649 3648
f 3641 3642 3648 3647
f 3639 3640 3646 3645
f 3640 3641 3647 3646
f 3470 3469 3649 3650
f 3469 3468 3648 3649
f 3468 3467 3647 3648
f 3467 3466 3646 3647
f 3466 3465 3645 3646
f 3655 3656 3662 3661
f 3654 3655 3661 3660
f 3653 3654 3660 3659
f 3651 3652 3658 3657
f 3652 3653 3659 3658
f 3661 3662 3842 3841
f 3660 3661 3841 3840
f 3659 3660 3840 3839
f 3657 3658 3838 3837
f 3658 3659 3839 3838
f 3656 3655 3667 3668
f 3655 3654 3666 3667
f 3654 3653 3665 3666
f 3653 3652 3664 3665
f 3652 3651 3663 3664
f 3668 3667 3673 3674
f 3667 3666 3672 3673
f 3666 3665 3671 3672
f 3665 3664 3670 3671
f 3664 3663 3669 3670
f 3674 3673 3679 3680
f 3673 3672 3678 3679
f 3672 3671 3677 3678
f 3671 3670 3676 3677
f 3670 3669 3675 3676
f 3680 3679 3685 3686
f 3679 3678 3684 3685
f 3678 3677 3683 3684
f 3677 3676 3682 3683
f 3676 3675 3681 3682
f 3686 3685 3691 3692
f 3685 3684 3690 3691
f 3684 3683 3689 3690
f 3683 3682 3688 3689
f 3682 3681 3687 3688
f 3692 3691 3697 3698
f 3691 3690 3696 3697
f 3690 3689 3695 3696
f 3689 3688 3694 3695
f 3688 3687 3693 3694
f 3698 3697 3703 3704
f 3697 3696 3702 3703
f 3696 3695 3701 3702
f 3695 3694 3700 3701
f 3694 3693 3699 3700
f 3704 3703 3709 3710
f 3703 3702 3708 3709
f 3702 3701 3707 3708
f 3701 3700 3706 3707
f 3700 3699 3705 3706
f 3710 3709 3715 3716
f 3709 3708 3714 3715
f 3708 3707 3713 3714
f 3707 3706 3712 3713
f 3706 3705 3711 3712
f 3716 3715 3721 3722
f 3715 3714 3720 3721
f 3714 3713 3719 3720
f 3713 3712 3718 3719
f 3712 3711 3717 3718
f 3722 3721 3727 3728
f 3721 3720 3726 3727
f 3720 3719 3725 3726
f 3719 3718 3724 3725
f 3718 3717 3723 3724
f 3728 3727 3733 3734
f 3727 3726 3732 3733
f 3726 3725 3731 3732
f 3725 3724 3730 3731
f 3724 3723 3729 3730
f 3734 3733 3739 3740
f 3733 3732 3738 3739
f 3732 3731 3737 3738
f 3731 3730 3736 3737
f 3730 3729 3735 3736
f 3740 3739 3745 3746
f 3739 3738 3744 3745
f 3738 3737 3743 3744
f 3737 3736 3742 3743
f 3736 3735 3741 3742
f 3746 3745 3751 3752
f 3745 3744 3750 3751
f 3744 3743 3749 3750
f 3743 3742 3748 3749
f 3742 3741 3747 3748
f 3752 3751 3757 3758
f 3751 3750 3756 3757
f 3750 3749 3755 3756
f 3749 3748 3754 3755
f 3748 3747 3753 3754
f 3758 3757 3763 3764
f 3757 3756 3762 3763
f 3756 3755 3761 3762
f 3755 3754 3760 3761
f 3754 3753 3759 3760
f 3764 3763 3769 3770
f 3763 3762 3768 3769
f 3762 3761 3767 3768
f 3761 3760 3766 3767
f 3760 3759 3765 3766
f 3770 3769 3775 3776
f 3769 3768 3774 3775
f 3768 3767 3773 3774
f 3767 3766 3772 3773
f 3766 3765 3771 3772
f 3776 3775 3781 3782
f 3775 3774 3780 3781
f 3774 3773 3779 3780
f 3773 3772 3778 3779
f 3772 3771 3777 3778
f 3782 3781 3787 3788
f 3781 3780 3786 3787
f 3780 3779 3785 3786
f 3779 3778 3784 3785
f 3778 3777 3783 3784
f 3788 3787 3793 3794
f 3787 3786 3792 3793
f 3786 3785 3791 3792
f 3785 3784 3790 3791
f 3784 3783 3789 3790
f 3794 3793 3799 3800
f 3793 3792 3798 3799
f 3792 3791 3797 3798
f 3791 3790 3796 3797
f 3790 3789 3795 3796
f 3800 3799 3805 3806
f 3799 3798 3804 3805
f 3798 3797 3803 3804
f 3797 3796 3802 3803
f 3796 3795 3801 3802
f 3806 3805 3811 3812
f 3805 3804 3810 3811
f 3804 3803 3809 3810
f 3803 3802 3808 3809
f 3802 3801 3807 3808
f 3812 3811 3817 3818
f 3811 3810 3816 3817
f 3810 3809 3815 3816
f 3809 3808 3814 3815
f 3808 3807 3813 3814
f 3818 3817 3823 3824
f 3817 3816 3822 3823
f 3816 3815 3821 3822
f 3815 3814 3820 3821
f 3814 3813 3819 3820
f 3824 3823 3829 3830
f 3823 3822 3828 3829
f 3822 3821 3827 3828
f 3821 3820 3826 3827
f 3820 3819 3825 3826
f 3830 3829 3835 3836
f 3829 3828 3834 3835
f 3828 3827 3833 3834
f 3827 3826 3832 3833
f 3826 3825 3831 3832
f 3836 3835 3841 3842
f 3835 3834 3840 3841
f 3834 3833 3839 3840
f 3833 3832 3838 3839
f 3832 3831 3837 3838
f 3843 3849 2755 2754
f 3855 3843 2754 2756
f 3861 3855 2756 2757
f 3867 3861 2757 2758
f 3873 3867 2758 2759
f 3879 3873 2759 2760
f 3885 3879 2760 2761
f 3891 3885 2761 2762
f 3897 3891 2762 2763
f 3903 3897 2763 2764
f 3909 3903 2764 2765
f 3915 3909 2765 2766
f 3921 3915 2766 2767
f 3927 3921 2767 2768
f 3933 3927 2768 2769
f 3939 3933 2769 2770
f 3945 3939 2770 2771
f 3951 3945 2771 2772
f 3957 3951 2772 2773
f 3963 3957 2773 2774
f 3969 3963 2774 2775
f 3975 3969 2775 2776
f 3981 3975 2776 2777
f 3987 3981 2777 2778
f 3993 3987 2778 2779
f 3999 3993 2779 2780
f 4005 3999 2780 2781
f 4011 4005 2781 2782
f 4017 4011 2782 2783
f 4023 4017 2783 2784
f 4029 4023 2784 2785
f 3849 4029 2785 2755
f 3651 3657 3854 3848
f 3663 3651 3848 3860
f 3669 3663 3860 3866
f 3675 3669 3866 3872
f 3681 3675 3872 3878
f 3687 3681 3878 3884
f 3693 3687 3884 3890
f 3699 3693 3890 3896
f 3705 3699 3896 3902
f 3711 3705 3902 3908
f 3717 3711 3908 3914
f 3723 3717 3914 3920
f 3729 3723 3920 3926
f 3735 3729 3926 3932
f 3741 3735 3932 3938
f 3747 3741 3938 3944
f 3753 3747 3944 3950
f 3759 3753 3950 3956
f 3765 3759 3956 3962
f 3771 3765 3962 3968
f 3777 3771 3968 3974
f 3783 3777 3974 3980
f 3789 3783 3980 3986
f 3795 3789 3986 3992
f 3801 3795 3992 3998
f 3807 3801 3998 4004
f 3813 3807 4004 4010
f 3819 3813 4010 4016
f 3825 3819 4016 4022
f 3831 3825 4022 4028
f 3837 3831 4028 4034
f 3657 3837 4034 3854
f 3847 3848 3854 3853
f 3846 3847 3853 3852
f 3845 3846 3852 3851
f 3843 3844 3850 3849
f 3844 3845 3851 3850
f 3853 3854 4034 4033
f 3852 3853 4033 4032
f 3851 3852 4032 4031
f 3849 3850 4030 4029
f 3850 3851 4031 4030
f 3848 3847 3859 3860
f 3847 3846 3858 3859
f 3846 3845 3857 3858
f 3845 3844 3856 3857
f 3844 3843 3855 3856
f 3860 3859 3865 3866
f 3859 3858 3864 3865
f 3858 3857 3863 3864
f 3857 3856 3862 3863
f 3856 3855 3861 3862
f 3866 3865 3871 3872
f 3865 3864 3870 3871
f 3864 3863 3869 3870
f 3863 3862 3868 3869
f 3862 3861 3867 3868
f 3872 3871 3877 3878
f 3871 3870 3876 3877
f 3870 3869 3875 3876
f 3869 3868 3874 3875
f 3868 3867 3873 3874
f 3878 3877 3883 3884
f 3877 3876 3882 3883
f 3876 3875 3881 3882
f 3875 3874 3880 3881
f 3874 3873 3879 3880
f 3884 3883 3889 3890
f 3883 3882 3888 3889
f 3882 3881 3887 3888
f 3881 3880 3886 3887
f 3880 3879 3885 3886
f 3890 3889 3895 3896
f 3889 3888 3894 3895
f 3888 3887 3893 3894
f 3887 3886 3892 3893
f 3886 3885 3891 3892
f 3896 3895 3901 3902
f 3895 3894 3900 3901
f 3894 3893 3899 3900
f 3893 3892 3898 3899
f 3892 3891 3897 3898
f 3902 3901 3907 3908
f 3901 3900 3906 3907
f 3900 3899 3905 3906
f 3899 3898 3904 3905
f 3898 3897 3903 3904
f 3908 3907 3913 3914
f 3907 3906 3912 3913
f 3906 3905 3911 3912
f 3905 3904 3910 3911
f 3904 3903 3909 3910
f 3914 3913 3919 3920
f 3913 3912 3918 3919
f 3912 3911 3917 3918
f 3911 3910 3916 3917
f 3910 3909 3915 3916
f 3920 3919 3925 3926
f 3919 3918 3924 3925
f 3918 3917 3923 3924
f 3917 3916 3922 3923
f 3916 3915 3921 3922
f 3926 3925 3931 3932
f 3925 3924 3930 3931
f 3924 3923 3929 3930
f 3923 3922 3928 3929
f 3922 3921 3927 3928
f 3932 3931 3937 3938
f 3931 3930 3936 3937
f 3930 3929 3935 3936
f 3929 3928 3934 3935
f 3928 3927 3933 3934
f 3938 3937 3943 3944
f 3937 3936 3942 3943
f 3936 3935 3941 3942
f 3935 3934 3940 3941
f 3934 3933 3939 3940
f 3944 3943 3949 3950
f 3943 3942 3948 3949
f 3942 3941 3947 3948
f 3941 3940 3946 3947
f 3940 3939 3945 3946
f 3950 3949 3955 3956
f 3949 3948 3954 3955
f 3948 3947 3953 3954
f 3947 3946 3952 3953
f 3946 3945 3951 3952
f 3956 3955 3961 3962
f 3955 3954 3960 3961
f 3954 3953 3959 3960
f 3953 3952 3958 3959
f 3952 3951 3957 3958
f 3962 3961 3967 3968
f 3961 3960 3966 3967
f 3960 3959 3965 3966
f 3959 3958 3964 3965
f 3958 3957 3963 3964
f 3968 3967 3973 3974
f 3967 3966 3972 3973
f 3966 3965 3971 3972
f 3965 3964 3970 3971
f 3964 3963 3969 3970
f 3974 3973 3979 3980
f 3973 3972 3978 3979
f 3972 3971 3977 3978
f 3971 3970 3976 3977
f 3970 3969 3975 3976
f 3980 3979 3985 3986
f 3979 3978 3984 3985
f 3978 3977 3983 3984
f 3977 3976 3982 3983
f 3976 3975 3981 3982
f 3986 3985 3991 3992
f 3985 3984 3990 3991
f 3984 3983 3989 3990
f 3983 3982 3988 3989
f 3982 3981 3987 3988
f 3992 3991 3997 3998
f 3991 3990 3996 3997
f 3990 3989 3995 3996
f 3989 3988 3994 3995
f 3988 3987 3993 3994
f 3998 3997 4003 4004
f 3997 3996 4002 4003
f 3996 3995 4001 4002
f 3995 3994 4000 4001
f 3994 3993 3999 4000
f 4004 4003 4009 4010
f 4003 4002 4008 4009
f 4002 4001 4007 4008
f 4001 4000 4006 4007
f 4000 3999 4005 4006
f 4010 4009 4015 4016
f 4009 4008 4014 4015
f 4008 4007 4013 4014
f 4007 4006 4012 4013
f 4006 4005 4011 4012
f 4016 4015 4021 4022
f 4015 4014 4020 4021
f 4014 4013 4019 4020
f 4013 4012 4018 4019
f 4012 4011 4017 4018
f 4022 4021 4027 4028
f 4021 4020 4026 4027
f 4020 4019 4025 4026
f 4019 4018 4024 4025
f 4018 4017 4023 4024
f 4028 4027 4033 4034
f 4027 4026 4032 4033
f 4026 4025 4031 4032
f 4025 4024 4030 4031
f 4024 4023 4029 4030
