mtllib chessKitExport.mtl
v 0.951687 0.909641 -7.097164
v 1.449377 0.909641 -7.350750
v 1.844347 0.909641 -7.745718
v 2.097931 0.909641 -8.243408
v 2.185312 0.909641 -8.795101
v 2.097931 0.909641 -9.346794
v 1.844345 0.909641 -9.844484
v 1.449377 0.909641 -10.239452
v 0.951687 0.909641 -10.493038
v 0.399994 0.909641 -10.580417
v -0.151699 0.909641 -10.493038
v -0.649389 0.909641 -10.239452
v -1.044357 0.909641 -9.844484
v -1.297943 0.909641 -9.346794
v -1.385323 0.909641 -8.795101
v -1.297943 0.909641 -8.243408
v -1.044357 0.909641 -7.745718
v -0.649389 0.909641 -7.350750
v -0.151699 0.909641 -7.097164
v 0.399994 0.909641 -7.009784
v 0.951687 1.090358 -7.097164
v 1.449377 1.090358 -7.350750
v 1.844347 1.090358 -7.745718
v 2.097931 1.090358 -8.243408
v 2.185312 1.090358 -8.795101
v 2.097931 1.090358 -9.346794
v 1.844345 1.090358 -9.844484
v 1.449377 1.090358 -10.239452
v 0.951687 1.090358 -10.493038
v 0.399994 1.090358 -10.580417
v -0.151699 1.090358 -10.493038
v -0.649389 1.090358 -10.239452
v -1.044357 1.090358 -9.844484
v -1.297943 1.090358 -9.346794
v -1.385323 1.090358 -8.795101
v -1.297943 1.090358 -8.243408
v -1.044357 1.090358 -7.745718
v -0.649389 1.090358 -7.350750
v -0.151699 1.090358 -7.097164
v 0.399994 1.090358 -7.009784
v 0.399994 0.909641 -8.795101
v 0.951687 1.430364 -7.097164
v 0.950258 1.453323 -7.101560
v 0.946190 1.472786 -7.114082
v 0.940100 1.485791 -7.132824
v 0.932917 1.490358 -7.154932
v 1.449377 1.430364 -7.350750
v 1.446659 1.453323 -7.354488
v 1.438921 1.472786 -7.365143
v 1.427338 1.485791 -7.381084
v 1.413673 1.490358 -7.399891
v 1.844347 1.430364 -7.745718
v 1.840605 1.453323 -7.748436
v 1.829952 1.472786 -7.756176
v 1.814011 1.485791 -7.767757
v 1.795204 1.490358 -7.781421
v 2.097931 1.430364 -8.243408
v 2.093535 1.453323 -8.244837
v 2.081011 1.472786 -8.248905
v 2.062269 1.485791 -8.254993
v 2.040163 1.490358 -8.262178
v 2.185312 1.430364 -8.795101
v 2.180687 1.453323 -8.795101
v 2.167521 1.472786 -8.795101
v 2.147814 1.485791 -8.795101
v 2.124569 1.490358 -8.795101
v 2.097931 1.430364 -9.346794
v 2.093535 1.453323 -9.345365
v 2.081011 1.472786 -9.341297
v 2.062269 1.485791 -9.335207
v 2.040163 1.490358 -9.328024
v 1.844345 1.430364 -9.844484
v 1.840605 1.453323 -9.841766
v 1.829952 1.472786 -9.834026
v 1.814011 1.485791 -9.822445
v 1.795204 1.490358 -9.808780
v 1.449377 1.430364 -10.239452
v 1.446659 1.453323 -10.235712
v 1.438919 1.472786 -10.225059
v 1.427338 1.485791 -10.209118
v 1.413673 1.490358 -10.190311
v 0.951687 1.430364 -10.493038
v 0.950258 1.453323 -10.488641
v 0.946190 1.472786 -10.476118
v 0.940100 1.485791 -10.457376
v 0.932917 1.490358 -10.435270
v 0.399994 1.430364 -10.580417
v 0.399994 1.453323 -10.575794
v 0.399994 1.472786 -10.562627
v 0.399994 1.485791 -10.542921
v 0.399994 1.490358 -10.519676
v -0.151699 1.430364 -10.493038
v -0.150270 1.453323 -10.488641
v -0.146202 1.472786 -10.476118
v -0.140112 1.485791 -10.457376
v -0.132929 1.490358 -10.435270
v -0.649389 1.430364 -10.239452
v -0.646671 1.453323 -10.235712
v -0.638931 1.472786 -10.225059
v -0.627348 1.485791 -10.209118
v -0.613686 1.490358 -10.190311
v -1.044357 1.430364 -9.844484
v -1.040617 1.453323 -9.841766
v -1.029964 1.472786 -9.834026
v -1.014023 1.485791 -9.822445
v -0.995216 1.490358 -9.808780
v -1.297943 1.430364 -9.346794
v -1.293547 1.453323 -9.345365
v -1.281023 1.472786 -9.341297
v -1.262281 1.485791 -9.335207
v -1.240175 1.490358 -9.328024
v -1.385323 1.430364 -8.795101
v -1.380699 1.453323 -8.795101
v -1.367533 1.472786 -8.795101
v -1.347826 1.485791 -8.795101
v -1.324581 1.490358 -8.795101
v -1.297943 1.430364 -8.243408
v -1.293547 1.453323 -8.244837
v -1.281023 1.472786 -8.248905
v -1.262281 1.485791 -8.254995
v -1.240175 1.490358 -8.262178
v -1.044357 1.430364 -7.745718
v -1.040617 1.453323 -7.748436
v -1.029964 1.472786 -7.756176
v -1.014023 1.485791 -7.767757
v -0.995216 1.490358 -7.781421
v -0.649389 1.430364 -7.350750
v -0.646671 1.453323 -7.354490
v -0.638931 1.472786 -7.365143
v -0.627348 1.485791 -7.381084
v -0.613686 1.490358 -7.399891
v -0.151699 1.430364 -7.097164
v -0.150270 1.453323 -7.101562
v -0.146202 1.472786 -7.114084
v -0.140112 1.485791 -7.132826
v -0.132929 1.490358 -7.154934
v 0.399994 1.430364 -7.009784
v 0.399994 1.453323 -7.014408
v 0.399994 1.472786 -7.027576
v 0.399994 1.485791 -7.047281
v 0.399994 1.490358 -7.070526
v 0.920404 1.588558 -7.193443
v 0.928501 1.593552 -7.168525
v 0.936045 1.608192 -7.145303
v 0.942524 1.631482 -7.125362
v 0.947496 1.661835 -7.110061
v 0.950621 1.697181 -7.100444
v 0.951687 1.735111 -7.097164
v 1.389872 1.588558 -7.432651
v 1.405273 1.593552 -7.411453
v 1.419624 1.608192 -7.391700
v 1.431950 1.631482 -7.374736
v 1.441404 1.661835 -7.361721
v 1.447350 1.697181 -7.353538
v 1.449377 1.735111 -7.350750
v 1.762444 1.588558 -7.805221
v 1.783642 1.593552 -7.789821
v 1.803396 1.608192 -7.775470
v 1.820358 1.631482 -7.763145
v 1.833374 1.661835 -7.753689
v 1.841555 1.697181 -7.747745
v 1.844347 1.735111 -7.745718
v 2.001650 1.588558 -8.274692
v 2.026569 1.593552 -8.266594
v 2.049791 1.608192 -8.259048
v 2.069731 1.631482 -8.252571
v 2.085032 1.661835 -8.247598
v 2.094650 1.697181 -8.244472
v 2.097931 1.735111 -8.243408
v 2.084076 1.588558 -8.795101
v 2.110277 1.593552 -8.795101
v 2.134693 1.608192 -8.795101
v 2.155661 1.631482 -8.795101
v 2.171749 1.661835 -8.795101
v 2.181862 1.697181 -8.795101
v 2.185312 1.735111 -8.795101
v 2.001650 1.588558 -9.315509
v 2.026569 1.593552 -9.323608
v 2.049791 1.608192 -9.331154
v 2.069731 1.631482 -9.337631
v 2.085032 1.661835 -9.342603
v 2.094650 1.697181 -9.345730
v 2.097931 1.735111 -9.346794
v 1.762444 1.588558 -9.784979
v 1.783642 1.593552 -9.800380
v 1.803394 1.608192 -9.814731
v 1.820358 1.631482 -9.827057
v 1.833374 1.661835 -9.836513
v 1.841555 1.697181 -9.842457
v 1.844345 1.735111 -9.844484
v 1.389872 1.588558 -10.157551
v 1.405273 1.593552 -10.178749
v 1.419624 1.608192 -10.198501
v 1.431948 1.631482 -10.215465
v 1.441404 1.661835 -10.228481
v 1.447350 1.697181 -10.236664
v 1.449377 1.735111 -10.239452
v 0.920403 1.588558 -10.396757
v 0.928501 1.593552 -10.421676
v 0.936045 1.608192 -10.444896
v 0.942524 1.631482 -10.464838
v 0.947496 1.661835 -10.480140
v 0.950621 1.697181 -10.489757
v 0.951687 1.735111 -10.493038
v 0.399994 1.588558 -10.479183
v 0.399994 1.593552 -10.505384
v 0.399994 1.608192 -10.529800
v 0.399994 1.631482 -10.550768
v 0.399994 1.661835 -10.566854
v 0.399994 1.697181 -10.576969
v 0.399994 1.735111 -10.580417
v -0.120415 1.588558 -10.396757
v -0.128511 1.593552 -10.421676
v -0.136057 1.608192 -10.444896
v -0.142536 1.631482 -10.464838
v -0.147509 1.661835 -10.480140
v -0.150633 1.697181 -10.489757
v -0.151699 1.735111 -10.493038
v -0.589884 1.588558 -10.157551
v -0.605286 1.593552 -10.178749
v -0.619636 1.608192 -10.198501
v -0.631960 1.631482 -10.215465
v -0.641417 1.661835 -10.228481
v -0.647362 1.697181 -10.236662
v -0.649389 1.735111 -10.239452
v -0.962456 1.588558 -9.784979
v -0.983654 1.593552 -9.800380
v -1.003406 1.608192 -9.814731
v -1.020369 1.631482 -9.827055
v -1.033384 1.661835 -9.836511
v -1.041567 1.697181 -9.842457
v -1.044357 1.735111 -9.844484
v -1.201662 1.588558 -9.315509
v -1.226582 1.593552 -9.323608
v -1.249804 1.608192 -9.331154
v -1.269743 1.631482 -9.337631
v -1.285044 1.661835 -9.342603
v -1.294662 1.697181 -9.345730
v -1.297943 1.735111 -9.346794
v -1.284086 1.588558 -8.795101
v -1.310289 1.593552 -8.795101
v -1.334705 1.608192 -8.795101
v -1.355671 1.631482 -8.795101
v -1.371759 1.661835 -8.795101
v -1.381874 1.697181 -8.795101
v -1.385323 1.735111 -8.795101
v -1.201662 1.588558 -8.274692
v -1.226582 1.593552 -8.266594
v -1.249804 1.608192 -8.259050
v -1.269743 1.631482 -8.252571
v -1.285044 1.661835 -8.247600
v -1.294662 1.697181 -8.244474
v -1.297943 1.735111 -8.243408
v -0.962456 1.588558 -7.805223
v -0.983654 1.593552 -7.789821
v -1.003406 1.608192 -7.775470
v -1.020369 1.631482 -7.763147
v -1.033384 1.661835 -7.753690
v -1.041567 1.697181 -7.747745
v -1.044357 1.735111 -7.745718
v -0.589884 1.588558 -7.432651
v -0.605286 1.593552 -7.411453
v -0.619636 1.608192 -7.391700
v -0.631960 1.631482 -7.374738
v -0.641417 1.661835 -7.361723
v -0.647362 1.697181 -7.353540
v -0.649389 1.735111 -7.350750
v -0.120415 1.588558 -7.193445
v -0.128513 1.593552 -7.168525
v -0.136057 1.608192 -7.145305
v -0.142536 1.631482 -7.125364
v -0.147509 1.661835 -7.110063
v -0.150633 1.697181 -7.100444
v -0.151699 1.735111 -7.097164
v 0.399994 1.588558 -7.111021
v 0.399994 1.593552 -7.084819
v 0.399994 1.608192 -7.060402
v 0.399994 1.631482 -7.039436
v 0.399994 1.661835 -7.023348
v 0.399994 1.697181 -7.013233
v 0.399994 1.735111 -7.009784
v 0.864405 2.094189 -7.365795
v 0.899925 2.010413 -7.256469
v 0.921503 1.959580 -7.190059
v 0.951687 1.793765 -7.097164
v 1.283354 2.094189 -7.579260
v 1.350920 2.010413 -7.486263
v 1.391964 1.959580 -7.429771
v 1.449377 1.793765 -7.350750
v 1.615835 2.094189 -7.911741
v 1.708832 2.010413 -7.844173
v 1.765322 1.959580 -7.803131
v 1.844347 1.793765 -7.745718
v 1.829300 2.094189 -8.330692
v 1.938625 2.010413 -8.295170
v 2.005034 1.959580 -8.273592
v 2.097931 1.793765 -8.243408
v 1.902855 2.094189 -8.795101
v 2.017807 2.010413 -8.795101
v 2.087633 1.959580 -8.795101
v 2.185312 1.793765 -8.795101
v 1.829300 2.094189 -9.259510
v 1.938625 2.010413 -9.295032
v 2.005034 1.959580 -9.316610
v 2.097931 1.793765 -9.346794
v 1.615835 2.094189 -9.678461
v 1.708832 2.010413 -9.746029
v 1.765322 1.959580 -9.787071
v 1.844345 1.793765 -9.844484
v 1.283354 2.094189 -10.010940
v 1.350920 2.010413 -10.103939
v 1.391962 1.959580 -10.160431
v 1.449377 1.793765 -10.239452
v 0.864403 2.094189 -10.224407
v 0.899925 2.010413 -10.333732
v 0.921503 1.959580 -10.400140
v 0.951687 1.793765 -10.493038
v 0.399994 2.094189 -10.297962
v 0.399994 2.010413 -10.412914
v 0.399994 1.959580 -10.482738
v 0.399994 1.793765 -10.580417
v -0.064415 2.094189 -10.224407
v -0.099937 2.010413 -10.333732
v -0.121515 1.959580 -10.400140
v -0.151699 1.793765 -10.493038
v -0.483366 2.094189 -10.010940
v -0.550932 2.010413 -10.103939
v -0.591974 1.959580 -10.160429
v -0.649389 1.793765 -10.239452
v -0.815845 2.094189 -9.678461
v -0.908844 2.010413 -9.746027
v -0.965334 1.959580 -9.787071
v -1.044357 1.793765 -9.844484
v -1.029312 2.094189 -9.259510
v -1.138637 2.010413 -9.295032
v -1.205046 1.959580 -9.316610
v -1.297943 1.793765 -9.346794
v -1.102867 2.094189 -8.795101
v -1.217817 2.010413 -8.795101
v -1.287645 1.959580 -8.795101
v -1.385323 1.793765 -8.795101
v -1.029312 2.094189 -8.330692
v -1.138637 2.010413 -8.295170
v -1.205046 1.959580 -8.273592
v -1.297943 1.793765 -8.243408
v -0.815845 2.094189 -7.911743
v -0.908844 2.010413 -7.844175
v -0.965334 1.959580 -7.803131
v -1.044357 1.793765 -7.745718
v -0.483366 2.094189 -7.579261
v -0.550932 2.010413 -7.486263
v -0.591974 1.959580 -7.429773
v -0.649389 1.793765 -7.350750
v -0.064415 2.094189 -7.365795
v -0.099937 2.010413 -7.256469
v -0.121515 1.959580 -7.190061
v -0.151699 1.793765 -7.097164
v 0.399994 2.094189 -7.292240
v 0.399994 2.010413 -7.177288
v 0.399994 1.959580 -7.107464
v 0.399994 1.793765 -7.009784
v 1.175631 2.955789 -7.727529
v 0.807770 2.955789 -7.540096
v 1.467566 2.955789 -8.019464
v 1.655001 2.955789 -8.387325
v 1.719585 2.955789 -8.795101
v 1.655001 2.955789 -9.202877
v 1.467566 2.955789 -9.570738
v 1.175631 2.955789 -9.862673
v 0.807770 2.955789 -10.050106
v 0.399994 2.955789 -10.114692
v -0.007782 2.955789 -10.050106
v -0.375643 2.955789 -9.862673
v -0.667578 2.955789 -9.570736
v -0.855011 2.955789 -9.202877
v -0.919598 2.955789 -8.795101
v -0.855011 2.955789 -8.387325
v -0.667578 2.955789 -8.019466
v -0.375643 2.955789 -7.727529
v -0.007782 2.955789 -7.540096
v 0.399994 2.955789 -7.475509
v 1.210976 2.175938 -7.678882
v 1.200192 2.212802 -7.693721
v 1.197611 2.253165 -7.697275
v 1.203564 2.292510 -7.689083
v 1.217283 2.325783 -7.670196
v 0.826353 2.175938 -7.482906
v 0.820683 2.212802 -7.500353
v 0.819326 2.253165 -7.504528
v 0.822456 2.292510 -7.494898
v 0.829670 2.325783 -7.472698
v 1.516214 2.175938 -7.984119
v 1.501371 2.212802 -7.994903
v 1.497820 2.253165 -7.997482
v 1.506014 2.292510 -7.991531
v 1.524897 2.325783 -7.977810
v 1.712189 2.175938 -8.368744
v 1.694742 2.212802 -8.374412
v 1.690567 2.253165 -8.375768
v 1.700197 2.292510 -8.372638
v 1.722397 2.325783 -8.365425
v 1.779717 2.175938 -8.795101
v 1.761372 2.212802 -8.795101
v 1.756983 2.253165 -8.795101
v 1.767109 2.292510 -8.795101
v 1.790451 2.325783 -8.795101
v 1.712189 2.175938 -9.221458
v 1.694742 2.212802 -9.215789
v 1.690565 2.253165 -9.214433
v 1.700197 2.292510 -9.217563
v 1.722397 2.325783 -9.224777
v 1.516213 2.175938 -9.606083
v 1.501371 2.212802 -9.595298
v 1.497820 2.253165 -9.592718
v 1.506012 2.292510 -9.598671
v 1.524897 2.325783 -9.612392
v 1.210974 2.175938 -9.911319
v 1.200192 2.212802 -9.896480
v 1.197611 2.253165 -9.892927
v 1.203564 2.292510 -9.901119
v 1.217283 2.325783 -9.920005
v 0.826351 2.175938 -10.107296
v 0.820683 2.212802 -10.089847
v 0.819326 2.253165 -10.085674
v 0.822456 2.292510 -10.095304
v 0.829668 2.325783 -10.117504
v 0.399994 2.175938 -10.174823
v 0.399994 2.212802 -10.156479
v 0.399994 2.253165 -10.152088
v 0.399994 2.292510 -10.162216
v 0.399994 2.325783 -10.185558
v -0.026363 2.175938 -10.107296
v -0.020695 2.212802 -10.089847
v -0.019339 2.253165 -10.085674
v -0.022467 2.292510 -10.095304
v -0.029680 2.325783 -10.117504
v -0.410986 2.175938 -9.911319
v -0.400204 2.212802 -9.896478
v -0.397623 2.253165 -9.892927
v -0.403576 2.292510 -9.901119
v -0.417295 2.325783 -9.920004
v -0.716225 2.175938 -9.606081
v -0.701384 2.212802 -9.595298
v -0.697832 2.253165 -9.592718
v -0.706024 2.292510 -9.598671
v -0.724909 2.325783 -9.612390
v -0.912201 2.175938 -9.221458
v -0.894752 2.212802 -9.215789
v -0.890577 2.253165 -9.214433
v -0.900209 2.292510 -9.217563
v -0.922409 2.325783 -9.224777
v -0.979729 2.175938 -8.795101
v -0.961384 2.212802 -8.795101
v -0.956993 2.253165 -8.795101
v -0.967119 2.292510 -8.795101
v -0.990461 2.325783 -8.795101
v -0.912201 2.175938 -8.368744
v -0.894752 2.212802 -8.374412
v -0.890577 2.253165 -8.375768
v -0.900209 2.292510 -8.372638
v -0.922409 2.325783 -8.365427
v -0.716225 2.175938 -7.984121
v -0.701384 2.212802 -7.994903
v -0.697832 2.253165 -7.997484
v -0.706024 2.292510 -7.991531
v -0.724909 2.325783 -7.977812
v -0.410986 2.175938 -7.678882
v -0.400204 2.212802 -7.693723
v -0.397623 2.253165 -7.697275
v -0.403576 2.292510 -7.689083
v -0.417295 2.325783 -7.670198
v -0.026363 2.175938 -7.482906
v -0.020695 2.212802 -7.500354
v -0.019339 2.253165 -7.504530
v -0.022469 2.292510 -7.494899
v -0.029680 2.325783 -7.472698
v 0.399994 2.175938 -7.415378
v 0.399994 2.212802 -7.433723
v 0.399994 2.253165 -7.438114
v 0.399994 2.292510 -7.427986
v 0.399994 2.325783 -7.404644
v 1.199432 2.515795 -7.694767
v 1.182600 2.537506 -7.717937
v 1.163006 2.551139 -7.744905
v 1.141970 2.555790 -7.773861
v 0.820284 2.515795 -7.501583
v 0.811434 2.537506 -7.528820
v 0.801134 2.551139 -7.560522
v 0.790073 2.555790 -7.594558
v 1.500326 2.515795 -7.995662
v 1.477158 2.537506 -8.012497
v 1.450190 2.551139 -8.032089
v 1.421236 2.555790 -8.053125
v 1.693512 2.515795 -8.374811
v 1.666275 2.537506 -8.383661
v 1.634573 2.551139 -8.393963
v 1.600534 2.555790 -8.405021
v 1.760080 2.515795 -8.795101
v 1.731442 2.537506 -8.795101
v 1.698107 2.551139 -8.795101
v 1.662317 2.555790 -8.795101
v 1.693512 2.515795 -9.215391
v 1.666275 2.537506 -9.206541
v 1.634573 2.551139 -9.196239
v 1.600534 2.555790 -9.185180
v 1.500326 2.515795 -9.594539
v 1.477158 2.537506 -9.577705
v 1.450190 2.551139 -9.558113
v 1.421234 2.555790 -9.537075
v 1.199432 2.515795 -9.895435
v 1.182598 2.537506 -9.872265
v 1.163006 2.551139 -9.845297
v 1.141970 2.555790 -9.816341
v 0.820284 2.515795 -10.088619
v 0.811434 2.537506 -10.061382
v 0.801132 2.551139 -10.029678
v 0.790073 2.555790 -9.995641
v 0.399994 2.515795 -10.155185
v 0.399994 2.537506 -10.126548
v 0.399994 2.551139 -10.093214
v 0.399994 2.555790 -10.057424
v -0.020296 2.515795 -10.088619
v -0.011446 2.537506 -10.061382
v -0.001144 2.551139 -10.029678
v 0.009914 2.555790 -9.995641
v -0.399445 2.515795 -9.895433
v -0.382610 2.537506 -9.872265
v -0.363016 2.551139 -9.845295
v -0.341980 2.555790 -9.816341
v -0.700338 2.515795 -9.594539
v -0.677170 2.537506 -9.577705
v -0.650202 2.551139 -9.558113
v -0.621246 2.555790 -9.537075
v -0.893524 2.515795 -9.215391
v -0.866287 2.537506 -9.206541
v -0.834585 2.551139 -9.196239
v -0.800547 2.555790 -9.185180
v -0.960091 2.515795 -8.795101
v -0.931452 2.537506 -8.795101
v -0.898119 2.551139 -8.795101
v -0.862329 2.555790 -8.795101
v -0.893524 2.515795 -8.374813
v -0.866287 2.537506 -8.383661
v -0.834585 2.551139 -8.393963
v -0.800547 2.555790 -8.405021
v -0.700338 2.515795 -7.995662
v -0.677168 2.537506 -8.012497
v -0.650200 2.551139 -8.032089
v -0.621246 2.555790 -8.053127
v -0.399445 2.515795 -7.694769
v -0.382610 2.537506 -7.717937
v -0.363018 2.551139 -7.744907
v -0.341980 2.555790 -7.773861
v -0.020296 2.515795 -7.501583
v -0.011446 2.537506 -7.528820
v -0.001144 2.551139 -7.560524
v 0.009914 2.555790 -7.594560
v 0.399994 2.515795 -7.435016
v 0.399994 2.537506 -7.463653
v 0.399994 2.551139 -7.496990
v 0.399994 2.555790 -7.532779
v 1.141970 2.655790 -7.773861
v 1.163006 2.660441 -7.744905
v 1.182600 2.674073 -7.717937
v 1.199432 2.695786 -7.694767
v 0.790073 2.655790 -7.594558
v 0.801134 2.660441 -7.560522
v 0.811434 2.674073 -7.528820
v 0.820284 2.695786 -7.501583
v 1.421236 2.655790 -8.053125
v 1.450190 2.660441 -8.032089
v 1.477158 2.674073 -8.012497
v 1.500326 2.695786 -7.995662
v 1.600534 2.655790 -8.405021
v 1.634573 2.660441 -8.393963
v 1.666275 2.674073 -8.383661
v 1.693512 2.695786 -8.374811
v 1.662317 2.655790 -8.795101
v 1.698107 2.660441 -8.795101
v 1.731442 2.674073 -8.795101
v 1.760080 2.695786 -8.795101
v 1.600534 2.655790 -9.185180
v 1.634573 2.660441 -9.196239
v 1.666275 2.674073 -9.206541
v 1.693512 2.695786 -9.215391
v 1.421234 2.655790 -9.537075
v 1.450190 2.660441 -9.558113
v 1.477158 2.674073 -9.577705
v 1.500326 2.695786 -9.594539
v 1.141970 2.655790 -9.816341
v 1.163006 2.660441 -9.845297
v 1.182598 2.674073 -9.872265
v 1.199432 2.695786 -9.895435
v 0.790073 2.655790 -9.995641
v 0.801132 2.660441 -10.029678
v 0.811434 2.674073 -10.061382
v 0.820284 2.695786 -10.088619
v 0.399994 2.655790 -10.057424
v 0.399994 2.660441 -10.093214
v 0.399994 2.674073 -10.126548
v 0.399994 2.695786 -10.155185
v 0.009914 2.655790 -9.995641
v -0.001144 2.660441 -10.029678
v -0.011446 2.674073 -10.061382
v -0.020296 2.695786 -10.088619
v -0.341980 2.655790 -9.816341
v -0.363018 2.660441 -9.845295
v -0.382610 2.674073 -9.872265
v -0.399445 2.695786 -9.895433
v -0.621246 2.655790 -9.537075
v -0.650202 2.660441 -9.558113
v -0.677170 2.674073 -9.577705
v -0.700338 2.695786 -9.594539
v -0.800547 2.655790 -9.185180
v -0.834585 2.660441 -9.196239
v -0.866287 2.674073 -9.206541
v -0.893524 2.695786 -9.215391
v -0.862329 2.655790 -8.795101
v -0.898119 2.660441 -8.795101
v -0.931452 2.674073 -8.795101
v -0.960091 2.695786 -8.795101
v -0.800547 2.655790 -8.405021
v -0.834585 2.660441 -8.393963
v -0.866287 2.674073 -8.383661
v -0.893524 2.695786 -8.374813
v -0.621246 2.655790 -8.053127
v -0.650202 2.660441 -8.032089
v -0.677170 2.674073 -8.012497
v -0.700338 2.695786 -7.995662
v -0.341982 2.655790 -7.773861
v -0.363018 2.660441 -7.744907
v -0.382610 2.674073 -7.717937
v -0.399445 2.695786 -7.694769
v 0.009914 2.655790 -7.594560
v -0.001144 2.660441 -7.560524
v -0.011446 2.674073 -7.528820
v -0.020296 2.695786 -7.501583
v 0.399994 2.655790 -7.532779
v 0.399994 2.660441 -7.496990
v 0.399994 2.674073 -7.463653
v 0.399994 2.695786 -7.435016
v 1.235142 2.389736 -7.645618
v 1.231426 2.358376 -7.650732
v 1.220858 2.331787 -7.665279
v 0.839058 2.389736 -7.443803
v 0.837105 2.358376 -7.449814
v 0.831547 2.331787 -7.466917
v 1.549477 2.389736 -7.959953
v 1.544363 2.358376 -7.963669
v 1.529816 2.331787 -7.974237
v 1.751291 2.389736 -8.356037
v 1.745281 2.358376 -8.357990
v 1.728178 2.331787 -8.363548
v 1.820831 2.389736 -8.795101
v 1.814512 2.358376 -8.795101
v 1.796530 2.331787 -8.795101
v 1.751291 2.389736 -9.234165
v 1.745281 2.358376 -9.232212
v 1.728178 2.331787 -9.226654
v 1.549475 2.389736 -9.630249
v 1.544363 2.358376 -9.626533
v 1.529814 2.331787 -9.615963
v 1.235142 2.389736 -9.944584
v 1.231426 2.358376 -9.939470
v 1.220858 2.331787 -9.924923
v 0.839056 2.389736 -10.146396
v 0.837105 2.358376 -10.140388
v 0.831547 2.331787 -10.123285
v 0.399994 2.389736 -10.215938
v 0.399994 2.358376 -10.209617
v 0.399994 2.331787 -10.191635
v -0.039068 2.389736 -10.146398
v -0.037117 2.358376 -10.140388
v -0.031559 2.331787 -10.123285
v -0.435154 2.389736 -9.944584
v -0.431438 2.358376 -9.939470
v -0.420868 2.331787 -9.924923
v -0.749487 2.389736 -9.630249
v -0.744375 2.358376 -9.626533
v -0.729826 2.331787 -9.615963
v -0.951303 2.389736 -9.234165
v -0.945291 2.358376 -9.232212
v -0.928190 2.331787 -9.226654
v -1.020843 2.389736 -8.795101
v -1.014523 2.358376 -8.795101
v -0.996540 2.331787 -8.795101
v -0.951303 2.389736 -8.356037
v -0.945291 2.358376 -8.357990
v -0.928190 2.331787 -8.363548
v -0.749487 2.389736 -7.959953
v -0.744375 2.358376 -7.963669
v -0.729826 2.331787 -7.974239
v -0.435154 2.389736 -7.645620
v -0.431438 2.358376 -7.650734
v -0.420868 2.331787 -7.665281
v -0.039068 2.389736 -7.443805
v -0.037117 2.358376 -7.449815
v -0.031559 2.331787 -7.466919
v 0.399994 2.389736 -7.374263
v 0.399994 2.358376 -7.380584
v 0.399994 2.331787 -7.398567
v 1.235142 2.421844 -7.645618
v 1.231426 2.453205 -7.650732
v 1.220858 2.479794 -7.665279
v 0.839058 2.421844 -7.443803
v 0.837105 2.453205 -7.449814
v 0.831547 2.479794 -7.466917
v 1.549477 2.421844 -7.959953
v 1.544363 2.453205 -7.963669
v 1.529816 2.479794 -7.974237
v 1.751291 2.421844 -8.356037
v 1.745281 2.453205 -8.357990
v 1.728178 2.479794 -8.363548
v 1.820831 2.421844 -8.795101
v 1.814512 2.453205 -8.795101
v 1.796530 2.479794 -8.795101
v 1.751291 2.421844 -9.234165
v 1.745281 2.453205 -9.232212
v 1.728178 2.479794 -9.226654
v 1.549475 2.421844 -9.630249
v 1.544363 2.453205 -9.626533
v 1.529814 2.479794 -9.615963
v 1.235142 2.421844 -9.944584
v 1.231426 2.453205 -9.939470
v 1.220858 2.479794 -9.924923
v 0.839056 2.421844 -10.146396
v 0.837105 2.453205 -10.140388
v 0.831547 2.479794 -10.123285
v 0.399994 2.421844 -10.215938
v 0.399994 2.453205 -10.209617
v 0.399994 2.479794 -10.191635
v -0.039068 2.421844 -10.146398
v -0.037117 2.453205 -10.140388
v -0.031559 2.479794 -10.123285
v -0.435154 2.421844 -9.944584
v -0.431438 2.453205 -9.939470
v -0.420868 2.479794 -9.924923
v -0.749487 2.421844 -9.630249
v -0.744375 2.453205 -9.626533
v -0.729826 2.479794 -9.615963
v -0.951303 2.421844 -9.234165
v -0.945291 2.453205 -9.232212
v -0.928190 2.479794 -9.226654
v -1.020843 2.421844 -8.795101
v -1.014523 2.453205 -8.795101
v -0.996540 2.479794 -8.795101
v -0.951303 2.421844 -8.356037
v -0.945291 2.453205 -8.357990
v -0.928190 2.479794 -8.363548
v -0.749487 2.421844 -7.959953
v -0.744375 2.453205 -7.963669
v -0.729826 2.479794 -7.974239
v -0.435154 2.421844 -7.645620
v -0.431438 2.453205 -7.650734
v -0.420868 2.479794 -7.665281
v -0.039068 2.421844 -7.443805
v -0.037117 2.453205 -7.449815
v -0.031559 2.479794 -7.466919
v 0.399994 2.421844 -7.374263
v 0.399994 2.453205 -7.380584
v 0.399994 2.479794 -7.398567
v 1.235142 2.789736 -7.645618
v 1.231428 2.758375 -7.650732
v 1.220858 2.731787 -7.665279
v 0.839058 2.789736 -7.443803
v 0.837105 2.758375 -7.449814
v 0.831547 2.731787 -7.466917
v 1.549477 2.789736 -7.959953
v 1.544363 2.758375 -7.963669
v 1.529816 2.731787 -7.974237
v 1.751291 2.789736 -8.356037
v 1.745281 2.758375 -8.357990
v 1.728178 2.731787 -8.363548
v 1.820831 2.789736 -8.795101
v 1.814512 2.758375 -8.795101
v 1.796530 2.731787 -8.795101
v 1.751291 2.789736 -9.234165
v 1.745281 2.758375 -9.232212
v 1.728178 2.731787 -9.226654
v 1.549475 2.789736 -9.630249
v 1.544363 2.758375 -9.626533
v 1.529814 2.731787 -9.615963
v 1.235142 2.789736 -9.944584
v 1.231426 2.758375 -9.939470
v 1.220858 2.731787 -9.924923
v 0.839056 2.789736 -10.146396
v 0.837105 2.758375 -10.140388
v 0.831547 2.731787 -10.123285
v 0.399994 2.789736 -10.215938
v 0.399994 2.758375 -10.209617
v 0.399994 2.731787 -10.191635
v -0.039068 2.789736 -10.146398
v -0.037117 2.758375 -10.140388
v -0.031559 2.731787 -10.123285
v -0.435154 2.789736 -9.944584
v -0.431438 2.758375 -9.939470
v -0.420868 2.731787 -9.924923
v -0.749487 2.789736 -9.630249
v -0.744375 2.758375 -9.626533
v -0.729826 2.731787 -9.615963
v -0.951303 2.789736 -9.234165
v -0.945291 2.758375 -9.232212
v -0.928190 2.731787 -9.226654
v -1.020843 2.789736 -8.795101
v -1.014523 2.758375 -8.795101
v -0.996542 2.731787 -8.795101
v -0.951303 2.789736 -8.356037
v -0.945291 2.758375 -8.357990
v -0.928190 2.731787 -8.363548
v -0.749487 2.789736 -7.959953
v -0.744375 2.758375 -7.963669
v -0.729826 2.731787 -7.974239
v -0.435154 2.789736 -7.645620
v -0.431438 2.758375 -7.650734
v -0.420870 2.731787 -7.665281
v -0.039068 2.789736 -7.443805
v -0.037117 2.758375 -7.449815
v -0.031559 2.731787 -7.466919
v 0.399994 2.789736 -7.374263
v 0.399994 2.758375 -7.380584
v 0.399994 2.731787 -7.398567
v 1.235142 2.821844 -7.645618
v 1.231428 2.853204 -7.650732
v 1.220858 2.879792 -7.665279
v 0.839058 2.821844 -7.443803
v 0.837105 2.853204 -7.449814
v 0.831547 2.879792 -7.466917
v 1.549477 2.821844 -7.959953
v 1.544363 2.853204 -7.963669
v 1.529816 2.879792 -7.974237
v 1.751291 2.821844 -8.356037
v 1.745281 2.853204 -8.357990
v 1.728178 2.879792 -8.363548
v 1.820831 2.821844 -8.795101
v 1.814512 2.853204 -8.795101
v 1.796530 2.879792 -8.795101
v 1.751291 2.821844 -9.234165
v 1.745281 2.853204 -9.232212
v 1.728178 2.879792 -9.226654
v 1.549475 2.821844 -9.630249
v 1.544363 2.853204 -9.626533
v 1.529814 2.879792 -9.615963
v 1.235142 2.821844 -9.944584
v 1.231426 2.853204 -9.939470
v 1.220858 2.879792 -9.924923
v 0.839056 2.821844 -10.146396
v 0.837105 2.853204 -10.140388
v 0.831547 2.879792 -10.123285
v 0.399994 2.821844 -10.215938
v 0.399994 2.853204 -10.209617
v 0.399994 2.879792 -10.191635
v -0.039068 2.821844 -10.146398
v -0.037115 2.853204 -10.140388
v -0.031559 2.879792 -10.123285
v -0.435154 2.821844 -9.944584
v -0.431438 2.853204 -9.939470
v -0.420868 2.879792 -9.924923
v -0.749487 2.821844 -9.630249
v -0.744375 2.853204 -9.626533
v -0.729826 2.879792 -9.615963
v -0.951303 2.821844 -9.234165
v -0.945291 2.853204 -9.232212
v -0.928190 2.879792 -9.226654
v -1.020843 2.821844 -8.795101
v -1.014523 2.853204 -8.795101
v -0.996540 2.879792 -8.795101
v -0.951303 2.821844 -8.356037
v -0.945291 2.853204 -8.357990
v -0.928190 2.879792 -8.363548
v -0.749487 2.821844 -7.959953
v -0.744375 2.853204 -7.963669
v -0.729826 2.879792 -7.974239
v -0.435154 2.821844 -7.645620
v -0.431438 2.853204 -7.650734
v -0.420870 2.879792 -7.665281
v -0.039068 2.821844 -7.443805
v -0.037117 2.853204 -7.449815
v -0.031559 2.879792 -7.466919
v 0.399994 2.821844 -7.374263
v 0.399994 2.853204 -7.380584
v 0.399994 2.879792 -7.398567
v 1.086363 2.597662 -7.850395
v 1.087805 2.586975 -7.848411
v 1.091848 2.578372 -7.842846
v 1.097700 2.573536 -7.834793
v 0.760841 2.597662 -7.684532
v 0.761599 2.586975 -7.682199
v 0.763723 2.578372 -7.675655
v 0.766800 2.573536 -7.666191
v 1.344700 2.597662 -8.108730
v 1.346685 2.586975 -8.107288
v 1.352251 2.578372 -8.103244
v 1.360302 2.573536 -8.097397
v 1.510563 2.597662 -8.434255
v 1.512896 2.586975 -8.433498
v 1.519438 2.578372 -8.431371
v 1.528904 2.573536 -8.428295
v 1.567717 2.597662 -8.795101
v 1.570168 2.586975 -8.795101
v 1.577047 2.578372 -8.795101
v 1.587000 2.573536 -8.795101
v 1.510563 2.597662 -9.155946
v 1.512896 2.586975 -9.156704
v 1.519438 2.578372 -9.158830
v 1.528904 2.573536 -9.161907
v 1.344700 2.597662 -9.481472
v 1.346685 2.586975 -9.482912
v 1.352249 2.578372 -9.486955
v 1.360302 2.573536 -9.492805
v 1.086363 2.597662 -9.739807
v 1.087805 2.586975 -9.741790
v 1.091848 2.578372 -9.747356
v 1.097698 2.573536 -9.755409
v 0.760840 2.597662 -9.905670
v 0.761597 2.586975 -9.908003
v 0.763723 2.578372 -9.914545
v 0.766800 2.573536 -9.924011
v 0.399994 2.597662 -9.962822
v 0.399994 2.586975 -9.965275
v 0.399994 2.578372 -9.972154
v 0.399994 2.573536 -9.982107
v 0.039148 2.597662 -9.905670
v 0.038391 2.586975 -9.908003
v 0.036264 2.578372 -9.914545
v 0.033190 2.573536 -9.924011
v -0.286375 2.597662 -9.739807
v -0.287817 2.586975 -9.741790
v -0.291861 2.578372 -9.747356
v -0.297710 2.573536 -9.755409
v -0.544712 2.597662 -9.481470
v -0.546696 2.586975 -9.482912
v -0.552261 2.578372 -9.486955
v -0.560314 2.573536 -9.492805
v -0.710575 2.597662 -9.155946
v -0.712908 2.586975 -9.156704
v -0.719450 2.578372 -9.158830
v -0.728916 2.573536 -9.161907
v -0.767727 2.597662 -8.795101
v -0.770180 2.586975 -8.795101
v -0.777060 2.578372 -8.795101
v -0.787012 2.573536 -8.795101
v -0.710575 2.597662 -8.434255
v -0.712908 2.586975 -8.433498
v -0.719450 2.578372 -8.431371
v -0.728916 2.573536 -8.428295
v -0.544712 2.597662 -8.108732
v -0.546696 2.586975 -8.107292
v -0.552261 2.578372 -8.103248
v -0.560314 2.573536 -8.097397
v -0.286375 2.597662 -7.850395
v -0.287817 2.586975 -7.848411
v -0.291861 2.578372 -7.842846
v -0.297710 2.573536 -7.834793
v 0.039148 2.597662 -7.684532
v 0.038391 2.586975 -7.682201
v 0.036264 2.578372 -7.675657
v 0.033188 2.573536 -7.666191
v 0.399994 2.597662 -7.627380
v 0.399994 2.586975 -7.624927
v 0.399994 2.578372 -7.618049
v 0.399994 2.573536 -7.608095
v 1.086363 2.614553 -7.850395
v 1.087814 2.625244 -7.848398
v 1.091879 2.633830 -7.842804
v 1.097750 2.638612 -7.834724
v 0.760841 2.614553 -7.684532
v 0.761602 2.625244 -7.682186
v 0.763739 2.633830 -7.675609
v 0.766827 2.638612 -7.666109
v 1.344700 2.614553 -8.108730
v 1.346697 2.625244 -8.107280
v 1.352291 2.633830 -8.103218
v 1.360373 2.638612 -8.097345
v 1.510563 2.614553 -8.434255
v 1.512909 2.625244 -8.433492
v 1.519486 2.633830 -8.431356
v 1.528986 2.638612 -8.428268
v 1.567717 2.614553 -8.795101
v 1.570183 2.625244 -8.795101
v 1.577097 2.633830 -8.795101
v 1.587086 2.638612 -8.795101
v 1.510563 2.614553 -9.155946
v 1.512909 2.625244 -9.156707
v 1.519486 2.633830 -9.158846
v 1.528986 2.638612 -9.161934
v 1.344700 2.614553 -9.481472
v 1.346697 2.625244 -9.482921
v 1.352289 2.633830 -9.486984
v 1.360371 2.638612 -9.492855
v 1.086363 2.614553 -9.739807
v 1.087812 2.625244 -9.741804
v 1.091877 2.633830 -9.747398
v 1.097750 2.638612 -9.755478
v 0.760840 2.614553 -9.905670
v 0.761602 2.625244 -9.908016
v 0.763739 2.633830 -9.914592
v 0.766825 2.638612 -9.924091
v 0.399994 2.614553 -9.962822
v 0.399994 2.625244 -9.965290
v 0.399994 2.633830 -9.972204
v 0.399994 2.638612 -9.982193
v 0.039148 2.614553 -9.905670
v 0.038385 2.625244 -9.908016
v 0.036249 2.633830 -9.914592
v 0.033163 2.638612 -9.924091
v -0.286375 2.614553 -9.739807
v -0.287825 2.625244 -9.741802
v -0.291889 2.633830 -9.747398
v -0.297760 2.638612 -9.755478
v -0.544712 2.614553 -9.481470
v -0.546707 2.625244 -9.482921
v -0.552301 2.633830 -9.486984
v -0.560383 2.638612 -9.492855
v -0.710575 2.614553 -9.155946
v -0.712921 2.625244 -9.156707
v -0.719498 2.633830 -9.158846
v -0.728998 2.638612 -9.161934
v -0.767727 2.614553 -8.795101
v -0.770193 2.625244 -8.795101
v -0.777109 2.633830 -8.795101
v -0.787098 2.638612 -8.795101
v -0.710575 2.614553 -8.434255
v -0.712921 2.625244 -8.433494
v -0.719498 2.633830 -8.431356
v -0.728998 2.638612 -8.428268
v -0.544712 2.614553 -8.108732
v -0.546707 2.625244 -8.107282
v -0.552301 2.633830 -8.103218
v -0.560383 2.638612 -8.097347
v -0.286375 2.614553 -7.850395
v -0.287825 2.625244 -7.848400
v -0.291889 2.633830 -7.842806
v -0.297762 2.638612 -7.834724
v 0.039148 2.614553 -7.684532
v 0.038385 2.625244 -7.682186
v 0.036249 2.633830 -7.675609
v 0.033163 2.638612 -7.666111
v 0.399994 2.614553 -7.627380
v 0.399994 2.625244 -7.624912
v 0.399994 2.633830 -7.618000
v 0.399994 2.638612 -7.608009
v 0.889114 1.514925 -7.289745
v 0.890144 1.502642 -7.286575
v 0.892958 1.493650 -7.277918
v 0.896799 1.490358 -7.266090
v 1.330355 1.514925 -7.514568
v 1.332314 1.502642 -7.511873
v 1.337666 1.493650 -7.504509
v 1.344975 1.490358 -7.494445
v 1.680525 1.514925 -7.864740
v 1.683222 1.502642 -7.862781
v 1.690588 1.493650 -7.857429
v 1.700649 1.490358 -7.850120
v 1.905350 1.514925 -8.305980
v 1.908518 1.502642 -8.304950
v 1.917177 1.493650 -8.302139
v 1.929005 1.490358 -8.298294
v 1.982819 1.514925 -8.795101
v 1.986151 1.502642 -8.795101
v 1.995255 1.493650 -8.795101
v 2.007692 1.490358 -8.795101
v 1.905350 1.514925 -9.284221
v 1.908518 1.502642 -9.285251
v 1.917177 1.493650 -9.288063
v 1.929005 1.490358 -9.291908
v 1.680525 1.514925 -9.725462
v 1.683222 1.502642 -9.727421
v 1.690588 1.493650 -9.732773
v 1.700649 1.490358 -9.740081
v 1.330355 1.514925 -10.075634
v 1.332314 1.502642 -10.078329
v 1.337666 1.493650 -10.085693
v 1.344975 1.490358 -10.095756
v 0.889113 1.514925 -10.300457
v 0.890142 1.502642 -10.303625
v 0.892956 1.493650 -10.312284
v 0.896799 1.490358 -10.324112
v 0.399994 1.514925 -10.377926
v 0.399994 1.502642 -10.381258
v 0.399994 1.493650 -10.390361
v 0.399994 1.490358 -10.402797
v -0.089125 1.514925 -10.300457
v -0.090155 1.502642 -10.303625
v -0.092968 1.493650 -10.312284
v -0.096811 1.490358 -10.324112
v -0.530367 1.514925 -10.075634
v -0.532326 1.502642 -10.078329
v -0.537676 1.493650 -10.085693
v -0.544987 1.490358 -10.095756
v -0.880537 1.514925 -9.725462
v -0.883234 1.502642 -9.727421
v -0.890598 1.493650 -9.732773
v -0.900660 1.490358 -9.740081
v -1.105362 1.514925 -9.284221
v -1.108530 1.502642 -9.285251
v -1.117189 1.493650 -9.288063
v -1.129017 1.490358 -9.291908
v -1.182829 1.514925 -8.795101
v -1.186163 1.502642 -8.795101
v -1.195267 1.493650 -8.795101
v -1.207703 1.490358 -8.795101
v -1.105362 1.514925 -8.305980
v -1.108530 1.502642 -8.304950
v -1.117189 1.493650 -8.302139
v -1.129017 1.490358 -8.298296
v -0.880537 1.514925 -7.864742
v -0.883234 1.502642 -7.862781
v -0.890598 1.493650 -7.857429
v -0.900660 1.490358 -7.850120
v -0.530367 1.514925 -7.514570
v -0.532326 1.502642 -7.511875
v -0.537676 1.493650 -7.504509
v -0.544987 1.490358 -7.494447
v -0.089125 1.514925 -7.289745
v -0.090155 1.502642 -7.286577
v -0.092968 1.493650 -7.277918
v -0.096811 1.490358 -7.266090
v 0.399994 1.514925 -7.212276
v 0.399994 1.502642 -7.208946
v 0.399994 1.493650 -7.199840
v 0.399994 1.490358 -7.187404
v 0.889114 1.524191 -7.289745
v 0.889847 1.536142 -7.287491
v 0.891935 1.546334 -7.281061
v 0.895069 1.553256 -7.271415
v 1.330355 1.524191 -7.514568
v 1.331747 1.536142 -7.512651
v 1.335722 1.546334 -7.507181
v 1.341682 1.553256 -7.498977
v 1.680525 1.524191 -7.864740
v 1.682444 1.536142 -7.863346
v 1.687914 1.546334 -7.859373
v 1.696117 1.553256 -7.853412
v 1.905350 1.524191 -8.305980
v 1.907602 1.536142 -8.305248
v 1.914034 1.546334 -8.303159
v 1.923679 1.553256 -8.300026
v 1.982819 1.524191 -8.795101
v 1.985188 1.536142 -8.795101
v 1.991949 1.546334 -8.795101
v 2.002090 1.553256 -8.795101
v 1.905350 1.524191 -9.284221
v 1.907602 1.536142 -9.284954
v 1.914034 1.546334 -9.287042
v 1.923677 1.553256 -9.290176
v 1.680525 1.524191 -9.725462
v 1.682444 1.536142 -9.726856
v 1.687914 1.546334 -9.730829
v 1.696117 1.553256 -9.736789
v 1.330355 1.524191 -10.075634
v 1.331747 1.536142 -10.077549
v 1.335722 1.546334 -10.083019
v 1.341682 1.553256 -10.091224
v 0.889113 1.524191 -10.300457
v 0.889845 1.536142 -10.302711
v 0.891935 1.546334 -10.309141
v 0.895069 1.553256 -10.318786
v 0.399994 1.524191 -10.377926
v 0.399994 1.536142 -10.380294
v 0.399994 1.546334 -10.387056
v 0.399994 1.553256 -10.397197
v -0.089125 1.524191 -10.300457
v -0.089857 1.536142 -10.302711
v -0.091948 1.546334 -10.309141
v -0.095081 1.553256 -10.318786
v -0.530367 1.524191 -10.075634
v -0.531759 1.536142 -10.077549
v -0.535734 1.546334 -10.083019
v -0.541695 1.553256 -10.091224
v -0.880537 1.524191 -9.725462
v -0.882456 1.536142 -9.726854
v -0.887924 1.546334 -9.730829
v -0.896130 1.553256 -9.736789
v -1.105362 1.524191 -9.284221
v -1.107614 1.536142 -9.284954
v -1.114046 1.546334 -9.287042
v -1.123690 1.553256 -9.290176
v -1.182829 1.524191 -8.795101
v -1.185200 1.536142 -8.795101
v -1.191961 1.546334 -8.795101
v -1.202103 1.553256 -8.795101
v -1.105362 1.524191 -8.305980
v -1.107614 1.536142 -8.305248
v -1.114046 1.546334 -8.303159
v -1.123690 1.553256 -8.300026
v -0.880537 1.524191 -7.864742
v -0.882454 1.536142 -7.863348
v -0.887924 1.546334 -7.859375
v -0.896130 1.553256 -7.853412
v -0.530367 1.524191 -7.514570
v -0.531759 1.536142 -7.512653
v -0.535734 1.546334 -7.507183
v -0.541695 1.553256 -7.498977
v -0.089125 1.524191 -7.289745
v -0.089857 1.536142 -7.287492
v -0.091948 1.546334 -7.281063
v -0.095081 1.553256 -7.271417
v 0.399994 1.524191 -7.212276
v 0.399994 1.536142 -7.209907
v 0.399994 1.546334 -7.203146
v 0.399994 1.553256 -7.193004
v 0.949781 1.838638 -7.103027
v 0.945656 1.879754 -7.115726
v 0.937361 1.913837 -7.141254
v 1.422127 1.913837 -7.388256
v 1.437904 1.879754 -7.366539
v 1.445753 1.838638 -7.355735
v 1.806839 1.913837 -7.772968
v 1.828556 1.879754 -7.757190
v 1.839357 1.838638 -7.749342
v 2.053839 1.913837 -8.257734
v 2.079369 1.879754 -8.249439
v 2.092068 1.838638 -8.245311
v 2.138950 1.913837 -8.795101
v 2.165793 1.879754 -8.795101
v 2.179146 1.838638 -8.795101
v 2.053839 1.913837 -9.332468
v 2.079369 1.879754 -9.340763
v 2.092068 1.838638 -9.344890
v 1.806839 1.913837 -9.817234
v 1.828554 1.879754 -9.833011
v 1.839357 1.838638 -9.840860
v 1.422127 1.913837 -10.201946
v 1.437904 1.879754 -10.223663
v 1.445753 1.838638 -10.234464
v 0.937361 1.913837 -10.448948
v 0.945656 1.879754 -10.474476
v 0.949781 1.838638 -10.487175
v 0.399994 1.913837 -10.534057
v 0.399994 1.879754 -10.560899
v 0.399994 1.838638 -10.574253
v -0.137373 1.913837 -10.448948
v -0.145668 1.879754 -10.474476
v -0.149794 1.838638 -10.487175
v -0.622139 1.913837 -10.201946
v -0.637917 1.879754 -10.223663
v -0.645765 1.838638 -10.234464
v -1.006851 1.913837 -9.817234
v -1.028566 1.879754 -9.833011
v -1.039370 1.838638 -9.840860
v -1.253851 1.913837 -9.332468
v -1.279381 1.879754 -9.340763
v -1.292080 1.838638 -9.344888
v -1.338963 1.913837 -8.795101
v -1.365805 1.879754 -8.795101
v -1.379156 1.838638 -8.795101
v -1.253851 1.913837 -8.257734
v -1.279381 1.879754 -8.249439
v -1.292080 1.838638 -8.245313
v -1.006851 1.913837 -7.772968
v -1.028566 1.879754 -7.757190
v -1.039370 1.838638 -7.749344
v -0.622139 1.913837 -7.388256
v -0.637917 1.879754 -7.366541
v -0.645765 1.838638 -7.355737
v -0.137373 1.913837 -7.141256
v -0.145668 1.879754 -7.115726
v -0.149794 1.838638 -7.103027
v 0.399994 1.913837 -7.056144
v 0.399994 1.879754 -7.029304
v 0.399994 1.838638 -7.015949
v 1.081869 5.707648 -7.856580
v 0.758480 5.707648 -7.691803
v 1.338514 5.707648 -8.113226
v 1.503290 5.707648 -8.436618
v 1.560070 5.707648 -8.795101
v 1.503292 5.707648 -9.153583
v 1.338512 5.707648 -9.476976
v 1.081869 5.707648 -9.733621
v 0.758480 5.707648 -9.898397
v 0.399994 5.707648 -9.955177
v 0.041510 5.707648 -9.898397
v -0.281879 5.707648 -9.733619
v -0.538525 5.707648 -9.476976
v -0.703302 5.707648 -9.153583
v -0.760082 5.707648 -8.795101
v -0.703302 5.707648 -8.436618
v -0.538526 5.707648 -8.113228
v -0.281883 5.707648 -7.856582
v 0.041512 5.707648 -7.691805
v 0.399996 5.707648 -7.635025
v 0.939865 5.233761 -8.052032
v 0.930059 5.255268 -8.065529
v 0.933830 5.275786 -8.060337
v 0.683825 5.233761 -7.921570
v 0.678669 5.255268 -7.937435
v 0.680651 5.275786 -7.931335
v 1.143063 5.233761 -8.255230
v 1.129568 5.255268 -8.265033
v 1.134756 5.275786 -8.261264
v 1.273523 5.233761 -8.511274
v 1.257658 5.255268 -8.516430
v 1.263758 5.275786 -8.514446
v 1.318478 5.233761 -8.795101
v 1.301796 5.255268 -8.795101
v 1.308210 5.275786 -8.795101
v 1.273525 5.233761 -9.078928
v 1.257660 5.255268 -9.073772
v 1.263762 5.275786 -9.075756
v 1.143063 5.233761 -9.334972
v 1.129566 5.255268 -9.325168
v 1.134756 5.275786 -9.328937
v 0.939865 5.233761 -9.538170
v 0.930059 5.255268 -9.524673
v 0.933830 5.275786 -9.529865
v 0.683823 5.233761 -9.668630
v 0.678669 5.255268 -9.652767
v 0.680651 5.275786 -9.658867
v 0.399994 5.233761 -9.713585
v 0.399994 5.255268 -9.696903
v 0.399994 5.275786 -9.703317
v 0.116165 5.233761 -9.668632
v 0.121321 5.255268 -9.652767
v 0.119337 5.275786 -9.658867
v -0.139875 5.233761 -9.538170
v -0.130070 5.255268 -9.524673
v -0.133841 5.275786 -9.529863
v -0.343075 5.233761 -9.334972
v -0.329578 5.255268 -9.325166
v -0.334768 5.275786 -9.328937
v -0.473535 5.233761 -9.078928
v -0.457670 5.255268 -9.073772
v -0.463772 5.275786 -9.075756
v -0.518490 5.233761 -8.795101
v -0.501808 5.255268 -8.795101
v -0.508223 5.275786 -8.795101
v -0.473535 5.233761 -8.511274
v -0.457670 5.255268 -8.516430
v -0.463772 5.275786 -8.514446
v -0.343075 5.233761 -8.255230
v -0.329578 5.255268 -8.265035
v -0.334768 5.275786 -8.261264
v -0.139879 5.233761 -8.052032
v -0.130074 5.255268 -8.065529
v -0.133844 5.275786 -8.060339
v 0.116167 5.233761 -7.921571
v 0.121321 5.255268 -7.937437
v 0.119339 5.275786 -7.931335
v 0.399996 5.233761 -7.876617
v 0.399996 5.255268 -7.893299
v 0.399996 5.275786 -7.886884
v 0.976633 5.427341 -8.001426
v 0.974127 5.396235 -8.004877
v 0.969971 5.365660 -8.010595
v 0.964205 5.335884 -8.018531
v 0.956883 5.307178 -8.028610
v 0.703154 5.427341 -7.862079
v 0.701836 5.396235 -7.866136
v 0.699652 5.365660 -7.872860
v 0.696621 5.335884 -7.882187
v 0.692770 5.307178 -7.894039
v 1.193670 5.427341 -8.218462
v 1.190218 5.396235 -8.220970
v 1.184500 5.365660 -8.225124
v 1.176565 5.335884 -8.230888
v 1.166485 5.307178 -8.238212
v 1.333014 5.427341 -8.491943
v 1.328957 5.396235 -8.493263
v 1.322235 5.365660 -8.495445
v 1.312906 5.335884 -8.498478
v 1.301056 5.307178 -8.502327
v 1.381031 5.427341 -8.795101
v 1.376764 5.396235 -8.795101
v 1.369696 5.365660 -8.795101
v 1.359888 5.335884 -8.795101
v 1.347427 5.307178 -8.795101
v 1.333015 5.427341 -9.098259
v 1.328960 5.396235 -9.096939
v 1.322237 5.365660 -9.094755
v 1.312908 5.335884 -9.091724
v 1.301058 5.307178 -9.087875
v 1.193668 5.427341 -9.371740
v 1.190216 5.396235 -9.369232
v 1.184498 5.365660 -9.365078
v 1.176563 5.335884 -9.359314
v 1.166483 5.307178 -9.351989
v 0.976633 5.427341 -9.588775
v 0.974127 5.396235 -9.585325
v 0.969971 5.365660 -9.579607
v 0.964205 5.335884 -9.571670
v 0.956883 5.307178 -9.561592
v 0.703154 5.427341 -9.728122
v 0.701836 5.396235 -9.724065
v 0.699650 5.365660 -9.717342
v 0.696619 5.335884 -9.708013
v 0.692770 5.307178 -9.696163
v 0.399994 5.427341 -9.776138
v 0.399994 5.396235 -9.771871
v 0.399994 5.365660 -9.764803
v 0.399994 5.335884 -9.754993
v 0.399994 5.307178 -9.742534
v 0.096834 5.427341 -9.728122
v 0.098152 5.396235 -9.724065
v 0.100338 5.365660 -9.717342
v 0.103369 5.335884 -9.708013
v 0.107218 5.307178 -9.696163
v -0.176643 5.427341 -9.588775
v -0.174135 5.396235 -9.585325
v -0.169981 5.365660 -9.579607
v -0.164215 5.335884 -9.571670
v -0.156891 5.307178 -9.561592
v -0.393681 5.427341 -9.371740
v -0.390228 5.396235 -9.369232
v -0.384510 5.365660 -9.365078
v -0.376575 5.335884 -9.359312
v -0.366495 5.307178 -9.351989
v -0.533026 5.427341 -9.098259
v -0.528971 5.396235 -9.096939
v -0.522247 5.365660 -9.094757
v -0.512918 5.335884 -9.091724
v -0.501068 5.307178 -9.087875
v -0.581043 5.427341 -8.795101
v -0.576776 5.396235 -8.795101
v -0.569708 5.365660 -8.795101
v -0.559900 5.335884 -8.795101
v -0.547440 5.307178 -8.795101
v -0.533028 5.427341 -8.491943
v -0.528971 5.396235 -8.493263
v -0.522247 5.365660 -8.495445
v -0.512918 5.335884 -8.498478
v -0.501068 5.307178 -8.502327
v -0.393681 5.427341 -8.218464
v -0.390228 5.396235 -8.220970
v -0.384510 5.365660 -8.225124
v -0.376575 5.335884 -8.230890
v -0.366495 5.307178 -8.238214
v -0.176647 5.427341 -8.001426
v -0.174139 5.396235 -8.004877
v -0.169985 5.365660 -8.010597
v -0.164219 5.335884 -8.018531
v -0.156895 5.307178 -8.028612
v 0.096836 5.427341 -7.862079
v 0.098154 5.396235 -7.866138
v 0.100340 5.365660 -7.872860
v 0.103371 5.335884 -7.882188
v 0.107222 5.307178 -7.894039
v 0.399996 5.427341 -7.814064
v 0.399996 5.396235 -7.818330
v 0.399996 5.365660 -7.825399
v 0.399996 5.335884 -7.835209
v 0.399996 5.307178 -7.847667
v 1.047043 5.579515 -7.904514
v 0.740171 5.579515 -7.748153
v 0.399996 5.579515 -7.694277
v 0.059820 5.579515 -7.748155
v -0.247057 5.579515 -7.904516
v -0.490591 5.579515 -8.148054
v -0.646952 5.579515 -8.454927
v -0.700830 5.579515 -8.795101
v -0.646952 5.579515 -9.135275
v -0.490591 5.579515 -9.442150
v -0.247053 5.579515 -9.685686
v 0.059818 5.579515 -9.842048
v 0.399994 5.579515 -9.895925
v 0.740170 5.579515 -9.842048
v 1.047043 5.579515 -9.685688
v 1.290579 5.579515 -9.442150
v 1.446941 5.579515 -9.135275
v 1.500818 5.579515 -8.795101
v 1.446940 5.579515 -8.454927
v 1.290581 5.579515 -8.148052
v 1.069611 5.630768 -7.873455
v 0.752035 5.630768 -7.711639
v 0.399996 5.630768 -7.655883
v 0.047957 5.630768 -7.711639
v -0.269625 5.630768 -7.873455
v -0.521652 5.630768 -8.125486
v -0.683468 5.630768 -8.443062
v -0.739225 5.630768 -8.795101
v -0.683466 5.630768 -9.147140
v -0.521652 5.630768 -9.464718
v -0.269619 5.630768 -9.716747
v 0.047955 5.630768 -9.878563
v 0.399994 5.630768 -9.934320
v 0.752035 5.630768 -9.878563
v 1.069611 5.630768 -9.716747
v 1.321640 5.630768 -9.464718
v 1.483458 5.630768 -9.147140
v 1.539213 5.630768 -8.795101
v 1.483454 5.630768 -8.443062
v 1.321642 5.630768 -8.125484
v 0.963110 5.488989 -8.020038
v 0.960230 5.484950 -8.024002
v 0.959154 5.478870 -8.025482
v 0.960245 5.472797 -8.023983
v 0.963133 5.468778 -8.020008
v 0.696045 5.488989 -7.883960
v 0.694531 5.484950 -7.888618
v 0.693964 5.478870 -7.890361
v 0.694538 5.472797 -7.888597
v 0.696056 5.468778 -7.883922
v 1.175057 5.488989 -8.231985
v 1.171093 5.484950 -8.234863
v 1.169613 5.478870 -8.235941
v 1.171112 5.472797 -8.234852
v 1.175089 5.468778 -8.231962
v 1.311134 5.488989 -8.499054
v 1.306475 5.484950 -8.500568
v 1.304733 5.478870 -8.501133
v 1.306496 5.472797 -8.500560
v 1.311171 5.468778 -8.499042
v 1.358025 5.488989 -8.795101
v 1.353125 5.484950 -8.795101
v 1.351294 5.478870 -8.795101
v 1.353148 5.472797 -8.795101
v 1.358063 5.468778 -8.795101
v 1.311136 5.488989 -9.091148
v 1.306477 5.484950 -9.089634
v 1.304735 5.478870 -9.089069
v 1.306500 5.472797 -9.089641
v 1.311173 5.468778 -9.091160
v 1.175057 5.488989 -9.358217
v 1.171091 5.484950 -9.355339
v 1.169611 5.478870 -9.354261
v 1.171110 5.472797 -9.355350
v 1.175087 5.468778 -9.358240
v 0.963110 5.488989 -9.570163
v 0.960230 5.484950 -9.566200
v 0.959154 5.478870 -9.564720
v 0.960245 5.472797 -9.566219
v 0.963133 5.468778 -9.570194
v 0.696043 5.488989 -9.706241
v 0.694531 5.484950 -9.701584
v 0.693964 5.478870 -9.699840
v 0.694536 5.472797 -9.701605
v 0.696055 5.468778 -9.706279
v 0.399994 5.488989 -9.753132
v 0.399994 5.484950 -9.748232
v 0.399994 5.478870 -9.746401
v 0.399994 5.472797 -9.748254
v 0.399994 5.468778 -9.753170
v 0.103945 5.488989 -9.706241
v 0.105457 5.484950 -9.701584
v 0.106024 5.478870 -9.699840
v 0.105452 5.472797 -9.701605
v 0.103931 5.468778 -9.706279
v -0.163120 5.488989 -9.570163
v -0.160240 5.484950 -9.566200
v -0.159164 5.478870 -9.564720
v -0.160253 5.472797 -9.566219
v -0.163143 5.468778 -9.570194
v -0.375067 5.488989 -9.358217
v -0.371103 5.484950 -9.355337
v -0.369623 5.478870 -9.354261
v -0.371122 5.472797 -9.355350
v -0.375099 5.468778 -9.358240
v -0.511147 5.488989 -9.091148
v -0.506487 5.484950 -9.089634
v -0.504745 5.478870 -9.089069
v -0.506510 5.472797 -9.089641
v -0.511183 5.468778 -9.091160
v -0.558037 5.488989 -8.795101
v -0.553137 5.484950 -8.795101
v -0.551306 5.478870 -8.795101
v -0.553160 5.472797 -8.795101
v -0.558075 5.468778 -8.795101
v -0.511147 5.488989 -8.499054
v -0.506487 5.484950 -8.500568
v -0.504745 5.478870 -8.501133
v -0.506510 5.472797 -8.500560
v -0.511183 5.468778 -8.499042
v -0.375067 5.488989 -8.231987
v -0.371103 5.484950 -8.234865
v -0.369623 5.478870 -8.235943
v -0.371122 5.472797 -8.234852
v -0.375099 5.468778 -8.231964
v -0.163124 5.488989 -8.020038
v -0.160244 5.484950 -8.024002
v -0.159168 5.478870 -8.025484
v -0.160257 5.472797 -8.023983
v -0.163147 5.468778 -8.020008
v 0.103947 5.488989 -7.883960
v 0.105459 5.484950 -7.888620
v 0.106026 5.478870 -7.890361
v 0.105454 5.472797 -7.888599
v 0.103933 5.468778 -7.883924
v 0.399996 5.488989 -7.837070
v 0.399996 5.484950 -7.841970
v 0.399996 5.478870 -7.843801
v 0.399996 5.472797 -7.841947
v 0.399996 5.468778 -7.837032
v 0.977192 5.448283 -8.000656
v 0.976625 5.454240 -8.001436
v 0.974701 5.459337 -8.004085
v 0.971737 5.462740 -8.008165
v 1.194439 5.448283 -8.217903
v 1.193659 5.454240 -8.218469
v 1.191010 5.459337 -8.220394
v 1.186930 5.462740 -8.223358
v 0.703447 5.448283 -7.861175
v 0.703150 5.454240 -7.862093
v 0.702137 5.459337 -7.865207
v 0.700579 5.462740 -7.870002
v 0.399996 5.448283 -7.813114
v 0.399996 5.454240 -7.814079
v 0.399996 5.459337 -7.817352
v 0.399996 5.462740 -7.822395
v 1.333920 5.448283 -8.491649
v 1.333002 5.454240 -8.491947
v 1.329887 5.459337 -8.492960
v 1.325090 5.462740 -8.494518
v 1.381983 5.448283 -8.795101
v 1.381018 5.454240 -8.795101
v 1.377743 5.459337 -8.795101
v 1.372700 5.462740 -8.795101
v 1.333921 5.448283 -9.098552
v 1.333004 5.454240 -9.098255
v 1.329889 5.459337 -9.097242
v 1.325094 5.462740 -9.095684
v 1.194437 5.448283 -9.372299
v 1.193657 5.454240 -9.371732
v 1.191008 5.459337 -9.369808
v 1.186928 5.462740 -9.366844
v 0.977192 5.448283 -9.589546
v 0.976625 5.454240 -9.588766
v 0.974701 5.459337 -9.586116
v 0.971737 5.462740 -9.582037
v 0.703447 5.448283 -9.729026
v 0.703148 5.454240 -9.728109
v 0.702137 5.459337 -9.724994
v 0.700579 5.462740 -9.720199
v 0.399994 5.448283 -9.777088
v 0.399994 5.454240 -9.776123
v 0.399994 5.459337 -9.772850
v 0.399994 5.462740 -9.767807
v 0.096540 5.448283 -9.729026
v 0.096838 5.454240 -9.728109
v 0.097851 5.459337 -9.724994
v 0.099409 5.462740 -9.720199
v -0.177202 5.448283 -9.589546
v -0.176634 5.454240 -9.588764
v -0.174709 5.459337 -9.586116
v -0.171745 5.462740 -9.582035
v -0.394449 5.448283 -9.372299
v -0.393669 5.454240 -9.371730
v -0.391020 5.459337 -9.369808
v -0.386940 5.462740 -9.366844
v -0.533932 5.448283 -9.098552
v -0.533014 5.454240 -9.098255
v -0.529900 5.459337 -9.097242
v -0.525104 5.462740 -9.095684
v -0.581995 5.448283 -8.795101
v -0.581030 5.454240 -8.795101
v -0.577755 5.459337 -8.795101
v -0.572712 5.462740 -8.795101
v -0.533932 5.448283 -8.491649
v -0.533014 5.454240 -8.491947
v -0.529900 5.459337 -8.492960
v -0.525104 5.462740 -8.494518
v -0.394449 5.448283 -8.217903
v -0.393669 5.454240 -8.218471
v -0.391020 5.459337 -8.220396
v -0.386940 5.462740 -8.223360
v -0.177206 5.448283 -8.000656
v -0.176640 5.454240 -8.001438
v -0.174715 5.459337 -8.004085
v -0.171751 5.462740 -8.008167
v 0.096542 5.448283 -7.861175
v 0.096842 5.454240 -7.862093
v 0.097853 5.459337 -7.865207
v 0.099411 5.462740 -7.870002
v 1.062710 5.807649 -7.882953
v 0.748405 5.807649 -7.722807
v 1.312143 5.807649 -8.132387
v 1.472286 5.807649 -8.446691
v 1.527472 5.807649 -8.795101
v 1.472288 5.807649 -9.143511
v 1.312141 5.807649 -9.457815
v 1.062708 5.807649 -9.707248
v 0.748405 5.807649 -9.867393
v 0.399994 5.807649 -9.922577
v 0.051582 5.807649 -9.867393
v -0.262718 5.807649 -9.707248
v -0.512152 5.807649 -9.457815
v -0.672300 5.807649 -9.143511
v -0.727484 5.807649 -8.795101
v -0.672300 5.807649 -8.446691
v -0.512154 5.807649 -8.132389
v -0.262722 5.807649 -7.882953
v 0.051584 5.807649 -7.722809
v 0.399996 5.807649 -7.667625
v 1.044855 5.857649 -7.907528
v 0.739019 5.857649 -7.751693
v 1.287569 5.857649 -8.150240
v 1.443399 5.857649 -8.456077
v 1.497097 5.857649 -8.795101
v 1.443401 5.857649 -9.134124
v 1.287567 5.857649 -9.439962
v 1.044855 5.857649 -9.682674
v 0.739019 5.857649 -9.838508
v 0.399994 5.857649 -9.892204
v 0.060968 5.857649 -9.838508
v -0.244865 5.857649 -9.682674
v -0.487579 5.857649 -9.439962
v -0.643412 5.857649 -9.134124
v -0.697109 5.857649 -8.795101
v -0.643412 5.857649 -8.456077
v -0.487579 5.857649 -8.150242
v -0.244869 5.857649 -7.907528
v 0.060970 5.857649 -7.751695
v 0.399996 5.857649 -7.697998
v 1.081217 5.732651 -7.857481
v 1.078783 5.756749 -7.860830
v 1.072901 5.779104 -7.868925
v 0.758137 5.732651 -7.692861
v 0.756857 5.756749 -7.696800
v 0.753765 5.779104 -7.706316
v 1.337616 5.732651 -8.113880
v 1.334267 5.756749 -8.116314
v 1.326170 5.779104 -8.122196
v 1.502232 5.732651 -8.436962
v 1.498295 5.756749 -8.438240
v 1.488779 5.779104 -8.441333
v 1.558956 5.732651 -8.795101
v 1.554817 5.756749 -8.795101
v 1.544811 5.779104 -8.795101
v 1.502234 5.732651 -9.153240
v 1.498297 5.756749 -9.151962
v 1.488781 5.779104 -9.148868
v 1.337614 5.732651 -9.476322
v 1.334265 5.756749 -9.473888
v 1.326168 5.779104 -9.468008
v 1.081215 5.732651 -9.732721
v 1.078781 5.756749 -9.729372
v 1.072901 5.779104 -9.721277
v 0.758135 5.732651 -9.897339
v 0.756857 5.756749 -9.893402
v 0.753765 5.779104 -9.883886
v 0.399994 5.732651 -9.954063
v 0.399994 5.756749 -9.949924
v 0.399994 5.779104 -9.939918
v 0.041853 5.732651 -9.897339
v 0.043131 5.756749 -9.893402
v 0.046225 5.779104 -9.883886
v -0.281225 5.732651 -9.732721
v -0.278791 5.756749 -9.729372
v -0.272911 5.779104 -9.721275
v -0.537624 5.732651 -9.476322
v -0.534275 5.756749 -9.473888
v -0.526180 5.779104 -9.468008
v -0.702244 5.732651 -9.153240
v -0.698307 5.756749 -9.151962
v -0.688791 5.779104 -9.148868
v -0.758968 5.732651 -8.795101
v -0.754829 5.756749 -8.795101
v -0.744823 5.779104 -8.795101
v -0.702244 5.732651 -8.436962
v -0.698307 5.756749 -8.438240
v -0.688791 5.779104 -8.441333
v -0.537626 5.732651 -8.113880
v -0.534277 5.756749 -8.116314
v -0.526182 5.779104 -8.122196
v -0.281229 5.732651 -7.857481
v -0.278797 5.756749 -7.860830
v -0.272915 5.779104 -7.868927
v 0.041855 5.732651 -7.692863
v 0.043135 5.756749 -7.696800
v 0.046227 5.779104 -7.706316
v 0.399996 5.732651 -7.636139
v 0.399996 5.756749 -7.640278
v 0.399996 5.779104 -7.650284
v 1.081919 5.688426 -7.856514
v 1.080574 5.669794 -7.858364
v 1.076532 5.652298 -7.863928
v 0.755674 5.652298 -7.700441
v 0.757799 5.669794 -7.693901
v 0.758505 5.688426 -7.691724
v 0.399996 5.652298 -7.644108
v 0.399996 5.669794 -7.637230
v 0.399996 5.688426 -7.634943
v 0.044317 5.652298 -7.700443
v 0.042193 5.669794 -7.693901
v 0.041487 5.688426 -7.691726
v -0.276546 5.652298 -7.863929
v -0.280588 5.669794 -7.858364
v -0.281933 5.688426 -7.856514
v -0.531177 5.652298 -8.118564
v -0.536743 5.669794 -8.114523
v -0.538593 5.688426 -8.113178
v -0.694666 5.652298 -8.439424
v -0.701206 5.669794 -8.437298
v -0.703381 5.688426 -8.436592
v -0.750999 5.652298 -8.795101
v -0.757877 5.669794 -8.795101
v -0.760164 5.688426 -8.795101
v -0.694666 5.652298 -9.150779
v -0.701206 5.669794 -9.152904
v -0.703381 5.688426 -9.153610
v -0.531177 5.652298 -9.471637
v -0.536741 5.669794 -9.475681
v -0.538591 5.688426 -9.477024
v -0.276541 5.652298 -9.726272
v -0.280582 5.669794 -9.731838
v -0.281927 5.688426 -9.733688
v 0.044315 5.652298 -9.889761
v 0.042191 5.669794 -9.896301
v 0.041483 5.688426 -9.898475
v 0.399994 5.652298 -9.946094
v 0.399994 5.669794 -9.952972
v 0.399994 5.688426 -9.955259
v 0.755672 5.652298 -9.889761
v 0.757799 5.669794 -9.896301
v 0.758505 5.688426 -9.898475
v 1.076530 5.652298 -9.726274
v 1.080574 5.669794 -9.731838
v 1.081919 5.688426 -9.733688
v 1.331165 5.652298 -9.471637
v 1.336729 5.669794 -9.475681
v 1.338581 5.688426 -9.477024
v 1.494656 5.652298 -9.150778
v 1.501196 5.669794 -9.152904
v 1.503370 5.688426 -9.153610
v 1.550987 5.652298 -8.795101
v 1.557865 5.669794 -8.795101
v 1.560152 5.688426 -8.795101
v 1.494654 5.652298 -8.439424
v 1.501194 5.669794 -8.437299
v 1.503368 5.688426 -8.436592
v 1.331167 5.652298 -8.118564
v 1.336731 5.669794 -8.114521
v 1.338583 5.688426 -8.113178
v 1.033552 5.557545 -7.923084
v 1.011877 5.528265 -7.952915
v 0.987366 5.506191 -7.986654
v 1.272013 5.557545 -8.161543
v 1.242180 5.528265 -8.183218
v 1.208441 5.506191 -8.207729
v 1.425112 5.557545 -8.462021
v 1.390041 5.528265 -8.473415
v 1.350380 5.506191 -8.486301
v 1.477867 5.557545 -8.795101
v 1.440992 5.528265 -8.795101
v 1.399290 5.506191 -8.795101
v 1.425114 5.557545 -9.128181
v 1.390043 5.528265 -9.116787
v 1.350382 5.506191 -9.103901
v 1.272011 5.557545 -9.428659
v 1.242178 5.528265 -9.406984
v 1.208439 5.506191 -9.382473
v 1.033552 5.557545 -9.667118
v 1.011877 5.528265 -9.637287
v 0.987366 5.506191 -9.603548
v 0.733078 5.557545 -9.820219
v 0.721682 5.528265 -9.785148
v 0.708796 5.506191 -9.745487
v 0.399994 5.557545 -9.872974
v 0.399994 5.528265 -9.836099
v 0.399994 5.506191 -9.794395
v 0.066910 5.557545 -9.820219
v 0.078306 5.528265 -9.785148
v 0.091192 5.506191 -9.745487
v -0.233561 5.557545 -9.667118
v -0.211887 5.528265 -9.637287
v -0.187374 5.506191 -9.603548
v -0.472021 5.557545 -9.428657
v -0.442190 5.528265 -9.406984
v -0.408451 5.506191 -9.382473
v -0.625124 5.557545 -9.128181
v -0.590054 5.528265 -9.116787
v -0.550392 5.506191 -9.103901
v -0.677879 5.557545 -8.795101
v -0.641005 5.528265 -8.795101
v -0.599302 5.506191 -8.795101
v -0.625124 5.557545 -8.462021
v -0.590054 5.528265 -8.473415
v -0.550392 5.506191 -8.486301
v -0.472023 5.557545 -8.161544
v -0.442190 5.528265 -8.183220
v -0.408451 5.506191 -8.207731
v -0.233566 5.557545 -7.923084
v -0.211891 5.528265 -7.952917
v -0.187380 5.506191 -7.986654
v 0.066914 5.557545 -7.769985
v 0.078308 5.528265 -7.805053
v 0.091194 5.506191 -7.844715
v 0.399996 5.557545 -7.717228
v 0.399996 5.528265 -7.754104
v 0.399996 5.506191 -7.795807
v 0.733078 5.557545 -7.769983
v 0.721684 5.528265 -7.805053
v 0.708796 5.506191 -7.844715
v 1.093178 6.441268 -7.841018
v 0.764425 6.441268 -7.673507
v 1.354078 6.441268 -8.101919
v 1.521586 6.441268 -8.430673
v 1.579306 6.441268 -8.795101
v 1.521587 6.441268 -9.159528
v 1.354076 6.441268 -9.488285
v 1.093176 6.441268 -9.749183
v 0.764423 6.441268 -9.916692
v 0.399994 6.441268 -9.974413
v 0.035564 6.441268 -9.916692
v -0.293186 6.441268 -9.749183
v -0.554089 6.441268 -9.488283
v -0.721598 6.441268 -9.159530
v -0.779318 6.441268 -8.795101
v -0.721598 6.441268 -8.430671
v -0.554089 6.441268 -8.101921
v -0.293190 6.441268 -7.841018
v 0.035568 6.441268 -7.673509
v 0.399996 6.441268 -7.615789
v 0.958822 6.441268 -8.025940
v 0.693790 6.441268 -7.890899
v 0.399994 6.441266 -8.795101
v 1.169155 6.441268 -8.236273
v 1.304195 6.441268 -8.501308
v 1.350729 6.441268 -8.795101
v 1.304197 6.441268 -9.088894
v 1.169153 6.441268 -9.353927
v 0.958820 6.441268 -9.564262
v 0.693789 6.441268 -9.699302
v 0.399994 6.441268 -9.745834
v 0.106199 6.441268 -9.699302
v -0.158831 6.441268 -9.564262
v -0.369165 6.441268 -9.353927
v -0.504208 6.441268 -9.088894
v -0.550741 6.441268 -8.795101
v -0.504208 6.441268 -8.501308
v -0.369165 6.441268 -8.236274
v -0.158836 6.441268 -8.025942
v 0.106201 6.441268 -7.890899
v 0.399996 6.441268 -7.844368
v 0.991756 6.007648 -7.980610
v 1.006544 6.028396 -7.960258
v 1.025274 6.042121 -7.934478
v 1.093178 6.086015 -7.841018
v 0.711105 6.007648 -7.837608
v 0.718878 6.028396 -7.813684
v 0.728725 6.042119 -7.783378
v 0.764425 6.086015 -7.673507
v 1.214485 6.007648 -8.203338
v 1.234839 6.028396 -8.188553
v 1.260618 6.042121 -8.169822
v 1.354078 6.086015 -8.101919
v 1.357485 6.007648 -8.483993
v 1.381411 6.028396 -8.476219
v 1.411717 6.042121 -8.466373
v 1.521586 6.086015 -8.430673
v 1.406761 6.007648 -8.795101
v 1.431917 6.028396 -8.795101
v 1.463783 6.042121 -8.795101
v 1.579306 6.086015 -8.795101
v 1.357487 6.007648 -9.106208
v 1.381413 6.028396 -9.113983
v 1.411718 6.042121 -9.123829
v 1.521587 6.086015 -9.159528
v 1.214485 6.007648 -9.386863
v 1.234837 6.028396 -9.401649
v 1.260616 6.042119 -9.420379
v 1.354076 6.086015 -9.488285
v 0.991756 6.007648 -9.609592
v 1.006542 6.028396 -9.629944
v 1.025272 6.042121 -9.655723
v 1.093176 6.086015 -9.749183
v 0.711103 6.007648 -9.752594
v 0.718878 6.028396 -9.776518
v 0.728725 6.042121 -9.806823
v 0.764423 6.086015 -9.916692
v 0.399994 6.007648 -9.801868
v 0.399994 6.028396 -9.827022
v 0.399994 6.042121 -9.858890
v 0.399994 6.086015 -9.974413
v 0.088884 6.007648 -9.752594
v 0.081110 6.028396 -9.776518
v 0.071262 6.042121 -9.806823
v 0.035564 6.086015 -9.916692
v -0.191767 6.007648 -9.609592
v -0.206552 6.028396 -9.629944
v -0.225283 6.042121 -9.655723
v -0.293186 6.086015 -9.749183
v -0.414495 6.007648 -9.386863
v -0.434847 6.028396 -9.401649
v -0.460627 6.042121 -9.420379
v -0.554089 6.086015 -9.488283
v -0.557497 6.007648 -9.106208
v -0.581423 6.028396 -9.113983
v -0.611729 6.042121 -9.123830
v -0.721598 6.086015 -9.159530
v -0.606773 6.007648 -8.795101
v -0.631929 6.028396 -8.795101
v -0.663795 6.042121 -8.795101
v -0.779318 6.086015 -8.795101
v -0.557497 6.007648 -8.483993
v -0.581423 6.028396 -8.476219
v -0.611729 6.042121 -8.466371
v -0.721598 6.086015 -8.430671
v -0.414497 6.007648 -8.203338
v -0.434849 6.028396 -8.188553
v -0.460628 6.042121 -8.169822
v -0.554089 6.086015 -8.101921
v -0.191771 6.007648 -7.980610
v -0.206556 6.028396 -7.960258
v -0.225286 6.042121 -7.934478
v -0.293190 6.086015 -7.841018
v 0.088886 6.007648 -7.837610
v 0.081114 6.028396 -7.813686
v 0.071266 6.042121 -7.783378
v 0.035568 6.086015 -7.673509
v 0.399994 6.007648 -7.788334
v 0.399994 6.028396 -7.763179
v 0.399994 6.042121 -7.731311
v 0.399996 6.086015 -7.615789
v 1.029463 5.882651 -7.928714
v 1.012573 5.902393 -7.951961
v 0.992836 5.912154 -7.979126
v 0.730927 5.882651 -7.776601
v 0.722048 5.902393 -7.803928
v 0.711672 5.912154 -7.835865
v 1.266382 5.882651 -8.165634
v 1.243135 5.902393 -8.182523
v 1.215969 5.912154 -8.202259
v 1.418493 5.882651 -8.464170
v 1.391165 5.902393 -8.473049
v 1.359230 5.912154 -8.483425
v 1.470907 5.882651 -8.795101
v 1.442173 5.902393 -8.795101
v 1.408594 5.912154 -8.795101
v 1.418495 5.882651 -9.126032
v 1.391167 5.902393 -9.117153
v 1.359232 5.912154 -9.106777
v 1.266380 5.882651 -9.424568
v 1.243134 5.902393 -9.407680
v 1.215969 5.912154 -9.387943
v 1.029461 5.882651 -9.661487
v 1.012571 5.902393 -9.638241
v 0.992834 5.912154 -9.611076
v 0.730927 5.882651 -9.813600
v 0.722048 5.902393 -9.786272
v 0.711672 5.912154 -9.754337
v 0.399994 5.882651 -9.866014
v 0.399994 5.902393 -9.837280
v 0.399994 5.912154 -9.803703
v 0.069061 5.882651 -9.813600
v 0.077940 5.902393 -9.786272
v 0.088318 5.912154 -9.754337
v -0.229471 5.882651 -9.661487
v -0.212582 5.902393 -9.638241
v -0.192844 5.912154 -9.611076
v -0.466392 5.882651 -9.424568
v -0.443146 5.902393 -9.407678
v -0.415979 5.912154 -9.387943
v -0.618505 5.882651 -9.126033
v -0.591177 5.902393 -9.117153
v -0.559242 5.912154 -9.106777
v -0.670919 5.882651 -8.795101
v -0.642185 5.902393 -8.795101
v -0.608606 5.912154 -8.795101
v -0.618505 5.882651 -8.464170
v -0.591177 5.902393 -8.473049
v -0.559242 5.912154 -8.483425
v -0.466392 5.882651 -8.165634
v -0.443146 5.902393 -8.182525
v -0.415981 5.912154 -8.202261
v -0.229475 5.882651 -7.928714
v -0.212585 5.902393 -7.951961
v -0.192848 5.912154 -7.979126
v 0.069063 5.882651 -7.776601
v 0.077944 5.902393 -7.803930
v 0.088320 5.912154 -7.835865
v 0.399996 5.882651 -7.724188
v 0.399996 5.902393 -7.752922
v 0.399996 5.912154 -7.786499
v 0.969439 5.947443 -8.011329
v 0.971767 5.931509 -8.008121
v 0.978228 5.919200 -7.999229
v 0.987343 5.913320 -7.986686
v 0.699371 5.947443 -7.873722
v 0.700596 5.931509 -7.869951
v 0.703993 5.919200 -7.859499
v 0.708784 5.913320 -7.844751
v 1.183765 5.947443 -8.225658
v 1.186974 5.931509 -8.223327
v 1.195866 5.919200 -8.216867
v 1.208410 5.913320 -8.207752
v 1.321373 5.947443 -8.495727
v 1.325142 5.931509 -8.494503
v 1.335596 5.919200 -8.491104
v 1.350344 5.913320 -8.486313
v 1.368790 5.947443 -8.795101
v 1.372753 5.931509 -8.795101
v 1.383745 5.919200 -8.795101
v 1.399250 5.913320 -8.795101
v 1.321375 5.947443 -9.094474
v 1.325144 5.931509 -9.095699
v 1.335598 5.919200 -9.099098
v 1.350346 5.913320 -9.103889
v 1.183765 5.947443 -9.364544
v 1.186972 5.931509 -9.366874
v 1.195864 5.919200 -9.373335
v 1.208408 5.913320 -9.382450
v 0.969437 5.947443 -9.578872
v 0.971767 5.931509 -9.582081
v 0.978228 5.919200 -9.590973
v 0.987343 5.913320 -9.603515
v 0.699371 5.947443 -9.716480
v 0.700596 5.931509 -9.720249
v 0.703991 5.919200 -9.730703
v 0.708784 5.913320 -9.745451
v 0.399994 5.947443 -9.763897
v 0.399994 5.931509 -9.767860
v 0.399994 5.919200 -9.778850
v 0.399994 5.913320 -9.794357
v 0.100618 5.947443 -9.716480
v 0.099394 5.931509 -9.720249
v 0.095997 5.919200 -9.730703
v 0.091206 5.913320 -9.745451
v -0.169447 5.947443 -9.578872
v -0.171778 5.931509 -9.582081
v -0.178238 5.919200 -9.590973
v -0.187353 5.913320 -9.603515
v -0.383776 5.947443 -9.364544
v -0.386984 5.931509 -9.366874
v -0.395876 5.919200 -9.373335
v -0.408421 5.913320 -9.382450
v -0.521385 5.947443 -9.094474
v -0.525156 5.931509 -9.095701
v -0.535608 5.919200 -9.099098
v -0.550356 5.913320 -9.103889
v -0.568802 5.947443 -8.795101
v -0.572765 5.931509 -8.795101
v -0.583757 5.919200 -8.795101
v -0.599262 5.913320 -8.795101
v -0.521385 5.947443 -8.495727
v -0.525156 5.931509 -8.494503
v -0.535608 5.919200 -8.491104
v -0.550356 5.913320 -8.486313
v -0.383778 5.947443 -8.225658
v -0.386984 5.931509 -8.223327
v -0.395876 5.919200 -8.216869
v -0.408421 5.913320 -8.207754
v -0.169451 5.947443 -8.011329
v -0.171781 5.931509 -8.008121
v -0.178242 5.919200 -7.999231
v -0.187357 5.913320 -7.986686
v 0.100620 5.947443 -7.873722
v 0.099396 5.931509 -7.869953
v 0.095999 5.919200 -7.859501
v 0.091208 5.913320 -7.844753
v 0.399996 5.947443 -7.826305
v 0.399996 5.931509 -7.822342
v 0.399996 5.919200 -7.811351
v 0.399996 5.913320 -7.795845
v 0.969439 5.965406 -8.011329
v 0.971327 5.981088 -8.008730
v 0.976696 5.994312 -8.001339
v 0.984692 6.002992 -7.990333
v 0.699371 5.965406 -7.873722
v 0.700363 5.981088 -7.870666
v 0.703186 5.994312 -7.861978
v 0.707390 6.002992 -7.849041
v 1.183765 5.965406 -8.225658
v 1.186365 5.981088 -8.223770
v 1.193756 5.994312 -8.218399
v 1.204762 6.002992 -8.210403
v 1.321373 5.965406 -8.495727
v 1.324429 5.981088 -8.494734
v 1.333115 5.994312 -8.491911
v 1.346054 6.002992 -8.487707
v 1.368790 5.965406 -8.795101
v 1.372002 5.981088 -8.795101
v 1.381136 5.994312 -8.795101
v 1.394741 6.002992 -8.795101
v 1.321375 5.965406 -9.094474
v 1.324431 5.981088 -9.095468
v 1.333117 5.994312 -9.098291
v 1.346056 6.002992 -9.102495
v 1.183765 5.965406 -9.364544
v 1.186363 5.981088 -9.366432
v 1.193754 5.994312 -9.371803
v 1.204760 6.002992 -9.379799
v 0.969437 5.965406 -9.578872
v 0.971325 5.981088 -9.581472
v 0.976694 5.994312 -9.588863
v 0.984692 6.002992 -9.599868
v 0.699371 5.965406 -9.716480
v 0.700363 5.981088 -9.719536
v 0.703186 5.994312 -9.728222
v 0.707390 6.002992 -9.741161
v 0.399994 5.965406 -9.763897
v 0.399994 5.981088 -9.767109
v 0.399994 5.994312 -9.776243
v 0.399994 6.002992 -9.789848
v 0.100618 5.965406 -9.716480
v 0.099625 5.981088 -9.719536
v 0.096802 5.994312 -9.728222
v 0.092598 6.002992 -9.741161
v -0.169447 5.965406 -9.578872
v -0.171335 5.981088 -9.581470
v -0.176704 5.994312 -9.588861
v -0.184702 6.002992 -9.599868
v -0.383776 5.965406 -9.364544
v -0.386375 5.981088 -9.366432
v -0.393766 5.994312 -9.371803
v -0.404772 6.002992 -9.379799
v -0.521385 5.965406 -9.094474
v -0.524441 5.981088 -9.095468
v -0.533129 5.994312 -9.098291
v -0.546066 6.002992 -9.102495
v -0.568802 5.965406 -8.795101
v -0.572014 5.981088 -8.795101
v -0.581148 5.994312 -8.795101
v -0.594753 6.002992 -8.795101
v -0.521385 5.965406 -8.495727
v -0.524441 5.981088 -8.494734
v -0.533129 5.994312 -8.491911
v -0.546066 6.002992 -8.487707
v -0.383778 5.965406 -8.225658
v -0.386375 5.981088 -8.223770
v -0.393766 5.994312 -8.218401
v -0.404772 6.002992 -8.210405
v -0.169451 5.965406 -8.011329
v -0.171339 5.981088 -8.008732
v -0.176710 5.994312 -8.001341
v -0.184706 6.002992 -7.990335
v 0.100620 5.965406 -7.873722
v 0.099628 5.981088 -7.870666
v 0.096806 5.994312 -7.861980
v 0.092602 6.002992 -7.849041
v 0.399996 5.965406 -7.826305
v 0.399996 5.981088 -7.823093
v 0.399996 5.994312 -7.813959
v 0.399994 6.002992 -7.800354
v -0.423639 6.441268 -7.971470
v -0.264000 6.441268 -8.131107
v 1.063988 6.441268 -9.459095
v 1.223627 6.441268 -9.618734
v 1.223627 6.441268 -7.971468
v 1.063988 6.441268 -8.131107
v -0.263998 6.441268 -9.459095
v -0.423637 6.441268 -9.618734
v -0.750458 6.441268 -8.977314
v -0.527473 6.441268 -8.941997
v 1.327461 6.441268 -8.648204
v 1.550446 6.441268 -8.612886
v -0.750458 6.441268 -8.612888
v -0.527473 6.441268 -8.648204
v 1.327463 6.441268 -8.941997
v 1.550448 6.441268 -8.977314
v 1.073153 3.411383 -7.868578
v 0.753895 3.411383 -7.705908
v 0.399994 3.411383 -7.649856
v 0.046093 3.411383 -7.705909
v -0.273165 3.411383 -7.868580
v -0.526529 3.411383 -8.121944
v -0.689199 3.411383 -8.441200
v -0.745251 3.411383 -8.795101
v -0.689199 3.411383 -9.149002
v -0.526529 3.411383 -9.468258
v -0.273163 3.411383 -9.721624
v 0.046093 3.411383 -9.884294
v 0.399994 3.411383 -9.940345
v 0.753895 3.411383 -9.884294
v 1.073153 3.411383 -9.721624
v 1.326517 3.411383 -9.468260
v 1.489187 3.411383 -9.149002
v 1.545240 3.411383 -8.795101
v 1.489187 3.411383 -8.441200
v 1.326517 3.411383 -8.121942
v 0.726408 3.958096 -7.790508
v 0.399994 3.958096 -7.738811
v 0.073582 3.958096 -7.790508
v -0.220879 3.958096 -7.940544
v -0.454563 3.958096 -8.174228
v -0.604597 3.958096 -8.468689
v -0.656296 3.958096 -8.795101
v -0.604597 3.958096 -9.121513
v -0.454563 3.958096 -9.415973
v -0.220877 3.958096 -9.649658
v 0.073582 3.958096 -9.799694
v 0.399994 3.958096 -9.851391
v 0.726406 3.958096 -9.799694
v 1.020866 3.958096 -9.649658
v 1.254551 3.958096 -9.415973
v 1.404587 3.958096 -9.121513
v 1.456286 3.958096 -8.795101
v 1.404585 3.958096 -8.468689
v 1.254551 3.958096 -8.174228
v 1.020866 3.958096 -7.940544
v 0.700752 4.468361 -7.869470
v 0.399994 4.468361 -7.821834
v 0.099237 4.468361 -7.869470
v -0.172079 4.468361 -8.007713
v -0.387394 4.468361 -8.223030
v -0.525637 4.468361 -8.494346
v -0.573273 4.468361 -8.795101
v -0.525637 4.468361 -9.095855
v -0.387394 4.468361 -9.367172
v -0.172075 4.468361 -9.582489
v 0.099237 4.468361 -9.720731
v 0.399994 4.468361 -9.768367
v 0.700750 4.468361 -9.720731
v 0.972065 4.468361 -9.582489
v 1.187382 4.468361 -9.367172
v 1.325626 4.468361 -9.095855
v 1.373261 4.468361 -8.795101
v 1.325625 4.468361 -8.494346
v 1.187384 4.468361 -8.223030
v 0.972065 4.468361 -8.007713
v 0.681511 4.851060 -7.928692
v 0.399994 4.851060 -7.884103
v 0.118481 4.851060 -7.928692
v -0.135479 4.851060 -8.058090
v -0.337017 4.851060 -8.259632
v -0.466415 4.851060 -8.513588
v -0.511003 4.851060 -8.795101
v -0.466415 4.851060 -9.076614
v -0.337017 4.851060 -9.330572
v -0.135475 4.851060 -9.532114
v 0.118479 4.851060 -9.661510
v 0.399994 4.851060 -9.706098
v 0.681509 4.851060 -9.661510
v 0.935465 4.851060 -9.532114
v 1.137005 4.851060 -9.330572
v 1.266405 4.851060 -9.076614
v 1.310991 4.851060 -8.795101
v 1.266403 4.851060 -8.513588
v 1.137007 4.851060 -8.259630
v 0.935465 4.851060 -8.058088
v 1.499847 7.160184 -8.437736
v 1.515217 7.153572 -8.432743
v 1.521584 7.137609 -8.430673
v 1.354080 7.137609 -8.101919
v 1.348663 7.153572 -8.105854
v 1.335590 7.160184 -8.115352
v 1.304197 7.137609 -8.501308
v 1.310564 7.153572 -8.499239
v 1.325933 7.160184 -8.494245
v 1.187643 7.160184 -8.222839
v 1.174568 7.153572 -8.232338
v 1.169153 7.137609 -8.236273
v 1.223625 7.160184 -8.003391
v 1.223625 7.153572 -7.980819
v 1.223625 7.137609 -7.971468
v 1.063986 7.137609 -8.131107
v 1.073338 7.153572 -8.131107
v 1.095911 7.160184 -8.131107
v 1.524616 7.160184 -8.594124
v 1.542879 7.153572 -8.607391
v 1.550444 7.137609 -8.612886
v 1.346226 7.160184 -8.622377
v 1.332956 7.153572 -8.640640
v 1.327459 7.137609 -8.648204
v 1.327461 7.137609 -8.941997
v 1.332956 7.153572 -8.949562
v 1.346226 7.160184 -8.967825
v 1.524618 7.160184 -8.996078
v 1.542881 7.153572 -8.982811
v 1.550446 7.137609 -8.977314
v 1.499851 7.160184 -9.152466
v 1.515221 7.153572 -9.157459
v 1.521587 7.137609 -9.159528
v 1.304195 7.137609 -9.088894
v 1.310562 7.153572 -9.090961
v 1.325932 7.160184 -9.095956
v 1.335587 7.160184 -9.474849
v 1.348661 7.153572 -9.484348
v 1.354076 7.137609 -9.488285
v 1.169153 7.137609 -9.353927
v 1.174570 7.153572 -9.357864
v 1.187643 7.160184 -9.367363
v 1.223627 7.160184 -9.586811
v 1.223627 7.153572 -9.609382
v 1.223627 7.137609 -9.618734
v 1.095911 7.160184 -9.459095
v 1.073338 7.153572 -9.459095
v 1.063988 7.137609 -9.459095
v 0.399992 7.160184 -9.951557
v 0.399992 7.153572 -9.967720
v 0.399992 7.137609 -9.974413
v 0.764423 7.137609 -9.916692
v 0.755743 7.153572 -9.911373
v 0.734787 7.160184 -9.898533
v 0.399994 7.137609 -9.745834
v 0.399994 7.153572 -9.752529
v 0.399994 7.160184 -9.768690
v 0.678278 7.160184 -9.724613
v 0.689247 7.153572 -9.706716
v 0.693789 7.137609 -9.699302
v 0.065199 7.160184 -9.898533
v 0.044243 7.153572 -9.911373
v 0.035563 7.137609 -9.916692
v 0.121708 7.160184 -9.724613
v 0.110741 7.153572 -9.706716
v 0.106197 7.137609 -9.699302
v -0.264000 7.137609 -9.459095
v -0.273350 7.153572 -9.459095
v -0.295923 7.160184 -9.459095
v -0.423639 7.160184 -9.586811
v -0.423639 7.153572 -9.609382
v -0.423639 7.137609 -9.618734
v -0.535599 7.160184 -9.474849
v -0.548674 7.153572 -9.484348
v -0.554090 7.137609 -9.488283
v -0.369167 7.137609 -9.353927
v -0.374582 7.153572 -9.357862
v -0.387657 7.160184 -9.367363
v -0.699861 7.160184 -9.152466
v -0.715233 7.153572 -9.157461
v -0.721598 7.137609 -9.159530
v -0.504209 7.137609 -9.088894
v -0.510576 7.153572 -9.090961
v -0.525946 7.160184 -9.095956
v -0.724632 7.160184 -8.996078
v -0.742893 7.153572 -8.982811
v -0.750458 7.137609 -8.977314
v -0.546240 7.160184 -8.967825
v -0.532970 7.153572 -8.949562
v -0.527473 7.137609 -8.941997
v -0.535601 7.160184 -8.115352
v -0.548675 7.153572 -8.105854
v -0.554090 7.137609 -8.101921
v -0.721598 7.137609 -8.430671
v -0.715231 7.153572 -8.432743
v -0.699861 7.160184 -8.437736
v -0.369165 7.137609 -8.236274
v -0.374580 7.153572 -8.232340
v -0.387655 7.160184 -8.222841
v -0.525944 7.160184 -8.494245
v -0.510574 7.153572 -8.499241
v -0.504208 7.137609 -8.501308
v -0.423641 7.160184 -8.003393
v -0.423641 7.153572 -7.980819
v -0.423641 7.137609 -7.971470
v -0.295925 7.160184 -8.131107
v -0.273352 7.153572 -8.131107
v -0.264002 7.137609 -8.131107
v -0.724630 7.160184 -8.594124
v -0.742893 7.153572 -8.607391
v -0.750458 7.137609 -8.612888
v -0.527473 7.137609 -8.648204
v -0.532970 7.153572 -8.640640
v -0.546238 7.160184 -8.622377
v 0.399996 7.160184 -7.638645
v 0.399996 7.153572 -7.622482
v 0.399996 7.137609 -7.615789
v 0.035568 7.137609 -7.673509
v 0.044249 7.153572 -7.678829
v 0.065205 7.160184 -7.691669
v 0.399996 7.137609 -7.844368
v 0.399996 7.153572 -7.837673
v 0.399996 7.160184 -7.821512
v 0.121714 7.160184 -7.865589
v 0.110745 7.153572 -7.883485
v 0.106201 7.137609 -7.890899
v 0.734789 7.160184 -7.691669
v 0.755745 7.153572 -7.678827
v 0.764425 7.137609 -7.673507
v 0.678280 7.160184 -7.865587
v 0.689247 7.153572 -7.883485
v 0.693790 7.137609 -7.890899
v 1.223627 6.086015 -7.971468
v 1.646862 0.909641 -7.548233
v 1.646862 1.090358 -7.548233
v 1.646862 1.430364 -7.548233
v 1.643633 1.453323 -7.551462
v 1.634436 1.472786 -7.560657
v 1.620674 1.485791 -7.574421
v 1.604439 1.490358 -7.590656
v 1.522812 1.490358 -7.672283
v 1.514128 1.493650 -7.680969
v 1.507769 1.502642 -7.687328
v 1.505440 1.514925 -7.689655
v 1.505440 1.524191 -7.689655
v 1.507095 1.536142 -7.687999
v 1.511818 1.546334 -7.683277
v 1.518900 1.553256 -7.676195
v 1.576159 1.588558 -7.618936
v 1.594458 1.593552 -7.600637
v 1.611509 1.608192 -7.583585
v 1.626154 1.631482 -7.568941
v 1.637388 1.661835 -7.557705
v 1.644453 1.697181 -7.550642
v 1.646862 1.735111 -7.548233
v 1.646862 1.793765 -7.548233
v 1.642555 1.838638 -7.552540
v 1.633230 1.879754 -7.561865
v 1.614483 1.913837 -7.580612
v 1.578642 1.959580 -7.616451
v 1.529875 2.010413 -7.665218
v 1.449595 2.094189 -7.745500
v 1.363596 2.175938 -7.831501
v 1.350782 2.212802 -7.844312
v 1.347715 2.253165 -7.847379
v 1.354788 2.292510 -7.840307
v 1.371090 2.325783 -7.824005
v 1.375338 2.331787 -7.819759
v 1.387896 2.358376 -7.807199
v 1.392309 2.389736 -7.802786
v 1.392309 2.421844 -7.802786
v 1.387896 2.453205 -7.807199
v 1.375338 2.479794 -7.819759
v 1.349878 2.515795 -7.845215
v 1.329878 2.537506 -7.865217
v 1.306597 2.551139 -7.888496
v 1.281603 2.555790 -7.913492
v 1.229002 2.573536 -7.966095
v 1.222050 2.578372 -7.973045
v 1.217245 2.586975 -7.977850
v 1.215532 2.597662 -7.979562
v 1.215532 2.614553 -7.979562
v 1.217257 2.625244 -7.977840
v 1.222086 2.633830 -7.973011
v 1.229061 2.638612 -7.966034
v 1.281603 2.655790 -7.913492
v 1.306597 2.660441 -7.888496
v 1.329878 2.674073 -7.865217
v 1.349878 2.695786 -7.845215
v 1.375338 2.731787 -7.819759
v 1.387896 2.758375 -7.807199
v 1.392309 2.789736 -7.802786
v 1.392309 2.821844 -7.802786
v 1.387896 2.853204 -7.807199
v 1.375338 2.879792 -7.819759
v 1.321598 2.955789 -7.873497
v 1.199835 3.411383 -7.995260
v 1.137709 3.958096 -8.057386
v 1.079725 4.468361 -8.115371
v 1.036236 4.851060 -8.158859
v 1.041464 5.233761 -8.153629
v 1.029814 5.255268 -8.165281
v 1.034292 5.275786 -8.160801
v 1.061684 5.307178 -8.133411
v 1.070385 5.335884 -8.124710
v 1.077234 5.365660 -8.117859
v 1.082172 5.396235 -8.112922
v 1.085152 5.427341 -8.109943
v 1.085815 5.448283 -8.109279
v 1.085142 5.454240 -8.109953
v 1.082855 5.459337 -8.112240
v 1.079332 5.462740 -8.115760
v 1.069111 5.468778 -8.125984
v 1.065680 5.472797 -8.129417
v 1.064383 5.478870 -8.130712
v 1.065661 5.484950 -8.129432
v 1.069082 5.488989 -8.126011
v 1.097902 5.506191 -8.097191
v 1.127028 5.528265 -8.068067
v 1.152782 5.557545 -8.042312
v 1.168812 5.579515 -8.026283
v 1.195627 5.630768 -7.999469
v 1.203850 5.652298 -7.991245
v 1.208653 5.669794 -7.986442
v 1.210251 5.688426 -7.984846
v 1.210192 5.707648 -7.984903
v 1.209417 5.732651 -7.985679
v 1.206526 5.756749 -7.988571
v 1.199535 5.779104 -7.995559
v 1.187426 5.807649 -8.007671
v 1.166212 5.857649 -8.028883
v 1.147923 5.882651 -8.047174
v 1.127855 5.902393 -8.067241
v 1.104403 5.912154 -8.090692
v 1.097876 5.913320 -8.097219
v 1.087046 5.919200 -8.108049
v 1.079371 5.931509 -8.115724
v 1.076601 5.947443 -8.118494
v 1.076601 5.965406 -8.118494
v 1.078846 5.981088 -8.116249
v 1.085226 5.994312 -8.109871
v 1.094727 6.002992 -8.100368
v 1.103121 6.007648 -8.091974
v 1.120691 6.028396 -8.074405
v 1.142946 6.042121 -8.052150
v 1.550446 6.086015 -8.612886
v 2.141623 0.909641 -8.519254
v 2.141623 1.090358 -8.519254
v 2.141623 1.430364 -8.519254
v 2.137110 1.453323 -8.519970
v 2.124266 1.472786 -8.522003
v 2.105042 1.485791 -8.525047
v 2.082365 1.490358 -8.528640
v 1.968348 1.490358 -8.546697
v 1.956217 1.493650 -8.548620
v 1.947334 1.502642 -8.550026
v 1.944084 1.514925 -8.550541
v 1.944084 1.524191 -8.550541
v 1.946394 1.536142 -8.550174
v 1.952992 1.546334 -8.549129
v 1.962885 1.553256 -8.547563
v 2.042864 1.588558 -8.534897
v 2.068422 1.593552 -8.530847
v 2.092241 1.608192 -8.527075
v 2.112696 1.631482 -8.523836
v 2.128389 1.661835 -8.521351
v 2.138256 1.697181 -8.519787
v 2.141623 1.735111 -8.519254
v 2.141623 1.793765 -8.519254
v 2.135607 1.838638 -8.520206
v 2.122580 1.879754 -8.522270
v 2.096396 1.913837 -8.526416
v 2.046333 1.959580 -8.534347
v 1.978216 2.010413 -8.545135
v 1.866077 2.094189 -8.562896
v 1.745953 2.175938 -8.581922
v 1.728056 2.212802 -8.584757
v 1.723776 2.253165 -8.585434
v 1.733652 2.292510 -8.583870
v 1.756424 2.325783 -8.580263
v 1.762354 2.331787 -8.579324
v 1.779898 2.358376 -8.576545
v 1.786062 2.389736 -8.575569
v 1.786062 2.421844 -8.575569
v 1.779898 2.453205 -8.576545
v 1.762354 2.479794 -8.579324
v 1.726797 2.515795 -8.584957
v 1.698858 2.537506 -8.589382
v 1.666340 2.551139 -8.594532
v 1.631426 2.555790 -8.600061
v 1.557951 2.573536 -8.611698
v 1.548243 2.578372 -8.613235
v 1.541533 2.586975 -8.614299
v 1.539141 2.597662 -8.614677
v 1.539141 2.614553 -8.614677
v 1.541546 2.625244 -8.614296
v 1.548292 2.633830 -8.613228
v 1.558035 2.638612 -8.611684
v 1.631426 2.655790 -8.600061
v 1.666340 2.660441 -8.594532
v 1.698858 2.674073 -8.589382
v 1.726797 2.695786 -8.584957
v 1.762354 2.731787 -8.579324
v 1.779898 2.758375 -8.576545
v 1.786062 2.789736 -8.575569
v 1.786062 2.821844 -8.575569
v 1.779898 2.853204 -8.576545
v 1.762354 2.879792 -8.579324
v 1.687292 2.955789 -8.591213
v 1.517214 3.411383 -8.618150
v 1.430435 3.958096 -8.631895
v 1.349443 4.468361 -8.644724
v 1.288698 4.851060 -8.654344
v 1.296000 5.233761 -8.653186
v 1.279726 5.255268 -8.655765
v 1.285984 5.275786 -8.654773
v 1.324242 5.307178 -8.648714
v 1.336397 5.335884 -8.646789
v 1.345964 5.365660 -8.645273
v 1.352861 5.396235 -8.644182
v 1.357023 5.427341 -8.643522
v 1.357950 5.448283 -8.643375
v 1.357010 5.454240 -8.643524
v 1.353815 5.459337 -8.644031
v 1.348894 5.462740 -8.644809
v 1.334616 5.468778 -8.647072
v 1.329821 5.472797 -8.647831
v 1.328013 5.478870 -8.648117
v 1.329800 5.484950 -8.647834
v 1.334580 5.488989 -8.647077
v 1.374834 5.506191 -8.640701
v 1.415518 5.528265 -8.634258
v 1.451490 5.557545 -8.628559
v 1.473879 5.579515 -8.625013
v 1.511334 5.630768 -8.619081
v 1.522821 5.652298 -8.617262
v 1.529530 5.669794 -8.616199
v 1.531759 5.688426 -8.615846
v 1.531679 5.707648 -8.615860
v 1.530594 5.732651 -8.616031
v 1.526556 5.756749 -8.616670
v 1.516794 5.779104 -8.618217
v 1.499880 5.807649 -8.620895
v 1.470247 5.857649 -8.625589
v 1.444700 5.882651 -8.629635
v 1.416670 5.902393 -8.634075
v 1.383913 5.912154 -8.639263
v 1.374796 5.913320 -8.640707
v 1.359671 5.919200 -8.643102
v 1.348948 5.931509 -8.644802
v 1.345081 5.947443 -8.645412
v 1.345081 5.965406 -8.645412
v 1.348215 5.981088 -8.644916
v 1.357126 5.994312 -8.643505
v 1.370398 6.002992 -8.641403
v 1.382124 6.007648 -8.639547
v 1.406664 6.028396 -8.635660
v 1.437750 6.042121 -8.630737
v 1.550448 6.086015 -8.977314
v 1.223627 6.086015 -9.618734
v -0.423637 6.086015 -9.618734
v -0.750458 6.086015 -8.977316
v -0.750458 6.086015 -8.612886
v -0.423639 6.086015 -7.971470
v 2.141623 0.909641 -9.070947
v 2.141623 1.090358 -9.070947
v 2.141623 1.430364 -9.070947
v 2.137110 1.453323 -9.070232
v 2.124266 1.472786 -9.068199
v 2.105042 1.485791 -9.065155
v 2.082365 1.490358 -9.061561
v 1.968348 1.490358 -9.043504
v 1.956217 1.493650 -9.041582
v 1.947334 1.502642 -9.040176
v 1.944084 1.514925 -9.039661
v 1.944084 1.524191 -9.039661
v 1.946394 1.536142 -9.040027
v 1.952992 1.546334 -9.041073
v 1.962885 1.553256 -9.042638
v 2.042864 1.588558 -9.055305
v 2.068422 1.593552 -9.059354
v 2.092241 1.608192 -9.063127
v 2.112696 1.631482 -9.066366
v 2.128389 1.661835 -9.068851
v 2.138256 1.697181 -9.070415
v 2.141623 1.735111 -9.070947
v 2.141623 1.793765 -9.070947
v 2.135607 1.838638 -9.069996
v 2.122580 1.879754 -9.067932
v 2.096396 1.913837 -9.063785
v 2.046333 1.959580 -9.055854
v 1.978216 2.010413 -9.045067
v 1.866077 2.094189 -9.027305
v 1.745953 2.175938 -9.008279
v 1.728056 2.212802 -9.005445
v 1.723774 2.253165 -9.004768
v 1.733652 2.292510 -9.006332
v 1.756424 2.325783 -9.009939
v 1.762354 2.331787 -9.010877
v 1.779898 2.358376 -9.013656
v 1.786062 2.389736 -9.014633
v 1.786062 2.421844 -9.014633
v 1.779898 2.453205 -9.013656
v 1.762354 2.479794 -9.010877
v 1.726797 2.515795 -9.005245
v 1.698858 2.537506 -9.000820
v 1.666340 2.551139 -8.995670
v 1.631426 2.555790 -8.990141
v 1.557951 2.573536 -8.978504
v 1.548243 2.578372 -8.976967
v 1.541533 2.586975 -8.975902
v 1.539141 2.597662 -8.975525
v 1.539141 2.614553 -8.975525
v 1.541546 2.625244 -8.975904
v 1.548292 2.633830 -8.976974
v 1.558035 2.638612 -8.978517
v 1.631426 2.655790 -8.990141
v 1.666340 2.660441 -8.995670
v 1.698858 2.674073 -9.000820
v 1.726797 2.695786 -9.005245
v 1.762354 2.731787 -9.010877
v 1.779898 2.758375 -9.013656
v 1.786062 2.789736 -9.014633
v 1.786062 2.821844 -9.014633
v 1.779898 2.853204 -9.013656
v 1.762354 2.879792 -9.010877
v 1.687292 2.955789 -8.998989
v 1.517214 3.411383 -8.972051
v 1.430437 3.958096 -8.958307
v 1.349443 4.468361 -8.945478
v 1.288698 4.851060 -8.935857
v 1.296001 5.233761 -8.937015
v 1.279728 5.255268 -8.934436
v 1.285986 5.275786 -8.935428
v 1.324244 5.307178 -8.941488
v 1.336397 5.335884 -8.943412
v 1.345966 5.365660 -8.944927
v 1.352861 5.396235 -8.946020
v 1.357023 5.427341 -8.946680
v 1.357952 5.448283 -8.946827
v 1.357012 5.454240 -8.946678
v 1.353815 5.459337 -8.946171
v 1.348898 5.462740 -8.945392
v 1.334618 5.468778 -8.943130
v 1.329824 5.472797 -8.942371
v 1.328014 5.478870 -8.942085
v 1.329802 5.484950 -8.942367
v 1.334581 5.488989 -8.943124
v 1.374836 5.506191 -8.949501
v 1.415518 5.528265 -8.955944
v 1.451490 5.557545 -8.961641
v 1.473879 5.579515 -8.965187
v 1.511335 5.630768 -8.971119
v 1.522821 5.652298 -8.972938
v 1.529532 5.669794 -8.974003
v 1.531761 5.688426 -8.974355
v 1.531681 5.707648 -8.974342
v 1.530596 5.732651 -8.974170
v 1.526556 5.756749 -8.973530
v 1.516796 5.779104 -8.971985
v 1.499880 5.807649 -8.969305
v 1.470249 5.857649 -8.964613
v 1.444700 5.882651 -8.960565
v 1.416670 5.902393 -8.956127
v 1.383913 5.912154 -8.950939
v 1.374798 5.913320 -8.949493
v 1.359671 5.919200 -8.947097
v 1.348948 5.931509 -8.945400
v 1.345083 5.947443 -8.944788
v 1.345083 5.965406 -8.944788
v 1.348215 5.981088 -8.945284
v 1.357126 5.994312 -8.946695
v 1.370398 6.002992 -8.948797
v 1.382124 6.007648 -8.950655
v 1.406664 6.028396 -8.954542
v 1.437750 6.042121 -8.959465
v 1.646860 0.909641 -10.041969
v 1.646860 1.090358 -10.041969
v 1.646860 1.430364 -10.041969
v 1.643633 1.453323 -10.038738
v 1.634436 1.472786 -10.029545
v 1.620674 1.485791 -10.015781
v 1.604439 1.490358 -9.999546
v 1.522812 1.490358 -9.917919
v 1.514128 1.493650 -9.909233
v 1.507769 1.502642 -9.902874
v 1.505440 1.514925 -9.900547
v 1.505440 1.524191 -9.900547
v 1.507095 1.536142 -9.902202
v 1.511818 1.546334 -9.906925
v 1.518900 1.553256 -9.914007
v 1.576159 1.588558 -9.971265
v 1.594458 1.593552 -9.989565
v 1.611509 1.608192 -10.006616
v 1.626154 1.631482 -10.021259
v 1.637388 1.661835 -10.032497
v 1.644453 1.697181 -10.039560
v 1.646860 1.735111 -10.041969
v 1.646860 1.793765 -10.041969
v 1.642555 1.838638 -10.037662
v 1.633230 1.879754 -10.028337
v 1.614483 1.913837 -10.009590
v 1.578642 1.959580 -9.973751
v 1.529875 2.010413 -9.924984
v 1.449595 2.094189 -9.844701
v 1.363592 2.175938 -9.758701
v 1.350782 2.212802 -9.745889
v 1.347715 2.253165 -9.742822
v 1.354788 2.292510 -9.749895
v 1.371090 2.325783 -9.766197
v 1.375336 2.331787 -9.770443
v 1.387896 2.358376 -9.783001
v 1.392309 2.389736 -9.787416
v 1.392309 2.421844 -9.787416
v 1.387896 2.453205 -9.783001
v 1.375336 2.479794 -9.770443
v 1.349878 2.515795 -9.744987
v 1.329878 2.537506 -9.724985
v 1.306597 2.551139 -9.701706
v 1.281603 2.555790 -9.676708
v 1.229000 2.573536 -9.624107
v 1.222048 2.578372 -9.617157
v 1.217245 2.586975 -9.612352
v 1.215532 2.597662 -9.610639
v 1.215532 2.614553 -9.610639
v 1.217255 2.625244 -9.612362
v 1.222082 2.633830 -9.617191
v 1.229059 2.638612 -9.624168
v 1.281603 2.655790 -9.676708
v 1.306597 2.660441 -9.701706
v 1.329878 2.674073 -9.724985
v 1.349878 2.695786 -9.744987
v 1.375336 2.731787 -9.770443
v 1.387896 2.758375 -9.783003
v 1.392309 2.789736 -9.787416
v 1.392309 2.821844 -9.787416
v 1.387896 2.853204 -9.783003
v 1.375336 2.879792 -9.770443
v 1.321598 2.955789 -9.716705
v 1.199835 3.411383 -9.594942
v 1.137709 3.958096 -9.532816
v 1.079723 4.468361 -9.474830
v 1.036234 4.851060 -9.431343
v 1.041464 5.233761 -9.436571
v 1.029814 5.255268 -9.424921
v 1.034292 5.275786 -9.429401
v 1.061682 5.307178 -9.456791
v 1.070383 5.335884 -9.465492
v 1.077234 5.365660 -9.472343
v 1.082171 5.396235 -9.477279
v 1.085150 5.427341 -9.480259
v 1.085814 5.448283 -9.480922
v 1.085142 5.454240 -9.480249
v 1.082853 5.459337 -9.477962
v 1.079332 5.462740 -9.474441
v 1.069109 5.468778 -9.464218
v 1.065678 5.472797 -9.460785
v 1.064383 5.478870 -9.459490
v 1.065661 5.484950 -9.460769
v 1.069082 5.488989 -9.464191
v 1.097902 5.506191 -9.493011
v 1.127028 5.528265 -9.522134
v 1.152781 5.557545 -9.547889
v 1.168810 5.579515 -9.563919
v 1.195625 5.630768 -9.590732
v 1.203848 5.652298 -9.598957
v 1.208651 5.669794 -9.603759
v 1.210249 5.688426 -9.605356
v 1.210192 5.707648 -9.605299
v 1.209414 5.732651 -9.604522
v 1.206522 5.756749 -9.601631
v 1.199534 5.779104 -9.594642
v 1.187426 5.807649 -9.582531
v 1.166212 5.857649 -9.561319
v 1.147921 5.882651 -9.543029
v 1.127852 5.902393 -9.522960
v 1.104403 5.912154 -9.499510
v 1.097876 5.913320 -9.492983
v 1.087046 5.919200 -9.482153
v 1.079371 5.931509 -9.474477
v 1.076601 5.947443 -9.471708
v 1.076601 5.965406 -9.471708
v 1.078844 5.981088 -9.473953
v 1.085224 5.994312 -9.480331
v 1.094725 6.002992 -9.489834
v 1.103121 6.007648 -9.498228
v 1.120689 6.028396 -9.515796
v 1.142944 6.042120 -9.538051
v -0.846872 0.909641 -10.041969
v -0.846872 1.090358 -10.041969
v -0.846872 1.430364 -10.041969
v -0.843645 1.453323 -10.038738
v -0.834448 1.472786 -10.029543
v -0.820684 1.485791 -10.015781
v -0.804451 1.490358 -9.999546
v -0.722822 1.490358 -9.917919
v -0.714136 1.493650 -9.909233
v -0.707781 1.502642 -9.902874
v -0.705452 1.514925 -9.900547
v -0.705452 1.524191 -9.900547
v -0.707108 1.536142 -9.902202
v -0.711828 1.546334 -9.906925
v -0.718912 1.553256 -9.914007
v -0.776171 1.588558 -9.971264
v -0.794470 1.593552 -9.989565
v -0.811521 1.608192 -10.006616
v -0.826164 1.631482 -10.021259
v -0.837400 1.661835 -10.032495
v -0.844465 1.697181 -10.039558
v -0.846872 1.735111 -10.041969
v -0.846872 1.793765 -10.041969
v -0.842567 1.838638 -10.037662
v -0.833242 1.879754 -10.028337
v -0.814495 1.913837 -10.009590
v -0.778654 1.959580 -9.973749
v -0.729887 2.010413 -9.924984
v -0.649607 2.094189 -9.844701
v -0.563604 2.175938 -9.758701
v -0.550795 2.212802 -9.745887
v -0.547728 2.253165 -9.742822
v -0.554800 2.292510 -9.749895
v -0.571102 2.325783 -9.766197
v -0.575346 2.331787 -9.770443
v -0.587908 2.358376 -9.783001
v -0.592321 2.389736 -9.787414
v -0.592321 2.421844 -9.787414
v -0.587908 2.453205 -9.783001
v -0.575346 2.479794 -9.770443
v -0.549890 2.515795 -9.744987
v -0.529890 2.537506 -9.724985
v -0.506609 2.551139 -9.701704
v -0.481613 2.555790 -9.676708
v -0.429012 2.573536 -9.624107
v -0.422060 2.578372 -9.617157
v -0.417257 2.586975 -9.612352
v -0.415544 2.597662 -9.610637
v -0.415544 2.614553 -9.610637
v -0.417265 2.625244 -9.612362
v -0.422094 2.633830 -9.617191
v -0.429071 2.638612 -9.624168
v -0.481613 2.655790 -9.676708
v -0.506609 2.660441 -9.701704
v -0.529890 2.674073 -9.724985
v -0.549890 2.695786 -9.744987
v -0.575346 2.731787 -9.770443
v -0.587908 2.758375 -9.783001
v -0.592321 2.789736 -9.787414
v -0.592321 2.821844 -9.787414
v -0.587908 2.853204 -9.783001
v -0.575346 2.879792 -9.770443
v -0.521610 2.955789 -9.716705
v -0.399847 3.411383 -9.594942
v -0.337721 3.958096 -9.532816
v -0.279734 4.468361 -9.474830
v -0.236246 4.851060 -9.431343
v -0.241476 5.233761 -9.436571
v -0.229824 5.255268 -9.424921
v -0.234304 5.275786 -9.429401
v -0.261694 5.307178 -9.456791
v -0.270395 5.335884 -9.465492
v -0.277246 5.365660 -9.472343
v -0.282183 5.396235 -9.477279
v -0.285162 5.427341 -9.480259
v -0.285826 5.448283 -9.480922
v -0.285150 5.454240 -9.480247
v -0.282865 5.459337 -9.477962
v -0.279343 5.462740 -9.474439
v -0.269121 5.468778 -9.464218
v -0.265688 5.472797 -9.460785
v -0.264395 5.478870 -9.459490
v -0.265673 5.484950 -9.460769
v -0.269094 5.488989 -9.464191
v -0.297913 5.506191 -9.493009
v -0.327040 5.528265 -9.522134
v -0.352791 5.557545 -9.547887
v -0.368822 5.579515 -9.563919
v -0.395636 5.630768 -9.590732
v -0.403860 5.652298 -9.598957
v -0.408663 5.669794 -9.603759
v -0.410259 5.688426 -9.605356
v -0.410202 5.707648 -9.605299
v -0.409426 5.732651 -9.604522
v -0.406534 5.756749 -9.601631
v -0.399546 5.779104 -9.594642
v -0.387434 5.807649 -9.582531
v -0.366222 5.857649 -9.561319
v -0.347933 5.882651 -9.543028
v -0.327864 5.902393 -9.522960
v -0.304411 5.912154 -9.499510
v -0.297888 5.913320 -9.492983
v -0.287058 5.919200 -9.482153
v -0.279381 5.931509 -9.474477
v -0.276611 5.947443 -9.471708
v -0.276611 5.965406 -9.471708
v -0.278856 5.981088 -9.473953
v -0.285234 5.994312 -9.480331
v -0.294737 6.002992 -9.489834
v -0.303131 6.007648 -9.498228
v -0.320700 6.028396 -9.515796
v -0.342955 6.042121 -9.538051
v -1.341633 0.909641 -9.070947
v -1.341633 1.090358 -9.070947
v -1.341633 1.430364 -9.070947
v -1.337122 1.453323 -9.070232
v -1.324278 1.472786 -9.068199
v -1.305054 1.485791 -9.065155
v -1.282377 1.490358 -9.061561
v -1.168360 1.490358 -9.043504
v -1.156229 1.493650 -9.041582
v -1.147346 1.502642 -9.040176
v -1.144094 1.514925 -9.039661
v -1.144094 1.524191 -9.039661
v -1.146406 1.536142 -9.040027
v -1.153004 1.546334 -9.041073
v -1.162897 1.553256 -9.042638
v -1.242874 1.588558 -9.055305
v -1.268434 1.593552 -9.059354
v -1.292253 1.608192 -9.063127
v -1.312708 1.631482 -9.066366
v -1.328402 1.661835 -9.068851
v -1.338268 1.697181 -9.070415
v -1.341633 1.735111 -9.070947
v -1.341633 1.793765 -9.070947
v -1.335619 1.838638 -9.069996
v -1.322592 1.879754 -9.067932
v -1.296408 1.913837 -9.063785
v -1.246345 1.959580 -9.055854
v -1.178228 2.010413 -9.045067
v -1.066090 2.094189 -9.027305
v -0.945965 2.175938 -9.008279
v -0.928068 2.212802 -9.005445
v -0.923784 2.253165 -9.004768
v -0.933664 2.292510 -9.006332
v -0.956434 2.325783 -9.009939
v -0.962366 2.331787 -9.010877
v -0.979906 2.358376 -9.013656
v -0.986074 2.389736 -9.014633
v -0.986074 2.421844 -9.014633
v -0.979906 2.453205 -9.013656
v -0.962366 2.479794 -9.010877
v -0.926807 2.515795 -9.005245
v -0.898870 2.537506 -9.000820
v -0.866352 2.551139 -8.995670
v -0.831438 2.555790 -8.990141
v -0.757963 2.573536 -8.978504
v -0.748255 2.578372 -8.976967
v -0.741545 2.586975 -8.975902
v -0.739151 2.597662 -8.975525
v -0.739151 2.614553 -8.975525
v -0.741556 2.625244 -8.975904
v -0.748304 2.633830 -8.976974
v -0.758047 2.638612 -8.978517
v -0.831438 2.655790 -8.990141
v -0.866352 2.660441 -8.995670
v -0.898870 2.674073 -9.000820
v -0.926807 2.695786 -9.005245
v -0.962366 2.731787 -9.010877
v -0.979906 2.758375 -9.013656
v -0.986074 2.789736 -9.014633
v -0.986074 2.821844 -9.014633
v -0.979906 2.853204 -9.013656
v -0.962366 2.879792 -9.010877
v -0.887304 2.955789 -8.998989
v -0.717226 3.411383 -8.972051
v -0.630445 3.958096 -8.958307
v -0.549456 4.468361 -8.945478
v -0.488710 4.851060 -8.935857
v -0.496012 5.233761 -8.937015
v -0.479738 5.255268 -8.934436
v -0.485998 5.275786 -8.935428
v -0.524254 5.307178 -8.941488
v -0.536409 5.335884 -8.943412
v -0.545977 5.365660 -8.944929
v -0.552874 5.396235 -8.946020
v -0.557035 5.427341 -8.946680
v -0.557962 5.448283 -8.946827
v -0.557022 5.454240 -8.946678
v -0.553827 5.459337 -8.946171
v -0.548908 5.462740 -8.945392
v -0.534628 5.468778 -8.943130
v -0.529835 5.472797 -8.942371
v -0.528025 5.478870 -8.942085
v -0.529812 5.484950 -8.942367
v -0.534592 5.488989 -8.943124
v -0.574846 5.506191 -8.949501
v -0.615530 5.528265 -8.955944
v -0.651503 5.557545 -8.961641
v -0.673891 5.579515 -8.965187
v -0.711346 5.630768 -8.971121
v -0.722834 5.652298 -8.972940
v -0.729542 5.669794 -8.974003
v -0.731771 5.688426 -8.974355
v -0.731691 5.707648 -8.974342
v -0.730606 5.732651 -8.974170
v -0.726568 5.756749 -8.973531
v -0.716806 5.779104 -8.971985
v -0.699892 5.807649 -8.969307
v -0.670259 5.857649 -8.964613
v -0.644712 5.882651 -8.960567
v -0.616682 5.902393 -8.956127
v -0.583925 5.912154 -8.950939
v -0.574808 5.913320 -8.949495
v -0.559683 5.919200 -8.947099
v -0.548960 5.931509 -8.945400
v -0.545093 5.947443 -8.944788
v -0.545093 5.965406 -8.944788
v -0.548227 5.981088 -8.945285
v -0.557138 5.994312 -8.946697
v -0.570410 6.002992 -8.948799
v -0.582136 6.007648 -8.950655
v -0.606676 6.028396 -8.954542
v -0.637762 6.042121 -8.959465
v -1.341633 0.909641 -8.519254
v -1.341633 1.090358 -8.519254
v -1.341633 1.430364 -8.519254
v -1.337122 1.453323 -8.519970
v -1.324278 1.472786 -8.522003
v -1.305054 1.485791 -8.525047
v -1.282377 1.490358 -8.528640
v -1.168360 1.490358 -8.546699
v -1.156229 1.493650 -8.548620
v -1.147346 1.502642 -8.550026
v -1.144094 1.514925 -8.550541
v -1.144094 1.524191 -8.550541
v -1.146406 1.536142 -8.550174
v -1.153004 1.546334 -8.549129
v -1.162897 1.553256 -8.547563
v -1.242874 1.588558 -8.534897
v -1.268434 1.593552 -8.530847
v -1.292253 1.608192 -8.527076
v -1.312708 1.631482 -8.523836
v -1.328402 1.661835 -8.521351
v -1.338268 1.697181 -8.519787
v -1.341633 1.735111 -8.519254
v -1.341633 1.793765 -8.519254
v -1.335619 1.838638 -8.520206
v -1.322592 1.879754 -8.522270
v -1.296408 1.913837 -8.526416
v -1.246345 1.959580 -8.534347
v -1.178228 2.010413 -8.545135
v -1.066090 2.094189 -8.562896
v -0.945965 2.175938 -8.581922
v -0.928068 2.212802 -8.584757
v -0.923784 2.253165 -8.585434
v -0.933664 2.292510 -8.583870
v -0.956434 2.325783 -8.580265
v -0.962366 2.331787 -8.579324
v -0.979906 2.358376 -8.576545
v -0.986074 2.389736 -8.575569
v -0.986074 2.421844 -8.575569
v -0.979906 2.453205 -8.576545
v -0.962366 2.479794 -8.579324
v -0.926807 2.515795 -8.584957
v -0.898870 2.537506 -8.589382
v -0.866352 2.551139 -8.594532
v -0.831438 2.555790 -8.600061
v -0.757963 2.573536 -8.611698
v -0.748255 2.578372 -8.613235
v -0.741545 2.586975 -8.614299
v -0.739151 2.597662 -8.614677
v -0.739151 2.614553 -8.614677
v -0.741556 2.625244 -8.614298
v -0.748304 2.633830 -8.613228
v -0.758047 2.638612 -8.611684
v -0.831438 2.655790 -8.600061
v -0.866352 2.660441 -8.594532
v -0.898870 2.674073 -8.589382
v -0.926807 2.695786 -8.584957
v -0.962366 2.731787 -8.579324
v -0.979906 2.758375 -8.576545
v -0.986074 2.789736 -8.575569
v -0.986074 2.821844 -8.575569
v -0.979906 2.853204 -8.576545
v -0.962366 2.879792 -8.579324
v -0.887304 2.955789 -8.591213
v -0.717226 3.411383 -8.618150
v -0.630445 3.958096 -8.631895
v -0.549456 4.468361 -8.644724
v -0.488710 4.851060 -8.654344
v -0.496012 5.233761 -8.653186
v -0.479738 5.255268 -8.655765
v -0.485998 5.275786 -8.654773
v -0.524254 5.307178 -8.648714
v -0.536409 5.335884 -8.646789
v -0.545977 5.365660 -8.645273
v -0.552874 5.396235 -8.644182
v -0.557035 5.427341 -8.643522
v -0.557962 5.448283 -8.643375
v -0.557022 5.454240 -8.643524
v -0.553827 5.459337 -8.644031
v -0.548908 5.462740 -8.644809
v -0.534628 5.468778 -8.647072
v -0.529835 5.472797 -8.647831
v -0.528025 5.478870 -8.648117
v -0.529812 5.484950 -8.647834
v -0.534592 5.488989 -8.647077
v -0.574846 5.506191 -8.640701
v -0.615530 5.528265 -8.634258
v -0.651503 5.557545 -8.628561
v -0.673891 5.579515 -8.625015
v -0.711348 5.630768 -8.619081
v -0.722834 5.652298 -8.617263
v -0.729542 5.669794 -8.616199
v -0.731771 5.688426 -8.615846
v -0.731691 5.707648 -8.615860
v -0.730606 5.732651 -8.616031
v -0.726568 5.756749 -8.616670
v -0.716806 5.779104 -8.618217
v -0.699892 5.807649 -8.620895
v -0.670259 5.857649 -8.625589
v -0.644712 5.882651 -8.629635
v -0.616682 5.902393 -8.634075
v -0.583925 5.912154 -8.639263
v -0.574808 5.913320 -8.640707
v -0.559683 5.919200 -8.643102
v -0.548960 5.931509 -8.644802
v -0.545093 5.947443 -8.645414
v -0.545093 5.965406 -8.645414
v -0.548227 5.981088 -8.644916
v -0.557138 5.994312 -8.643505
v -0.570410 6.002992 -8.641403
v -0.582136 6.007648 -8.639547
v -0.606676 6.028396 -8.635660
v -0.637762 6.042121 -8.630737
v -0.846872 0.909641 -7.548233
v -0.846872 1.090358 -7.548233
v -0.846872 1.430364 -7.548233
v -0.843645 1.453323 -7.551464
v -0.834448 1.472786 -7.560659
v -0.820684 1.485791 -7.574421
v -0.804451 1.490358 -7.590656
v -0.722822 1.490358 -7.672283
v -0.714136 1.493650 -7.680969
v -0.707781 1.502642 -7.687328
v -0.705452 1.514925 -7.689655
v -0.705452 1.524191 -7.689655
v -0.707106 1.536142 -7.687999
v -0.711828 1.546334 -7.683279
v -0.718912 1.553256 -7.676195
v -0.776171 1.588558 -7.618938
v -0.794470 1.593552 -7.600639
v -0.811521 1.608192 -7.583585
v -0.826164 1.631482 -7.568943
v -0.837400 1.661835 -7.557707
v -0.844465 1.697181 -7.550644
v -0.846872 1.735111 -7.548233
v -0.846872 1.793765 -7.548233
v -0.842567 1.838638 -7.552540
v -0.833242 1.879754 -7.561866
v -0.814495 1.913837 -7.580612
v -0.778654 1.959580 -7.616453
v -0.729887 2.010413 -7.665218
v -0.649607 2.094189 -7.745502
v -0.563604 2.175938 -7.831501
v -0.550795 2.212802 -7.844314
v -0.547728 2.253165 -7.847379
v -0.554800 2.292510 -7.840307
v -0.571102 2.325783 -7.824005
v -0.575346 2.331787 -7.819759
v -0.587908 2.358376 -7.807201
v -0.592321 2.389736 -7.802787
v -0.592321 2.421844 -7.802787
v -0.587908 2.453205 -7.807201
v -0.575346 2.479794 -7.819759
v -0.549890 2.515795 -7.845216
v -0.529890 2.537506 -7.865217
v -0.506609 2.551139 -7.888498
v -0.481613 2.555790 -7.913494
v -0.429012 2.573536 -7.966095
v -0.422060 2.578372 -7.973047
v -0.417257 2.586975 -7.977852
v -0.415544 2.597662 -7.979564
v -0.415544 2.614553 -7.979564
v -0.417265 2.625244 -7.977840
v -0.422094 2.633830 -7.973011
v -0.429071 2.638612 -7.966036
v -0.481615 2.655790 -7.913494
v -0.506609 2.660441 -7.888498
v -0.529890 2.674073 -7.865217
v -0.549890 2.695786 -7.845216
v -0.575348 2.731787 -7.819759
v -0.587908 2.758375 -7.807201
v -0.592321 2.789736 -7.802787
v -0.592321 2.821844 -7.802787
v -0.587908 2.853204 -7.807201
v -0.575348 2.879792 -7.819759
v -0.521610 2.955789 -7.873497
v -0.399847 3.411383 -7.995262
v -0.337721 3.958096 -8.057388
v -0.279737 4.468361 -8.115371
v -0.236248 4.851060 -8.158859
v -0.241476 5.233761 -8.153631
v -0.229826 5.255268 -8.165281
v -0.234306 5.275786 -8.160803
v -0.261694 5.307178 -8.133413
v -0.270397 5.335884 -8.124710
v -0.277246 5.365660 -8.117860
v -0.282183 5.396235 -8.112922
v -0.285164 5.427341 -8.109945
v -0.285828 5.448283 -8.109279
v -0.285154 5.454240 -8.109955
v -0.282867 5.459337 -8.112241
v -0.279345 5.462740 -8.115762
v -0.269123 5.468778 -8.125986
v -0.265690 5.472797 -8.129417
v -0.264395 5.478870 -8.130712
v -0.265673 5.484950 -8.129432
v -0.269094 5.488989 -8.126012
v -0.297914 5.506191 -8.097192
v -0.327040 5.528265 -8.068067
v -0.352795 5.557545 -8.042314
v -0.368824 5.579515 -8.026285
v -0.395639 5.630768 -7.999469
v -0.403862 5.652298 -7.991247
v -0.408667 5.669794 -7.986442
v -0.410263 5.688426 -7.984846
v -0.410204 5.707648 -7.984905
v -0.409428 5.732651 -7.985681
v -0.406538 5.756749 -7.988573
v -0.399549 5.779104 -7.995561
v -0.387438 5.807649 -8.007671
v -0.366224 5.857649 -8.028885
v -0.347933 5.882651 -8.047174
v -0.327866 5.902393 -8.067241
v -0.304415 5.912154 -8.090694
v -0.297888 5.913320 -8.097219
v -0.287058 5.919200 -8.108049
v -0.279383 5.931509 -8.115726
v -0.276613 5.947443 -8.118494
v -0.276613 5.965406 -8.118494
v -0.278856 5.981088 -8.116251
v -0.285238 5.994312 -8.109871
v -0.294739 6.002992 -8.100370
v -0.303133 6.007648 -8.091976
v -0.320703 6.028396 -8.074405
v -0.342958 6.042121 -8.052150
vt 0.304460 0.913146
vt 0.270754 0.948517
vt 0.599303 0.025307
vt 0.634966 0.025307
vt 0.175578 0.824692
vt 0.634966 0.065410
vt 0.325417 0.869126
vt 0.599303 0.065410
vt 0.652797 0.025307
vt 0.652797 0.065410
vt 0.323070 0.772362
vt 0.315774 0.891535
vt 0.670629 0.025307
vt 0.706291 0.025307
vt 0.299605 0.729358
vt 0.331912 0.820527
vt 0.706291 0.065410
vt 0.670629 0.065410
vt 0.724122 0.025307
vt 0.219796 0.674524
vt 0.724122 0.065410
vt 0.028703 0.025307
vt 0.046534 0.025307
vt 0.312144 0.750398
vt 0.046534 0.065410
vt 0.263991 0.695482
vt 0.028703 0.065410
vt 0.064366 0.025307
vt 0.025740 0.780259
vt 0.242277 0.684146
vt 0.100028 0.025307
vt 0.100028 0.065410
vt 0.171205 0.668343
vt 0.064366 0.065410
vt 0.028087 0.877023
vt 0.123213 0.677458
vt 0.117859 0.025307
vt 0.117859 0.065410
vt 0.051551 0.920026
vt 0.080403 0.700868
vt 0.135691 0.025307
vt 0.171353 0.025307
vt 0.046697 0.736238
vt 0.171353 0.065410
vt 0.131361 0.974861
vt 0.135691 0.065410
vt 0.207016 0.025307
vt 0.035383 0.757850
vt 0.207016 0.065410
vt 0.019244 0.828858
vt 0.242678 0.025307
vt 0.242678 0.065410
vt 0.278341 0.025307
vt 0.278341 0.065410
vt 0.296172 0.025307
vt 0.296172 0.065410
vt 0.314003 0.025307
vt 0.349666 0.025307
vt 0.349666 0.065410
vt 0.314003 0.065410
vt 0.367497 0.025307
vt 0.367497 0.065410
vt 0.385328 0.025307
vt 0.403160 0.025307
vt 0.403160 0.065410
vt 0.385328 0.065410
vt 0.420991 0.025307
vt 0.456653 0.025307
vt 0.456653 0.065410
vt 0.420991 0.065410
vt 0.474485 0.025307
vt 0.474485 0.065410
vt 0.492316 0.025307
vt 0.527978 0.025307
vt 0.527978 0.065410
vt 0.492316 0.065410
vt 0.563641 0.025307
vt 0.563641 0.065410
vt 0.599303 0.071947
vt 0.599303 0.072486
vt 0.563641 0.072486
vt 0.563641 0.071947
vt 0.599303 0.070413
vt 0.563641 0.070413
vt 0.599303 0.068118
vt 0.563641 0.068118
vt 0.634966 0.071947
vt 0.634966 0.072486
vt 0.634966 0.070413
vt 0.634966 0.068118
vt 0.652797 0.071947
vt 0.652797 0.072486
vt 0.652797 0.070413
vt 0.652797 0.068118
vt 0.670629 0.072486
vt 0.670629 0.071947
vt 0.706291 0.071947
vt 0.706291 0.072486
vt 0.670629 0.070413
vt 0.706291 0.070413
vt 0.670629 0.068118
vt 0.706291 0.068118
vt 0.724122 0.071947
vt 0.724122 0.072486
vt 0.724122 0.070413
vt 0.724122 0.068118
vt 0.028703 0.072486
vt 0.028703 0.071947
vt 0.046534 0.071947
vt 0.046534 0.072486
vt 0.028703 0.070413
vt 0.046534 0.070413
vt 0.028703 0.068118
vt 0.046534 0.068118
vt 0.064365 0.072486
vt 0.064366 0.071947
vt 0.100028 0.071947
vt 0.100028 0.072486
vt 0.064366 0.070413
vt 0.100028 0.070413
vt 0.064366 0.068118
vt 0.100028 0.068118
vt 0.117859 0.071947
vt 0.117859 0.072486
vt 0.117859 0.070413
vt 0.117859 0.068118
vt 0.135691 0.072486
vt 0.135691 0.071947
vt 0.171353 0.071947
vt 0.171353 0.072486
vt 0.135691 0.070413
vt 0.171353 0.070413
vt 0.135691 0.068118
vt 0.171353 0.068118
vt 0.207016 0.071947
vt 0.207016 0.072486
vt 0.207016 0.070413
vt 0.207016 0.068118
vt 0.242678 0.071947
vt 0.242678 0.072486
vt 0.242678 0.070413
vt 0.242678 0.068118
vt 0.278341 0.071947
vt 0.278341 0.072486
vt 0.278341 0.070413
vt 0.278341 0.068118
vt 0.296172 0.071947
vt 0.296172 0.072486
vt 0.296172 0.070413
vt 0.296172 0.068118
vt 0.314003 0.072486
vt 0.314003 0.071947
vt 0.349666 0.071947
vt 0.349666 0.072486
vt 0.314003 0.070413
vt 0.349666 0.070413
vt 0.314003 0.068118
vt 0.349666 0.068118
vt 0.367497 0.071947
vt 0.367497 0.072486
vt 0.367497 0.070413
vt 0.367497 0.068118
vt 0.385328 0.072486
vt 0.385328 0.071947
vt 0.403160 0.071947
vt 0.403159 0.072486
vt 0.385328 0.070413
vt 0.403160 0.070413
vt 0.385328 0.068118
vt 0.403159 0.068118
vt 0.420991 0.072486
vt 0.420991 0.071947
vt 0.456653 0.071947
vt 0.456653 0.072486
vt 0.420991 0.070413
vt 0.456653 0.070413
vt 0.420991 0.068118
vt 0.456653 0.068118
vt 0.474485 0.071947
vt 0.474484 0.072486
vt 0.474484 0.070413
vt 0.474484 0.068118
vt 0.492316 0.072486
vt 0.492316 0.071947
vt 0.527978 0.071947
vt 0.527978 0.072486
vt 0.492316 0.070413
vt 0.527978 0.070413
vt 0.492316 0.068118
vt 0.527978 0.068118
vt 0.599303 0.096880
vt 0.599303 0.101353
vt 0.563641 0.101353
vt 0.563641 0.096880
vt 0.599303 0.092711
vt 0.563641 0.092711
vt 0.599303 0.089131
vt 0.563641 0.089131
vt 0.599303 0.086384
vt 0.563641 0.086384
vt 0.599303 0.084068
vt 0.599304 0.084657
vt 0.563641 0.084657
vt 0.563641 0.084068
vt 0.634966 0.096880
vt 0.634966 0.101353
vt 0.634966 0.092711
vt 0.634966 0.089131
vt 0.634966 0.086384
vt 0.634966 0.084657
vt 0.634966 0.084068
vt 0.652797 0.096880
vt 0.783934 0.784107
vt 0.652797 0.101353
vt 0.652797 0.092711
vt 0.652797 0.089131
vt 0.652797 0.086384
vt 0.652797 0.084657
vt 0.652797 0.084068
vt 0.670629 0.101353
vt 0.670629 0.096880
vt 0.706291 0.096880
vt 0.706291 0.101353
vt 0.670628 0.092711
vt 0.706291 0.092711
vt 0.670628 0.089131
vt 0.706291 0.089131
vt 0.670629 0.086384
vt 0.706291 0.086384
vt 0.670629 0.084657
vt 0.706291 0.084657
vt 0.670628 0.084068
vt 0.706291 0.084068
vt 0.724122 0.096880
vt 0.724122 0.101353
vt 0.724122 0.092711
vt 0.724122 0.089131
vt 0.724122 0.086384
vt 0.724122 0.084657
vt 0.724122 0.084068
vt 0.028703 0.101353
vt 0.028703 0.096880
vt 0.046534 0.096880
vt 0.046534 0.101353
vt 0.028703 0.092711
vt 0.046534 0.092711
vt 0.028703 0.089131
vt 0.046534 0.089131
vt 0.028703 0.086384
vt 0.046534 0.086384
vt 0.028703 0.084657
vt 0.046534 0.084657
vt 0.028703 0.084068
vt 0.046534 0.084068
vt 0.064366 0.101353
vt 0.064366 0.096880
vt 0.100028 0.096880
vt 0.100028 0.101353
vt 0.064366 0.092711
vt 0.100028 0.092711
vt 0.064366 0.089131
vt 0.100028 0.089131
vt 0.064366 0.086384
vt 0.100028 0.086384
vt 0.064366 0.084657
vt 0.100028 0.084657
vt 0.064365 0.084068
vt 0.100028 0.084068
vt 0.117859 0.096880
vt 0.117859 0.101353
vt 0.117859 0.092711
vt 0.117859 0.089131
vt 0.117859 0.086384
vt 0.117859 0.084657
vt 0.117859 0.084068
vt 0.135691 0.101353
vt 0.135691 0.096880
vt 0.171353 0.096880
vt 0.171353 0.101353
vt 0.135691 0.092711
vt 0.171353 0.092711
vt 0.135691 0.089131
vt 0.171353 0.089131
vt 0.135691 0.086384
vt 0.171353 0.086384
vt 0.135691 0.084657
vt 0.171353 0.084657
vt 0.135691 0.084068
vt 0.171353 0.084068
vt 0.207016 0.096880
vt 0.207016 0.101353
vt 0.207016 0.092711
vt 0.207016 0.089131
vt 0.207016 0.086384
vt 0.207016 0.084657
vt 0.207016 0.084068
vt 0.242678 0.096880
vt 0.242678 0.101353
vt 0.242678 0.092711
vt 0.242678 0.089131
vt 0.242678 0.086384
vt 0.242678 0.084657
vt 0.242678 0.084068
vt 0.278341 0.096880
vt 0.278341 0.101353
vt 0.278341 0.092711
vt 0.278341 0.089131
vt 0.278341 0.086384
vt 0.278341 0.084657
vt 0.278341 0.084068
vt 0.296172 0.096880
vt 0.296172 0.101353
vt 0.296172 0.092711
vt 0.296172 0.089131
vt 0.296172 0.086384
vt 0.296172 0.084657
vt 0.296172 0.084068
vt 0.314003 0.101353
vt 0.314003 0.096880
vt 0.349666 0.096880
vt 0.349666 0.101353
vt 0.314003 0.092711
vt 0.349666 0.092711
vt 0.314003 0.089131
vt 0.349666 0.089131
vt 0.314003 0.086384
vt 0.349666 0.086384
vt 0.314003 0.084657
vt 0.349666 0.084657
vt 0.314003 0.084068
vt 0.349666 0.084068
vt 0.367497 0.096880
vt 0.367497 0.101353
vt 0.367497 0.092711
vt 0.367497 0.089131
vt 0.367497 0.086384
vt 0.367497 0.084657
vt 0.367497 0.084068
vt 0.385328 0.101353
vt 0.385328 0.096880
vt 0.403160 0.096880
vt 0.403160 0.101353
vt 0.385328 0.092711
vt 0.403159 0.092711
vt 0.385328 0.089131
vt 0.403160 0.089131
vt 0.385328 0.086384
vt 0.403159 0.086384
vt 0.385328 0.084657
vt 0.403160 0.084657
vt 0.385328 0.084068
vt 0.403160 0.084068
vt 0.420991 0.101353
vt 0.420991 0.096880
vt 0.456653 0.096880
vt 0.456653 0.101353
vt 0.420991 0.092711
vt 0.456653 0.092711
vt 0.420991 0.089131
vt 0.456653 0.089131
vt 0.420991 0.086384
vt 0.456653 0.086384
vt 0.420991 0.084657
vt 0.456653 0.084657
vt 0.420991 0.084068
vt 0.456653 0.084068
vt 0.474484 0.096880
vt 0.474485 0.101353
vt 0.474484 0.092711
vt 0.474484 0.089131
vt 0.474484 0.086384
vt 0.474484 0.084657
vt 0.474484 0.084068
vt 0.492316 0.101353
vt 0.492316 0.096880
vt 0.527978 0.096880
vt 0.527978 0.101353
vt 0.492316 0.092711
vt 0.527978 0.092711
vt 0.492316 0.089131
vt 0.527978 0.089131
vt 0.492316 0.086384
vt 0.527978 0.086384
vt 0.492316 0.084657
vt 0.527978 0.084657
vt 0.492316 0.084068
vt 0.527978 0.084068
vt 0.634966 0.108271
vt 0.599303 0.108271
vt 0.652797 0.108271
vt 0.706291 0.108271
vt 0.670629 0.108271
vt 0.724122 0.108271
vt 0.046534 0.108271
vt 0.028703 0.108271
vt 0.100028 0.108271
vt 0.064366 0.108271
vt 0.117859 0.108271
vt 0.171353 0.108271
vt 0.135691 0.108271
vt 0.207016 0.108271
vt 0.242678 0.108271
vt 0.278341 0.108271
vt 0.296172 0.108271
vt 0.349666 0.108271
vt 0.314003 0.108271
vt 0.367497 0.108271
vt 0.403160 0.108271
vt 0.385328 0.108271
vt 0.456653 0.108271
vt 0.420991 0.108271
vt 0.474485 0.108271
vt 0.527978 0.108271
vt 0.492316 0.108271
vt 0.563641 0.108271
vt 0.599304 0.143705
vt 0.599303 0.133824
vt 0.634966 0.133824
vt 0.634966 0.143705
vt 0.599303 0.127829
vt 0.634966 0.127829
vt 0.652797 0.133824
vt 0.652797 0.143705
vt 0.652797 0.127829
vt 0.670629 0.143705
vt 0.670628 0.133824
vt 0.706291 0.133824
vt 0.706291 0.143705
vt 0.670628 0.127829
vt 0.706291 0.127829
vt 0.724122 0.133824
vt 0.724122 0.143705
vt 0.724122 0.127829
vt 0.028703 0.143705
vt 0.028703 0.133824
vt 0.046534 0.133824
vt 0.046534 0.143705
vt 0.028703 0.127829
vt 0.046534 0.127829
vt 0.064365 0.143705
vt 0.064366 0.133824
vt 0.100028 0.133824
vt 0.100028 0.143705
vt 0.064366 0.127829
vt 0.100028 0.127829
vt 0.117859 0.133824
vt 0.117859 0.143705
vt 0.117859 0.127829
vt 0.135691 0.143705
vt 0.135691 0.133824
vt 0.171353 0.133824
vt 0.171353 0.143705
vt 0.135691 0.127829
vt 0.171353 0.127829
vt 0.207016 0.133824
vt 0.207016 0.143705
vt 0.207016 0.127829
vt 0.242678 0.133824
vt 0.242678 0.143705
vt 0.242678 0.127829
vt 0.278341 0.133824
vt 0.278341 0.143705
vt 0.278341 0.127829
vt 0.296172 0.133824
vt 0.296172 0.143705
vt 0.296172 0.127829
vt 0.314003 0.143705
vt 0.314003 0.133824
vt 0.349666 0.133824
vt 0.349666 0.143705
vt 0.314003 0.127829
vt 0.349666 0.127829
vt 0.367497 0.133824
vt 0.367497 0.143705
vt 0.367497 0.127829
vt 0.385328 0.143705
vt 0.385328 0.133824
vt 0.403160 0.133824
vt 0.403160 0.143705
vt 0.385328 0.127829
vt 0.403159 0.127829
vt 0.420991 0.143705
vt 0.420991 0.133824
vt 0.456653 0.133824
vt 0.456653 0.143705
vt 0.420991 0.127829
vt 0.456653 0.127829
vt 0.474485 0.133824
vt 0.474484 0.143705
vt 0.474484 0.127829
vt 0.492316 0.143705
vt 0.492316 0.133824
vt 0.527978 0.133824
vt 0.527978 0.143705
vt 0.492316 0.127829
vt 0.527978 0.127829
vt 0.563641 0.133824
vt 0.563641 0.143705
vt 0.563641 0.127829
vt 0.634966 0.153347
vt 0.599304 0.153347
vt 0.652797 0.153347
vt 0.706291 0.153347
vt 0.670629 0.153347
vt 0.724122 0.153347
vt 0.046534 0.153347
vt 0.028703 0.153347
vt 0.100028 0.153347
vt 0.064365 0.153347
vt 0.117859 0.153347
vt 0.171353 0.153347
vt 0.135691 0.153347
vt 0.207016 0.153347
vt 0.242678 0.153347
vt 0.278341 0.153347
vt 0.296172 0.153347
vt 0.349666 0.153347
vt 0.314003 0.153347
vt 0.367497 0.153347
vt 0.403160 0.153347
vt 0.385328 0.153347
vt 0.456653 0.153347
vt 0.420991 0.153347
vt 0.474485 0.153347
vt 0.527978 0.153347
vt 0.492316 0.153347
vt 0.563641 0.153347
vt 0.634966 0.167097
vt 0.634966 0.171021
vt 0.599304 0.171021
vt 0.599304 0.167097
vt 0.634966 0.162456
vt 0.599303 0.162456
vt 0.634966 0.157695
vt 0.599303 0.157695
vt 0.563641 0.171021
vt 0.563641 0.167097
vt 0.563641 0.162456
vt 0.563641 0.157695
vt 0.652797 0.167097
vt 0.652797 0.171021
vt 0.652797 0.162456
vt 0.652797 0.157695
vt 0.670628 0.171021
vt 0.670629 0.167097
vt 0.706291 0.167097
vt 0.706291 0.171021
vt 0.670628 0.162456
vt 0.706291 0.162456
vt 0.670629 0.157695
vt 0.706291 0.157695
vt 0.724122 0.167097
vt 0.724122 0.171021
vt 0.724122 0.162456
vt 0.724122 0.157695
vt 0.028703 0.171021
vt 0.028703 0.167097
vt 0.046534 0.167097
vt 0.046534 0.171021
vt 0.028703 0.162456
vt 0.046534 0.162456
vt 0.028703 0.157695
vt 0.046534 0.157695
vt 0.064366 0.171021
vt 0.064366 0.167097
vt 0.100028 0.167097
vt 0.100028 0.171021
vt 0.064366 0.162456
vt 0.100028 0.162456
vt 0.064365 0.157695
vt 0.100028 0.157695
vt 0.117859 0.167097
vt 0.117859 0.171021
vt 0.117859 0.162456
vt 0.117859 0.157695
vt 0.135691 0.171021
vt 0.135691 0.167097
vt 0.171353 0.167097
vt 0.171353 0.171021
vt 0.135691 0.162456
vt 0.171353 0.162456
vt 0.135691 0.157695
vt 0.171353 0.157695
vt 0.207016 0.167097
vt 0.207016 0.171021
vt 0.207016 0.162456
vt 0.207016 0.157695
vt 0.242678 0.167097
vt 0.242678 0.171021
vt 0.242678 0.162456
vt 0.242678 0.157695
vt 0.278341 0.167097
vt 0.278341 0.171021
vt 0.278341 0.162456
vt 0.278341 0.157695
vt 0.296172 0.167097
vt 0.296172 0.171021
vt 0.296172 0.162456
vt 0.296172 0.157695
vt 0.314003 0.171021
vt 0.314003 0.167097
vt 0.349666 0.167097
vt 0.349666 0.171021
vt 0.314003 0.162456
vt 0.349666 0.162456
vt 0.314003 0.157695
vt 0.349666 0.157695
vt 0.367497 0.167097
vt 0.367497 0.171021
vt 0.367497 0.162456
vt 0.367497 0.157695
vt 0.385328 0.171021
vt 0.385328 0.167097
vt 0.403160 0.167097
vt 0.403159 0.171021
vt 0.385328 0.162456
vt 0.403160 0.162456
vt 0.385328 0.157695
vt 0.403160 0.157695
vt 0.420991 0.171021
vt 0.420991 0.167097
vt 0.456653 0.167097
vt 0.456653 0.171021
vt 0.420991 0.162456
vt 0.456653 0.162456
vt 0.420991 0.157695
vt 0.456653 0.157695
vt 0.474484 0.167097
vt 0.474484 0.171021
vt 0.474484 0.162456
vt 0.474484 0.157695
vt 0.492316 0.171021
vt 0.492316 0.167097
vt 0.527978 0.167097
vt 0.527978 0.171021
vt 0.492316 0.162456
vt 0.527978 0.162456
vt 0.492316 0.157695
vt 0.527978 0.157695
vt 0.634966 0.197601
vt 0.634966 0.198149
vt 0.599303 0.198149
vt 0.599304 0.197601
vt 0.634966 0.193432
vt 0.634966 0.195993
vt 0.599303 0.195993
vt 0.599303 0.193432
vt 0.563641 0.198149
vt 0.563641 0.197601
vt 0.563641 0.195993
vt 0.563641 0.193432
vt 0.652797 0.197601
vt 0.652797 0.198149
vt 0.652797 0.195993
vt 0.652797 0.193432
vt 0.670629 0.198149
vt 0.670629 0.197601
vt 0.706291 0.197601
vt 0.706291 0.198149
vt 0.670629 0.195993
vt 0.706291 0.195993
vt 0.670629 0.193432
vt 0.706291 0.193432
vt 0.724122 0.197601
vt 0.724122 0.198149
vt 0.724122 0.195993
vt 0.724122 0.193432
vt 0.028703 0.198149
vt 0.028703 0.197601
vt 0.046534 0.197601
vt 0.046534 0.198149
vt 0.028703 0.195993
vt 0.046534 0.195993
vt 0.028703 0.193432
vt 0.046534 0.193432
vt 0.064366 0.198149
vt 0.064365 0.197601
vt 0.100028 0.197601
vt 0.100028 0.198149
vt 0.064366 0.195993
vt 0.100028 0.195993
vt 0.064366 0.193432
vt 0.100028 0.193432
vt 0.117859 0.197601
vt 0.117859 0.198149
vt 0.117859 0.195993
vt 0.117859 0.193432
vt 0.135690 0.198149
vt 0.135691 0.197601
vt 0.171353 0.197601
vt 0.171353 0.198149
vt 0.135691 0.195993
vt 0.171353 0.195993
vt 0.135691 0.193432
vt 0.171353 0.193432
vt 0.207016 0.197601
vt 0.207016 0.198149
vt 0.207016 0.195993
vt 0.207016 0.193432
vt 0.242678 0.197601
vt 0.242678 0.198149
vt 0.242678 0.195993
vt 0.242678 0.193432
vt 0.278341 0.197601
vt 0.278341 0.198149
vt 0.278341 0.195993
vt 0.278341 0.193432
vt 0.296172 0.197601
vt 0.296172 0.198149
vt 0.296172 0.195993
vt 0.296172 0.193432
vt 0.314003 0.198149
vt 0.314003 0.197601
vt 0.349666 0.197601
vt 0.349666 0.198149
vt 0.314003 0.195993
vt 0.349666 0.195993
vt 0.314003 0.193432
vt 0.349666 0.193432
vt 0.367497 0.197601
vt 0.367497 0.198149
vt 0.367497 0.195993
vt 0.367497 0.193432
vt 0.385328 0.198149
vt 0.385328 0.197601
vt 0.403160 0.197601
vt 0.403160 0.198149
vt 0.385328 0.195993
vt 0.403159 0.195993
vt 0.385328 0.193432
vt 0.403159 0.193432
vt 0.420991 0.198149
vt 0.420991 0.197601
vt 0.456653 0.197601
vt 0.456653 0.198149
vt 0.420991 0.195993
vt 0.456653 0.195993
vt 0.420991 0.193432
vt 0.456653 0.193432
vt 0.474484 0.197601
vt 0.474484 0.198149
vt 0.474484 0.195993
vt 0.474484 0.193432
vt 0.492316 0.198149
vt 0.492316 0.197601
vt 0.527978 0.197601
vt 0.527978 0.198149
vt 0.492316 0.195993
vt 0.527978 0.195993
vt 0.492316 0.193432
vt 0.527978 0.193432
vt 0.634966 0.212101
vt 0.634966 0.214661
vt 0.599303 0.214661
vt 0.599303 0.212101
vt 0.634966 0.209944
vt 0.634966 0.210493
vt 0.599304 0.210493
vt 0.599303 0.209944
vt 0.563641 0.214661
vt 0.563641 0.212101
vt 0.563641 0.210493
vt 0.563641 0.209944
vt 0.652797 0.212101
vt 0.652797 0.214661
vt 0.652797 0.210493
vt 0.652797 0.209944
vt 0.670629 0.214661
vt 0.670629 0.212101
vt 0.706291 0.212101
vt 0.706291 0.214661
vt 0.670629 0.210493
vt 0.706291 0.210493
vt 0.670629 0.209944
vt 0.706291 0.209944
vt 0.724122 0.212101
vt 0.724122 0.214661
vt 0.724122 0.210493
vt 0.724122 0.209944
vt 0.028703 0.214661
vt 0.028703 0.212101
vt 0.046534 0.212101
vt 0.046534 0.214661
vt 0.028703 0.210493
vt 0.046534 0.210493
vt 0.028703 0.209944
vt 0.046534 0.209944
vt 0.064366 0.214661
vt 0.064366 0.212101
vt 0.100028 0.212101
vt 0.100028 0.214661
vt 0.064365 0.210493
vt 0.100028 0.210493
vt 0.064366 0.209944
vt 0.100028 0.209944
vt 0.117859 0.212101
vt 0.117859 0.214661
vt 0.117859 0.210493
vt 0.117859 0.209944
vt 0.135691 0.214661
vt 0.135691 0.212101
vt 0.171353 0.212101
vt 0.171353 0.214661
vt 0.135691 0.210493
vt 0.171353 0.210493
vt 0.135690 0.209944
vt 0.171353 0.209944
vt 0.207016 0.212101
vt 0.207016 0.214661
vt 0.207016 0.210493
vt 0.207016 0.209944
vt 0.242678 0.212101
vt 0.242678 0.214661
vt 0.242678 0.210493
vt 0.242678 0.209944
vt 0.278341 0.212101
vt 0.278341 0.214661
vt 0.278341 0.210493
vt 0.278341 0.209944
vt 0.296172 0.212101
vt 0.296172 0.214661
vt 0.296172 0.210493
vt 0.296172 0.209944
vt 0.314003 0.214661
vt 0.314003 0.212101
vt 0.349666 0.212101
vt 0.349666 0.214661
vt 0.314003 0.210493
vt 0.349666 0.210493
vt 0.314003 0.209944
vt 0.349666 0.209944
vt 0.367497 0.212101
vt 0.367497 0.214661
vt 0.367497 0.210493
vt 0.367497 0.209944
vt 0.385328 0.214661
vt 0.385328 0.212101
vt 0.403159 0.212101
vt 0.403159 0.214661
vt 0.385328 0.210493
vt 0.403160 0.210493
vt 0.385328 0.209944
vt 0.403160 0.209944
vt 0.420991 0.214661
vt 0.420991 0.212101
vt 0.456653 0.212101
vt 0.456653 0.214661
vt 0.420991 0.210493
vt 0.456653 0.210493
vt 0.420991 0.209944
vt 0.456653 0.209944
vt 0.474484 0.212101
vt 0.474484 0.214661
vt 0.474484 0.210493
vt 0.474484 0.209944
vt 0.492316 0.214661
vt 0.492316 0.212101
vt 0.527978 0.212101
vt 0.527978 0.214661
vt 0.492316 0.210493
vt 0.527978 0.210493
vt 0.492316 0.209944
vt 0.527978 0.209944
vt 0.599304 0.178564
vt 0.634966 0.178564
vt 0.634966 0.182351
vt 0.599304 0.182351
vt 0.652797 0.178564
vt 0.652797 0.182351
vt 0.670629 0.178564
vt 0.706291 0.178564
vt 0.706291 0.182351
vt 0.670629 0.182351
vt 0.724122 0.178564
vt 0.724122 0.182351
vt 0.028703 0.178564
vt 0.046534 0.178564
vt 0.046534 0.182351
vt 0.028703 0.182351
vt 0.064366 0.178564
vt 0.100028 0.178564
vt 0.100028 0.182351
vt 0.064366 0.182351
vt 0.117859 0.178564
vt 0.117859 0.182351
vt 0.135691 0.178564
vt 0.171353 0.178564
vt 0.171353 0.182351
vt 0.135691 0.182351
vt 0.207016 0.178564
vt 0.207016 0.182351
vt 0.242678 0.178564
vt 0.242678 0.182351
vt 0.278341 0.178564
vt 0.278341 0.182351
vt 0.296172 0.178564
vt 0.296172 0.182351
vt 0.314003 0.178564
vt 0.349666 0.178564
vt 0.349666 0.182351
vt 0.314003 0.182351
vt 0.367497 0.178564
vt 0.367497 0.182351
vt 0.385328 0.178564
vt 0.403160 0.178564
vt 0.403160 0.182351
vt 0.385328 0.182351
vt 0.420991 0.178564
vt 0.456653 0.178564
vt 0.456653 0.182351
vt 0.420991 0.182351
vt 0.474484 0.178564
vt 0.474484 0.182351
vt 0.492316 0.178564
vt 0.527978 0.178564
vt 0.527978 0.182351
vt 0.492316 0.182351
vt 0.563641 0.178564
vt 0.563641 0.182351
vt 0.599304 0.225742
vt 0.634966 0.225742
vt 0.634966 0.229530
vt 0.599304 0.229530
vt 0.652797 0.225742
vt 0.652797 0.229530
vt 0.670629 0.225742
vt 0.706291 0.225742
vt 0.706291 0.229530
vt 0.670629 0.229530
vt 0.724122 0.225742
vt 0.724122 0.229530
vt 0.028703 0.225742
vt 0.046534 0.225742
vt 0.046534 0.229530
vt 0.028703 0.229530
vt 0.064366 0.225742
vt 0.100028 0.225742
vt 0.100028 0.229530
vt 0.064366 0.229530
vt 0.117859 0.225742
vt 0.117859 0.229530
vt 0.135691 0.225742
vt 0.171353 0.225742
vt 0.171353 0.229530
vt 0.135691 0.229530
vt 0.207016 0.225742
vt 0.207016 0.229530
vt 0.242678 0.225742
vt 0.242678 0.229530
vt 0.278341 0.225742
vt 0.278341 0.229530
vt 0.296172 0.225742
vt 0.296172 0.229530
vt 0.314003 0.225742
vt 0.349666 0.225742
vt 0.349666 0.229530
vt 0.314003 0.229530
vt 0.367497 0.225742
vt 0.367497 0.229530
vt 0.385328 0.225742
vt 0.403160 0.225742
vt 0.403160 0.229530
vt 0.385328 0.229530
vt 0.420991 0.225742
vt 0.456653 0.225742
vt 0.456653 0.229530
vt 0.420991 0.229530
vt 0.474484 0.225742
vt 0.474484 0.229530
vt 0.492316 0.225742
vt 0.527978 0.225742
vt 0.527978 0.229530
vt 0.492316 0.229530
vt 0.563641 0.225742
vt 0.563641 0.229530
vt 0.599303 0.236364
vt 0.634966 0.236364
vt 0.634966 0.245328
vt 0.599303 0.245328
vt 0.652797 0.236364
vt 0.652797 0.245328
vt 0.670629 0.236364
vt 0.706291 0.236364
vt 0.706291 0.245328
vt 0.670628 0.245328
vt 0.724122 0.236364
vt 0.724122 0.245328
vt 0.028703 0.236364
vt 0.046534 0.236364
vt 0.046534 0.245328
vt 0.028703 0.245328
vt 0.064366 0.236364
vt 0.100028 0.236364
vt 0.100028 0.245328
vt 0.064365 0.245328
vt 0.117859 0.236364
vt 0.117859 0.245328
vt 0.135691 0.236364
vt 0.171353 0.236364
vt 0.171353 0.245328
vt 0.135691 0.245328
vt 0.207016 0.236364
vt 0.207016 0.245328
vt 0.242678 0.236364
vt 0.242678 0.245328
vt 0.278341 0.236364
vt 0.278341 0.245328
vt 0.296172 0.236364
vt 0.296172 0.245328
vt 0.314003 0.236364
vt 0.349666 0.236364
vt 0.349666 0.245328
vt 0.314003 0.245328
vt 0.367497 0.236364
vt 0.367497 0.245328
vt 0.385328 0.236364
vt 0.403160 0.236364
vt 0.403160 0.245328
vt 0.385328 0.245328
vt 0.420991 0.236364
vt 0.456653 0.236364
vt 0.456653 0.245328
vt 0.420991 0.245328
vt 0.474484 0.236364
vt 0.474484 0.245328
vt 0.492316 0.236364
vt 0.527978 0.236364
vt 0.527978 0.245328
vt 0.492316 0.245328
vt 0.563641 0.236364
vt 0.563641 0.245328
vt 0.634966 0.171729
vt 0.599303 0.171729
vt 0.652797 0.171729
vt 0.706291 0.171729
vt 0.670629 0.171729
vt 0.724122 0.171729
vt 0.046534 0.171729
vt 0.028703 0.171729
vt 0.100028 0.171729
vt 0.064366 0.171729
vt 0.117859 0.171729
vt 0.171353 0.171729
vt 0.135691 0.171729
vt 0.207016 0.171729
vt 0.242678 0.171729
vt 0.278341 0.171729
vt 0.296172 0.171729
vt 0.349666 0.171729
vt 0.314003 0.171729
vt 0.367497 0.171729
vt 0.403160 0.171729
vt 0.385328 0.171729
vt 0.456653 0.171729
vt 0.420991 0.171729
vt 0.474485 0.171729
vt 0.527978 0.171729
vt 0.492316 0.171729
vt 0.563641 0.171729
vt 0.599303 0.189186
vt 0.634966 0.189186
vt 0.652797 0.189186
vt 0.670629 0.189186
vt 0.706291 0.189186
vt 0.724122 0.189186
vt 0.028703 0.189186
vt 0.046534 0.189186
vt 0.064366 0.189186
vt 0.100028 0.189186
vt 0.117859 0.189186
vt 0.135691 0.189186
vt 0.171353 0.189186
vt 0.207016 0.189186
vt 0.242678 0.189186
vt 0.278341 0.189186
vt 0.296172 0.189186
vt 0.314003 0.189186
vt 0.349666 0.189186
vt 0.367497 0.189186
vt 0.385328 0.189186
vt 0.403160 0.189186
vt 0.420991 0.189186
vt 0.456653 0.189186
vt 0.474485 0.189186
vt 0.492316 0.189186
vt 0.527978 0.189186
vt 0.563641 0.189186
vt 0.634966 0.218908
vt 0.599303 0.218908
vt 0.652797 0.218908
vt 0.706291 0.218908
vt 0.670629 0.218908
vt 0.724122 0.218908
vt 0.046534 0.218908
vt 0.028703 0.218908
vt 0.100028 0.218908
vt 0.064366 0.218908
vt 0.117859 0.218908
vt 0.171353 0.218908
vt 0.135691 0.218908
vt 0.207016 0.218908
vt 0.242678 0.218908
vt 0.278341 0.218908
vt 0.296172 0.218908
vt 0.349666 0.218908
vt 0.314003 0.218908
vt 0.367497 0.218908
vt 0.403160 0.218908
vt 0.385328 0.218908
vt 0.456653 0.218908
vt 0.420991 0.218908
vt 0.474484 0.218908
vt 0.527978 0.218908
vt 0.492316 0.218908
vt 0.563641 0.218908
vt 0.634966 0.174865
vt 0.652797 0.174865
vt 0.599304 0.174865
vt 0.670629 0.174865
vt 0.706291 0.174865
vt 0.724122 0.174865
vt 0.028703 0.174865
vt 0.046534 0.174865
vt 0.064366 0.174865
vt 0.100028 0.174865
vt 0.117859 0.174865
vt 0.135691 0.174865
vt 0.171353 0.174865
vt 0.207016 0.174865
vt 0.242678 0.174865
vt 0.278341 0.174865
vt 0.296172 0.174865
vt 0.314003 0.174865
vt 0.349666 0.174865
vt 0.367497 0.174865
vt 0.385328 0.174865
vt 0.403160 0.174865
vt 0.420991 0.174865
vt 0.456653 0.174865
vt 0.474484 0.174865
vt 0.492316 0.174865
vt 0.527978 0.174865
vt 0.563641 0.174865
vt 0.634966 0.186050
vt 0.599304 0.186050
vt 0.563641 0.186050
vt 0.652797 0.186050
vt 0.670629 0.186050
vt 0.706291 0.186050
vt 0.724122 0.186050
vt 0.028703 0.186050
vt 0.046534 0.186050
vt 0.064366 0.186050
vt 0.100028 0.186050
vt 0.117859 0.186050
vt 0.135691 0.186050
vt 0.171353 0.186050
vt 0.207016 0.186050
vt 0.242678 0.186050
vt 0.278341 0.186050
vt 0.296172 0.186050
vt 0.314003 0.186050
vt 0.349666 0.186050
vt 0.367497 0.186050
vt 0.385328 0.186050
vt 0.403160 0.186050
vt 0.420991 0.186050
vt 0.456653 0.186050
vt 0.474484 0.186050
vt 0.492316 0.186050
vt 0.527978 0.186050
vt 0.634966 0.222044
vt 0.652797 0.222044
vt 0.599304 0.222044
vt 0.670629 0.222044
vt 0.706291 0.222044
vt 0.724122 0.222044
vt 0.028703 0.222044
vt 0.046534 0.222044
vt 0.064366 0.222044
vt 0.100028 0.222044
vt 0.117859 0.222044
vt 0.135691 0.222044
vt 0.171353 0.222044
vt 0.207016 0.222044
vt 0.242678 0.222044
vt 0.278341 0.222044
vt 0.296172 0.222044
vt 0.314003 0.222044
vt 0.349666 0.222044
vt 0.367497 0.222044
vt 0.385328 0.222044
vt 0.403160 0.222044
vt 0.420991 0.222044
vt 0.456653 0.222044
vt 0.474484 0.222044
vt 0.492316 0.222044
vt 0.527978 0.222044
vt 0.563641 0.222044
vt 0.634966 0.233228
vt 0.599304 0.233228
vt 0.563641 0.233228
vt 0.652797 0.233228
vt 0.670629 0.233228
vt 0.706291 0.233228
vt 0.724122 0.233228
vt 0.028703 0.233228
vt 0.046534 0.233228
vt 0.064366 0.233228
vt 0.100028 0.233228
vt 0.117859 0.233228
vt 0.135691 0.233228
vt 0.171353 0.233228
vt 0.207016 0.233228
vt 0.242678 0.233228
vt 0.278341 0.233228
vt 0.296172 0.233228
vt 0.314003 0.233228
vt 0.349666 0.233228
vt 0.367497 0.233228
vt 0.385328 0.233228
vt 0.403160 0.233228
vt 0.420991 0.233228
vt 0.456653 0.233228
vt 0.474484 0.233228
vt 0.492316 0.233228
vt 0.527978 0.233228
vt 0.599304 0.203088
vt 0.634966 0.203088
vt 0.634966 0.205080
vt 0.599304 0.205080
vt 0.652797 0.203088
vt 0.652797 0.205080
vt 0.670628 0.203088
vt 0.706291 0.203088
vt 0.706291 0.205080
vt 0.670628 0.205080
vt 0.724122 0.203088
vt 0.724122 0.205080
vt 0.028703 0.203088
vt 0.046534 0.203088
vt 0.046534 0.205080
vt 0.028703 0.205080
vt 0.064366 0.203088
vt 0.100028 0.203088
vt 0.100028 0.205080
vt 0.064366 0.205080
vt 0.117859 0.203088
vt 0.117859 0.205080
vt 0.135691 0.203088
vt 0.171353 0.203088
vt 0.171353 0.205080
vt 0.135691 0.205080
vt 0.207016 0.203088
vt 0.207016 0.205080
vt 0.242678 0.203088
vt 0.242678 0.205080
vt 0.278341 0.203088
vt 0.278341 0.205080
vt 0.296172 0.203088
vt 0.296172 0.205080
vt 0.314003 0.203088
vt 0.349666 0.203088
vt 0.349666 0.205080
vt 0.314003 0.205080
vt 0.367497 0.203088
vt 0.367497 0.205080
vt 0.385328 0.203088
vt 0.403160 0.203088
vt 0.403160 0.205080
vt 0.385328 0.205080
vt 0.420991 0.203088
vt 0.456653 0.203088
vt 0.456653 0.205080
vt 0.420991 0.205080
vt 0.474484 0.203088
vt 0.474484 0.205080
vt 0.492316 0.203088
vt 0.527978 0.203088
vt 0.527978 0.205080
vt 0.492316 0.205080
vt 0.563641 0.203088
vt 0.563641 0.205080
vt 0.634966 0.200243
vt 0.599304 0.200243
vt 0.652797 0.200243
vt 0.706291 0.200243
vt 0.670629 0.200243
vt 0.724122 0.200243
vt 0.046534 0.200243
vt 0.028703 0.200243
vt 0.100028 0.200243
vt 0.064366 0.200243
vt 0.117859 0.200243
vt 0.171353 0.200243
vt 0.135691 0.200243
vt 0.207016 0.200243
vt 0.242678 0.200243
vt 0.278341 0.200243
vt 0.296172 0.200243
vt 0.349666 0.200243
vt 0.314003 0.200243
vt 0.367497 0.200243
vt 0.403160 0.200243
vt 0.385328 0.200243
vt 0.456653 0.200243
vt 0.420991 0.200243
vt 0.474484 0.200243
vt 0.527978 0.200243
vt 0.492316 0.200243
vt 0.563641 0.200243
vt 0.599304 0.207918
vt 0.634966 0.207918
vt 0.652797 0.207918
vt 0.670629 0.207918
vt 0.706291 0.207918
vt 0.724122 0.207918
vt 0.028703 0.207918
vt 0.046534 0.207918
vt 0.064366 0.207918
vt 0.100028 0.207918
vt 0.117859 0.207918
vt 0.135690 0.207918
vt 0.171353 0.207918
vt 0.207016 0.207918
vt 0.242678 0.207918
vt 0.278341 0.207918
vt 0.296172 0.207918
vt 0.314003 0.207918
vt 0.349666 0.207918
vt 0.367497 0.207918
vt 0.385328 0.207918
vt 0.403160 0.207918
vt 0.420991 0.207918
vt 0.456653 0.207918
vt 0.474484 0.207918
vt 0.492316 0.207918
vt 0.527978 0.207918
vt 0.563641 0.207918
vt 0.634966 0.200813
vt 0.652797 0.200813
vt 0.634966 0.201828
vt 0.652797 0.201828
vt 0.599303 0.200813
vt 0.599304 0.201828
vt 0.670628 0.200813
vt 0.706291 0.200813
vt 0.670628 0.201828
vt 0.706291 0.201828
vt 0.724122 0.200813
vt 0.724122 0.201828
vt 0.028703 0.200813
vt 0.046534 0.200813
vt 0.028703 0.201828
vt 0.046534 0.201828
vt 0.064366 0.200813
vt 0.100028 0.200813
vt 0.064365 0.201828
vt 0.100028 0.201828
vt 0.117859 0.200813
vt 0.117859 0.201828
vt 0.135691 0.200813
vt 0.171353 0.200813
vt 0.135691 0.201828
vt 0.171353 0.201828
vt 0.207016 0.200813
vt 0.207016 0.201828
vt 0.242678 0.200813
vt 0.242678 0.201828
vt 0.278341 0.200813
vt 0.278341 0.201828
vt 0.296172 0.200813
vt 0.296172 0.201828
vt 0.314003 0.200813
vt 0.349666 0.200813
vt 0.314003 0.201828
vt 0.349666 0.201828
vt 0.367497 0.200813
vt 0.367497 0.201828
vt 0.385328 0.200813
vt 0.403160 0.200813
vt 0.385328 0.201828
vt 0.403159 0.201828
vt 0.420991 0.200813
vt 0.456653 0.200813
vt 0.420991 0.201828
vt 0.456653 0.201828
vt 0.474484 0.200813
vt 0.474484 0.201828
vt 0.492316 0.200813
vt 0.527978 0.200813
vt 0.492316 0.201828
vt 0.527978 0.201828
vt 0.563641 0.200813
vt 0.563641 0.201828
vt 0.634966 0.207354
vt 0.599303 0.207354
vt 0.634966 0.206341
vt 0.599304 0.206341
vt 0.563641 0.207354
vt 0.563641 0.206341
vt 0.652797 0.207354
vt 0.652797 0.206341
vt 0.670629 0.207354
vt 0.706291 0.207354
vt 0.670628 0.206341
vt 0.706291 0.206341
vt 0.724122 0.207354
vt 0.724122 0.206341
vt 0.028703 0.207354
vt 0.046534 0.207354
vt 0.028703 0.206341
vt 0.046534 0.206341
vt 0.064366 0.207354
vt 0.100028 0.207354
vt 0.064365 0.206341
vt 0.100028 0.206341
vt 0.117859 0.207354
vt 0.117859 0.206341
vt 0.135691 0.207354
vt 0.171353 0.207354
vt 0.135691 0.206341
vt 0.171353 0.206341
vt 0.207016 0.207354
vt 0.207016 0.206341
vt 0.242678 0.207354
vt 0.242678 0.206341
vt 0.278341 0.207354
vt 0.278341 0.206341
vt 0.296172 0.207354
vt 0.296172 0.206341
vt 0.314003 0.207354
vt 0.349666 0.207354
vt 0.314003 0.206341
vt 0.349666 0.206341
vt 0.367497 0.207354
vt 0.367497 0.206341
vt 0.385328 0.207354
vt 0.403160 0.207354
vt 0.385328 0.206341
vt 0.403159 0.206341
vt 0.420991 0.207354
vt 0.456653 0.207354
vt 0.420991 0.206341
vt 0.456653 0.206341
vt 0.474485 0.207354
vt 0.474485 0.206341
vt 0.492316 0.207354
vt 0.527978 0.207354
vt 0.492316 0.206341
vt 0.527978 0.206341
vt 0.599304 0.075383
vt 0.634966 0.075383
vt 0.634966 0.076476
vt 0.599304 0.076476
vt 0.652797 0.075383
vt 0.652797 0.076476
vt 0.670628 0.075383
vt 0.706291 0.075383
vt 0.706291 0.076476
vt 0.670628 0.076476
vt 0.724122 0.075383
vt 0.724122 0.076476
vt 0.028703 0.075383
vt 0.046534 0.075383
vt 0.046534 0.076476
vt 0.028703 0.076476
vt 0.064366 0.075383
vt 0.100028 0.075383
vt 0.100028 0.076476
vt 0.064366 0.076476
vt 0.117859 0.075383
vt 0.117859 0.076476
vt 0.135691 0.075383
vt 0.171353 0.075383
vt 0.171353 0.076476
vt 0.135691 0.076476
vt 0.207016 0.075383
vt 0.207016 0.076476
vt 0.242678 0.075383
vt 0.242678 0.076476
vt 0.278341 0.075383
vt 0.278341 0.076476
vt 0.296172 0.075383
vt 0.296172 0.076476
vt 0.314003 0.075383
vt 0.349666 0.075383
vt 0.349666 0.076476
vt 0.314003 0.076476
vt 0.367497 0.075383
vt 0.367497 0.076476
vt 0.385328 0.075383
vt 0.403160 0.075383
vt 0.403160 0.076476
vt 0.385328 0.076476
vt 0.420991 0.075383
vt 0.456653 0.075383
vt 0.456653 0.076476
vt 0.420991 0.076476
vt 0.474484 0.075383
vt 0.474484 0.076476
vt 0.492316 0.075383
vt 0.527978 0.075383
vt 0.527978 0.076476
vt 0.492316 0.076476
vt 0.563641 0.075383
vt 0.563641 0.076476
vt 0.634966 0.072486
vt 0.599303 0.072486
vt 0.652797 0.072486
vt 0.706291 0.072486
vt 0.670629 0.072486
vt 0.724122 0.072486
vt 0.046534 0.072486
vt 0.028703 0.072486
vt 0.100028 0.072486
vt 0.064366 0.072486
vt 0.117859 0.072486
vt 0.171353 0.072486
vt 0.135691 0.072486
vt 0.207016 0.072486
vt 0.242678 0.072486
vt 0.278341 0.072486
vt 0.296172 0.072486
vt 0.349666 0.072486
vt 0.314003 0.072486
vt 0.367497 0.072486
vt 0.403159 0.072486
vt 0.385328 0.072486
vt 0.456653 0.072486
vt 0.420991 0.072486
vt 0.474485 0.072486
vt 0.527978 0.072486
vt 0.492316 0.072486
vt 0.563641 0.072486
vt 0.599303 0.079904
vt 0.634966 0.079904
vt 0.652797 0.079904
vt 0.670629 0.079904
vt 0.706291 0.079904
vt 0.724122 0.079904
vt 0.028703 0.079904
vt 0.046534 0.079904
vt 0.064366 0.079904
vt 0.100028 0.079904
vt 0.117859 0.079904
vt 0.135691 0.079904
vt 0.171353 0.079904
vt 0.207016 0.079904
vt 0.242678 0.079904
vt 0.278341 0.079904
vt 0.296172 0.079904
vt 0.314003 0.079904
vt 0.349666 0.079904
vt 0.367497 0.079904
vt 0.385328 0.079904
vt 0.403160 0.079904
vt 0.420991 0.079904
vt 0.456653 0.079904
vt 0.474484 0.079904
vt 0.492316 0.079904
vt 0.527978 0.079904
vt 0.563641 0.079904
vt 0.599304 0.072874
vt 0.634966 0.072874
vt 0.599304 0.073935
vt 0.634966 0.073935
vt 0.652797 0.072874
vt 0.652797 0.073935
vt 0.670629 0.072874
vt 0.706291 0.072874
vt 0.670629 0.073935
vt 0.706291 0.073935
vt 0.724122 0.072874
vt 0.724122 0.073935
vt 0.028703 0.072874
vt 0.046534 0.072874
vt 0.028703 0.073935
vt 0.046534 0.073935
vt 0.064365 0.072874
vt 0.100028 0.072874
vt 0.064366 0.073935
vt 0.100028 0.073935
vt 0.117859 0.072874
vt 0.117859 0.073935
vt 0.135690 0.072874
vt 0.171353 0.072874
vt 0.135691 0.073935
vt 0.171353 0.073935
vt 0.207016 0.072874
vt 0.207016 0.073935
vt 0.242678 0.072874
vt 0.242678 0.073935
vt 0.278341 0.072874
vt 0.278341 0.073935
vt 0.296172 0.072874
vt 0.296172 0.073935
vt 0.314003 0.072874
vt 0.349666 0.072874
vt 0.314003 0.073935
vt 0.349666 0.073935
vt 0.367497 0.072874
vt 0.367497 0.073935
vt 0.385328 0.072874
vt 0.403159 0.072874
vt 0.385328 0.073935
vt 0.403160 0.073935
vt 0.420991 0.072874
vt 0.456653 0.072874
vt 0.420991 0.073935
vt 0.456653 0.073935
vt 0.474485 0.072874
vt 0.474484 0.073935
vt 0.492316 0.072874
vt 0.527978 0.072874
vt 0.492316 0.073935
vt 0.527978 0.073935
vt 0.563641 0.072874
vt 0.563641 0.073935
vt 0.599303 0.079088
vt 0.563641 0.079088
vt 0.599304 0.077886
vt 0.563641 0.077886
vt 0.634966 0.079088
vt 0.634966 0.077886
vt 0.652797 0.079088
vt 0.652797 0.077886
vt 0.670629 0.079088
vt 0.706291 0.079088
vt 0.670628 0.077886
vt 0.706291 0.077886
vt 0.724122 0.079088
vt 0.724122 0.077886
vt 0.028703 0.079088
vt 0.046534 0.079088
vt 0.028703 0.077886
vt 0.046534 0.077886
vt 0.064366 0.079088
vt 0.100028 0.079088
vt 0.064366 0.077886
vt 0.100028 0.077886
vt 0.117859 0.079088
vt 0.117859 0.077886
vt 0.135691 0.079088
vt 0.171353 0.079088
vt 0.135691 0.077886
vt 0.171353 0.077886
vt 0.207016 0.079088
vt 0.207016 0.077886
vt 0.242678 0.079088
vt 0.242678 0.077886
vt 0.278341 0.079088
vt 0.278341 0.077886
vt 0.296172 0.079088
vt 0.296172 0.077886
vt 0.314003 0.079088
vt 0.349666 0.079088
vt 0.314003 0.077886
vt 0.349666 0.077886
vt 0.367497 0.079088
vt 0.367497 0.077886
vt 0.385328 0.079088
vt 0.403160 0.079088
vt 0.385328 0.077886
vt 0.403160 0.077886
vt 0.420991 0.079088
vt 0.456653 0.079088
vt 0.420991 0.077886
vt 0.456653 0.077886
vt 0.474484 0.079088
vt 0.474485 0.077886
vt 0.492316 0.079088
vt 0.527978 0.079088
vt 0.492316 0.077886
vt 0.527978 0.077886
vt 0.599303 0.122434
vt 0.599303 0.118414
vt 0.634966 0.118414
vt 0.634966 0.122434
vt 0.599303 0.113564
vt 0.634966 0.113564
vt 0.652797 0.113564
vt 0.652797 0.122434
vt 0.670629 0.113564
vt 0.706291 0.113564
vt 0.670629 0.122434
vt 0.706291 0.122434
vt 0.724122 0.113564
vt 0.724122 0.122434
vt 0.028703 0.113564
vt 0.046534 0.113564
vt 0.028703 0.122434
vt 0.046534 0.122434
vt 0.064366 0.113564
vt 0.100028 0.113564
vt 0.064366 0.122434
vt 0.100028 0.122434
vt 0.117859 0.113564
vt 0.117859 0.122434
vt 0.135691 0.113564
vt 0.171353 0.113564
vt 0.135691 0.122434
vt 0.171353 0.122434
vt 0.207016 0.113564
vt 0.207016 0.122434
vt 0.242678 0.113564
vt 0.242678 0.122434
vt 0.278341 0.113564
vt 0.278341 0.122434
vt 0.296172 0.113564
vt 0.296172 0.122434
vt 0.314003 0.113564
vt 0.349666 0.113564
vt 0.314003 0.122434
vt 0.349666 0.122434
vt 0.367497 0.113564
vt 0.367497 0.122434
vt 0.385328 0.113564
vt 0.403160 0.113564
vt 0.385328 0.122434
vt 0.403160 0.122434
vt 0.420991 0.113564
vt 0.456653 0.113564
vt 0.420991 0.122434
vt 0.456653 0.122434
vt 0.474484 0.113564
vt 0.474484 0.122434
vt 0.492316 0.113564
vt 0.527978 0.113564
vt 0.492316 0.122434
vt 0.527978 0.122434
vt 0.563641 0.113564
vt 0.563641 0.122434
vt 0.652797 0.118414
vt 0.670629 0.118414
vt 0.706291 0.118414
vt 0.724122 0.118414
vt 0.028703 0.118414
vt 0.046534 0.118414
vt 0.064366 0.118414
vt 0.100028 0.118414
vt 0.117859 0.118414
vt 0.135691 0.118414
vt 0.171353 0.118414
vt 0.207016 0.118414
vt 0.242678 0.118414
vt 0.278341 0.118414
vt 0.296172 0.118414
vt 0.314003 0.118414
vt 0.349666 0.118414
vt 0.367497 0.118414
vt 0.385328 0.118414
vt 0.403160 0.118414
vt 0.420991 0.118414
vt 0.456653 0.118414
vt 0.474484 0.118414
vt 0.492316 0.118414
vt 0.527978 0.118414
vt 0.563641 0.118414
vt 0.634966 0.299063
vt 0.599304 0.299063
vt 0.652797 0.299063
vt 0.706291 0.299063
vt 0.670629 0.299063
vt 0.724122 0.299063
vt 0.046534 0.299063
vt 0.028703 0.299063
vt 0.100028 0.299063
vt 0.064366 0.299063
vt 0.117859 0.299063
vt 0.171353 0.299063
vt 0.135691 0.299063
vt 0.207016 0.299063
vt 0.242678 0.299063
vt 0.278340 0.299063
vt 0.296172 0.299063
vt 0.349666 0.299063
vt 0.314003 0.299063
vt 0.367497 0.299063
vt 0.403160 0.299063
vt 0.385328 0.299063
vt 0.456653 0.299063
vt 0.420991 0.299063
vt 0.474484 0.299063
vt 0.527978 0.299063
vt 0.492316 0.299063
vt 0.563641 0.299063
vt 0.634966 0.514006
vt 0.634966 0.516543
vt 0.599304 0.516543
vt 0.599304 0.514006
vt 0.634966 0.518963
vt 0.599304 0.518963
vt 0.563641 0.516543
vt 0.563641 0.514006
vt 0.563641 0.518963
vt 0.652797 0.516543
vt 0.652797 0.518963
vt 0.652797 0.514006
vt 0.670628 0.518963
vt 0.670628 0.516543
vt 0.706291 0.516543
vt 0.706291 0.518963
vt 0.670629 0.514006
vt 0.706291 0.514006
vt 0.724122 0.516543
vt 0.724122 0.518963
vt 0.724122 0.514006
vt 0.028703 0.518963
vt 0.028703 0.516543
vt 0.046534 0.516543
vt 0.046534 0.518963
vt 0.028703 0.514006
vt 0.046534 0.514006
vt 0.064365 0.518963
vt 0.064365 0.516543
vt 0.100028 0.516543
vt 0.100028 0.518963
vt 0.064365 0.514006
vt 0.100028 0.514006
vt 0.117859 0.516543
vt 0.117859 0.518963
vt 0.117859 0.514006
vt 0.135691 0.518963
vt 0.135691 0.516543
vt 0.171353 0.516543
vt 0.171353 0.518963
vt 0.135691 0.514006
vt 0.171353 0.514006
vt 0.207016 0.516543
vt 0.207016 0.518963
vt 0.207016 0.514006
vt 0.242678 0.516543
vt 0.242678 0.518963
vt 0.242678 0.514006
vt 0.278340 0.516543
vt 0.278340 0.518963
vt 0.278340 0.514006
vt 0.296172 0.516543
vt 0.296172 0.518963
vt 0.296172 0.514006
vt 0.314003 0.518963
vt 0.314003 0.516543
vt 0.349666 0.516543
vt 0.349666 0.518963
vt 0.314003 0.514006
vt 0.349666 0.514006
vt 0.367497 0.516543
vt 0.367497 0.518963
vt 0.367497 0.514006
vt 0.385328 0.518963
vt 0.385328 0.516543
vt 0.403160 0.516543
vt 0.421213 0.793180
vt 0.661083 0.828950
vt 0.403094 0.793180
vt 0.675260 0.711000
vt 0.367637 0.793180
vt 0.403094 0.793180
vt 0.779168 0.653397
vt 0.403160 0.518963
vt 0.385531 0.793180
vt 0.421213 0.793180
vt 0.906784 0.739265
vt 0.367661 0.793060
vt 0.403070 0.793060
vt 0.892609 0.857215
vt 0.367637 0.793180
vt 0.403094 0.793180
vt 0.788701 0.914818
vt 0.385328 0.514006
vt 0.385531 0.793180
vt 0.403160 0.514006
vt 0.420991 0.518963
vt 0.420991 0.516543
vt 0.456653 0.516543
vt 0.456653 0.518963
vt 0.420991 0.514006
vt 0.456653 0.514006
vt 0.474484 0.516543
vt 0.474484 0.518963
vt 0.474484 0.514006
vt 0.492316 0.518963
vt 0.492316 0.516543
vt 0.527978 0.516543
vt 0.527978 0.518963
vt 0.492316 0.514006
vt 0.527978 0.514006
vt 0.634966 0.522665
vt 0.599304 0.522665
vt 0.652797 0.522665
vt 0.706291 0.522665
vt 0.670628 0.522665
vt 0.724122 0.522665
vt 0.046534 0.522665
vt 0.028703 0.522665
vt 0.100028 0.522665
vt 0.064366 0.522665
vt 0.117859 0.522665
vt 0.171353 0.522665
vt 0.135691 0.522665
vt 0.207016 0.522665
vt 0.242679 0.522665
vt 0.278340 0.522665
vt 0.296172 0.522665
vt 0.349666 0.522665
vt 0.314003 0.522665
vt 0.367497 0.522665
vt 0.403160 0.522665
vt 0.385328 0.522665
vt 0.456653 0.522665
vt 0.420991 0.522665
vt 0.474484 0.522665
vt 0.527978 0.522665
vt 0.492316 0.522665
vt 0.563641 0.522665
vt 0.634966 0.526051
vt 0.652797 0.526051
vt 0.634966 0.529563
vt 0.652797 0.529563
vt 0.634966 0.533169
vt 0.652797 0.533169
vt 0.634966 0.536838
vt 0.652797 0.536838
vt 0.599304 0.526051
vt 0.599304 0.529563
vt 0.599304 0.533169
vt 0.599304 0.536838
vt 0.670628 0.526051
vt 0.706291 0.526051
vt 0.670629 0.529563
vt 0.706291 0.529563
vt 0.670629 0.533169
vt 0.706291 0.533169
vt 0.670629 0.536838
vt 0.706291 0.536838
vt 0.724122 0.526051
vt 0.724122 0.529563
vt 0.724122 0.533169
vt 0.724122 0.536838
vt 0.028703 0.526051
vt 0.046534 0.526051
vt 0.028703 0.529563
vt 0.046534 0.529563
vt 0.028703 0.533169
vt 0.046534 0.533169
vt 0.028703 0.536838
vt 0.046534 0.536838
vt 0.064365 0.526051
vt 0.100028 0.526051
vt 0.064365 0.529563
vt 0.100028 0.529563
vt 0.064365 0.533169
vt 0.100028 0.533169
vt 0.064366 0.536838
vt 0.100028 0.536838
vt 0.117859 0.526051
vt 0.117859 0.529563
vt 0.117859 0.533169
vt 0.117859 0.536838
vt 0.135691 0.526051
vt 0.171353 0.526051
vt 0.135691 0.529563
vt 0.171353 0.529563
vt 0.135690 0.533169
vt 0.171353 0.533169
vt 0.135690 0.536838
vt 0.171353 0.536838
vt 0.207016 0.526051
vt 0.207016 0.529563
vt 0.207016 0.533169
vt 0.207016 0.536838
vt 0.242678 0.526051
vt 0.242678 0.529563
vt 0.242679 0.533169
vt 0.242679 0.536838
vt 0.278340 0.526051
vt 0.278340 0.529563
vt 0.278340 0.533169
vt 0.278341 0.536838
vt 0.296172 0.526051
vt 0.296172 0.529563
vt 0.296172 0.533169
vt 0.296172 0.536838
vt 0.314003 0.526051
vt 0.349666 0.526051
vt 0.314003 0.529563
vt 0.349665 0.529563
vt 0.314003 0.533169
vt 0.349666 0.533169
vt 0.314003 0.536838
vt 0.349666 0.536838
vt 0.367497 0.526051
vt 0.367497 0.529563
vt 0.367497 0.533169
vt 0.367497 0.536838
vt 0.385328 0.526051
vt 0.403160 0.526051
vt 0.385328 0.529563
vt 0.403160 0.529563
vt 0.385328 0.533169
vt 0.403159 0.533169
vt 0.385328 0.536838
vt 0.403160 0.536838
vt 0.420991 0.526051
vt 0.456653 0.526051
vt 0.420991 0.529563
vt 0.456653 0.529563
vt 0.420991 0.533169
vt 0.456653 0.533169
vt 0.420991 0.536838
vt 0.456653 0.536838
vt 0.474484 0.526051
vt 0.474484 0.529563
vt 0.474485 0.533169
vt 0.474484 0.536838
vt 0.492316 0.526051
vt 0.527978 0.526051
vt 0.492315 0.529563
vt 0.527978 0.529563
vt 0.492316 0.533169
vt 0.527978 0.533169
vt 0.492316 0.536838
vt 0.527978 0.536838
vt 0.563641 0.526051
vt 0.563641 0.529563
vt 0.563641 0.533169
vt 0.563641 0.536838
vt 0.599304 0.554786
vt 0.634966 0.554786
vt 0.634966 0.560832
vt 0.599304 0.560832
vt 0.563641 0.554786
vt 0.563641 0.560832
vt 0.527978 0.554786
vt 0.527978 0.560832
vt 0.492316 0.554786
vt 0.492316 0.560832
vt 0.456653 0.554786
vt 0.474484 0.554786
vt 0.474484 0.560832
vt 0.456653 0.560832
vt 0.420991 0.554786
vt 0.420991 0.560832
vt 0.385328 0.554786
vt 0.403159 0.554786
vt 0.403160 0.560832
vt 0.385328 0.560832
vt 0.349666 0.554786
vt 0.367497 0.554786
vt 0.367497 0.560832
vt 0.349665 0.560832
vt 0.314003 0.554786
vt 0.314003 0.560832
vt 0.278341 0.554786
vt 0.296172 0.554786
vt 0.296172 0.560832
vt 0.278340 0.560832
vt 0.242678 0.554786
vt 0.242678 0.560832
vt 0.207016 0.554786
vt 0.207016 0.560832
vt 0.171353 0.554786
vt 0.171353 0.560832
vt 0.135691 0.554786
vt 0.135690 0.560832
vt 0.100028 0.554786
vt 0.117859 0.554786
vt 0.117859 0.560832
vt 0.100028 0.560832
vt 0.064366 0.554786
vt 0.064366 0.560832
vt 0.028703 0.554786
vt 0.046534 0.554786
vt 0.046534 0.560832
vt 0.028703 0.560832
vt 0.706291 0.554786
vt 0.724122 0.554786
vt 0.724122 0.560832
vt 0.706291 0.560832
vt 0.670629 0.554786
vt 0.670629 0.560832
vt 0.652797 0.554786
vt 0.652797 0.560832
vt 0.634966 0.542199
vt 0.634966 0.541725
vt 0.652797 0.541725
vt 0.652797 0.542199
vt 0.634966 0.542916
vt 0.652797 0.542916
vt 0.634966 0.544109
vt 0.634966 0.543633
vt 0.652797 0.543633
vt 0.652797 0.544109
vt 0.599304 0.542199
vt 0.599304 0.541725
vt 0.599304 0.542916
vt 0.599304 0.543633
vt 0.599304 0.544109
vt 0.670629 0.542199
vt 0.670629 0.541725
vt 0.706291 0.541725
vt 0.706291 0.542199
vt 0.670629 0.542916
vt 0.706291 0.542916
vt 0.670629 0.544109
vt 0.670628 0.543633
vt 0.706291 0.543633
vt 0.706291 0.544109
vt 0.724122 0.541725
vt 0.724122 0.542199
vt 0.724122 0.542916
vt 0.724122 0.543633
vt 0.724122 0.544109
vt 0.028703 0.542199
vt 0.028703 0.541725
vt 0.046534 0.541725
vt 0.046534 0.542199
vt 0.028703 0.542916
vt 0.046534 0.542916
vt 0.028703 0.544109
vt 0.028703 0.543633
vt 0.046534 0.543633
vt 0.046534 0.544109
vt 0.064365 0.542199
vt 0.064365 0.541725
vt 0.100028 0.541725
vt 0.100028 0.542199
vt 0.064366 0.542916
vt 0.100028 0.542916
vt 0.064365 0.544109
vt 0.064365 0.543633
vt 0.100028 0.543633
vt 0.100028 0.544109
vt 0.117859 0.541725
vt 0.117859 0.542199
vt 0.117859 0.542916
vt 0.117859 0.543633
vt 0.117859 0.544109
vt 0.135690 0.542199
vt 0.135690 0.541725
vt 0.171353 0.541725
vt 0.171353 0.542199
vt 0.135691 0.542916
vt 0.171353 0.542916
vt 0.135691 0.544109
vt 0.135691 0.543633
vt 0.171353 0.543633
vt 0.171353 0.544109
vt 0.207016 0.541725
vt 0.207016 0.542199
vt 0.207016 0.542916
vt 0.207016 0.543633
vt 0.207016 0.544109
vt 0.242679 0.541725
vt 0.242678 0.542199
vt 0.242678 0.542916
vt 0.242678 0.543633
vt 0.242678 0.544109
vt 0.278341 0.541725
vt 0.278340 0.542199
vt 0.278340 0.542916
vt 0.278340 0.543633
vt 0.278340 0.544109
vt 0.296172 0.541725
vt 0.296172 0.542199
vt 0.296172 0.542916
vt 0.296172 0.543633
vt 0.296172 0.544109
vt 0.314003 0.542199
vt 0.314003 0.541725
vt 0.349666 0.541725
vt 0.349666 0.542199
vt 0.314003 0.542916
vt 0.349666 0.542916
vt 0.314003 0.544109
vt 0.314003 0.543633
vt 0.349666 0.543633
vt 0.349666 0.544109
vt 0.367497 0.541725
vt 0.367497 0.542199
vt 0.367497 0.542916
vt 0.367497 0.543633
vt 0.367497 0.544109
vt 0.385328 0.542199
vt 0.385328 0.541725
vt 0.403160 0.541725
vt 0.403160 0.542199
vt 0.385328 0.542916
vt 0.403160 0.542916
vt 0.385328 0.544109
vt 0.385328 0.543633
vt 0.403159 0.543633
vt 0.403160 0.544109
vt 0.420991 0.542199
vt 0.420991 0.541725
vt 0.456653 0.541725
vt 0.456653 0.542199
vt 0.420991 0.542916
vt 0.456653 0.542916
vt 0.420991 0.544109
vt 0.420991 0.543633
vt 0.456653 0.543633
vt 0.456653 0.544109
vt 0.474484 0.541725
vt 0.474484 0.542199
vt 0.474484 0.542916
vt 0.474485 0.543633
vt 0.474484 0.544109
vt 0.492316 0.542199
vt 0.492316 0.541725
vt 0.527978 0.541725
vt 0.421213 0.793180
vt 0.421213 0.793180
vt 0.527978 0.542199
vt 0.492316 0.542916
vt 0.527978 0.542916
vt 0.492316 0.544109
vt 0.492316 0.543633
vt 0.527978 0.543633
vt 0.421165 0.793060
vt 0.421213 0.793180
vt 0.527978 0.544109
vt 0.563641 0.541725
vt 0.563641 0.542199
vt 0.563641 0.542916
vt 0.563641 0.543633
vt 0.563641 0.544109
vt 0.634966 0.539308
vt 0.652797 0.539308
vt 0.599304 0.539308
vt 0.670629 0.539308
vt 0.706291 0.539308
vt 0.724122 0.539308
vt 0.028703 0.539308
vt 0.046534 0.539308
vt 0.064366 0.539308
vt 0.100028 0.539308
vt 0.117859 0.539308
vt 0.135691 0.539308
vt 0.171353 0.539308
vt 0.207016 0.539308
vt 0.242678 0.539308
vt 0.278340 0.539308
vt 0.296172 0.539308
vt 0.314003 0.539308
vt 0.349666 0.539308
vt 0.367497 0.539308
vt 0.385328 0.539308
vt 0.403160 0.539308
vt 0.420991 0.539308
vt 0.456653 0.539308
vt 0.474484 0.539308
vt 0.492316 0.539308
vt 0.527978 0.539308
vt 0.563641 0.539308
vt 0.599304 0.541013
vt 0.634966 0.541013
vt 0.652797 0.541013
vt 0.670628 0.541013
vt 0.706291 0.541013
vt 0.724122 0.541013
vt 0.028703 0.541013
vt 0.046534 0.541013
vt 0.064365 0.541013
vt 0.100028 0.541013
vt 0.117859 0.541013
vt 0.135691 0.541013
vt 0.171353 0.541013
vt 0.207016 0.541013
vt 0.242678 0.541013
vt 0.278340 0.541013
vt 0.296172 0.541013
vt 0.314003 0.541013
vt 0.349666 0.541013
vt 0.367497 0.541013
vt 0.385328 0.541013
vt 0.403160 0.541013
vt 0.420991 0.541013
vt 0.456653 0.541013
vt 0.474484 0.541013
vt 0.492315 0.541013
vt 0.527978 0.541013
vt 0.563641 0.541013
vt 0.634966 0.540612
vt 0.599304 0.540612
vt 0.634966 0.540011
vt 0.599304 0.540011
vt 0.652797 0.540612
vt 0.652797 0.540011
vt 0.563641 0.540612
vt 0.563641 0.540011
vt 0.527978 0.540612
vt 0.527978 0.540011
vt 0.670628 0.540612
vt 0.706291 0.540612
vt 0.670629 0.540011
vt 0.706291 0.540011
vt 0.724122 0.540612
vt 0.724122 0.540011
vt 0.028703 0.540612
vt 0.046534 0.540612
vt 0.028703 0.540011
vt 0.046534 0.540011
vt 0.064366 0.540612
vt 0.100028 0.540612
vt 0.064366 0.540011
vt 0.100028 0.540011
vt 0.367637 0.732491
vt 0.354517 0.707197
vt 0.354517 0.729560
vt 0.117859 0.540612
vt 0.354517 0.729560
vt 0.349692 0.732491
vt 0.117859 0.540011
vt 0.135691 0.540612
vt 0.367637 0.732491
vt 0.354517 0.707197
vt 0.354517 0.729560
vt 0.171353 0.540612
vt 0.354517 0.729560
vt 0.403094 0.707197
vt 0.367637 0.729560
vt 0.354517 0.729560
vt 0.354517 0.707197
vt 0.367637 0.707197
vt 0.403094 0.707197
vt 0.367637 0.729560
vt 0.385531 0.707197
vt 0.416644 0.707197
vt 0.385531 0.729560
vt 0.354559 0.729526
vt 0.354559 0.707193
vt 0.367661 0.707193
vt 0.403070 0.707193
vt 0.367661 0.729526
vt 0.416602 0.707193
vt 0.403070 0.729526
vt 0.403094 0.707197
vt 0.367637 0.729560
vt 0.416644 0.707197
vt 0.403094 0.729560
vt 0.385531 0.707197
vt 0.416644 0.707197
vt 0.385531 0.729560
vt 0.416644 0.707197
vt 0.403094 0.729560
vt 0.367637 0.707197
vt 0.416644 0.707197
vt 0.403094 0.729560
vt 0.367637 0.707197
vt 0.135691 0.540011
vt 0.171353 0.540011
vt 0.367637 0.793180
vt 0.403094 0.732491
vt 0.349692 0.732491
vt 0.207016 0.540612
vt 0.207016 0.540011
vt 0.242678 0.540612
vt 0.349692 0.732491
vt 0.242679 0.540011
vt 0.367637 0.732491
vt 0.278340 0.540612
vt 0.403094 0.732491
vt 0.278340 0.540011
vt 0.296172 0.540612
vt 0.296172 0.540011
vt 0.314003 0.540612
vt 0.385531 0.732491
vt 0.349666 0.540612
vt 0.314003 0.540011
vt 0.349740 0.732453
vt 0.367661 0.732453
vt 0.349666 0.540011
vt 0.403070 0.732453
vt 0.367497 0.540612
vt 0.367497 0.540011
vt 0.385328 0.540612
vt 0.403159 0.540612
vt 0.403094 0.732491
vt 0.385328 0.540011
vt 0.403160 0.540011
vt 0.349692 0.732491
vt 0.420991 0.540612
vt 0.456653 0.540612
vt 0.385531 0.732491
vt 0.349692 0.732491
vt 0.420991 0.540011
vt 0.456653 0.540011
vt 0.416644 0.729560
vt 0.416644 0.729560
vt 0.354517 0.707197
vt 0.416644 0.729560
vt 0.416602 0.729526
vt 0.416644 0.729560
vt 0.354517 0.707197
vt 0.416644 0.729560
vt 0.403094 0.705630
vt 0.367637 0.705630
vt 0.403094 0.731201
vt 0.367637 0.731201
vt 0.352540 0.705630
vt 0.352540 0.731201
vt 0.418608 0.705630
vt 0.418608 0.731201
vt 0.352540 0.731201
vt 0.352540 0.705630
vt 0.367637 0.705630
vt 0.367637 0.731201
vt 0.403094 0.705630
vt 0.403094 0.731201
vt 0.418609 0.705630
vt 0.418608 0.731201
vt 0.385531 0.705630
vt 0.352540 0.705630
vt 0.385531 0.731201
vt 0.352540 0.731201
vt 0.418608 0.705630
vt 0.418608 0.731201
vt 0.352585 0.731165
vt 0.352585 0.705628
vt 0.367661 0.705628
vt 0.367661 0.731165
vt 0.403070 0.705628
vt 0.403070 0.731165
vt 0.418564 0.705628
vt 0.418564 0.731165
vt 0.403094 0.705630
vt 0.367637 0.705630
vt 0.403094 0.731201
vt 0.367637 0.731201
vt 0.418608 0.705630
vt 0.418609 0.731201
vt 0.352540 0.705630
vt 0.352540 0.731201
vt 0.385531 0.705961
vt 0.352540 0.705630
vt 0.385531 0.731201
vt 0.352540 0.731201
vt 0.418608 0.705630
vt 0.418608 0.731201
vt 0.474484 0.540612
vt 0.474484 0.540011
vt 0.492316 0.540612
vt 0.492315 0.540011
vt 0.599304 0.581694
vt 0.634966 0.581694
vt 0.634966 0.587591
vt 0.599304 0.587591
vt 0.652797 0.581694
vt 0.652797 0.587591
vt 0.670629 0.581694
vt 0.706291 0.581694
vt 0.706291 0.587591
vt 0.670629 0.587591
vt 0.724122 0.581694
vt 0.724122 0.587591
vt 0.028703 0.581694
vt 0.046534 0.581694
vt 0.046534 0.587591
vt 0.028703 0.587591
vt 0.064366 0.581694
vt 0.100028 0.581694
vt 0.100028 0.587591
vt 0.064366 0.587591
vt 0.117859 0.581694
vt 0.117859 0.587591
vt 0.135691 0.581694
vt 0.171353 0.581694
vt 0.171353 0.587591
vt 0.135690 0.587591
vt 0.207016 0.581694
vt 0.207016 0.587591
vt 0.242678 0.581694
vt 0.242678 0.587591
vt 0.278340 0.581694
vt 0.278341 0.587591
vt 0.296172 0.581694
vt 0.296172 0.587591
vt 0.314003 0.581694
vt 0.349666 0.581694
vt 0.349666 0.587591
vt 0.314003 0.587591
vt 0.367497 0.581694
vt 0.367497 0.587591
vt 0.385328 0.581694
vt 0.403160 0.581694
vt 0.403160 0.587591
vt 0.385328 0.587591
vt 0.420991 0.581694
vt 0.456653 0.581694
vt 0.456653 0.587591
vt 0.420991 0.587591
vt 0.474484 0.581694
vt 0.474484 0.587591
vt 0.492316 0.581694
vt 0.527978 0.581694
vt 0.527978 0.587591
vt 0.492316 0.587591
vt 0.563641 0.581694
vt 0.563641 0.587591
vt 0.599304 0.569899
vt 0.634966 0.569899
vt 0.634966 0.572848
vt 0.599304 0.572848
vt 0.652797 0.569899
vt 0.652797 0.572848
vt 0.670629 0.569899
vt 0.706291 0.569899
vt 0.706291 0.572848
vt 0.670629 0.572848
vt 0.724122 0.569899
vt 0.724122 0.572848
vt 0.028703 0.569899
vt 0.046534 0.569899
vt 0.046534 0.572848
vt 0.028703 0.572848
vt 0.064365 0.569899
vt 0.100028 0.569899
vt 0.100028 0.572848
vt 0.064365 0.572848
vt 0.117859 0.569899
vt 0.117859 0.572848
vt 0.135691 0.569899
vt 0.171353 0.569899
vt 0.171353 0.572848
vt 0.135691 0.572848
vt 0.207016 0.569899
vt 0.207016 0.572848
vt 0.242678 0.569899
vt 0.242678 0.572848
vt 0.278341 0.569899
vt 0.278340 0.572848
vt 0.296172 0.569899
vt 0.296172 0.572848
vt 0.314003 0.569899
vt 0.349666 0.569899
vt 0.349666 0.572848
vt 0.314003 0.572848
vt 0.367497 0.569899
vt 0.367497 0.572848
vt 0.385328 0.569899
vt 0.403160 0.569899
vt 0.403160 0.572848
vt 0.385328 0.572848
vt 0.420991 0.569899
vt 0.456653 0.569899
vt 0.456653 0.572848
vt 0.420991 0.572848
vt 0.474484 0.569899
vt 0.474484 0.572848
vt 0.492316 0.569899
vt 0.527978 0.569899
vt 0.527978 0.572848
vt 0.492316 0.572848
vt 0.563641 0.569899
vt 0.563641 0.572848
vt 0.599304 0.578327
vt 0.634966 0.578327
vt 0.652797 0.578327
vt 0.670629 0.578327
vt 0.706291 0.578327
vt 0.724122 0.578327
vt 0.028703 0.578327
vt 0.046534 0.578327
vt 0.064365 0.578327
vt 0.100028 0.578327
vt 0.117859 0.578327
vt 0.135691 0.578327
vt 0.171353 0.578327
vt 0.207016 0.578327
vt 0.242678 0.578327
vt 0.278341 0.578327
vt 0.296172 0.578327
vt 0.314003 0.578327
vt 0.349666 0.578327
vt 0.367497 0.578327
vt 0.385328 0.578327
vt 0.403160 0.578327
vt 0.420991 0.578327
vt 0.456653 0.578327
vt 0.474484 0.578327
vt 0.492315 0.578327
vt 0.527978 0.578327
vt 0.563641 0.578327
vt 0.634966 0.575691
vt 0.599304 0.575691
vt 0.563641 0.575691
vt 0.652797 0.575691
vt 0.670629 0.575691
vt 0.706291 0.575691
vt 0.724122 0.575691
vt 0.028703 0.575691
vt 0.046534 0.575691
vt 0.064366 0.575691
vt 0.100028 0.575691
vt 0.117859 0.575691
vt 0.135691 0.575691
vt 0.171353 0.575691
vt 0.207016 0.575691
vt 0.242679 0.575691
vt 0.278340 0.575691
vt 0.296172 0.575691
vt 0.314003 0.575691
vt 0.349666 0.575691
vt 0.367497 0.575691
vt 0.385328 0.575691
vt 0.403160 0.575691
vt 0.420991 0.575691
vt 0.456653 0.575691
vt 0.474484 0.575691
vt 0.492316 0.575691
vt 0.527978 0.575691
vt 0.634966 0.563371
vt 0.634966 0.565435
vt 0.599304 0.565435
vt 0.599304 0.563371
vt 0.634966 0.567632
vt 0.599304 0.567632
vt 0.563641 0.563371
vt 0.527978 0.563371
vt 0.492315 0.563371
vt 0.474484 0.563371
vt 0.456653 0.563371
vt 0.420991 0.563371
vt 0.403159 0.563371
vt 0.385328 0.563371
vt 0.367497 0.563371
vt 0.349665 0.563371
vt 0.314003 0.563371
vt 0.296172 0.563371
vt 0.278341 0.563371
vt 0.242678 0.563371
vt 0.207016 0.563371
vt 0.171353 0.563371
vt 0.135691 0.563371
vt 0.117859 0.563371
vt 0.100028 0.563371
vt 0.064365 0.563371
vt 0.046534 0.563371
vt 0.028703 0.563371
vt 0.724122 0.563371
vt 0.706291 0.563371
vt 0.670629 0.563371
vt 0.652797 0.563371
vt 0.563641 0.567632
vt 0.527978 0.567632
vt 0.492316 0.567632
vt 0.456653 0.567632
vt 0.474484 0.567632
vt 0.420991 0.567632
vt 0.385328 0.567632
vt 0.403160 0.567632
vt 0.349666 0.567632
vt 0.367497 0.567632
vt 0.314003 0.567632
vt 0.278340 0.567632
vt 0.296172 0.567632
vt 0.242678 0.567632
vt 0.207016 0.567632
vt 0.171353 0.567632
vt 0.135690 0.567632
vt 0.100028 0.567632
vt 0.117859 0.567632
vt 0.064366 0.567632
vt 0.028703 0.567632
vt 0.046534 0.567632
vt 0.706291 0.567632
vt 0.724122 0.567632
vt 0.670629 0.567632
vt 0.652797 0.567632
vt 0.563641 0.565435
vt 0.527978 0.565435
vt 0.492316 0.565435
vt 0.474484 0.565435
vt 0.456653 0.565435
vt 0.420991 0.565435
vt 0.403160 0.565435
vt 0.385328 0.565435
vt 0.367497 0.565435
vt 0.349666 0.565435
vt 0.314003 0.565435
vt 0.296172 0.565435
vt 0.278340 0.565435
vt 0.242678 0.565435
vt 0.207016 0.565435
vt 0.171353 0.565435
vt 0.135691 0.565435
vt 0.117859 0.565435
vt 0.100028 0.565435
vt 0.064366 0.565435
vt 0.046534 0.565435
vt 0.028703 0.565435
vt 0.724122 0.565435
vt 0.706291 0.565435
vt 0.670628 0.565435
vt 0.652797 0.565435
vt 0.599304 0.552195
vt 0.634966 0.552195
vt 0.652797 0.552195
vt 0.670629 0.552195
vt 0.706291 0.552195
vt 0.724122 0.552195
vt 0.028703 0.552195
vt 0.046534 0.552195
vt 0.064365 0.552195
vt 0.100028 0.552195
vt 0.117859 0.552195
vt 0.135690 0.552195
vt 0.171353 0.552195
vt 0.207016 0.552195
vt 0.242679 0.552195
vt 0.278340 0.552195
vt 0.296172 0.552195
vt 0.314003 0.552195
vt 0.349666 0.552195
vt 0.367497 0.552195
vt 0.385328 0.552195
vt 0.403159 0.552195
vt 0.420991 0.552195
vt 0.456653 0.552195
vt 0.474484 0.552195
vt 0.492316 0.552195
vt 0.527978 0.552195
vt 0.563641 0.552195
vt 0.652797 0.546138
vt 0.634966 0.546138
vt 0.706291 0.546138
vt 0.670628 0.546138
vt 0.724122 0.546138
vt 0.046534 0.546138
vt 0.028703 0.546138
vt 0.100028 0.546138
vt 0.064366 0.546138
vt 0.117859 0.546138
vt 0.171353 0.546138
vt 0.135690 0.546138
vt 0.207016 0.546138
vt 0.242678 0.546138
vt 0.278340 0.546138
vt 0.296172 0.546138
vt 0.349666 0.546138
vt 0.314003 0.546138
vt 0.367497 0.546138
vt 0.403160 0.546138
vt 0.385328 0.546138
vt 0.456653 0.546138
vt 0.420991 0.546138
vt 0.474484 0.546138
vt 0.527978 0.546138
vt 0.492316 0.546138
vt 0.563641 0.546138
vt 0.599304 0.546138
vt 0.634966 0.548742
vt 0.652797 0.548742
vt 0.670629 0.548742
vt 0.706291 0.548742
vt 0.724122 0.548742
vt 0.028703 0.548742
vt 0.046534 0.548742
vt 0.064365 0.548742
vt 0.100028 0.548742
vt 0.117859 0.548742
vt 0.135691 0.548742
vt 0.171353 0.548742
vt 0.207016 0.548742
vt 0.242678 0.548742
vt 0.278340 0.548742
vt 0.296172 0.548742
vt 0.314003 0.548742
vt 0.349666 0.548742
vt 0.367497 0.548742
vt 0.385328 0.548742
vt 0.403160 0.548742
vt 0.420991 0.548742
vt 0.456653 0.548742
vt 0.474484 0.548742
vt 0.492316 0.548742
vt 0.527978 0.548742
vt 0.563641 0.548742
vt 0.599304 0.548742
vt 0.608869 0.904355
vt 0.634966 0.614526
vt 0.632523 0.839381
vt 0.421213 0.640217
vt 0.625366 0.815478
vt 0.652797 0.614526
vt 0.367637 0.615734
vt 0.367637 0.640217
vt 0.706291 0.614526
vt 0.403094 0.640217
vt 0.028703 0.614526
vt 0.649836 0.693907
vt 0.665445 0.674285
vt 0.046534 0.614526
vt 0.367637 0.615734
vt 0.367637 0.640217
vt 0.100028 0.614526
vt 0.403094 0.640217
vt 0.421213 0.640217
vt 0.117859 0.614526
vt 0.778030 0.574771
vt 0.778145 0.622783
vt 0.349692 0.615734
vt 0.349692 0.640217
vt 0.385531 0.615734
vt 0.385531 0.640217
vt 0.958999 0.663859
vt 0.421213 0.640217
vt 0.278341 0.614526
vt 0.935345 0.728833
vt 0.942502 0.752737
vt 0.296172 0.614526
vt 0.367661 0.615854
vt 0.367661 0.640304
vt 0.349665 0.614526
vt 0.403070 0.640304
vt 0.421165 0.640304
vt 0.367497 0.614526
vt 0.385328 0.614526
vt 0.918032 0.874308
vt 0.902423 0.893929
vt 0.403160 0.614526
vt 0.367637 0.615734
vt 0.367637 0.640217
vt 0.456653 0.614526
vt 0.403094 0.640217
vt 0.421213 0.640217
vt 0.474484 0.614526
vt 0.789839 0.993444
vt 0.789724 0.945432
vt 0.349692 0.615734
vt 0.349692 0.640217
vt 0.385531 0.615734
vt 0.385531 0.640217
vt 0.634966 0.609349
vt 0.599304 0.609349
vt 0.634966 0.605283
vt 0.634966 0.607730
vt 0.599304 0.607730
vt 0.599304 0.605283
vt 0.563641 0.609349
vt 0.563641 0.607730
vt 0.563641 0.605283
vt 0.652797 0.609349
vt 0.670629 0.609349
vt 0.652797 0.607730
vt 0.652797 0.605283
vt 0.706291 0.609349
vt 0.670629 0.607730
vt 0.706291 0.607730
vt 0.670629 0.605283
vt 0.706291 0.605283
vt 0.724122 0.609349
vt 0.028703 0.609349
vt 0.724122 0.607730
vt 0.724122 0.605283
vt 0.046534 0.609349
vt 0.064365 0.609349
vt 0.028703 0.607730
vt 0.046534 0.607730
vt 0.028703 0.605283
vt 0.046534 0.605283
vt 0.100028 0.609349
vt 0.064365 0.607730
vt 0.100028 0.607730
vt 0.064365 0.605283
vt 0.100028 0.605283
vt 0.117859 0.609349
vt 0.135691 0.609349
vt 0.117859 0.607730
vt 0.117859 0.605283
vt 0.171353 0.609349
vt 0.135691 0.607730
vt 0.171353 0.607730
vt 0.135691 0.605283
vt 0.171353 0.605283
vt 0.207016 0.609349
vt 0.207016 0.607730
vt 0.207016 0.605283
vt 0.242679 0.609349
vt 0.242678 0.607730
vt 0.242678 0.605283
vt 0.278340 0.609349
vt 0.278340 0.607730
vt 0.278340 0.605283
vt 0.296172 0.609349
vt 0.314003 0.609349
vt 0.296172 0.607730
vt 0.296172 0.605283
vt 0.349666 0.609349
vt 0.314003 0.607730
vt 0.349666 0.607730
vt 0.314003 0.605283
vt 0.349666 0.605283
vt 0.367497 0.609349
vt 0.385328 0.609349
vt 0.367497 0.607730
vt 0.367497 0.605283
vt 0.403159 0.609349
vt 0.420991 0.609349
vt 0.385328 0.607730
vt 0.403160 0.607730
vt 0.385328 0.605283
vt 0.403160 0.605283
vt 0.456653 0.609349
vt 0.420991 0.607730
vt 0.456653 0.607730
vt 0.420991 0.605283
vt 0.456653 0.605283
vt 0.474484 0.609349
vt 0.492316 0.609349
vt 0.474484 0.607730
vt 0.474484 0.605283
vt 0.527978 0.609349
vt 0.492316 0.607730
vt 0.527978 0.607730
vt 0.492316 0.605283
vt 0.527978 0.605283
vt 0.634966 0.590540
vt 0.599304 0.590540
vt 0.652797 0.590540
vt 0.706291 0.590540
vt 0.670629 0.590540
vt 0.724122 0.590540
vt 0.046534 0.590540
vt 0.028703 0.590540
vt 0.100028 0.590540
vt 0.064365 0.590540
vt 0.117859 0.590540
vt 0.171353 0.590540
vt 0.135691 0.590540
vt 0.207016 0.590540
vt 0.242678 0.590540
vt 0.278341 0.590540
vt 0.296172 0.590540
vt 0.349665 0.590540
vt 0.314003 0.590540
vt 0.367497 0.590540
vt 0.403160 0.590540
vt 0.385328 0.590540
vt 0.456653 0.590540
vt 0.420991 0.590540
vt 0.474484 0.590540
vt 0.527978 0.590540
vt 0.492316 0.590540
vt 0.563641 0.590540
vt 0.634966 0.592869
vt 0.599304 0.592869
vt 0.634966 0.594020
vt 0.599304 0.594020
vt 0.563641 0.592869
vt 0.563641 0.594020
vt 0.652797 0.592869
vt 0.652797 0.594020
vt 0.670628 0.594020
vt 0.670629 0.592869
vt 0.706291 0.592869
vt 0.706291 0.594020
vt 0.724122 0.592869
vt 0.724122 0.594020
vt 0.028703 0.594020
vt 0.028703 0.592869
vt 0.046534 0.592869
vt 0.046534 0.594020
vt 0.064366 0.594020
vt 0.064366 0.592869
vt 0.100028 0.592869
vt 0.100028 0.594020
vt 0.117859 0.592869
vt 0.117859 0.594020
vt 0.135691 0.594020
vt 0.135691 0.592869
vt 0.171353 0.592869
vt 0.171353 0.594020
vt 0.207016 0.592869
vt 0.207016 0.594020
vt 0.242679 0.592869
vt 0.242678 0.594020
vt 0.278341 0.592869
vt 0.278340 0.594020
vt 0.296172 0.592869
vt 0.296172 0.594020
vt 0.314003 0.594020
vt 0.314003 0.592869
vt 0.349666 0.592869
vt 0.349666 0.594020
vt 0.367497 0.592869
vt 0.367497 0.594020
vt 0.385328 0.594020
vt 0.385328 0.592869
vt 0.403160 0.592869
vt 0.403160 0.594020
vt 0.420991 0.594020
vt 0.420991 0.592869
vt 0.456653 0.592869
vt 0.456653 0.594020
vt 0.474484 0.592869
vt 0.474484 0.594020
vt 0.492316 0.594020
vt 0.492316 0.592869
vt 0.527978 0.592869
vt 0.527978 0.594020
vt 0.599304 0.598182
vt 0.634966 0.598182
vt 0.634966 0.600301
vt 0.599304 0.600301
vt 0.652797 0.598182
vt 0.652797 0.600301
vt 0.670629 0.598182
vt 0.706291 0.598182
vt 0.706291 0.600301
vt 0.670629 0.600301
vt 0.724122 0.598182
vt 0.724122 0.600301
vt 0.028703 0.598182
vt 0.046534 0.598182
vt 0.046534 0.600301
vt 0.028703 0.600301
vt 0.064365 0.598182
vt 0.100028 0.598182
vt 0.100028 0.600301
vt 0.064365 0.600301
vt 0.117859 0.598182
vt 0.117859 0.600301
vt 0.135691 0.598182
vt 0.171353 0.598182
vt 0.171353 0.600301
vt 0.135691 0.600301
vt 0.207016 0.598182
vt 0.207016 0.600301
vt 0.242678 0.598182
vt 0.242678 0.600301
vt 0.278340 0.598182
vt 0.278340 0.600301
vt 0.296172 0.598182
vt 0.296172 0.600301
vt 0.314003 0.598182
vt 0.349666 0.598182
vt 0.349666 0.600301
vt 0.314003 0.600301
vt 0.367497 0.598182
vt 0.367497 0.600301
vt 0.385328 0.598182
vt 0.403159 0.598182
vt 0.403159 0.600301
vt 0.385328 0.600301
vt 0.420991 0.598182
vt 0.456653 0.598182
vt 0.456653 0.600301
vt 0.420991 0.600301
vt 0.474484 0.598182
vt 0.474484 0.600301
vt 0.492316 0.598182
vt 0.527978 0.598182
vt 0.527978 0.600301
vt 0.492316 0.600301
vt 0.563641 0.598182
vt 0.563641 0.600301
vt 0.599304 0.604734
vt 0.634966 0.604734
vt 0.652797 0.604734
vt 0.670629 0.604734
vt 0.706291 0.604734
vt 0.724122 0.604734
vt 0.028703 0.604734
vt 0.046534 0.604734
vt 0.064366 0.604734
vt 0.100028 0.604734
vt 0.117859 0.604734
vt 0.135691 0.604734
vt 0.171353 0.604734
vt 0.207016 0.604734
vt 0.242678 0.604734
vt 0.278340 0.604734
vt 0.296172 0.604734
vt 0.314003 0.604734
vt 0.349666 0.604734
vt 0.367497 0.604734
vt 0.385328 0.604734
vt 0.403160 0.604734
vt 0.420991 0.604734
vt 0.456653 0.604734
vt 0.474484 0.604734
vt 0.492316 0.604734
vt 0.527978 0.604734
vt 0.563641 0.604734
vt 0.634966 0.594158
vt 0.599304 0.594158
vt 0.652797 0.594158
vt 0.706291 0.594158
vt 0.670629 0.594158
vt 0.724122 0.594158
vt 0.046534 0.594158
vt 0.028703 0.594158
vt 0.100028 0.594158
vt 0.064366 0.594158
vt 0.117859 0.594158
vt 0.171353 0.594158
vt 0.135690 0.594158
vt 0.207016 0.594158
vt 0.242678 0.594158
vt 0.278341 0.594158
vt 0.296172 0.594158
vt 0.349666 0.594158
vt 0.314003 0.594158
vt 0.367497 0.594158
vt 0.403160 0.594158
vt 0.385328 0.594158
vt 0.456653 0.594158
vt 0.420991 0.594158
vt 0.474484 0.594158
vt 0.527978 0.594158
vt 0.492315 0.594158
vt 0.563641 0.594158
vt 0.634966 0.594851
vt 0.652797 0.594851
vt 0.634966 0.596303
vt 0.652797 0.596303
vt 0.599304 0.594851
vt 0.599304 0.596303
vt 0.670629 0.594851
vt 0.706291 0.594851
vt 0.670629 0.596303
vt 0.706291 0.596303
vt 0.724122 0.594851
vt 0.724122 0.596303
vt 0.028703 0.594851
vt 0.046534 0.594851
vt 0.028703 0.596303
vt 0.046534 0.596303
vt 0.064366 0.594851
vt 0.100028 0.594851
vt 0.064365 0.596303
vt 0.100028 0.596303
vt 0.117859 0.594851
vt 0.117859 0.596303
vt 0.135691 0.594851
vt 0.171353 0.594851
vt 0.135691 0.596303
vt 0.171353 0.596303
vt 0.207016 0.594851
vt 0.207016 0.596303
vt 0.242678 0.594851
vt 0.242678 0.596303
vt 0.278340 0.594851
vt 0.278340 0.596303
vt 0.296172 0.594851
vt 0.296172 0.596303
vt 0.314003 0.594851
vt 0.349666 0.594851
vt 0.314003 0.596303
vt 0.349666 0.596303
vt 0.367497 0.594851
vt 0.367497 0.596303
vt 0.385328 0.594851
vt 0.403160 0.594851
vt 0.385328 0.596303
vt 0.403159 0.596303
vt 0.420991 0.594851
vt 0.456653 0.594851
vt 0.420991 0.596303
vt 0.456653 0.596303
vt 0.474484 0.594851
vt 0.474484 0.596303
vt 0.492316 0.594851
vt 0.527978 0.594851
vt 0.492316 0.596303
vt 0.527978 0.596303
vt 0.563641 0.594851
vt 0.563641 0.596303
vt 0.634966 0.603710
vt 0.599304 0.603710
vt 0.634966 0.602150
vt 0.599304 0.602150
vt 0.563641 0.603710
vt 0.563641 0.602150
vt 0.652797 0.603710
vt 0.652797 0.602150
vt 0.670629 0.603710
vt 0.706291 0.603710
vt 0.670629 0.602150
vt 0.706291 0.602150
vt 0.724122 0.603710
vt 0.724122 0.602150
vt 0.028703 0.603710
vt 0.046534 0.603710
vt 0.028703 0.602150
vt 0.046534 0.602150
vt 0.064366 0.603710
vt 0.100028 0.603710
vt 0.064365 0.602150
vt 0.100028 0.602150
vt 0.117859 0.603710
vt 0.117859 0.602150
vt 0.135691 0.603710
vt 0.171353 0.603710
vt 0.135691 0.602150
vt 0.171353 0.602150
vt 0.207016 0.603710
vt 0.207016 0.602150
vt 0.242679 0.603710
vt 0.242678 0.602150
vt 0.278340 0.603710
vt 0.278340 0.602150
vt 0.296172 0.603710
vt 0.296172 0.602150
vt 0.314003 0.603710
vt 0.349666 0.603710
vt 0.314003 0.602150
vt 0.349666 0.602150
vt 0.367497 0.603710
vt 0.367497 0.602150
vt 0.385328 0.603710
vt 0.403160 0.603710
vt 0.385328 0.602150
vt 0.403160 0.602150
vt 0.420991 0.603710
vt 0.456653 0.603710
vt 0.420991 0.602150
vt 0.456653 0.602150
vt 0.474484 0.603710
vt 0.474484 0.602150
vt 0.492315 0.603710
vt 0.527978 0.603710
vt 0.492316 0.602150
vt 0.527978 0.602150
vt 0.634966 0.363546
vt 0.599304 0.363546
vt 0.563641 0.363546
vt 0.527978 0.363546
vt 0.492316 0.363546
vt 0.474484 0.363546
vt 0.456653 0.363546
vt 0.420991 0.363546
vt 0.403160 0.363546
vt 0.385328 0.363546
vt 0.367497 0.363546
vt 0.349666 0.363546
vt 0.314003 0.363546
vt 0.296172 0.363546
vt 0.278341 0.363546
vt 0.242678 0.363546
vt 0.207016 0.363546
vt 0.171353 0.363546
vt 0.135691 0.363546
vt 0.117859 0.363546
vt 0.100028 0.363546
vt 0.064366 0.363546
vt 0.046534 0.363546
vt 0.028703 0.363546
vt 0.724122 0.363546
vt 0.706291 0.363546
vt 0.670628 0.363546
vt 0.652797 0.363546
vt 0.599304 0.423730
vt 0.563641 0.423730
vt 0.527978 0.423730
vt 0.492316 0.423730
vt 0.474484 0.423730
vt 0.456653 0.423730
vt 0.420991 0.423730
vt 0.403159 0.423730
vt 0.385328 0.423730
vt 0.367497 0.423730
vt 0.349666 0.423730
vt 0.314003 0.423730
vt 0.296172 0.423730
vt 0.278340 0.423730
vt 0.242678 0.423730
vt 0.207016 0.423730
vt 0.171353 0.423730
vt 0.135691 0.423730
vt 0.117859 0.423730
vt 0.100028 0.423730
vt 0.064365 0.423730
vt 0.046534 0.423730
vt 0.028703 0.423730
vt 0.724122 0.423730
vt 0.706291 0.423730
vt 0.670629 0.423730
vt 0.652797 0.423730
vt 0.634966 0.423730
vt 0.599304 0.468868
vt 0.563641 0.468868
vt 0.527978 0.468868
vt 0.492315 0.468868
vt 0.474484 0.468868
vt 0.456653 0.468868
vt 0.420991 0.468868
vt 0.403159 0.468868
vt 0.385328 0.468868
vt 0.367497 0.468868
vt 0.349666 0.468868
vt 0.314003 0.468868
vt 0.296172 0.468868
vt 0.278340 0.468868
vt 0.242678 0.468868
vt 0.207016 0.468868
vt 0.171353 0.468868
vt 0.135691 0.468868
vt 0.117859 0.468868
vt 0.100028 0.468868
vt 0.064365 0.468868
vt 0.046534 0.468868
vt 0.028703 0.468868
vt 0.724122 0.468868
vt 0.706291 0.468868
vt 0.670629 0.468868
vt 0.652797 0.468868
vt 0.634966 0.468868
vt 0.403094 0.704071
vt 0.367637 0.704071
vt 0.328110 0.640217
vt 0.349692 0.704071
vt 0.328110 0.704071
vt 0.421213 0.704071
vt 0.443115 0.640217
vt 0.443115 0.704071
vt 0.328110 0.640217
vt 0.349692 0.704071
vt 0.328110 0.704071
vt 0.367637 0.704071
vt 0.403094 0.704071
vt 0.421213 0.704071
vt 0.443115 0.640217
vt 0.443115 0.704071
vt 0.385531 0.704071
vt 0.349692 0.704071
vt 0.328110 0.640217
vt 0.328110 0.704071
vt 0.421213 0.704071
vt 0.443115 0.640217
vt 0.443115 0.704071
vt 0.328187 0.640304
vt 0.349740 0.704071
vt 0.328187 0.704071
vt 0.367661 0.704071
vt 0.403070 0.704071
vt 0.421165 0.704071
vt 0.443037 0.640304
vt 0.443037 0.704071
vt 0.403094 0.704071
vt 0.367637 0.704071
vt 0.421213 0.704071
vt 0.443115 0.640217
vt 0.443115 0.704071
vt 0.328110 0.640217
vt 0.349692 0.704071
vt 0.328110 0.704071
vt 0.385531 0.704071
vt 0.349692 0.704071
vt 0.421213 0.732491
vt 0.421213 0.732491
vt 0.421213 0.704071
vt 0.421213 0.732491
vt 0.421213 0.732491
vt 0.421213 0.732491
vt 0.656847 0.808903
vt 0.689068 0.695858
vt 0.819970 0.657642
vt 0.878801 0.872357
vt 0.747898 0.910573
vt 0.911022 0.759311
vt 0.421165 0.732453
vt 0.421213 0.640217
vt 0.328110 0.640217
vt 0.328110 0.704071
vt 0.443115 0.640217
vt 0.443115 0.704071
vt 0.316967 0.922492
vt 0.347540 0.820692
vt 0.273223 0.682871
vt 0.170541 0.652543
vt 0.117789 0.662619
vt 0.070775 0.688354
vt 0.034190 0.726893
vt 0.003617 0.828693
vt 0.077934 0.966514
vt 0.180616 0.996842
vt 0.280382 0.961031
vt 0.233368 0.986766
vt 0.340956 0.873214
vt 0.329948 0.898431
vt 0.338069 0.767109
vt 0.343893 0.793635
vt 0.311978 0.719111
vt 0.325993 0.742784
vt 0.223663 0.658903
vt 0.249040 0.669910
vt 0.010200 0.776170
vt 0.021209 0.750954
vt 0.013088 0.882276
vt 0.007265 0.855750
vt 0.039179 0.930274
vt 0.025164 0.906601
vt 0.127494 0.990481
vt 0.102117 0.979475
vt 0.227944 0.971927
vt 0.179951 0.981042
vt 0.328362 0.796308
vt 0.087166 0.953903
vt 0.039013 0.898987
vt 0.022795 0.853077
vt 0.108880 0.965238
vt 0.741953 0.614526
vt 0.724122 0.614526
vt 0.741953 0.025307
vt 0.741953 0.065410
vt 0.741953 0.068118
vt 0.741953 0.070413
vt 0.741953 0.071947
vt 0.741953 0.072486
vt 0.741953 0.072486
vt 0.741953 0.072874
vt 0.741953 0.073935
vt 0.741953 0.075383
vt 0.741953 0.076476
vt 0.741953 0.077886
vt 0.741953 0.079088
vt 0.741953 0.079904
vt 0.741953 0.084068
vt 0.741953 0.084657
vt 0.741953 0.086384
vt 0.741953 0.089131
vt 0.741953 0.092711
vt 0.741953 0.096880
vt 0.741953 0.101353
vt 0.741953 0.108271
vt 0.741953 0.113564
vt 0.741953 0.118414
vt 0.741953 0.122434
vt 0.741953 0.127829
vt 0.741953 0.133824
vt 0.741953 0.143705
vt 0.741953 0.153347
vt 0.741953 0.157695
vt 0.741953 0.162456
vt 0.741953 0.167097
vt 0.741953 0.171021
vt 0.741953 0.171729
vt 0.741953 0.174865
vt 0.741953 0.178564
vt 0.741953 0.182351
vt 0.741953 0.186050
vt 0.741953 0.189186
vt 0.741953 0.193432
vt 0.741953 0.195993
vt 0.741953 0.197601
vt 0.741953 0.198149
vt 0.741953 0.200243
vt 0.741953 0.200813
vt 0.741953 0.201828
vt 0.741953 0.203088
vt 0.741953 0.205080
vt 0.741953 0.206341
vt 0.741953 0.207354
vt 0.741953 0.207918
vt 0.741953 0.209944
vt 0.741953 0.210493
vt 0.741953 0.212101
vt 0.741953 0.214661
vt 0.741953 0.218908
vt 0.741953 0.222044
vt 0.741953 0.225742
vt 0.741953 0.229530
vt 0.741953 0.233228
vt 0.741953 0.236364
vt 0.741953 0.245328
vt 0.741953 0.299063
vt 0.741953 0.363546
vt 0.741953 0.423730
vt 0.741953 0.468868
vt 0.741953 0.514006
vt 0.741953 0.516543
vt 0.741953 0.518963
vt 0.741953 0.522665
vt 0.741953 0.526051
vt 0.741953 0.529563
vt 0.741953 0.533169
vt 0.741953 0.536838
vt 0.741953 0.539308
vt 0.741953 0.540011
vt 0.741953 0.540612
vt 0.741953 0.541013
vt 0.741953 0.541725
vt 0.741953 0.542199
vt 0.741953 0.542916
vt 0.741953 0.543633
vt 0.741953 0.544109
vt 0.741953 0.546138
vt 0.741953 0.548742
vt 0.741953 0.552195
vt 0.741953 0.554786
vt 0.741953 0.560832
vt 0.741953 0.563371
vt 0.741953 0.565435
vt 0.741953 0.567632
vt 0.741953 0.569899
vt 0.741953 0.572848
vt 0.741953 0.575691
vt 0.741953 0.578327
vt 0.741953 0.581694
vt 0.741953 0.587591
vt 0.741953 0.590540
vt 0.741953 0.592869
vt 0.741953 0.594020
vt 0.741953 0.594158
vt 0.741953 0.594851
vt 0.741953 0.596303
vt 0.741953 0.598182
vt 0.741953 0.600301
vt 0.741953 0.602150
vt 0.741953 0.603710
vt 0.741953 0.604734
vt 0.741953 0.605283
vt 0.741953 0.607730
vt 0.741953 0.609349
vt 0.421213 0.615734
vt 0.403094 0.615734
vt 0.943217 0.922435
vt 0.958020 0.901191
vt 0.421165 0.615854
vt 0.403070 0.615854
vt 0.989217 0.734818
vt 0.980067 0.710476
vt 0.421213 0.615734
vt 0.403094 0.615734
vt 0.624651 0.645780
vt 0.609848 0.667023
vt 0.421213 0.615734
vt 0.403094 0.615734
vt 0.578651 0.833397
vt 0.587801 0.857738
vt 0.563641 0.614526
vt 0.527978 0.614526
vt 0.492316 0.614526
vt 0.420991 0.614526
vt 0.314003 0.614526
vt 0.242678 0.614526
vt 0.207016 0.614526
vt 0.171353 0.614526
vt 0.135691 0.614526
vt 0.064366 0.614526
vt 0.670629 0.614526
vt 0.599304 0.614526
vt 0.666444 0.729499
vt 0.657811 0.748090
vt 0.901424 0.838716
vt 0.910057 0.820125
vt 0.759000 0.657017
vt 0.738876 0.660942
vt 0.808868 0.911197
vt 0.828992 0.907272
vt 0.680501 0.865328
vt 0.710639 0.893253
vt 0.349692 0.793180
vt 0.864836 0.887364
vt 0.349692 0.793180
vt 0.914978 0.779426
vt 0.349740 0.793060
vt 0.887367 0.702886
vt 0.857229 0.674962
vt 0.349692 0.793180
vt 0.703033 0.680851
vt 0.349692 0.793180
vt 0.652891 0.788789
vt 0.349692 0.793180
vt 0.814559 0.942886
vt 0.815843 0.992668
vt 0.349692 0.640217
vt 0.349692 0.615734
vt 0.930312 0.852448
vt 0.972106 0.879466
vt 0.349740 0.640304
vt 0.349740 0.615854
vt 0.753310 0.625329
vt 0.752026 0.575547
vt 0.349692 0.640217
vt 0.349692 0.615734
vt 0.637556 0.715767
vt 0.595763 0.688750
vt 0.349692 0.640217
vt 0.349692 0.615734
vt 0.737979 0.991818
vt 0.739712 0.941848
vt 0.421213 0.615734
vt 0.913704 0.683604
vt 0.829889 0.576397
vt 0.828156 0.626366
vt 0.654164 0.884611
vt 0.421213 0.615734
vn 0.309017 0.000000 0.951057
vn 0.544314 0.000000 0.838881
vn 0.544314 0.000000 0.838882
vn 0.309017 0.000000 0.951057
vn 0.707105 0.000000 0.707108
vn 0.707105 0.000000 0.707109
vn 0.838881 0.000000 0.544315
vn 0.933442 0.000000 0.358729
vn 0.933442 0.000000 0.358728
vn 0.838882 0.000000 0.544314
vn 0.987688 0.000000 0.156436
vn 0.987688 0.000000 0.156437
vn 1.000000 0.000000 -0.000000
vn 0.987688 0.000000 -0.156436
vn 0.987688 0.000000 -0.156437
vn 1.000000 0.000000 -0.000000
vn 0.933441 0.000000 -0.358730
vn 0.838880 0.000000 -0.544316
vn 0.838881 0.000000 -0.544315
vn 0.933441 0.000000 -0.358730
vn 0.707107 0.000000 -0.707107
vn 0.707107 0.000000 -0.707107
vn 0.544315 0.000000 -0.838881
vn 0.309017 0.000000 -0.951057
vn 0.309017 0.000000 -0.951057
vn 0.544315 0.000000 -0.838881
vn -0.000000 0.000000 -1.000000
vn -0.000000 0.000000 -1.000000
vn -0.309017 0.000000 -0.951057
vn -0.309017 0.000000 -0.951057
vn -0.544315 0.000000 -0.838881
vn -0.544315 0.000000 -0.838881
vn -0.707108 0.000000 -0.707106
vn -0.707107 0.000000 -0.707107
vn -0.838880 0.000000 -0.544316
vn -0.933442 0.000000 -0.358729
vn -0.933442 0.000000 -0.358729
vn -0.838880 0.000000 -0.544316
vn -0.987688 0.000000 -0.156434
vn -0.987689 0.000000 -0.156433
vn -1.000000 0.000000 0.000000
vn -0.987688 0.000000 0.156434
vn -0.987689 0.000000 0.156433
vn -1.000000 0.000000 0.000000
vn -0.933442 0.000000 0.358729
vn -0.838880 0.000000 0.544316
vn -0.838880 0.000000 0.544316
vn -0.933442 0.000000 0.358729
vn -0.707108 0.000000 0.707106
vn -0.707107 0.000000 0.707107
vn -0.544315 0.000000 0.838881
vn -0.309017 0.000000 0.951057
vn -0.309017 0.000000 0.951057
vn -0.544315 0.000000 0.838881
vn 0.000000 0.000000 1.000000
vn 0.000000 0.000000 1.000000
vn 0.000000 -1.000000 0.000000
vn 0.000000 -1.000000 -0.000000
vn 0.000000 -1.000000 -0.000000
vn 0.000000 -1.000000 -0.000000
vn 0.000000 -1.000000 -0.000000
vn -0.000000 -1.000000 0.000000
vn 0.000000 -1.000000 0.000000
vn 0.000000 -1.000000 0.000000
vn -0.000000 -1.000000 0.000000
vn 0.000000 -1.000000 0.000000
vn 0.000000 -1.000000 -0.000000
vn 0.000000 -1.000000 0.000000
vn 0.000000 -1.000000 -0.000000
vn 0.000000 -1.000000 -0.000000
vn 0.000000 -1.000000 0.000000
vn -0.000000 -1.000000 0.000000
vn 0.000000 -1.000000 0.000000
vn -0.000000 -1.000000 0.000000
vn -0.000000 -1.000000 0.000000
vn 0.000000 -1.000000 -0.000000
vn 0.000000 -1.000000 0.000000
vn 0.000000 -1.000000 0.000000
vn 0.000000 -1.000000 -0.000000
vn 0.000000 -1.000000 0.000000
vn -0.000000 -1.000000 0.000000
vn 0.000000 -1.000000 0.000000
vn -0.000000 -1.000000 0.000000
vn -0.000000 -1.000000 0.000000
vn 0.000000 -1.000000 0.000000
vn 0.544272 0.012467 0.838816
vn 0.308993 0.012484 0.950982
vn 0.707048 0.012566 0.707053
vn 0.933370 0.012472 0.358699
vn 0.838817 0.012472 0.544271
vn 0.987610 0.012569 0.156426
vn 0.987610 0.012569 -0.156426
vn 0.999922 0.012493 -0.000000
vn 0.838816 0.012465 -0.544272
vn 0.933369 0.012467 -0.358702
vn 0.707051 0.012564 -0.707051
vn 0.308993 0.012484 -0.950982
vn 0.544272 0.012466 -0.838816
vn -0.000000 0.012486 -0.999922
vn -0.308993 0.012484 -0.950982
vn -0.544273 0.012466 -0.838816
vn -0.707051 0.012564 -0.707051
vn -0.933369 0.012466 -0.358701
vn -0.838815 0.012465 -0.544274
vn -0.987611 0.012565 -0.156421
vn -0.987611 0.012565 0.156421
vn -0.999922 0.012488 0.000000
vn -0.838815 0.012469 0.544274
vn -0.933369 0.012469 0.358701
vn -0.707051 0.012567 0.707051
vn -0.308993 0.012487 0.950982
vn -0.544273 0.012471 0.838816
vn -0.000000 0.012485 0.999922
vn 0.122484 0.918091 0.376971
vn 0.012244 0.999215 0.037684
vn -0.000000 0.999215 0.039624
vn -0.000001 0.918089 0.396374
vn 0.220415 0.700882 0.678367
vn -0.000001 0.700883 0.713276
vn 0.285947 0.379124 0.880057
vn -0.000001 0.379139 0.925340
vn 0.215998 0.917894 0.332891
vn 0.021598 0.999213 0.033285
vn 0.388516 0.700387 0.598760
vn 0.503774 0.378675 0.776413
vn 0.271394 0.923413 0.271393
vn 0.024133 0.999417 0.024133
vn 0.500468 0.706446 0.500466
vn 0.653416 0.382229 0.653413
vn 0.033286 0.999213 0.021598
vn 0.332902 0.917887 0.216007
vn 0.370426 0.917888 0.142357
vn 0.037037 0.999213 0.014233
vn 0.598775 0.700373 0.388518
vn 0.666267 0.700377 0.256050
vn 0.776397 0.378709 0.503773
vn 0.863917 0.378707 0.332007
vn 0.379087 0.923411 0.060042
vn 0.033709 0.999417 0.005339
vn 0.699047 0.706452 0.110719
vn 0.912687 0.382238 0.144558
vn 0.039624 0.999215 0.000000
vn 0.396368 0.918092 -0.000000
vn 0.379088 0.923411 -0.060042
vn 0.033709 0.999417 -0.005339
vn 0.713280 0.700879 -0.000000
vn 0.699046 0.706453 -0.110719
vn 0.925326 0.379174 -0.000000
vn 0.912687 0.382238 -0.144558
vn 0.037038 0.999213 -0.014234
vn 0.370430 0.917887 -0.142358
vn 0.332902 0.917887 -0.216007
vn 0.033286 0.999213 -0.021598
vn 0.666254 0.700389 -0.256048
vn 0.598764 0.700386 -0.388511
vn 0.863924 0.378686 -0.332012
vn 0.776410 0.378672 -0.503781
vn 0.271395 0.923412 -0.271394
vn 0.024134 0.999417 -0.024133
vn 0.500468 0.706445 -0.500468
vn 0.653420 0.382214 -0.653418
vn 0.021598 0.999213 -0.033286
vn 0.216003 0.917891 -0.332895
vn 0.122485 0.918090 -0.376972
vn 0.012244 0.999215 -0.037685
vn 0.388517 0.700377 -0.598772
vn 0.220418 0.700883 -0.678365
vn 0.503782 0.378668 -0.776411
vn 0.285946 0.379131 -0.880054
vn -0.000000 0.918087 -0.396379
vn -0.000000 0.999215 -0.039623
vn 0.000000 0.700894 -0.713266
vn 0.000000 0.379163 -0.925330
vn -0.122484 0.918091 -0.376971
vn -0.012244 0.999215 -0.037684
vn -0.220415 0.700891 -0.678357
vn -0.285947 0.379130 -0.880054
vn -0.216003 0.917890 -0.332898
vn -0.021598 0.999213 -0.033285
vn -0.388512 0.700390 -0.598759
vn -0.503781 0.378673 -0.776410
vn -0.271399 0.923409 -0.271400
vn -0.024133 0.999417 -0.024133
vn -0.500460 0.706454 -0.500462
vn -0.653417 0.382222 -0.653416
vn -0.033286 0.999213 -0.021598
vn -0.332895 0.917891 -0.216004
vn -0.370424 0.917890 -0.142354
vn -0.037038 0.999213 -0.014234
vn -0.598758 0.700392 -0.388510
vn -0.666252 0.700392 -0.256046
vn -0.776409 0.378673 -0.503781
vn -0.863927 0.378681 -0.332011
vn -0.379089 0.923410 -0.060041
vn -0.033709 0.999417 -0.005339
vn -0.699047 0.706452 -0.110718
vn -0.912698 0.382212 -0.144559
vn -0.039624 0.999215 0.000000
vn -0.396368 0.918092 -0.000000
vn -0.379087 0.923411 0.060041
vn -0.033709 0.999417 0.005339
vn -0.713280 0.700879 -0.000000
vn -0.699046 0.706453 0.110718
vn -0.925340 0.379139 0.000000
vn -0.912698 0.382212 0.144559
vn -0.037038 0.999213 0.014234
vn -0.370426 0.917889 0.142355
vn -0.332902 0.917887 0.216009
vn -0.033286 0.999213 0.021598
vn -0.666261 0.700383 0.256049
vn -0.598771 0.700377 0.388518
vn -0.863924 0.378688 0.332009
vn -0.776403 0.378691 0.503777
vn -0.271400 0.923409 0.271400
vn -0.024134 0.999417 0.024134
vn -0.500467 0.706445 0.500468
vn -0.653415 0.382230 0.653414
vn -0.021598 0.999213 0.033285
vn -0.216003 0.917891 0.332895
vn -0.122484 0.918091 0.376969
vn -0.012244 0.999215 0.037684
vn -0.388515 0.700384 0.598764
vn -0.220416 0.700882 0.678366
vn -0.503773 0.378702 0.776400
vn -0.285945 0.379148 0.880046
vn 0.303962 -0.180111 0.935504
vn 0.308823 -0.035465 0.950458
vn 0.000000 -0.035465 0.999371
vn -0.000000 -0.180122 0.983644
vn 0.287522 -0.366449 0.884899
vn -0.000001 -0.366465 0.930432
vn 0.255592 -0.562022 0.786641
vn -0.000001 -0.562020 0.827124
vn 0.201100 -0.759267 0.618928
vn -0.000001 -0.759262 0.650786
vn 0.105217 -0.940248 0.323825
vn 0.116826 -0.925784 0.359549
vn -0.000001 -0.925785 0.378049
vn -0.000000 -0.940248 0.340490
vn 0.535435 -0.179874 0.825200
vn 0.543973 -0.035419 0.838355
vn 0.506545 -0.366006 0.780675
vn 0.450412 -0.561494 0.694157
vn 0.354511 -0.758822 0.546362
vn 0.206027 -0.925598 0.317523
vn 0.185561 -0.940097 0.285981
vn 0.695599 -0.179664 0.695602
vn 0.706666 -0.035236 0.706670
vn 0.658006 -0.366132 0.658009
vn 0.584361 -0.563068 0.584360
vn 0.457289 -0.762741 0.457289
vn 0.259351 -0.930308 0.259354
vn 0.248661 -0.936127 0.248663
vn 0.838356 -0.035431 0.543971
vn 0.825199 -0.179875 0.535437
vn 0.918215 -0.179881 0.352878
vn 0.932857 -0.035430 0.358501
vn 0.780675 -0.366001 0.506548
vn 0.868672 -0.366009 0.333835
vn 0.694164 -0.561483 0.450414
vn 0.772416 -0.561479 0.296841
vn 0.546373 -0.758812 0.354515
vn 0.607961 -0.758810 0.233645
vn 0.317511 -0.925604 0.206021
vn 0.353302 -0.925604 0.135775
vn 0.285979 -0.940098 0.185561
vn 0.318218 -0.940097 0.122293
vn 0.971615 -0.179674 0.153891
vn 0.987074 -0.035240 0.156341
vn 0.919102 -0.366141 0.145574
vn 0.816244 -0.563055 0.129284
vn 0.638749 -0.762735 0.101169
vn 0.362265 -0.930307 0.057377
vn 0.347334 -0.936126 0.055013
vn 0.999370 -0.035485 0.000000
vn 0.983641 -0.180138 0.000000
vn 0.971614 -0.179675 -0.153891
vn 0.987074 -0.035239 -0.156341
vn 0.930438 -0.366450 0.000000
vn 0.919102 -0.366141 -0.145574
vn 0.827120 -0.562026 0.000000
vn 0.816243 -0.563056 -0.129283
vn 0.650777 -0.759269 0.000000
vn 0.638747 -0.762737 -0.101168
vn 0.378057 -0.925783 0.000000
vn 0.362265 -0.930308 -0.057377
vn 0.340489 -0.940249 0.000000
vn 0.347332 -0.936127 -0.055013
vn 0.932857 -0.035414 -0.358502
vn 0.918218 -0.179865 -0.352879
vn 0.825203 -0.179848 -0.535439
vn 0.838355 -0.035404 -0.543974
vn 0.868674 -0.366005 -0.333835
vn 0.780674 -0.366005 -0.506547
vn 0.772415 -0.561481 -0.296841
vn 0.694163 -0.561485 -0.450413
vn 0.607954 -0.758817 -0.233642
vn 0.546368 -0.758815 -0.354516
vn 0.353301 -0.925604 -0.135776
vn 0.317511 -0.925604 -0.206020
vn 0.318215 -0.940098 -0.122292
vn 0.285977 -0.940099 -0.185559
vn 0.695603 -0.179642 -0.695605
vn 0.706668 -0.035218 -0.706669
vn 0.658002 -0.366147 -0.658004
vn 0.584363 -0.563063 -0.584363
vn 0.457302 -0.762725 -0.457302
vn 0.259349 -0.930309 -0.259350
vn 0.248659 -0.936129 -0.248660
vn 0.543974 -0.035407 -0.838354
vn 0.535437 -0.179862 -0.825201
vn 0.303963 -0.180106 -0.935504
vn 0.308823 -0.035465 -0.950458
vn 0.506547 -0.366002 -0.780675
vn 0.287522 -0.366443 -0.884901
vn 0.450410 -0.561491 -0.694161
vn 0.255591 -0.562035 -0.786632
vn 0.354508 -0.758829 -0.546354
vn 0.201098 -0.759275 -0.618920
vn 0.206020 -0.925603 -0.317513
vn 0.116824 -0.925787 -0.359542
vn 0.185561 -0.940097 -0.285981
vn 0.105217 -0.940249 -0.323824
vn 0.000000 -0.180117 -0.983645
vn 0.000000 -0.035483 -0.999370
vn 0.000000 -0.366453 -0.930437
vn -0.000000 -0.562047 -0.827105
vn -0.000001 -0.759257 -0.650790
vn -0.000001 -0.925783 -0.378055
vn -0.000000 -0.940249 -0.340486
vn -0.303963 -0.180106 -0.935504
vn -0.308823 -0.035474 -0.950458
vn -0.287524 -0.366432 -0.884905
vn -0.255592 -0.562035 -0.786632
vn -0.201101 -0.759269 -0.618926
vn -0.116822 -0.925786 -0.359547
vn -0.105216 -0.940249 -0.323823
vn -0.535440 -0.179862 -0.825199
vn -0.543974 -0.035419 -0.838355
vn -0.506550 -0.365987 -0.780679
vn -0.450411 -0.561490 -0.694161
vn -0.354509 -0.758828 -0.546354
vn -0.206021 -0.925604 -0.317511
vn -0.185562 -0.940097 -0.285980
vn -0.695601 -0.179659 -0.695602
vn -0.706667 -0.035222 -0.706669
vn -0.658002 -0.366159 -0.657998
vn -0.584369 -0.563054 -0.584365
vn -0.457307 -0.762720 -0.457306
vn -0.259347 -0.930311 -0.259348
vn -0.248661 -0.936128 -0.248660
vn -0.838355 -0.035407 -0.543973
vn -0.825200 -0.179866 -0.535438
vn -0.918218 -0.179870 -0.352879
vn -0.932857 -0.035411 -0.358502
vn -0.780668 -0.366020 -0.506545
vn -0.868670 -0.366014 -0.333837
vn -0.694168 -0.561475 -0.450418
vn -0.772417 -0.561476 -0.296845
vn -0.546376 -0.758807 -0.354522
vn -0.607959 -0.758812 -0.233645
vn -0.317508 -0.925605 -0.206018
vn -0.353300 -0.925605 -0.135775
vn -0.285977 -0.940099 -0.185559
vn -0.318215 -0.940098 -0.122292
vn -0.971617 -0.179662 -0.153890
vn -0.987075 -0.035225 -0.156338
vn -0.919101 -0.366147 -0.145570
vn -0.816248 -0.563051 -0.129279
vn -0.638753 -0.762732 -0.101168
vn -0.362258 -0.930310 -0.057377
vn -0.347332 -0.936127 -0.055012
vn -0.999371 -0.035466 -0.000000
vn -0.983644 -0.180125 -0.000000
vn -0.971616 -0.179665 0.153890
vn -0.987075 -0.035227 0.156338
vn -0.930434 -0.366461 -0.000000
vn -0.919100 -0.366147 0.145571
vn -0.827127 -0.562016 0.000000
vn -0.816248 -0.563051 0.129279
vn -0.650787 -0.759260 -0.000000
vn -0.638753 -0.762732 0.101169
vn -0.378047 -0.925786 -0.000000
vn -0.362257 -0.930311 0.057377
vn -0.340487 -0.940249 -0.000000
vn -0.347332 -0.936127 0.055012
vn -0.932856 -0.035424 0.358503
vn -0.918216 -0.179886 0.352876
vn -0.825197 -0.179885 0.535436
vn -0.838355 -0.035425 0.543973
vn -0.868671 -0.366012 0.333835
vn -0.780670 -0.366015 0.506545
vn -0.772414 -0.561479 0.296848
vn -0.694167 -0.561477 0.450417
vn -0.607963 -0.758810 0.233643
vn -0.546377 -0.758805 0.354523
vn -0.353304 -0.925602 0.135780
vn -0.317515 -0.925602 0.206023
vn -0.318214 -0.940098 0.122292
vn -0.285979 -0.940098 0.185560
vn -0.695598 -0.179670 0.695601
vn -0.706667 -0.035231 0.706669
vn -0.658000 -0.366159 0.658000
vn -0.584368 -0.563055 0.584366
vn -0.457301 -0.762726 0.457301
vn -0.259350 -0.930309 0.259351
vn -0.248664 -0.936126 0.248664
vn -0.543973 -0.035425 0.838354
vn -0.535436 -0.179889 0.825196
vn -0.303962 -0.180128 0.935501
vn -0.308823 -0.035470 0.950458
vn -0.506542 -0.366026 0.780666
vn -0.287521 -0.366470 0.884891
vn -0.450411 -0.561493 0.694159
vn -0.255594 -0.562023 0.786639
vn -0.354520 -0.758809 0.546374
vn -0.201106 -0.759255 0.618942
vn -0.206026 -0.925600 0.317520
vn -0.116826 -0.925784 0.359550
vn -0.185560 -0.940098 0.285978
vn -0.105215 -0.940249 0.323823
vn -0.000002 1.000000 -0.000001
vn -0.000002 1.000000 -0.000001
vn 0.000000 1.000000 -0.000000
vn -0.000003 1.000000 -0.000001
vn -0.000001 1.000000 -0.000001
vn -0.000002 1.000000 -0.000001
vn -0.000001 1.000000 -0.000000
vn -0.000001 1.000000 -0.000000
vn -0.000001 1.000000 0.000000
vn -0.000002 1.000000 0.000001
vn -0.000001 1.000000 0.000001
vn -0.000001 1.000000 0.000001
vn -0.000002 1.000000 0.000001
vn -0.000002 1.000000 0.000001
vn 0.000000 1.000000 0.000002
vn 0.000001 1.000000 0.000001
vn 0.000001 1.000000 0.000001
vn 0.000001 1.000000 0.000001
vn 0.000001 1.000000 0.000001
vn 0.000003 1.000000 0.000001
vn 0.000001 1.000000 0.000000
vn 0.000001 1.000000 -0.000000
vn 0.000001 1.000000 -0.000000
vn 0.000002 1.000000 -0.000001
vn 0.000001 1.000000 -0.000001
vn 0.000002 1.000000 -0.000001
vn 0.000002 1.000000 -0.000001
vn 0.000001 1.000000 -0.000001
vn -0.000000 1.000000 -0.000002
vn 0.543372 0.058840 0.837427
vn 0.308480 0.058920 0.949404
vn 0.705887 0.058666 0.705890
vn 0.931825 0.058854 0.358104
vn 0.837427 0.058857 0.543370
vn 0.985987 0.058667 0.156169
vn 0.985987 0.058666 -0.156169
vn 0.998261 0.058942 -0.000000
vn 0.837427 0.058837 -0.543373
vn 0.931825 0.058840 -0.358106
vn 0.705888 0.058662 -0.705890
vn 0.308480 0.058925 -0.949404
vn 0.543371 0.058848 -0.837427
vn -0.000000 0.058925 -0.998263
vn -0.308480 0.058925 -0.949404
vn -0.543371 0.058848 -0.837427
vn -0.705888 0.058662 -0.705890
vn -0.931825 0.058843 -0.358106
vn -0.837428 0.058843 -0.543371
vn -0.985988 0.058658 -0.156165
vn -0.985988 0.058659 0.156165
vn -0.998262 0.058933 0.000000
vn -0.837427 0.058854 0.543372
vn -0.931825 0.058849 0.358106
vn -0.705889 0.058666 0.705889
vn -0.308481 0.058925 0.949404
vn -0.543371 0.058846 0.837428
vn 0.000000 0.058925 0.998263
vn 0.177069 0.819550 0.544962
vn 0.181946 0.808284 0.559976
vn 0.320781 0.807894 0.494376
vn 0.312189 0.819175 0.481135
vn 0.193767 0.778983 0.596355
vn 0.341599 0.778556 0.526461
vn 0.419722 0.804778 0.419722
vn 0.407513 0.817230 0.407515
vn 0.444602 0.777597 0.444602
vn 0.481137 0.819174 0.312189
vn 0.494379 0.807891 0.320783
vn 0.550106 0.807892 0.211410
vn 0.535370 0.819175 0.205746
vn 0.526462 0.778555 0.341600
vn 0.585807 0.778554 0.225129
vn 0.586267 0.804779 0.092855
vn 0.569212 0.817233 0.090154
vn 0.621022 0.777597 0.098361
vn 0.573006 0.819551 -0.000000
vn 0.588793 0.808284 -0.000000
vn 0.586267 0.804779 -0.092856
vn 0.569212 0.817233 -0.090154
vn 0.627044 0.778984 0.000000
vn 0.621022 0.777597 -0.098360
vn 0.535369 0.819176 -0.205746
vn 0.550107 0.807891 -0.211410
vn 0.494379 0.807891 -0.320783
vn 0.481135 0.819175 -0.312188
vn 0.585806 0.778556 -0.225128
vn 0.526460 0.778556 -0.341599
vn 0.419721 0.804777 -0.419723
vn 0.407511 0.817233 -0.407511
vn 0.444601 0.777598 -0.444603
vn 0.312189 0.819176 -0.481134
vn 0.320781 0.807893 -0.494377
vn 0.181948 0.808282 -0.559978
vn 0.177069 0.819551 -0.544962
vn 0.341595 0.778559 -0.526459
vn 0.193767 0.778984 -0.596354
vn -0.000000 0.808281 -0.588797
vn -0.000000 0.819551 -0.573007
vn 0.000000 0.778983 -0.627045
vn -0.181948 0.808282 -0.559978
vn -0.177069 0.819550 -0.544963
vn -0.193767 0.778984 -0.596354
vn -0.320782 0.807891 -0.494379
vn -0.312189 0.819175 -0.481134
vn -0.341597 0.778558 -0.526458
vn -0.419723 0.804776 -0.419723
vn -0.407511 0.817234 -0.407510
vn -0.444602 0.777597 -0.444603
vn -0.481132 0.819177 -0.312188
vn -0.494377 0.807892 -0.320782
vn -0.550104 0.807893 -0.211409
vn -0.535367 0.819177 -0.205747
vn -0.526461 0.778555 -0.341600
vn -0.585807 0.778555 -0.225129
vn -0.586267 0.804779 -0.092852
vn -0.569212 0.817233 -0.090152
vn -0.621021 0.777598 -0.098359
vn -0.573008 0.819550 0.000000
vn -0.588793 0.808284 0.000000
vn -0.586267 0.804779 0.092852
vn -0.569213 0.817233 0.090152
vn -0.627041 0.778986 0.000000
vn -0.621020 0.777599 0.098359
vn -0.535367 0.819176 0.205747
vn -0.550104 0.807893 0.211409
vn -0.494376 0.807893 0.320782
vn -0.481133 0.819177 0.312188
vn -0.585807 0.778555 0.225129
vn -0.526461 0.778555 0.341600
vn -0.419721 0.804779 0.419720
vn -0.407511 0.817234 0.407508
vn -0.444601 0.777598 0.444602
vn -0.312188 0.819176 0.481133
vn -0.320781 0.807892 0.494378
vn -0.181948 0.808282 0.559978
vn -0.177069 0.819551 0.544962
vn -0.341598 0.778557 0.526460
vn -0.193768 0.778983 0.596356
vn -0.000000 0.808282 0.588796
vn 0.000000 0.819550 0.573008
vn -0.000001 0.778984 0.627044
vn 0.343751 0.775353 0.529776
vn 0.194990 0.775785 0.600114
vn 0.455189 0.765248 0.455191
vn 0.589494 0.775354 0.226545
vn 0.529776 0.775355 0.343749
vn 0.635809 0.765249 0.100701
vn 0.635809 0.765249 -0.100701
vn 0.630997 0.775785 -0.000000
vn 0.529771 0.775357 -0.343749
vn 0.589491 0.775356 -0.226547
vn 0.455190 0.765248 -0.455190
vn 0.194989 0.775784 -0.600115
vn 0.343752 0.775351 -0.529779
vn -0.000000 0.775786 -0.630996
vn -0.194990 0.775783 -0.600117
vn -0.343750 0.775352 -0.529778
vn -0.455188 0.765251 -0.455187
vn -0.589492 0.775356 -0.226546
vn -0.529775 0.775354 -0.343750
vn -0.635808 0.765250 -0.100701
vn -0.635809 0.765249 0.100701
vn -0.630997 0.775785 0.000000
vn -0.529775 0.775354 0.343750
vn -0.589491 0.775356 0.226546
vn -0.455190 0.765248 0.455188
vn -0.194989 0.775785 0.600114
vn -0.343749 0.775355 0.529775
vn -0.000000 0.775785 0.630998
vn 0.492519 -0.425755 0.759050
vn 0.434643 -0.601965 0.669868
vn 0.246639 -0.602480 0.759070
vn 0.279540 -0.426245 0.860333
vn 0.542860 -0.073101 0.836636
vn 0.308187 -0.073220 0.948504
vn 0.521348 0.287406 0.803489
vn 0.295942 0.287775 0.910826
vn -0.000001 -0.602471 0.798141
vn -0.000002 -0.426251 0.904605
vn -0.000002 -0.073234 0.997315
vn -0.000002 0.287781 0.957696
vn 0.643239 -0.415309 0.643244
vn 0.568323 -0.594990 0.568327
vn 0.705317 -0.071070 0.705321
vn 0.678835 0.279935 0.678837
vn 0.669864 -0.601962 0.434654
vn 0.759055 -0.425747 0.492519
vn 0.844619 -0.425744 0.324594
vn 0.745379 -0.601957 0.286458
vn 0.836631 -0.073133 0.542862
vn 0.930942 -0.073134 0.357767
vn 0.803487 0.287409 0.521349
vn 0.894062 0.287396 0.343595
vn 0.898486 -0.415298 0.142303
vn 0.793849 -0.594975 0.125732
vn 0.985190 -0.071096 0.156035
vn 0.948212 0.279895 0.150178
vn 0.798123 -0.602494 -0.000000
vn 0.904616 -0.426228 -0.000004
vn 0.898479 -0.415313 -0.142304
vn 0.793848 -0.594977 -0.125732
vn 0.997315 -0.073235 -0.000004
vn 0.985189 -0.071096 -0.156038
vn 0.957705 0.287751 -0.000000
vn 0.948207 0.279911 -0.150179
vn 0.745381 -0.601954 -0.286459
vn 0.844610 -0.425766 -0.324588
vn 0.759048 -0.425760 -0.492518
vn 0.669872 -0.601948 -0.434661
vn 0.930943 -0.073126 -0.357768
vn 0.836635 -0.073124 -0.542857
vn 0.894059 0.287406 -0.343595
vn 0.803488 0.287401 -0.521351
vn 0.643238 -0.415314 -0.643241
vn 0.568329 -0.594981 -0.568330
vn 0.705318 -0.071077 -0.705319
vn 0.678843 0.279903 -0.678842
vn 0.434627 -0.602008 -0.669841
vn 0.492520 -0.425758 -0.759048
vn 0.279543 -0.426240 -0.860335
vn 0.246630 -0.602500 -0.759057
vn 0.542860 -0.073105 -0.836635
vn 0.308186 -0.073235 -0.948503
vn 0.521351 0.287388 -0.803493
vn 0.295946 0.287762 -0.910829
vn 0.000000 -0.426239 -0.904610
vn -0.000000 -0.602443 -0.798162
vn 0.000000 -0.073262 -0.997313
vn 0.000000 0.287769 -0.957700
vn -0.279540 -0.426233 -0.860339
vn -0.246635 -0.602490 -0.759063
vn -0.308189 -0.073234 -0.948502
vn -0.295947 0.287762 -0.910828
vn -0.492520 -0.425750 -0.759053
vn -0.434637 -0.601988 -0.669851
vn -0.542858 -0.073119 -0.836635
vn -0.521354 0.287389 -0.803491
vn -0.643240 -0.415309 -0.643243
vn -0.568334 -0.594971 -0.568337
vn -0.705316 -0.071098 -0.705319
vn -0.678842 0.279904 -0.678843
vn -0.669871 -0.601955 -0.434653
vn -0.759053 -0.425748 -0.492522
vn -0.844614 -0.425757 -0.324590
vn -0.745377 -0.601960 -0.286456
vn -0.836636 -0.073128 -0.542856
vn -0.930943 -0.073135 -0.357767
vn -0.803491 0.287393 -0.521352
vn -0.894060 0.287402 -0.343594
vn -0.898478 -0.415315 -0.142304
vn -0.793847 -0.594978 -0.125729
vn -0.985188 -0.071099 -0.156041
vn -0.948201 0.279927 -0.150183
vn -0.798123 -0.602495 0.000000
vn -0.904614 -0.426232 0.000000
vn -0.898481 -0.415308 0.142305
vn -0.793850 -0.594974 0.125730
vn -0.997315 -0.073228 -0.000000
vn -0.985189 -0.071096 0.156042
vn -0.957697 0.287778 0.000000
vn -0.948201 0.279927 0.150183
vn -0.745385 -0.601951 0.286453
vn -0.844615 -0.425754 0.324592
vn -0.759052 -0.425751 0.492521
vn -0.669877 -0.601945 0.434657
vn -0.930942 -0.073139 0.357767
vn -0.836635 -0.073138 0.542856
vn -0.894059 0.287406 0.343594
vn -0.803490 0.287397 0.521351
vn -0.643242 -0.415303 0.643245
vn -0.568338 -0.594963 0.568340
vn -0.705316 -0.071091 0.705319
vn -0.678842 0.279904 0.678843
vn -0.434649 -0.601958 0.669870
vn -0.492519 -0.425751 0.759053
vn -0.279543 -0.426245 0.860332
vn -0.246632 -0.602484 0.759069
vn -0.542857 -0.073119 0.836636
vn -0.308187 -0.073227 0.948503
vn -0.521352 0.287397 0.803489
vn -0.295945 0.287775 0.910825
vn 0.146856 0.962917 0.226329
vn 0.104726 0.981317 0.161400
vn 0.059374 0.981367 0.182737
vn 0.083265 0.963015 0.256261
vn 0.363615 0.744138 0.560396
vn 0.276004 0.861908 0.425366
vn 0.156529 0.862214 0.481753
vn 0.206274 0.744593 0.634848
vn -0.000001 0.981367 0.192143
vn -0.000001 0.963016 0.269444
vn -0.000000 0.862213 0.506547
vn -0.000000 0.744587 0.667525
vn 0.184119 0.965506 0.184118
vn 0.140704 0.980003 0.140702
vn 0.354530 0.865227 0.354529
vn 0.472765 0.743633 0.472762
vn 0.161399 0.981317 0.104724
vn 0.226331 0.962916 0.146857
vn 0.251844 0.962916 0.096785
vn 0.179592 0.981317 0.069019
vn 0.425370 0.861907 0.276003
vn 0.473318 0.861906 0.181901
vn 0.560391 0.744142 0.363614
vn 0.623561 0.744140 0.239640
vn 0.257174 0.965506 0.040733
vn 0.196534 0.980003 0.031128
vn 0.495207 0.865228 0.078433
vn 0.660362 0.743627 0.104593
vn 0.192141 0.981367 -0.000000
vn 0.269449 0.963015 0.000000
vn 0.257173 0.965506 -0.040733
vn 0.196534 0.980003 -0.031128
vn 0.506537 0.862218 -0.000000
vn 0.495209 0.865226 -0.078434
vn 0.667515 0.744596 0.000000
vn 0.660361 0.743629 -0.104592
vn 0.179593 0.981317 -0.069019
vn 0.251838 0.962918 -0.096783
vn 0.226324 0.962918 -0.146853
vn 0.161400 0.981317 -0.104725
vn 0.473318 0.861906 -0.181901
vn 0.425370 0.861906 -0.276005
vn 0.623567 0.744134 -0.239643
vn 0.560399 0.744133 -0.363621
vn 0.184115 0.965506 -0.184117
vn 0.140703 0.980003 -0.140702
vn 0.354531 0.865225 -0.354532
vn 0.472768 0.743630 -0.472764
vn 0.104726 0.981317 -0.161399
vn 0.146854 0.962918 -0.226326
vn 0.083264 0.963015 -0.256261
vn 0.059375 0.981367 -0.182738
vn 0.276001 0.861908 -0.425367
vn 0.156530 0.862214 -0.481753
vn 0.363611 0.744143 -0.560391
vn 0.206271 0.744599 -0.634842
vn -0.000000 0.963014 -0.269452
vn 0.000000 0.981367 -0.192143
vn -0.000000 0.862212 -0.506548
vn 0.000000 0.744592 -0.667520
vn -0.083265 0.963015 -0.256261
vn -0.059376 0.981367 -0.182739
vn -0.156530 0.862218 -0.481745
vn -0.206274 0.744597 -0.634844
vn -0.146852 0.962919 -0.226323
vn -0.104728 0.981316 -0.161403
vn -0.275995 0.861915 -0.425357
vn -0.363618 0.744139 -0.560393
vn -0.184111 0.965508 -0.184115
vn -0.140705 0.980002 -0.140704
vn -0.354526 0.865229 -0.354528
vn -0.472771 0.743624 -0.472769
vn -0.161398 0.981317 -0.104725
vn -0.226326 0.962918 -0.146854
vn -0.251840 0.962917 -0.096783
vn -0.179592 0.981317 -0.069018
vn -0.425372 0.861905 -0.276004
vn -0.473320 0.861905 -0.181902
vn -0.560400 0.744131 -0.363621
vn -0.623566 0.744135 -0.239643
vn -0.257174 0.965506 -0.040732
vn -0.196534 0.980003 -0.031128
vn -0.495216 0.865222 -0.078435
vn -0.660359 0.743631 -0.104591
vn -0.192141 0.981367 0.000000
vn -0.269451 0.963014 -0.000000
vn -0.257174 0.965506 0.040732
vn -0.196534 0.980003 0.031128
vn -0.506548 0.862211 -0.000000
vn -0.495216 0.865222 0.078435
vn -0.667514 0.744597 0.000000
vn -0.660363 0.743627 0.104592
vn -0.179594 0.981317 0.069019
vn -0.251841 0.962917 0.096785
vn -0.226328 0.962917 0.146856
vn -0.161401 0.981317 0.104726
vn -0.473314 0.861908 0.181902
vn -0.425365 0.861910 0.276000
vn -0.623563 0.744139 0.239639
vn -0.560394 0.744139 0.363616
vn -0.184115 0.965507 0.184115
vn -0.140705 0.980002 0.140704
vn -0.354530 0.865227 0.354529
vn -0.472767 0.743628 0.472767
vn -0.104727 0.981316 0.161402
vn -0.146852 0.962919 0.226322
vn -0.083261 0.963017 0.256254
vn -0.059375 0.981367 0.182739
vn -0.275996 0.861914 0.425360
vn -0.156527 0.862219 0.481744
vn -0.363620 0.744133 0.560399
vn -0.206275 0.744591 0.634851
vn 0.276008 -0.861906 0.425368
vn 0.363619 -0.744133 0.560399
vn 0.206276 -0.744587 0.634854
vn 0.156531 -0.862212 0.481756
vn 0.102370 -0.982155 0.157770
vn 0.146853 -0.962918 0.226326
vn 0.083264 -0.963015 0.256259
vn 0.058039 -0.982203 0.178628
vn -0.000000 -0.744582 0.667531
vn -0.000000 -0.862211 0.506549
vn -0.000000 -0.963017 0.269441
vn -0.000000 -0.982203 0.187822
vn 0.354536 -0.865223 0.354533
vn 0.472767 -0.743629 0.472765
vn 0.184115 -0.965507 0.184115
vn 0.137404 -0.980938 0.137407
vn 0.560392 -0.744140 0.363616
vn 0.425369 -0.861906 0.276006
vn 0.473316 -0.861908 0.181901
vn 0.623564 -0.744137 0.239642
vn 0.226329 -0.962917 0.146856
vn 0.251840 -0.962917 0.096784
vn 0.157773 -0.982154 0.102372
vn 0.175558 -0.982155 0.067467
vn 0.495210 -0.865225 0.078434
vn 0.660367 -0.743623 0.104594
vn 0.257172 -0.965507 0.040733
vn 0.191930 -0.980938 0.030398
vn 0.667517 -0.744594 0.000000
vn 0.506540 -0.862216 0.000000
vn 0.495211 -0.865225 -0.078434
vn 0.660365 -0.743625 -0.104594
vn 0.269448 -0.963015 -0.000000
vn 0.257173 -0.965507 -0.040733
vn 0.187822 -0.982203 -0.000000
vn 0.191929 -0.980938 -0.030398
vn 0.623573 -0.744128 -0.239645
vn 0.473321 -0.861904 -0.181903
vn 0.425373 -0.861904 -0.276007
vn 0.560404 -0.744127 -0.363624
vn 0.251839 -0.962918 -0.096783
vn 0.226325 -0.962918 -0.146853
vn 0.175555 -0.982155 -0.067467
vn 0.157771 -0.982155 -0.102371
vn 0.354536 -0.865223 -0.354534
vn 0.472772 -0.743624 -0.472768
vn 0.184116 -0.965507 -0.184114
vn 0.137406 -0.980938 -0.137405
vn 0.363615 -0.744138 -0.560395
vn 0.276004 -0.861906 -0.425369
vn 0.156531 -0.862212 -0.481755
vn 0.206274 -0.744594 -0.634848
vn 0.146854 -0.962918 -0.226324
vn 0.083263 -0.963015 -0.256258
vn 0.102372 -0.982155 -0.157771
vn 0.058041 -0.982203 -0.178627
vn 0.000000 -0.862210 -0.506551
vn -0.000000 -0.744586 -0.667526
vn 0.000000 -0.963015 -0.269449
vn 0.000000 -0.982204 -0.187820
vn -0.156531 -0.862214 -0.481751
vn -0.206277 -0.744591 -0.634850
vn -0.083262 -0.963015 -0.256259
vn -0.058039 -0.982203 -0.178628
vn -0.275998 -0.861911 -0.425365
vn -0.363622 -0.744133 -0.560398
vn -0.146852 -0.962919 -0.226323
vn -0.102371 -0.982155 -0.157772
vn -0.354531 -0.865225 -0.354533
vn -0.472775 -0.743619 -0.472773
vn -0.184114 -0.965507 -0.184115
vn -0.137406 -0.980938 -0.137407
vn -0.560405 -0.744126 -0.363625
vn -0.425371 -0.861905 -0.276007
vn -0.473320 -0.861905 -0.181902
vn -0.623574 -0.744128 -0.239644
vn -0.226323 -0.962919 -0.146853
vn -0.251835 -0.962919 -0.096781
vn -0.157771 -0.982155 -0.102371
vn -0.175556 -0.982155 -0.067467
vn -0.495220 -0.865220 -0.078435
vn -0.660364 -0.743627 -0.104592
vn -0.257174 -0.965506 -0.040732
vn -0.191930 -0.980938 -0.030398
vn -0.667511 -0.744600 0.000000
vn -0.506552 -0.862209 0.000000
vn -0.495221 -0.865219 0.078435
vn -0.660366 -0.743624 0.104592
vn -0.269452 -0.963014 -0.000000
vn -0.257174 -0.965506 0.040732
vn -0.187822 -0.982203 -0.000000
vn -0.191930 -0.980938 0.030398
vn -0.623573 -0.744130 0.239642
vn -0.473323 -0.861903 0.181904
vn -0.425371 -0.861905 0.276006
vn -0.560401 -0.744131 0.363621
vn -0.251838 -0.962918 0.096782
vn -0.226325 -0.962918 0.146853
vn -0.175555 -0.982155 0.067467
vn -0.157769 -0.982155 0.102370
vn -0.354530 -0.865226 0.354531
vn -0.472768 -0.743627 0.472767
vn -0.184114 -0.965507 0.184113
vn -0.137406 -0.980938 0.137405
vn -0.363622 -0.744130 0.560401
vn -0.275998 -0.861913 0.425361
vn -0.156529 -0.862218 0.481746
vn -0.206278 -0.744586 0.634856
vn -0.146851 -0.962919 0.226321
vn -0.083260 -0.963017 0.256253
vn -0.102372 -0.982154 0.157773
vn -0.058040 -0.982203 0.178630
vn 0.307529 -0.097991 0.946480
vn 0.541703 -0.097848 0.834855
vn 0.541704 0.097848 0.834855
vn 0.307529 0.097991 0.946479
vn 0.703719 -0.097762 0.703720
vn 0.703720 0.097762 0.703720
vn 0.834854 -0.097853 0.541704
vn 0.928962 -0.097853 0.357008
vn 0.928962 0.097853 0.357008
vn 0.834854 0.097853 0.541704
vn 0.982958 -0.097758 0.155683
vn 0.982958 0.097760 0.155683
vn 0.995189 -0.097976 -0.000000
vn 0.982958 -0.097756 -0.155683
vn 0.982958 0.097756 -0.155683
vn 0.995189 0.097976 -0.000000
vn 0.928962 -0.097845 -0.357009
vn 0.834854 -0.097847 -0.541706
vn 0.834854 0.097847 -0.541706
vn 0.928962 0.097846 -0.357009
vn 0.703719 -0.097779 -0.703718
vn 0.703720 0.097779 -0.703717
vn 0.541700 -0.097859 -0.834856
vn 0.307527 -0.097975 -0.946482
vn 0.307527 0.097975 -0.946482
vn 0.541700 0.097859 -0.834856
vn 0.000001 -0.097966 -0.995190
vn 0.000001 0.097966 -0.995190
vn -0.307526 -0.097974 -0.946482
vn -0.307526 0.097974 -0.946482
vn -0.541704 -0.097847 -0.834855
vn -0.541705 0.097847 -0.834855
vn -0.703721 -0.097763 -0.703718
vn -0.703722 0.097762 -0.703717
vn -0.834852 -0.097859 -0.541706
vn -0.928961 -0.097871 -0.357007
vn -0.928961 0.097871 -0.357007
vn -0.834852 0.097859 -0.541706
vn -0.982954 -0.097799 -0.155682
vn -0.982954 0.097799 -0.155682
vn -0.995184 -0.098020 0.000000
vn -0.982954 -0.097804 0.155682
vn -0.982954 0.097801 0.155682
vn -0.995184 0.098020 0.000000
vn -0.928960 -0.097874 0.357007
vn -0.834852 -0.097859 0.541706
vn -0.834852 0.097859 0.541706
vn -0.928960 0.097872 0.357007
vn -0.703719 -0.097763 0.703720
vn -0.703720 0.097763 0.703720
vn -0.541701 -0.097858 0.834855
vn -0.307527 -0.097991 0.946480
vn -0.307528 0.097991 0.946480
vn -0.541702 0.097858 0.834855
vn -0.000002 -0.097991 0.995187
vn -0.000002 0.097991 0.995187
vn 0.307528 -0.097992 0.946480
vn 0.541702 -0.097843 0.834857
vn 0.541702 0.097843 0.834857
vn 0.307528 0.097992 0.946480
vn 0.703721 -0.097755 0.703719
vn 0.703722 0.097755 0.703719
vn 0.834855 -0.097854 0.541703
vn 0.928962 -0.097854 0.357008
vn 0.928962 0.097854 0.357008
vn 0.834855 0.097854 0.541703
vn 0.982958 -0.097759 0.155684
vn 0.982958 0.097760 0.155684
vn 0.995189 -0.097977 0.000000
vn 0.982958 -0.097756 -0.155684
vn 0.982958 0.097756 -0.155684
vn 0.995189 0.097977 -0.000000
vn 0.928962 -0.097846 -0.357010
vn 0.834855 -0.097837 -0.541705
vn 0.834856 0.097837 -0.541705
vn 0.928962 0.097847 -0.357009
vn 0.703721 -0.097763 -0.703718
vn 0.703721 0.097763 -0.703718
vn 0.541701 -0.097859 -0.834856
vn 0.307528 -0.097975 -0.946482
vn 0.307527 0.097976 -0.946482
vn 0.541699 0.097859 -0.834857
vn 0.000002 -0.097967 -0.995190
vn 0.000002 0.097975 -0.995189
vn -0.307526 -0.097975 -0.946482
vn -0.307529 0.097992 -0.946480
vn -0.541704 -0.097848 -0.834855
vn -0.541703 0.097859 -0.834854
vn -0.703721 -0.097763 -0.703718
vn -0.703721 0.097763 -0.703718
vn -0.834853 -0.097860 -0.541705
vn -0.928960 -0.097872 -0.357007
vn -0.928961 0.097872 -0.357006
vn -0.834853 0.097860 -0.541705
vn -0.982954 -0.097800 -0.155684
vn -0.982954 0.097800 -0.155683
vn -0.995184 -0.098021 -0.000000
vn -0.982953 -0.097804 0.155684
vn -0.982954 0.097802 0.155683
vn -0.995184 0.098020 -0.000000
vn -0.928960 -0.097874 0.357007
vn -0.834853 -0.097860 0.541705
vn -0.834853 0.097859 0.541705
vn -0.928960 0.097873 0.357006
vn -0.703719 -0.097763 0.703720
vn -0.703719 0.097763 0.703720
vn -0.541702 -0.097859 0.834855
vn -0.307528 -0.097992 0.946480
vn -0.307528 0.097992 0.946480
vn -0.541701 0.097859 0.834855
vn -0.000002 -0.097992 0.995187
vn -0.000002 0.097992 0.995187
vn 0.228041 0.674843 0.701844
vn 0.401935 0.674335 0.619452
vn 0.382764 0.710989 0.589904
vn 0.217150 0.711473 0.668321
vn 0.522524 0.673749 0.522524
vn 0.499996 0.707111 0.499997
vn 0.619455 0.674329 0.401941
vn 0.689280 0.674332 0.264895
vn 0.656405 0.710984 0.252259
vn 0.589907 0.710984 0.382768
vn 0.729861 0.673751 0.115598
vn 0.698401 0.707107 0.110615
vn 0.737959 0.674845 -0.000000
vn 0.729862 0.673749 -0.115598
vn 0.698402 0.707106 -0.110616
vn 0.702713 0.711473 -0.000000
vn 0.689277 0.674335 -0.264894
vn 0.619452 0.674333 -0.401938
vn 0.589910 0.710980 -0.382770
vn 0.656406 0.710982 -0.252260
vn 0.522526 0.673748 -0.522524
vn 0.500000 0.707108 -0.499999
vn 0.401939 0.674330 -0.619455
vn 0.228042 0.674840 -0.701846
vn 0.217150 0.711473 -0.668321
vn 0.382762 0.710992 -0.589901
vn 0.000000 0.674839 -0.737965
vn 0.000000 0.711465 -0.702722
vn -0.228044 0.674835 -0.701850
vn -0.217150 0.711472 -0.668321
vn -0.401939 0.674326 -0.619459
vn -0.382764 0.710989 -0.589904
vn -0.522526 0.673749 -0.522521
vn -0.500001 0.707109 -0.499996
vn -0.619454 0.674331 -0.401938
vn -0.689281 0.674330 -0.264896
vn -0.656403 0.710985 -0.252262
vn -0.589910 0.710983 -0.382765
vn -0.729869 0.673742 -0.115601
vn -0.698399 0.707108 -0.110618
vn -0.737970 0.674833 -0.000000
vn -0.729870 0.673740 0.115602
vn -0.698401 0.707106 0.110618
vn -0.702717 0.711469 0.000000
vn -0.689283 0.674329 0.264896
vn -0.619456 0.674329 0.401939
vn -0.589909 0.710984 0.382765
vn -0.656402 0.710986 0.252261
vn -0.522530 0.673742 0.522527
vn -0.500003 0.707106 0.499999
vn -0.401940 0.674326 0.619459
vn -0.228044 0.674836 0.701849
vn -0.217151 0.711470 0.668323
vn -0.382766 0.710982 0.589911
vn -0.000001 0.674837 0.737967
vn -0.000001 0.711469 0.702717
vn 0.439512 -0.589931 0.677356
vn 0.249390 -0.590462 0.767567
vn 0.571465 -0.588947 0.571463
vn 0.753702 -0.589946 0.289650
vn 0.677349 -0.589947 0.439501
vn 0.798219 -0.588951 0.126424
vn 0.798217 -0.588954 -0.126423
vn 0.807049 -0.590484 0.000000
vn 0.677356 -0.589934 -0.439507
vn 0.753702 -0.589946 -0.289651
vn 0.571476 -0.588927 -0.571472
vn 0.249392 -0.590472 -0.767558
vn 0.439510 -0.589939 -0.677350
vn -0.000000 -0.590464 -0.807064
vn -0.249393 -0.590471 -0.767559
vn -0.439505 -0.589939 -0.677353
vn -0.571470 -0.588940 -0.571465
vn -0.753709 -0.589936 -0.289652
vn -0.677347 -0.589946 -0.439504
vn -0.798234 -0.588930 -0.126426
vn -0.798232 -0.588933 0.126426
vn -0.807059 -0.590470 -0.000001
vn -0.677353 -0.589936 0.439509
vn -0.753712 -0.589930 0.289656
vn -0.571467 -0.588941 0.571466
vn -0.249400 -0.590449 0.767574
vn -0.439510 -0.589926 0.677361
vn -0.000002 -0.590451 0.807073
vn 0.234586 0.650920 0.721992
vn 0.413459 0.650398 0.637208
vn 0.536818 0.650889 0.536815
vn 0.637208 0.650400 0.413457
vn 0.709033 0.650402 0.272485
vn 0.749821 0.650895 0.118762
vn 0.759146 0.650920 -0.000000
vn 0.749818 0.650899 -0.118761
vn 0.709030 0.650406 -0.272484
vn 0.637207 0.650400 -0.413456
vn 0.536819 0.650888 -0.536815
vn 0.413462 0.650392 -0.637212
vn 0.234586 0.650920 -0.721992
vn 0.000000 0.650927 -0.759141
vn -0.234588 0.650917 -0.721994
vn -0.413461 0.650391 -0.637214
vn -0.536816 0.650892 -0.536814
vn -0.637211 0.650396 -0.413459
vn -0.709040 0.650395 -0.272486
vn -0.749827 0.650888 -0.118761
vn -0.759153 0.650912 0.000000
vn -0.749830 0.650885 0.118762
vn -0.709041 0.650393 0.272488
vn -0.637210 0.650396 0.413459
vn -0.536812 0.650896 0.536813
vn -0.413460 0.650391 0.637215
vn -0.234591 0.650909 0.722000
vn -0.000001 0.650915 0.759151
vn 0.413456 -0.650401 0.637208
vn 0.234586 -0.650919 0.721993
vn 0.536812 -0.650897 0.536810
vn 0.709035 -0.650401 0.272485
vn 0.637207 -0.650401 0.413455
vn 0.749822 -0.650894 0.118761
vn 0.749819 -0.650897 -0.118761
vn 0.759146 -0.650920 0.000000
vn 0.637204 -0.650405 -0.413454
vn 0.709031 -0.650405 -0.272485
vn 0.536814 -0.650895 -0.536811
vn 0.234586 -0.650919 -0.721993
vn 0.413461 -0.650391 -0.637213
vn -0.000000 -0.650926 -0.759142
vn -0.234587 -0.650916 -0.721995
vn -0.413460 -0.650391 -0.637215
vn -0.536816 -0.650891 -0.536813
vn -0.709041 -0.650394 -0.272487
vn -0.637210 -0.650395 -0.413460
vn -0.749829 -0.650886 -0.118762
vn -0.749830 -0.650885 0.118763
vn -0.759153 -0.650912 0.000000
vn -0.637212 -0.650394 0.413459
vn -0.709042 -0.650392 0.272489
vn -0.536814 -0.650894 0.536812
vn -0.234590 -0.650909 0.722000
vn -0.413461 -0.650391 0.637213
vn -0.000001 -0.650914 0.759152
vn 0.503847 -0.378368 0.776516
vn 0.653517 -0.381880 0.653516
vn 0.285982 -0.378831 0.880171
vn 0.776515 -0.378368 0.503848
vn 0.864041 -0.378377 0.332060
vn 0.912826 -0.381899 0.144575
vn 0.925469 -0.378823 0.000000
vn 0.912827 -0.381897 -0.144575
vn 0.864039 -0.378383 -0.332058
vn 0.776512 -0.378377 -0.503846
vn 0.653513 -0.381896 -0.653511
vn 0.503850 -0.378359 -0.776518
vn 0.285988 -0.378810 -0.880179
vn 0.000000 -0.378822 -0.925470
vn -0.285989 -0.378809 -0.880179
vn -0.503854 -0.378352 -0.776519
vn -0.653513 -0.381895 -0.653511
vn -0.776509 -0.378382 -0.503846
vn -0.864038 -0.378385 -0.332058
vn -0.912824 -0.381904 -0.144575
vn -0.925463 -0.378839 -0.000000
vn -0.912822 -0.381909 0.144574
vn -0.864039 -0.378383 0.332059
vn -0.776511 -0.378377 0.503847
vn -0.653511 -0.381897 0.653513
vn -0.503848 -0.378372 0.776513
vn -0.285989 -0.378816 0.880175
vn -0.000002 -0.378824 0.925469
vn 0.503848 0.378365 0.776516
vn 0.285984 0.378828 0.880172
vn -0.000002 0.378821 0.925470
vn 0.653518 0.381877 0.653517
vn 0.776517 0.378365 0.503848
vn 0.864043 0.378374 0.332060
vn 0.912826 0.381900 0.144576
vn 0.925470 0.378822 -0.000000
vn 0.912828 0.381894 -0.144576
vn 0.864040 0.378382 -0.332058
vn 0.776513 0.378374 -0.503846
vn 0.653513 0.381893 -0.653513
vn 0.503849 0.378357 -0.776519
vn 0.285988 0.378807 -0.880180
vn 0.000001 0.378820 -0.925471
vn -0.285990 0.378806 -0.880179
vn -0.503854 0.378350 -0.776520
vn -0.653513 0.381893 -0.653513
vn -0.776511 0.378379 -0.503845
vn -0.864040 0.378382 -0.332057
vn -0.912825 0.381900 -0.144576
vn -0.925464 0.378835 0.000000
vn -0.912825 0.381902 0.144575
vn -0.864041 0.378379 0.332057
vn -0.776513 0.378375 0.503846
vn -0.653511 0.381894 0.653514
vn -0.503849 0.378370 0.776514
vn -0.285990 0.378814 0.880176
vn 0.503850 -0.378368 0.776513
vn 0.653518 -0.381882 0.653515
vn 0.285982 -0.378832 0.880171
vn 0.776515 -0.378369 0.503847
vn 0.864042 -0.378377 0.332059
vn 0.912826 -0.381899 0.144575
vn 0.925469 -0.378823 0.000000
vn 0.912827 -0.381898 -0.144575
vn 0.864038 -0.378385 -0.332058
vn 0.776512 -0.378378 -0.503845
vn 0.653512 -0.381897 -0.653511
vn 0.503848 -0.378361 -0.776518
vn 0.285988 -0.378811 -0.880178
vn 0.000001 -0.378824 -0.925469
vn -0.285988 -0.378810 -0.880178
vn -0.503852 -0.378354 -0.776519
vn -0.653513 -0.381898 -0.653510
vn -0.776508 -0.378384 -0.503846
vn -0.864038 -0.378387 -0.332058
vn -0.912826 -0.381897 -0.144579
vn -0.925467 -0.378827 -0.000000
vn -0.912824 -0.381901 0.144579
vn -0.864038 -0.378385 0.332059
vn -0.776512 -0.378375 0.503847
vn -0.653515 -0.381883 0.653516
vn -0.503846 -0.378370 0.776515
vn -0.285989 -0.378818 0.880175
vn -0.000002 -0.378825 0.925468
vn 0.503851 0.378368 0.776513
vn 0.285982 0.378832 0.880171
vn -0.000002 0.378825 0.925468
vn 0.653518 0.381881 0.653514
vn 0.776514 0.378370 0.503847
vn 0.864040 0.378379 0.332060
vn 0.912824 0.381904 0.144575
vn 0.925469 0.378824 -0.000000
vn 0.912826 0.381899 -0.144576
vn 0.864037 0.378387 -0.332059
vn 0.776512 0.378377 -0.503845
vn 0.653514 0.381896 -0.653510
vn 0.503847 0.378361 -0.776518
vn 0.285987 0.378811 -0.880178
vn 0.000000 0.378825 -0.925469
vn -0.285983 0.378812 -0.880179
vn -0.503853 0.378355 -0.776518
vn -0.653514 0.381897 -0.653509
vn -0.776508 0.378384 -0.503845
vn -0.864037 0.378388 -0.332059
vn -0.912823 0.381905 -0.144577
vn -0.925463 0.378838 -0.000000
vn -0.912822 0.381907 0.144577
vn -0.864038 0.378384 0.332059
vn -0.776512 0.378375 0.503846
vn -0.653516 0.381883 0.653515
vn -0.503846 0.378369 0.776515
vn -0.285989 0.378818 0.880175
vn 0.307769 0.089856 0.947209
vn 0.542119 0.089709 0.835500
vn 0.542091 -0.090274 0.835457
vn 0.307756 -0.090373 0.947164
vn 0.704388 0.087560 0.704394
vn 0.704355 -0.088082 0.704361
vn 0.835497 0.089724 0.542121
vn 0.929676 0.089718 0.357285
vn 0.929636 -0.090212 0.357267
vn 0.835458 -0.090225 0.542097
vn 0.983898 0.087525 0.155837
vn 0.983855 -0.088018 0.155830
vn 0.995962 0.089780 0.000000
vn 0.983897 0.087527 -0.155837
vn 0.983855 -0.088015 -0.155831
vn 0.995915 -0.090301 0.000000
vn 0.929676 0.089719 -0.357287
vn 0.835492 0.089738 -0.542125
vn 0.835457 -0.090240 -0.542096
vn 0.929633 -0.090212 -0.357272
vn 0.704389 0.087537 -0.704395
vn 0.704358 -0.088036 -0.704364
vn 0.542118 0.089677 -0.835503
vn 0.307770 0.089808 -0.947213
vn 0.307751 -0.090326 -0.947170
vn 0.542098 -0.090192 -0.835461
vn 0.000000 0.089784 -0.995961
vn -0.000000 -0.090303 -0.995914
vn -0.307770 0.089808 -0.947213
vn -0.307751 -0.090326 -0.947170
vn -0.542119 0.089693 -0.835501
vn -0.542097 -0.090209 -0.835460
vn -0.704390 0.087560 -0.704392
vn -0.704364 -0.088012 -0.704362
vn -0.835498 0.089725 -0.542119
vn -0.929677 0.089715 -0.357284
vn -0.929634 -0.090216 -0.357270
vn -0.835462 -0.090211 -0.542093
vn -0.983893 0.087580 -0.155834
vn -0.983855 -0.088021 -0.155828
vn -0.995955 0.089849 0.000000
vn -0.983894 0.087574 0.155834
vn -0.983856 -0.088009 0.155828
vn -0.995915 -0.090298 -0.000000
vn -0.929677 0.089715 0.357285
vn -0.835498 0.089691 0.542124
vn -0.835461 -0.090201 0.542097
vn -0.929636 -0.090194 0.357271
vn -0.704391 0.087537 0.704394
vn -0.704364 -0.088012 0.704362
vn -0.542118 0.089709 0.835500
vn -0.307769 0.089808 0.947213
vn -0.307751 -0.090350 0.947168
vn -0.542098 -0.090201 0.835460
vn -0.000001 0.089832 0.995957
vn 0.000000 -0.090350 0.995910
vn 0.136927 0.967842 0.211027
vn 0.077636 0.967927 0.238936
vn 0.182542 0.966104 0.182541
vn 0.234818 0.967841 0.090242
vn 0.211030 0.967842 0.136926
vn 0.254982 0.966102 0.040385
vn 0.254981 0.966102 -0.040385
vn 0.251236 0.967926 -0.000000
vn 0.211031 0.967841 -0.136929
vn 0.234819 0.967841 -0.090243
vn 0.182544 0.966103 -0.182543
vn 0.077636 0.967926 -0.238939
vn 0.136931 0.967840 -0.211034
vn 0.000000 0.967927 -0.251231
vn -0.077635 0.967926 -0.238938
vn -0.136930 0.967841 -0.211032
vn -0.182543 0.966104 -0.182543
vn -0.234818 0.967841 -0.090242
vn -0.211029 0.967842 -0.136928
vn -0.254981 0.966103 -0.040385
vn -0.254983 0.966102 0.040385
vn -0.251236 0.967926 0.000000
vn -0.211031 0.967841 0.136929
vn -0.234821 0.967841 0.090242
vn -0.182545 0.966103 0.182545
vn -0.077636 0.967926 0.238938
vn -0.136929 0.967841 0.211032
vn -0.000001 0.967926 0.251234
vn 0.075621 -0.969596 0.232735
vn 0.133377 -0.969514 0.205555
vn 0.177920 -0.967826 0.177923
vn 0.205553 -0.969515 0.133375
vn 0.228726 -0.969514 0.087900
vn 0.248523 -0.967826 0.039361
vn 0.244716 -0.969595 -0.000000
vn 0.248523 -0.967826 -0.039361
vn 0.228725 -0.969514 -0.087902
vn 0.205555 -0.969514 -0.133377
vn 0.177920 -0.967827 -0.177920
vn 0.133376 -0.969514 -0.205554
vn 0.075622 -0.969595 -0.232736
vn 0.000000 -0.969596 -0.244712
vn -0.075621 -0.969596 -0.232736
vn -0.133375 -0.969515 -0.205554
vn -0.177919 -0.967827 -0.177920
vn -0.205555 -0.969514 -0.133376
vn -0.228726 -0.969514 -0.087902
vn -0.248523 -0.967826 -0.039361
vn -0.244716 -0.969595 -0.000000
vn -0.248522 -0.967826 0.039361
vn -0.228725 -0.969514 0.087902
vn -0.205555 -0.969514 0.133377
vn -0.177920 -0.967827 0.177920
vn -0.133376 -0.969515 0.205553
vn -0.075621 -0.969595 0.232737
vn -0.000001 -0.969596 0.244712
vn 0.332302 0.792018 0.512135
vn 0.444073 0.778196 0.444083
vn 0.487746 0.443925 0.751688
vn 0.637875 0.431530 0.637885
vn 0.188487 0.792417 0.580128
vn 0.276824 0.444436 0.851965
vn 0.512164 0.791992 0.332319
vn 0.569901 0.791988 0.219016
vn 0.751693 0.443924 0.487738
vn 0.836434 0.443909 0.321439
vn 0.620314 0.778176 0.098245
vn 0.891012 0.431488 0.141121
vn 0.610000 0.792401 0.000000
vn 0.620313 0.778178 -0.098245
vn 0.895856 0.444346 0.000000
vn 0.891010 0.431492 -0.141121
vn 0.569904 0.791985 -0.219019
vn 0.512164 0.791990 -0.332325
vn 0.836456 0.443860 -0.321450
vn 0.751724 0.443866 -0.487744
vn 0.444083 0.778189 -0.444086
vn 0.637897 0.431478 -0.637899
vn 0.332314 0.791999 -0.512158
vn 0.188486 0.792441 -0.580095
vn 0.487751 0.443891 -0.751704
vn 0.276819 0.444413 -0.851979
vn -0.000000 0.792464 -0.609919
vn -0.000000 0.444394 -0.895831
vn -0.188495 0.792425 -0.580114
vn -0.276819 0.444417 -0.851977
vn -0.332315 0.791998 -0.512159
vn -0.487747 0.443911 -0.751695
vn -0.444066 0.778208 -0.444069
vn -0.637880 0.431526 -0.637882
vn -0.512152 0.792004 -0.332310
vn -0.569896 0.791992 -0.219015
vn -0.751708 0.443888 -0.487749
vn -0.836450 0.443873 -0.321447
vn -0.620312 0.778178 -0.098247
vn -0.890985 0.431544 -0.141120
vn -0.609998 0.792403 0.000000
vn -0.620311 0.778179 0.098247
vn -0.895821 0.444415 -0.000000
vn -0.890984 0.431547 0.141120
vn -0.569889 0.791997 0.219013
vn -0.512146 0.792009 0.332308
vn -0.836438 0.443897 0.321446
vn -0.751716 0.443867 0.487755
vn -0.444072 0.778203 0.444072
vn -0.637894 0.431492 0.637892
vn -0.332301 0.792017 0.512137
vn -0.188484 0.792441 0.580096
vn -0.487752 0.443892 0.751703
vn -0.276829 0.444389 0.851988
vn -0.000002 0.792428 0.609965
vn -0.000002 0.444412 0.895822
vn 0.330248 -0.794916 0.508965
vn 0.187315 -0.795328 0.576512
vn 0.487142 -0.446144 0.750766
vn 0.276488 -0.446581 0.850952
vn -0.000001 -0.795342 0.606161
vn -0.000000 -0.446530 0.894768
vn 0.441501 -0.781124 0.441500
vn 0.637156 -0.433662 0.637158
vn 0.508932 -0.794951 0.330215
vn 0.566295 -0.794951 0.217628
vn 0.750800 -0.446070 0.487156
vn 0.835423 -0.446080 0.321064
vn 0.616692 -0.781122 0.097674
vn 0.890003 -0.433616 0.140966
vn 0.606175 -0.795332 -0.000000
vn 0.616696 -0.781118 -0.097676
vn 0.894759 -0.446549 0.000000
vn 0.890004 -0.433614 -0.140967
vn 0.566327 -0.794923 -0.217647
vn 0.508959 -0.794924 -0.330238
vn 0.835443 -0.446045 -0.321059
vn 0.750813 -0.446043 -0.487160
vn 0.441498 -0.781130 -0.441492
vn 0.637183 -0.433587 -0.637181
vn 0.330217 -0.794958 -0.508920
vn 0.187311 -0.795350 -0.576483
vn 0.487154 -0.446087 -0.750791
vn 0.276495 -0.446585 -0.850948
vn 0.000000 -0.795340 -0.606164
vn -0.000001 -0.446535 -0.894766
vn -0.187315 -0.795337 -0.576500
vn -0.276495 -0.446583 -0.850949
vn -0.330226 -0.794944 -0.508936
vn -0.487155 -0.446118 -0.750773
vn -0.441490 -0.781139 -0.441485
vn -0.637184 -0.433590 -0.637178
vn -0.508946 -0.794936 -0.330228
vn -0.566302 -0.794945 -0.217635
vn -0.750797 -0.446053 -0.487177
vn -0.835419 -0.446097 -0.321050
vn -0.616659 -0.781148 -0.097669
vn -0.889975 -0.433677 -0.140960
vn -0.606127 -0.795368 -0.000000
vn -0.616651 -0.781155 0.097668
vn -0.894718 -0.446632 0.000000
vn -0.889976 -0.433674 0.140961
vn -0.566281 -0.794962 0.217627
vn -0.508922 -0.794956 0.330218
vn -0.835419 -0.446096 0.321050
vn -0.750790 -0.446085 0.487158
vn -0.441487 -0.781141 0.441483
vn -0.637172 -0.433626 0.637166
vn -0.330226 -0.794945 0.508934
vn -0.187316 -0.795341 0.576494
vn -0.487162 -0.446078 0.750791
vn -0.276501 -0.446557 0.850961
vn 0.305305 0.154524 0.939633
vn 0.537792 0.154336 0.828831
vn 0.540904 -0.111818 0.833618
vn 0.307074 -0.111973 0.945076
vn 0.698996 0.151036 0.698994
vn 0.702838 -0.109704 0.702840
vn 0.828830 0.154321 0.537797
vn 0.922261 0.154320 0.354429
vn 0.927591 -0.111791 0.356479
vn 0.833618 -0.111820 0.540904
vn 0.976360 0.151025 0.154638
vn 0.981736 -0.109621 0.155492
vn 0.987990 0.154517 0.000000
vn 0.976362 0.151014 -0.154638
vn 0.981736 -0.109621 -0.155492
vn 0.993721 -0.111887 -0.000000
vn 0.922262 0.154316 -0.354430
vn 0.828826 0.154350 -0.537795
vn 0.833615 -0.111851 -0.540902
vn 0.927590 -0.111803 -0.356478
vn 0.698993 0.151058 -0.698992
vn 0.702837 -0.109704 -0.702840
vn 0.537796 0.154292 -0.828836
vn 0.305303 0.154523 -0.939634
vn 0.307075 -0.111927 -0.945081
vn 0.540902 -0.111773 -0.833626
vn 0.000001 0.154545 -0.987986
vn -0.000000 -0.111927 -0.993717
vn -0.305304 0.154522 -0.939634
vn -0.307074 -0.111927 -0.945081
vn -0.537796 0.154292 -0.828837
vn -0.540902 -0.111773 -0.833625
vn -0.698995 0.151058 -0.698991
vn -0.702838 -0.109704 -0.702840
vn -0.828826 0.154351 -0.537794
vn -0.922259 0.154335 -0.354427
vn -0.927589 -0.111818 -0.356475
vn -0.833612 -0.111848 -0.540908
vn -0.976351 0.151084 -0.154636
vn -0.981729 -0.109688 -0.155487
vn -0.987977 0.154601 0.000000
vn -0.976351 0.151084 0.154636
vn -0.981730 -0.109687 0.155487
vn -0.993710 -0.111985 0.000000
vn -0.922257 0.154350 0.354427
vn -0.828829 0.154353 0.537790
vn -0.833623 -0.111790 0.540903
vn -0.927593 -0.111773 0.356479
vn -0.698993 0.151059 0.698992
vn -0.702841 -0.109683 0.702840
vn -0.537795 0.154307 0.828834
vn -0.305307 0.154479 0.939640
vn -0.307074 -0.111927 0.945081
vn -0.540907 -0.111773 0.833622
vn -0.000000 0.154479 0.987996
vn -0.000001 -0.111949 0.993714
vn 0.011176 0.999789 0.017224
vn 0.006335 0.999790 0.019499
vn 0.017575 0.999691 0.017575
vn 0.019165 0.999789 0.007365
vn 0.017223 0.999789 0.011175
vn 0.024549 0.999691 0.003888
vn 0.024549 0.999691 -0.003888
vn 0.020502 0.999790 0.000000
vn 0.017223 0.999789 -0.011175
vn 0.019165 0.999789 -0.007365
vn 0.017575 0.999691 -0.017575
vn 0.006336 0.999790 -0.019499
vn 0.011176 0.999789 -0.017224
vn 0.000000 0.999790 -0.020502
vn -0.006336 0.999790 -0.019499
vn -0.011175 0.999789 -0.017223
vn -0.017575 0.999691 -0.017575
vn -0.019165 0.999789 -0.007366
vn -0.017223 0.999789 -0.011175
vn -0.024549 0.999691 -0.003888
vn -0.024549 0.999691 0.003888
vn -0.020502 0.999790 -0.000000
vn -0.017223 0.999789 0.011175
vn -0.019164 0.999789 0.007365
vn -0.017575 0.999691 0.017575
vn -0.006336 0.999790 0.019499
vn -0.011175 0.999789 0.017223
vn -0.000000 0.999790 0.020502
vn 0.127679 -0.910650 0.392956
vn 0.225159 -0.910434 0.347007
vn 0.297273 -0.907335 0.297274
vn 0.347010 -0.910432 0.225160
vn 0.386126 -0.910432 0.148391
vn 0.415230 -0.907336 0.065767
vn 0.413175 -0.910652 0.000000
vn 0.415229 -0.907337 -0.065766
vn 0.386127 -0.910432 -0.148392
vn 0.347012 -0.910431 -0.225162
vn 0.297276 -0.907333 -0.297277
vn 0.225161 -0.910432 -0.347011
vn 0.127681 -0.910648 -0.392960
vn 0.000000 -0.910647 -0.413186
vn -0.127681 -0.910647 -0.392962
vn -0.225160 -0.910433 -0.347009
vn -0.297275 -0.907334 -0.297275
vn -0.347014 -0.910430 -0.225162
vn -0.386128 -0.910431 -0.148393
vn -0.415235 -0.907334 -0.065766
vn -0.413182 -0.910648 -0.000000
vn -0.415234 -0.907334 0.065766
vn -0.386124 -0.910433 0.148392
vn -0.347007 -0.910434 0.225159
vn -0.297269 -0.907338 0.297268
vn -0.225156 -0.910436 0.347004
vn -0.127679 -0.910651 0.392955
vn -0.000001 -0.910649 0.413181
vn 0.146888 0.879806 0.452067
vn 0.259016 0.879527 0.399177
vn 0.264676 0.516114 0.814600
vn 0.466388 0.515588 0.718785
vn 0.353000 0.866477 0.352999
vn 0.683019 0.258802 0.683012
vn 0.499978 0.707138 0.499978
vn 0.399162 0.879539 0.258999
vn 0.444163 0.879537 0.170688
vn 0.718770 0.515619 0.466377
vn 0.799793 0.515609 0.307375
vn 0.493068 0.866479 0.078095
vn 0.855102 0.500458 0.135432
vn 0.475323 0.879811 0.000000
vn 0.493068 0.866479 -0.078095
vn 0.856523 0.516109 0.000000
vn 0.954049 0.258765 -0.151101
vn 0.698377 0.707131 -0.110612
vn 0.444158 0.879540 -0.170685
vn 0.399159 0.879541 -0.258997
vn 0.900967 0.261474 -0.346251
vn 0.809686 0.261528 -0.525367
vn 0.656370 0.711016 -0.252260
vn 0.589871 0.711028 -0.382742
vn 0.352991 0.866484 -0.352990
vn 0.683013 0.258837 -0.683006
vn 0.499964 0.707157 -0.499964
vn 0.259004 0.879539 -0.399160
vn 0.146882 0.879812 -0.452058
vn 0.525390 0.261434 -0.809703
vn 0.298242 0.261808 -0.917882
vn 0.382744 0.711013 -0.589887
vn 0.217152 0.711465 -0.668328
vn 0.000000 0.879808 -0.475329
vn 0.000000 0.516085 -0.856537
vn -0.146881 0.879813 -0.452057
vn -0.264684 0.516100 -0.814606
vn -0.258994 0.879544 -0.399155
vn -0.525388 0.261433 -0.809704
vn -0.382755 0.711002 -0.589894
vn -0.352995 0.866482 -0.352993
vn -0.683014 0.258838 -0.683004
vn -0.500018 0.707083 -0.500016
vn -0.399177 0.879528 -0.259013
vn -0.444173 0.879531 -0.170693
vn -0.809688 0.261528 -0.525365
vn -0.799804 0.515588 -0.307379
vn -0.589937 0.710953 -0.382779
vn -0.493078 0.866473 -0.078096
vn -0.855079 0.500498 -0.135431
vn -0.475344 0.879800 -0.000000
vn -0.493080 0.866471 0.078097
vn -0.856491 0.516163 0.000000
vn -0.855079 0.500498 0.135431
vn -0.444173 0.879530 0.170695
vn -0.399173 0.879531 0.259009
vn -0.799798 0.515599 0.307378
vn -0.718781 0.515593 0.466389
vn -0.353005 0.866474 0.353003
vn -0.683011 0.258839 0.683007
vn -0.500018 0.707083 0.500016
vn -0.259001 0.879534 0.399173
vn -0.146878 0.879817 0.452051
vn -0.525386 0.261457 0.809698
vn -0.264684 0.516101 0.814605
vn -0.382769 0.710989 0.589900
vn -0.000001 0.879811 0.475324
vn -0.000001 0.516101 0.856528
vn 0.216844 -0.712445 0.667383
vn -0.000001 -0.712446 0.701727
vn 0.284786 -0.388172 0.876481
vn -0.000001 -0.388154 0.921595
vn 0.382239 -0.711946 0.589089
vn 0.501742 -0.387696 0.773270
vn 0.505915 -0.698645 0.505911
vn 0.654792 -0.377493 0.654787
vn 0.589089 -0.711952 0.382229
vn 0.655471 -0.711972 0.251899
vn 0.773255 -0.387730 0.501740
vn 0.860425 -0.387715 0.330673
vn 0.706618 -0.698688 0.111916
vn 0.914625 -0.377460 0.144861
vn 0.701710 -0.712463 -0.000000
vn 0.706628 -0.698678 -0.111917
vn 0.921599 -0.388143 -0.000000
vn 0.914624 -0.377464 -0.144861
vn 0.655492 -0.711951 -0.251905
vn 0.589113 -0.711923 -0.382246
vn 0.860421 -0.387726 -0.330672
vn 0.773246 -0.387753 -0.501735
vn 0.505911 -0.698648 -0.505910
vn 0.654781 -0.377528 -0.654778
vn 0.382230 -0.711963 -0.589075
vn 0.216848 -0.712457 -0.667369
vn 0.501752 -0.387662 -0.773281
vn 0.284785 -0.388139 -0.876496
vn 0.000000 -0.712475 -0.701697
vn 0.000001 -0.388190 -0.921579
vn -0.216845 -0.712458 -0.667369
vn -0.284785 -0.388138 -0.876497
vn -0.382232 -0.711963 -0.589074
vn -0.501756 -0.387650 -0.773284
vn -0.505913 -0.698644 -0.505913
vn -0.654795 -0.377478 -0.654794
vn -0.589103 -0.711928 -0.382253
vn -0.655491 -0.711952 -0.251905
vn -0.773265 -0.387718 -0.501733
vn -0.860422 -0.387725 -0.330671
vn -0.706627 -0.698679 -0.111919
vn -0.914601 -0.377520 -0.144858
vn -0.701705 -0.712468 0.000000
vn -0.706626 -0.698681 0.111918
vn -0.921565 -0.388223 0.000000
vn -0.914603 -0.377515 0.144858
vn -0.655476 -0.711966 0.251903
vn -0.589074 -0.711968 0.382221
vn -0.860430 -0.387701 0.330678
vn -0.773268 -0.387684 0.501754
vn -0.505887 -0.698685 0.505882
vn -0.654809 -0.377442 0.654800
vn -0.382218 -0.711989 0.589052
vn -0.216846 -0.712457 0.667371
vn -0.501746 -0.387685 0.773273
vn -0.284787 -0.388136 0.876497
vn 0.222261 0.694745 0.684054
vn 0.273884 0.463097 0.842928
vn 0.482574 0.462593 0.743727
vn 0.391766 0.694244 0.603776
vn 0.301502 0.219169 0.927934
vn 0.531116 0.218876 0.818541
vn 0.690018 0.218520 0.690017
vn 0.508761 0.694497 0.508761
vn 0.818537 0.218886 0.531118
vn 0.910804 0.218891 0.350032
vn 0.603770 0.694251 0.391760
vn 0.671830 0.694250 0.258188
vn 0.963814 0.218538 0.152655
vn 0.710637 0.694497 0.112556
vn 0.975681 0.219198 0.000000
vn 0.963814 0.218537 -0.152655
vn 0.719253 0.694749 -0.000000
vn 0.710638 0.694496 -0.112556
vn 0.910805 0.218890 -0.350032
vn 0.818539 0.218881 -0.531116
vn 0.671831 0.694249 -0.258188
vn 0.603771 0.694252 -0.391760
vn 0.690018 0.218516 -0.690018
vn 0.508757 0.694501 -0.508758
vn 0.531116 0.218894 -0.818536
vn 0.301503 0.219169 -0.927934
vn 0.391762 0.694251 -0.603770
vn 0.222258 0.694755 -0.684044
vn -0.000000 0.219151 -0.975691
vn -0.000000 0.694760 -0.719242
vn -0.301503 0.219169 -0.927934
vn -0.222259 0.694755 -0.684045
vn -0.531115 0.218894 -0.818537
vn -0.391761 0.694252 -0.603769
vn -0.690018 0.218516 -0.690019
vn -0.508753 0.694508 -0.508753
vn -0.818540 0.218881 -0.531116
vn -0.910807 0.218887 -0.350027
vn -0.603774 0.694249 -0.391760
vn -0.671835 0.694244 -0.258191
vn -0.963818 0.218524 -0.152653
vn -0.710638 0.694497 -0.112556
vn -0.975685 0.219178 0.000000
vn -0.963818 0.218524 0.152653
vn -0.719253 0.694749 0.000000
vn -0.710638 0.694496 0.112556
vn -0.910808 0.218882 0.350028
vn -0.818541 0.218882 0.531114
vn -0.671832 0.694248 0.258190
vn -0.603773 0.694249 0.391760
vn -0.690017 0.218529 0.690016
vn -0.508758 0.694500 0.508759
vn -0.531115 0.218885 0.818539
vn -0.301503 0.219174 0.927933
vn -0.391762 0.694250 0.603771
vn -0.222260 0.694751 0.684048
vn 0.000000 0.219178 0.975685
vn -0.000001 0.694749 0.719252
vn 0.625647 0.465977 0.625645
vn 0.743729 0.462591 0.482573
vn 0.827561 0.462596 0.318037
vn 0.873901 0.465982 0.138414
vn 0.886306 0.463100 -0.000000
vn 0.873902 0.465980 -0.138414
vn 0.827558 0.462603 -0.318035
vn 0.743722 0.462604 -0.482571
vn 0.625645 0.465980 -0.625644
vn 0.482572 0.462596 -0.743727
vn 0.273885 0.463097 -0.842929
vn -0.000000 0.463089 -0.886312
vn -0.273885 0.463098 -0.842928
vn -0.482572 0.462596 -0.743727
vn -0.625645 0.465980 -0.625644
vn -0.743727 0.462594 -0.482573
vn -0.827563 0.462593 -0.318038
vn -0.873903 0.465977 -0.138415
vn -0.886310 0.463092 0.000000
vn -0.873904 0.465976 0.138415
vn -0.827564 0.462589 0.318040
vn -0.743729 0.462586 0.482578
vn -0.625646 0.465977 0.625646
vn -0.482575 0.462592 0.743727
vn -0.273884 0.463101 0.842927
vn -0.000000 0.463102 0.886305
vn 0.288607 0.357402 0.888240
vn 0.508453 0.356966 0.783614
vn 0.525325 0.261845 0.809611
vn 0.298206 0.262185 0.917787
vn 0.661437 0.353553 0.661439
vn 0.683419 0.256673 0.683416
vn 0.783613 0.356970 0.508452
vn 0.871943 0.356969 0.335095
vn 0.900873 0.261847 0.346214
vn 0.809612 0.261847 0.525323
vn 0.923898 0.353554 0.146332
vn 0.954599 0.256673 0.151196
vn 0.933951 0.357402 -0.000000
vn 0.923897 0.353555 -0.146332
vn 0.954599 0.256673 -0.151196
vn 0.965017 0.262186 0.000000
vn 0.871944 0.356967 -0.335095
vn 0.783613 0.356968 -0.508452
vn 0.809612 0.261846 -0.525323
vn 0.900873 0.261845 -0.346215
vn 0.661436 0.353555 -0.661438
vn 0.683418 0.256675 -0.683416
vn 0.508453 0.356968 -0.783613
vn 0.288606 0.357404 -0.888239
vn 0.298206 0.262185 -0.917787
vn 0.525324 0.261845 -0.809612
vn 0.000000 0.357405 -0.933950
vn 0.000000 0.262186 -0.965017
vn -0.288606 0.357404 -0.888239
vn -0.298206 0.262186 -0.917786
vn -0.508452 0.356968 -0.783614
vn -0.525323 0.261846 -0.809613
vn -0.661439 0.353554 -0.661436
vn -0.683418 0.256674 -0.683417
vn -0.783615 0.356967 -0.508450
vn -0.871944 0.356966 -0.335096
vn -0.900873 0.261846 -0.346214
vn -0.809613 0.261845 -0.525322
vn -0.923897 0.353555 -0.146332
vn -0.954599 0.256675 -0.151191
vn -0.933950 0.357403 0.000000
vn -0.923897 0.353555 0.146332
vn -0.954599 0.256675 0.151191
vn -0.965017 0.262188 0.000000
vn -0.871943 0.356968 0.335096
vn -0.783614 0.356970 0.508450
vn -0.809612 0.261847 0.525323
vn -0.900873 0.261847 0.346214
vn -0.661437 0.353556 0.661437
vn -0.683419 0.256675 0.683415
vn -0.508451 0.356969 0.783614
vn -0.288607 0.357404 0.888239
vn -0.298207 0.262185 0.917786
vn -0.525324 0.261845 0.809612
vn -0.000001 0.357403 0.933950
vn -0.000001 0.262185 0.965018
vn 0.544207 0.020144 0.838709
vn 0.527608 0.245882 0.813125
vn 0.299505 0.246215 0.921778
vn 0.308953 0.020171 0.950863
vn 0.403277 -0.671626 0.621519
vn 0.228805 -0.672132 0.704193
vn -0.000003 0.246203 0.969218
vn -0.000001 0.020172 0.999797
vn 0.000000 -0.672128 0.740435
vn 0.687132 0.235973 0.687144
vn 0.532482 -0.657969 0.532485
vn 0.706934 0.022265 0.706929
vn 0.621519 -0.671624 0.403280
vn 0.813127 0.245877 0.527606
vn 0.904790 0.245876 0.347707
vn 0.691580 -0.671624 0.265779
vn 0.838712 0.020143 0.544203
vn 0.933254 0.020144 0.358653
vn 0.959798 0.235961 0.152020
vn 0.743775 -0.657968 0.117803
vn 0.987444 0.022267 0.156392
vn 0.740428 -0.672136 0.000007
vn 0.969222 0.246189 0.000013
vn 0.959801 0.235953 -0.152014
vn 0.743778 -0.657965 -0.117799
vn 0.999797 0.020172 0.000000
vn 0.987444 0.022265 -0.156391
vn 0.691582 -0.671620 -0.265785
vn 0.904786 0.245871 -0.347720
vn 0.813120 0.245887 -0.527613
vn 0.621529 -0.671612 -0.403286
vn 0.933253 0.020143 -0.358656
vn 0.838710 0.020142 -0.544206
vn 0.687135 0.235965 -0.687143
vn 0.532493 -0.657957 -0.532489
vn 0.706936 0.022262 -0.706927
vn 0.403274 -0.671634 -0.621513
vn 0.527613 0.245861 -0.813128
vn 0.299507 0.246224 -0.921775
vn 0.228803 -0.672133 -0.704192
vn 0.544205 0.020143 -0.838710
vn 0.308953 0.020168 -0.950863
vn 0.000002 0.246255 -0.969205
vn -0.000001 -0.672121 -0.740441
vn 0.000002 0.020167 -0.999797
vn -0.299499 0.246239 -0.921774
vn -0.228807 -0.672133 -0.704191
vn -0.308955 0.020172 -0.950863
vn -0.527606 0.245887 -0.813125
vn -0.403280 -0.671628 -0.621515
vn -0.544208 0.020146 -0.838708
vn -0.687131 0.235964 -0.687148
vn -0.532477 -0.657971 -0.532487
vn -0.706928 0.022266 -0.706935
vn -0.621514 -0.671630 -0.403278
vn -0.813127 0.245870 -0.527611
vn -0.904792 0.245857 -0.347714
vn -0.691575 -0.671629 -0.265779
vn -0.838709 0.020144 -0.544208
vn -0.933253 0.020145 -0.358653
vn -0.959806 0.235933 -0.152017
vn -0.743777 -0.657966 -0.117802
vn -0.987445 0.022267 -0.156387
vn -0.740429 -0.672135 -0.000000
vn -0.969227 0.246170 -0.000000
vn -0.959806 0.235933 0.152017
vn -0.743776 -0.657967 0.117801
vn -0.999797 0.020173 0.000000
vn -0.987445 0.022267 0.156387
vn -0.691584 -0.671619 0.265782
vn -0.904792 0.245858 0.347715
vn -0.813126 0.245868 0.527612
vn -0.621523 -0.671616 0.403287
vn -0.933253 0.020143 0.358654
vn -0.838711 0.020141 0.544204
vn -0.687139 0.235959 0.687141
vn -0.532492 -0.657956 0.532490
vn -0.706932 0.022264 0.706931
vn -0.403286 -0.671619 0.621521
vn -0.527610 0.245862 0.813130
vn -0.299511 0.246181 0.921785
vn -0.228806 -0.672131 0.704193
vn -0.544204 0.020144 0.838711
vn -0.308955 0.020172 0.950863
vn 0.419117 -0.638063 0.645923
vn 0.237803 -0.638590 0.731883
vn 0.540428 -0.644881 0.540431
vn 0.718730 -0.638070 0.276212
vn 0.645921 -0.638070 0.419110
vn 0.754868 -0.644887 0.119562
vn 0.754880 -0.644873 -0.119561
vn 0.769546 -0.638592 0.000002
vn 0.645922 -0.638065 -0.419115
vn 0.718734 -0.638062 -0.276220
vn 0.540438 -0.644872 -0.540432
vn 0.237803 -0.638589 -0.731884
vn 0.419118 -0.638057 -0.645929
vn -0.000001 -0.638589 -0.769548
vn -0.237806 -0.638589 -0.731883
vn -0.419115 -0.638061 -0.645926
vn -0.540430 -0.644877 -0.540435
vn -0.718743 -0.638051 -0.276223
vn -0.645929 -0.638054 -0.419122
vn -0.754877 -0.644876 -0.119561
vn -0.754877 -0.644877 0.119561
vn -0.769546 -0.638591 0.000000
vn -0.645924 -0.638064 0.419115
vn -0.718737 -0.638060 0.276219
vn -0.540434 -0.644882 0.540424
vn -0.237799 -0.638593 0.731882
vn -0.419114 -0.638066 0.645923
vn 0.000000 -0.638592 0.769546
vn 0.509143 -0.353650 0.784669
vn 0.661912 -0.351757 0.661921
vn 0.524466 -0.267597 0.808287
vn 0.681622 -0.266049 0.681622
vn 0.535473 -0.179562 0.825243
vn 0.695757 -0.178451 0.695757
vn 0.541634 -0.099155 0.834746
vn 0.703668 -0.098449 0.703675
vn 0.288995 -0.354088 0.889440
vn 0.297718 -0.267951 0.916278
vn 0.303983 -0.179807 0.935555
vn 0.307492 -0.099277 0.946358
vn 0.784672 -0.353641 0.509144
vn 0.873124 -0.353646 0.335541
vn 0.808291 -0.267578 0.524469
vn 0.899404 -0.267579 0.345651
vn 0.825251 -0.179545 0.535467
vn 0.918275 -0.179546 0.352894
vn 0.834751 -0.099160 0.541626
vn 0.928841 -0.099168 0.356961
vn 0.924564 -0.351764 0.146437
vn 0.952095 -0.266040 0.150794
vn 0.971833 -0.178461 0.153925
vn 0.982887 -0.098477 0.155678
vn 0.935218 -0.354074 -0.000000
vn 0.924565 -0.351760 -0.146437
vn 0.963436 -0.267937 0.000000
vn 0.952092 -0.266049 -0.150794
vn 0.983702 -0.179807 0.000000
vn 0.971835 -0.178451 -0.153920
vn 0.995058 -0.099300 0.000004
vn 0.982888 -0.098479 -0.155671
vn 0.873122 -0.353644 -0.335550
vn 0.784668 -0.353651 -0.509143
vn 0.899400 -0.267594 -0.345650
vn 0.808287 -0.267594 -0.524467
vn 0.918271 -0.179559 -0.352897
vn 0.825247 -0.179552 -0.535471
vn 0.928840 -0.099145 -0.356969
vn 0.834749 -0.099140 -0.541633
vn 0.661914 -0.351765 -0.661914
vn 0.681623 -0.266061 -0.681617
vn 0.695762 -0.178433 -0.695756
vn 0.703671 -0.098457 -0.703671
vn 0.509141 -0.353642 -0.784674
vn 0.288993 -0.354089 -0.889441
vn 0.524464 -0.267604 -0.808286
vn 0.297714 -0.267956 -0.916278
vn 0.535477 -0.179541 -0.825245
vn 0.303985 -0.179782 -0.935559
vn 0.541636 -0.099141 -0.834746
vn 0.307491 -0.099277 -0.946358
vn -0.000000 -0.354099 -0.935208
vn -0.000000 -0.267966 -0.963428
vn -0.000000 -0.179781 -0.983707
vn -0.000000 -0.099276 -0.995060
vn -0.288996 -0.354090 -0.889439
vn -0.297714 -0.267968 -0.916275
vn -0.303986 -0.179795 -0.935557
vn -0.307492 -0.099262 -0.946359
vn -0.509142 -0.353644 -0.784672
vn -0.524463 -0.267616 -0.808283
vn -0.535471 -0.179561 -0.825245
vn -0.541640 -0.099121 -0.834747
vn -0.661909 -0.351768 -0.661918
vn -0.681620 -0.266054 -0.681623
vn -0.695760 -0.178439 -0.695757
vn -0.703671 -0.098457 -0.703671
vn -0.784672 -0.353645 -0.509141
vn -0.873125 -0.353641 -0.335546
vn -0.808282 -0.267609 -0.524466
vn -0.899395 -0.267609 -0.345651
vn -0.825248 -0.179544 -0.535471
vn -0.918272 -0.179553 -0.352897
vn -0.834750 -0.099130 -0.541633
vn -0.928841 -0.099129 -0.356971
vn -0.924563 -0.351767 -0.146437
vn -0.952092 -0.266050 -0.150794
vn -0.971833 -0.178461 -0.153922
vn -0.982889 -0.098464 -0.155676
vn -0.935216 -0.354077 0.000000
vn -0.924564 -0.351764 0.146437
vn -0.963436 -0.267939 0.000000
vn -0.952093 -0.266047 0.150794
vn -0.983701 -0.179814 -0.000000
vn -0.971832 -0.178469 0.153919
vn -0.995058 -0.099293 -0.000000
vn -0.982889 -0.098464 0.155673
vn -0.873116 -0.353668 0.335541
vn -0.784663 -0.353671 0.509138
vn -0.899398 -0.267599 0.345651
vn -0.808285 -0.267593 0.524470
vn -0.918273 -0.179550 0.352898
vn -0.825247 -0.179541 0.535474
vn -0.928840 -0.099150 0.356968
vn -0.834752 -0.099150 0.541626
vn -0.661914 -0.351771 0.661911
vn -0.681627 -0.266039 0.681621
vn -0.695766 -0.178452 0.695747
vn -0.703680 -0.098458 0.703663
vn -0.509140 -0.353645 0.784673
vn -0.288996 -0.354085 0.889441
vn -0.524471 -0.267580 0.808289
vn -0.297716 -0.267931 0.916285
vn -0.535467 -0.179566 0.825246
vn -0.303985 -0.179806 0.935555
vn -0.541635 -0.099160 0.834745
vn -0.307488 -0.099290 0.946358
vn -0.000001 -0.354097 0.935209
vn -0.000002 -0.267955 0.963432
vn -0.000002 -0.179806 0.983702
vn -0.000002 -0.099261 0.995062
vn 0.238002 -0.637819 0.732490
vn 0.419462 -0.637294 0.646459
vn 0.449550 -0.563826 0.692824
vn 0.255102 -0.564359 0.785126
vn -0.000001 -0.637825 0.770182
vn -0.000001 -0.564359 0.825529
vn -0.237998 -0.637834 0.732479
vn -0.255099 -0.564362 0.785124
vn -0.419456 -0.637306 0.646450
vn -0.449546 -0.563827 0.692826
vn -0.646452 -0.637303 0.419457
vn -0.545236 -0.636746 0.545227
vn -0.584762 -0.562241 0.584756
vn -0.692818 -0.563839 0.449542
vn -0.719320 -0.637305 0.276444
vn -0.770914 -0.563839 0.296274
vn -0.770180 -0.637826 -0.000004
vn -0.761578 -0.636748 0.120625
vn -0.816787 -0.562248 0.129368
vn -0.825519 -0.564374 -0.000005
vn -0.719320 -0.637306 -0.276441
vn -0.761585 -0.636740 -0.120626
vn -0.816786 -0.562250 -0.129367
vn -0.770914 -0.563841 -0.296269
vn -0.646449 -0.637306 -0.419457
vn -0.692822 -0.563829 -0.449549
vn -0.419461 -0.637305 -0.646448
vn -0.545230 -0.636748 -0.545231
vn -0.584761 -0.562232 -0.584765
vn -0.449542 -0.563840 -0.692818
vn -0.237998 -0.637832 -0.732481
vn -0.255100 -0.564368 -0.785120
vn 0.000000 -0.637828 -0.770179
vn 0.000000 -0.564355 -0.825532
vn 0.237997 -0.637826 -0.732486
vn 0.255105 -0.564359 -0.785124
vn 0.419460 -0.637300 -0.646453
vn 0.449548 -0.563833 -0.692820
vn 0.646450 -0.637304 -0.419458
vn 0.545233 -0.636748 -0.545228
vn 0.584760 -0.562240 -0.584758
vn 0.692821 -0.563829 -0.449551
vn 0.719319 -0.637306 -0.276443
vn 0.770916 -0.563835 -0.296274
vn 0.770180 -0.637826 0.000000
vn 0.761579 -0.636749 -0.120620
vn 0.816787 -0.562249 -0.129361
vn 0.825519 -0.564375 0.000001
vn 0.719332 -0.637292 0.276441
vn 0.761589 -0.636735 0.120630
vn 0.816787 -0.562247 0.129372
vn 0.770916 -0.563837 0.296271
vn 0.646459 -0.637297 0.419457
vn 0.692822 -0.563834 0.449543
vn 0.545232 -0.636739 0.545238
vn 0.584757 -0.562239 0.584762
vn 0.344945 0.773567 0.531608
vn 0.244231 0.893683 0.376407
vn 0.326231 0.887209 0.326243
vn 0.450988 0.770194 0.451012
vn 0.520614 0.291822 0.802372
vn 0.520646 0.291823 0.802351
vn 0.676997 0.288777 0.676966
vn 0.676997 0.288777 0.676966
vn 0.224963 -0.910599 0.346700
vn 0.346540 -0.771163 0.534058
vn 0.453080 -0.767753 0.453072
vn 0.298109 -0.906788 0.298107
vn 0.521268 -0.287992 0.803331
vn 0.521261 -0.287992 0.803335
vn 0.677768 -0.285024 0.677784
vn 0.677768 -0.285024 0.677784
vn 0.195649 0.774053 0.602132
vn 0.138498 0.893935 0.426261
vn 0.295523 0.292194 0.909554
vn 0.295546 0.292194 0.909547
vn 0.295890 -0.288400 0.910645
vn 0.295889 -0.288400 0.910645
vn 0.127567 -0.910817 0.392605
vn 0.196568 -0.771590 0.604987
vn 0.531500 0.773676 0.344866
vn 0.376393 0.893690 0.244226
vn 0.418830 0.893688 0.160948
vn 0.591416 0.773673 0.227284
vn 0.802454 0.291508 0.520665
vn 0.802455 0.291508 0.520663
vn 0.892915 0.291471 0.343143
vn 0.892911 0.291471 0.343153
vn 0.346701 -0.910600 0.224957
vn 0.534079 -0.771143 0.346551
vn 0.594265 -0.771162 0.228382
vn 0.385780 -0.910600 0.148260
vn 0.803341 -0.287916 0.521294
vn 0.803368 -0.287915 0.521253
vn 0.893898 -0.287966 0.343543
vn 0.893909 -0.287967 0.343514
vn 0.455683 0.887211 0.072176
vn 0.629882 0.770256 0.099773
vn 0.945666 0.288586 0.149777
vn 0.945666 0.288586 0.149777
vn 0.632849 -0.767760 0.100234
vn 0.416398 -0.906788 0.065951
vn 0.946676 -0.285173 0.149940
vn 0.946676 -0.285173 0.149940
vn 0.633087 0.774081 0.000004
vn 0.448169 0.893949 0.000003
vn 0.455684 0.887211 -0.072173
vn 0.629997 0.770160 -0.099784
vn 0.956420 0.291995 0.000012
vn 0.956420 0.291995 0.000012
vn 0.945599 0.288817 -0.149758
vn 0.945599 0.288817 -0.149758
vn 0.412811 -0.910817 0.000000
vn 0.636072 -0.771630 0.000005
vn 0.632857 -0.767753 -0.100235
vn 0.416401 -0.906786 -0.065949
vn 0.957503 -0.288425 0.000013
vn 0.957503 -0.288425 0.000014
vn 0.946676 -0.285173 -0.149940
vn 0.946676 -0.285173 -0.149940
vn 0.591459 0.773633 -0.227306
vn 0.418825 0.893688 -0.160956
vn 0.376381 0.893697 -0.244220
vn 0.531500 0.773673 -0.344873
vn 0.892853 0.291654 -0.343148
vn 0.892863 0.291655 -0.343123
vn 0.802433 0.291584 -0.520653
vn 0.802432 0.291584 -0.520656
vn 0.385776 -0.910602 -0.148259
vn 0.594188 -0.771230 -0.228353
vn 0.533986 -0.771230 -0.346503
vn 0.346698 -0.910602 -0.224955
vn 0.893884 -0.288043 -0.343514
vn 0.893873 -0.288043 -0.343544
vn 0.803327 -0.288071 -0.521231
vn 0.803300 -0.288072 -0.521272
vn 0.326217 0.887221 -0.326222
vn 0.450990 0.770197 -0.451005
vn 0.677010 0.288719 -0.676978
vn 0.677010 0.288719 -0.676978
vn 0.453058 -0.767779 -0.453050
vn 0.298112 -0.906786 -0.298108
vn 0.677748 -0.285142 -0.677756
vn 0.677748 -0.285142 -0.677755
vn 0.344858 0.773705 -0.531464
vn 0.244198 0.893720 -0.376340
vn 0.138479 0.893964 -0.426207
vn 0.195599 0.774155 -0.602017
vn 0.520673 0.291472 -0.802461
vn 0.520705 0.291473 -0.802440
vn 0.295570 0.291726 -0.909689
vn 0.295599 0.291726 -0.909680
vn 0.224956 -0.910606 -0.346687
vn 0.346519 -0.771197 -0.534022
vn 0.196580 -0.771614 -0.604953
vn 0.127564 -0.910821 -0.392598
vn 0.521270 -0.287992 -0.803329
vn 0.521264 -0.287992 -0.803334
vn 0.295899 -0.288282 -0.910680
vn 0.295900 -0.288282 -0.910679
vn -0.000000 0.893948 -0.448172
vn 0.000001 0.774152 -0.633000
vn 0.000007 0.291724 -0.956503
vn 0.000007 0.291724 -0.956503
vn 0.000005 -0.771612 -0.636094
vn 0.000001 -0.910814 -0.412817
vn 0.000001 -0.288164 -0.957581
vn 0.000001 -0.288164 -0.957581
vn -0.138491 0.893950 -0.426233
vn -0.195584 0.774155 -0.602022
vn -0.295566 0.291727 -0.909690
vn -0.295595 0.291727 -0.909681
vn -0.196571 -0.771616 -0.604954
vn -0.127564 -0.910816 -0.392608
vn -0.295898 -0.288283 -0.910680
vn -0.295899 -0.288283 -0.910679
vn -0.244229 0.893690 -0.376391
vn -0.344871 0.773670 -0.531506
vn -0.520692 0.291435 -0.802462
vn -0.520694 0.291435 -0.802461
vn -0.346530 -0.771180 -0.534039
vn -0.224962 -0.910601 -0.346696
vn -0.521257 -0.288031 -0.803324
vn -0.521264 -0.288031 -0.803319
vn -0.326233 0.887207 -0.326244
vn -0.450946 0.770248 -0.450961
vn -0.677034 0.288603 -0.677003
vn -0.677034 0.288603 -0.677003
vn -0.453076 -0.767736 -0.453104
vn -0.298117 -0.906780 -0.298122
vn -0.677749 -0.285192 -0.677733
vn -0.677749 -0.285192 -0.677733
vn -0.531535 0.773639 -0.344896
vn -0.376385 0.893695 -0.244221
vn -0.418823 0.893690 -0.160954
vn -0.591497 0.773599 -0.227323
vn -0.802439 0.291545 -0.520665
vn -0.802441 0.291545 -0.520663
vn -0.892865 0.291655 -0.343118
vn -0.892855 0.291655 -0.343143
vn -0.346693 -0.910602 -0.224960
vn -0.534007 -0.771203 -0.346529
vn -0.594198 -0.771215 -0.228376
vn -0.385771 -0.910604 -0.148259
vn -0.803343 -0.287989 -0.521250
vn -0.803348 -0.287989 -0.521243
vn -0.893896 -0.287966 -0.343549
vn -0.893907 -0.287966 -0.343519
vn -0.455681 0.887212 -0.072174
vn -0.629990 0.770167 -0.099782
vn -0.945603 0.288803 -0.149763
vn -0.945603 0.288803 -0.149763
vn -0.632857 -0.767753 -0.100231
vn -0.416401 -0.906786 -0.065951
vn -0.946675 -0.285173 -0.149944
vn -0.946675 -0.285173 -0.149944
vn -0.633111 0.774061 -0.000001
vn -0.448165 0.893951 -0.000000
vn -0.455680 0.887213 0.072173
vn -0.629982 0.770173 0.099781
vn -0.956407 0.292039 0.000001
vn -0.956407 0.292039 0.000001
vn -0.945611 0.288774 0.149764
vn -0.945611 0.288774 0.149764
vn -0.412810 -0.910817 -0.000000
vn -0.636072 -0.771630 -0.000002
vn -0.632850 -0.767760 0.100230
vn -0.416399 -0.906787 0.065950
vn -0.957503 -0.288425 -0.000001
vn -0.957503 -0.288425 -0.000001
vn -0.946675 -0.285173 0.149944
vn -0.946675 -0.285173 0.149944
vn -0.591508 0.773584 0.227344
vn -0.418824 0.893688 0.160960
vn -0.376397 0.893687 0.244232
vn -0.531549 0.773607 0.344947
vn -0.892848 0.291702 0.343121
vn -0.892858 0.291703 0.343096
vn -0.802408 0.291658 0.520651
vn -0.802429 0.291657 0.520619
vn -0.385776 -0.910602 0.148261
vn -0.594264 -0.771161 0.228386
vn -0.534115 -0.771108 0.346574
vn -0.346700 -0.910600 0.224960
vn -0.893908 -0.287966 0.343518
vn -0.893897 -0.287966 0.343547
vn -0.803366 -0.287950 0.521237
vn -0.803339 -0.287950 0.521279
vn -0.326246 0.887201 0.326250
vn -0.450991 0.770199 0.450999
vn -0.676996 0.288726 0.676988
vn -0.676996 0.288726 0.676988
vn -0.453148 -0.767678 0.453132
vn -0.298116 -0.906785 0.298107
vn -0.677768 -0.285137 0.677737
vn -0.677768 -0.285137 0.677737
vn -0.344879 0.773652 0.531527
vn -0.244224 0.893692 0.376390
vn -0.138494 0.893949 0.426234
vn -0.195614 0.774100 0.602083
vn -0.520672 0.291627 0.802405
vn -0.520645 0.291626 0.802423
vn -0.295562 0.291842 0.909655
vn -0.295574 0.291842 0.909651
vn -0.224959 -0.910603 0.346694
vn -0.346506 -0.771212 0.534009
vn -0.196575 -0.771637 0.604926
vn -0.127563 -0.910818 0.392604
vn -0.521250 -0.288031 0.803329
vn -0.521268 -0.288031 0.803317
vn -0.295888 -0.288280 0.910684
vn -0.295906 -0.288280 0.910678
vn -0.000001 0.893946 0.448176
vn -0.000000 0.774100 0.633063
vn 0.000000 0.291959 0.956431
vn 0.000000 0.291959 0.956431
vn -0.000008 -0.771614 0.636092
vn -0.000001 -0.910819 0.412806
vn 0.000000 -0.288281 0.957546
vn 0.000000 -0.288281 0.957546
vn 0.544315 0.000067 0.838881
vn 0.707106 0.000491 0.707107
vn 0.309014 0.000116 0.951057
vn 0.838883 0.000048 0.544311
vn 0.933445 0.000039 0.358719
vn 0.987688 0.000480 0.156439
vn 1.000000 0.000075 0.000007
vn 0.987688 0.000454 -0.156436
vn 0.933442 0.000108 -0.358728
vn 0.838882 0.000107 -0.544314
vn 0.707110 0.000419 -0.707103
vn 0.544316 0.000039 -0.838881
vn 0.309020 0.000086 -0.951056
vn -0.000000 0.000086 -1.000000
vn -0.309013 0.000116 -0.951058
vn -0.544317 0.000172 -0.838879
vn -0.707113 0.000548 -0.707100
vn -0.838883 0.000112 -0.544312
vn -0.933444 0.000102 -0.358723
vn -0.987688 0.000487 -0.156435
vn -1.000000 0.000090 0.000001
vn -0.987688 0.000501 0.156435
vn -0.933444 0.000090 0.358724
vn -0.838883 0.000094 0.544312
vn -0.707120 0.000519 0.707093
vn -0.544308 0.000116 0.838885
vn -0.309017 0.000144 0.951057
vn 0.000000 0.000173 1.000000
vn 0.135852 0.898184 0.418102
vn 0.239550 0.897957 0.369174
vn 0.309182 0.899339 0.309185
vn 0.369184 0.897949 0.239561
vn 0.410799 0.897953 0.157877
vn 0.431859 0.899344 0.068401
vn 0.439602 0.898193 0.000002
vn 0.431877 0.899335 -0.068402
vn 0.410825 0.897939 -0.157890
vn 0.369199 0.897941 -0.239573
vn 0.309189 0.899337 -0.309185
vn 0.239556 0.897957 -0.369170
vn 0.135856 0.898189 -0.418091
vn -0.000002 0.898167 -0.439654
vn -0.135852 0.898183 -0.418104
vn -0.239554 0.897955 -0.369174
vn -0.309189 0.899334 -0.309194
vn -0.369200 0.897940 -0.239574
vn -0.410817 0.897943 -0.157885
vn -0.431854 0.899346 -0.068400
vn -0.439594 0.898197 0.000001
vn -0.431859 0.899344 0.068400
vn -0.410811 0.897947 0.157878
vn -0.369193 0.897947 0.239558
vn -0.309188 0.899337 0.309186
vn -0.239555 0.897957 0.369171
vn -0.135845 0.898190 0.418092
vn -0.000002 0.898172 0.439645
vn 0.394867 0.688306 0.608535
vn 0.224037 0.688753 0.689512
vn 0.509804 0.350417 0.785690
vn 0.289373 0.350884 0.890586
vn 0.508646 0.694647 0.508669
vn 0.661323 0.353962 0.661335
vn -0.000001 0.688697 0.725050
vn 0.000001 0.350945 0.936396
vn -0.224050 0.688719 0.689541
vn -0.289337 0.350888 0.890596
vn 0.608504 0.688335 0.394863
vn 0.677100 0.688348 0.260218
vn 0.785671 0.350461 0.509802
vn 0.874232 0.350477 0.335982
vn 0.710457 0.694686 0.112529
vn 0.923723 0.354020 0.146307
vn 0.724932 0.688821 -0.000001
vn 0.710514 0.694626 -0.112535
vn 0.936382 0.350982 -0.000002
vn 0.923697 0.354093 -0.146297
vn 0.677154 0.688284 -0.260245
vn 0.608544 0.688283 -0.394893
vn 0.874197 0.350576 -0.335972
vn 0.785640 0.350556 -0.509785
vn 0.508673 0.694614 -0.508687
vn 0.661316 0.353993 -0.661324
vn 0.394897 0.688250 -0.608579
vn 0.224050 0.688755 -0.689506
vn 0.509804 0.350419 -0.785689
vn 0.289340 0.350941 -0.890574
vn -0.000007 0.688770 -0.724980
vn -0.000005 0.350996 -0.936377
vn -0.224019 0.688798 -0.689473
vn -0.289363 0.350939 -0.890568
vn -0.394865 0.688295 -0.608549
vn -0.509790 0.350515 -0.785655
vn -0.508704 0.694573 -0.508713
vn -0.661324 0.354012 -0.661306
vn -0.608554 0.688263 -0.394912
vn -0.677156 0.688282 -0.260247
vn -0.785664 0.350552 -0.509750
vn -0.874211 0.350543 -0.335969
vn -0.710513 0.694628 -0.112533
vn -0.923723 0.354022 -0.146305
vn -0.724950 0.688802 0.000001
vn -0.710514 0.694626 0.112533
vn -0.936393 0.350954 0.000002
vn -0.923723 0.354020 0.146305
vn -0.677138 0.688301 0.260241
vn -0.608533 0.688298 0.394886
vn -0.874217 0.350515 0.335981
vn -0.785666 0.350515 0.509774
vn -0.508675 0.694623 0.508673
vn -0.661337 0.353989 0.661306
vn -0.394884 0.688252 0.608585
vn -0.509813 0.350425 0.785680
vn 0.264102 0.519195 0.812826
vn 0.465380 0.518669 0.717220
vn 0.437809 0.594183 0.674737
vn 0.248431 0.594717 0.764587
vn 0.606339 0.514492 0.606342
vn 0.567750 0.596080 0.567757
vn 0.717230 0.518659 0.465376
vn 0.798075 0.518661 0.306702
vn 0.750799 0.594180 0.288532
vn 0.674739 0.594181 0.437808
vn 0.846934 0.514497 0.134150
vn 0.793037 0.596082 0.125611
vn 0.854660 0.519189 -0.000000
vn 0.846935 0.514497 -0.134143
vn 0.793040 0.596080 -0.125606
vn 0.803929 0.594726 0.000001
vn 0.798077 0.518657 -0.306706
vn 0.717230 0.518654 -0.465380
vn 0.674735 0.594184 -0.437810
vn 0.750796 0.594181 -0.288536
vn 0.606342 0.514490 -0.606341
vn 0.567751 0.596084 -0.567753
vn 0.465380 0.518658 -0.717228
vn 0.264103 0.519192 -0.812828
vn 0.248431 0.594710 -0.764593
vn 0.437812 0.594178 -0.674739
vn 0.000000 0.519193 -0.854657
vn 0.000000 0.594713 -0.803938
vn -0.264106 0.519194 -0.812826
vn -0.248430 0.594718 -0.764587
vn -0.465380 0.518663 -0.717223
vn -0.437812 0.594185 -0.674733
vn -0.606341 0.514491 -0.606341
vn -0.567757 0.596073 -0.567758
vn -0.717228 0.518655 -0.465383
vn -0.798077 0.518655 -0.306708
vn -0.750796 0.594181 -0.288537
vn -0.674740 0.594176 -0.437814
vn -0.846935 0.514496 -0.134145
vn -0.793037 0.596082 -0.125607
vn -0.854659 0.519189 0.000000
vn -0.846935 0.514497 0.134144
vn -0.793035 0.596085 0.125607
vn -0.803929 0.594725 0.000000
vn -0.798072 0.518665 0.306705
vn -0.717224 0.518667 0.465375
vn -0.674738 0.594181 0.437810
vn -0.750796 0.594181 0.288536
vn -0.606345 0.514497 0.606333
vn -0.567755 0.596084 0.567749
vn -0.465377 0.518660 0.717228
vn -0.264105 0.519189 0.812829
vn -0.248432 0.594708 0.764594
vn -0.437811 0.594182 0.674737
vn -0.000002 0.519190 0.854659
vn -0.000001 0.594709 0.803941
vn 0.308906 0.026966 0.950710
vn 0.544118 0.026904 0.838578
vn 0.541284 0.105462 0.834200
vn 0.307289 0.105647 0.945734
vn 0.706857 0.026655 0.706854
vn 0.703203 0.104976 0.703197
vn 0.838577 0.026910 0.544118
vn 0.933106 0.026915 0.358593
vn 0.928237 0.105457 0.356727
vn 0.834207 0.105453 0.541275
vn 0.987337 0.026678 0.156380
vn 0.982229 0.104993 0.155574
vn 0.999636 0.026965 0.000002
vn 0.987338 0.026679 -0.156374
vn 0.982228 0.105015 -0.155567
vn 0.994406 0.105630 0.000002
vn 0.933104 0.026939 -0.358596
vn 0.838570 0.026943 -0.544127
vn 0.834201 0.105470 -0.541281
vn 0.928235 0.105470 -0.356729
vn 0.706855 0.026681 -0.706856
vn 0.703197 0.105010 -0.703198
vn 0.544118 0.026953 -0.838576
vn 0.308909 0.027005 -0.950708
vn 0.307283 0.105638 -0.945737
vn 0.541278 0.105478 -0.834202
vn 0.000000 0.026995 -0.999636
vn 0.000000 0.105656 -0.994403
vn -0.308902 0.026997 -0.950711
vn -0.307289 0.105639 -0.945735
vn -0.544123 0.026956 -0.838572
vn -0.541276 0.105477 -0.834203
vn -0.706857 0.026665 -0.706854
vn -0.703198 0.105003 -0.703198
vn -0.838578 0.026926 -0.544115
vn -0.933104 0.026938 -0.358597
vn -0.928234 0.105470 -0.356732
vn -0.834203 0.105476 -0.541277
vn -0.987336 0.026679 -0.156386
vn -0.982228 0.104992 -0.155577
vn -0.999637 0.026963 -0.000000
vn -0.987336 0.026676 0.156386
vn -0.982228 0.104994 0.155577
vn -0.994407 0.105620 -0.000000
vn -0.933106 0.026924 0.358593
vn -0.838581 0.026930 0.544111
vn -0.834203 0.105464 0.541280
vn -0.928236 0.105472 0.356727
vn -0.706855 0.026698 0.706854
vn -0.703203 0.104966 0.703198
vn -0.544120 0.026933 0.838575
vn -0.308905 0.026966 0.950711
vn -0.307291 0.105603 0.945738
vn -0.541279 0.105424 0.834208
vn -0.000003 0.026980 0.999636
vn -0.000003 0.105665 0.994402
vn 0.272691 0.470417 0.839254
vn 0.480475 0.469912 0.740491
vn 0.624733 0.468424 0.624730
vn 0.740486 0.469928 0.480467
vn 0.823959 0.469922 0.316647
vn 0.872634 0.468407 0.138219
vn 0.882446 0.470414 0.000001
vn 0.872635 0.468410 -0.138209
vn 0.823961 0.469917 -0.316648
vn 0.740484 0.469917 -0.480482
vn 0.624737 0.468412 -0.624736
vn 0.480481 0.469903 -0.740493
vn 0.272690 0.470419 -0.839253
vn -0.000000 0.470426 -0.882440
vn -0.272689 0.470420 -0.839253
vn -0.480480 0.469918 -0.740483
vn -0.624726 0.468431 -0.624732
vn -0.740486 0.469915 -0.480480
vn -0.823964 0.469908 -0.316655
vn -0.872636 0.468405 -0.138215
vn -0.882445 0.470416 -0.000000
vn -0.872638 0.468402 0.138215
vn -0.823960 0.469918 0.316650
vn -0.740487 0.469927 0.480466
vn -0.624733 0.468431 0.624725
vn -0.480469 0.469931 0.740483
vn -0.272685 0.470438 0.839244
vn -0.000001 0.470428 0.882438
vn 0.521409 0.287054 0.803575
vn 0.295978 0.287420 0.910926
vn -0.000001 0.287419 0.957805
vn 0.677216 0.287688 0.677211
vn 0.803576 0.287076 0.521395
vn 0.894155 0.287061 0.343633
vn 0.945945 0.287645 0.149827
vn 0.957807 0.287413 0.000004
vn 0.945945 0.287649 -0.149819
vn 0.894156 0.287052 -0.343638
vn 0.803573 0.287065 -0.521406
vn 0.677216 0.287676 -0.677216
vn 0.521414 0.287018 -0.803584
vn 0.295985 0.287382 -0.910936
vn -0.000000 0.287406 -0.957809
vn -0.295990 0.287396 -0.910930
vn -0.521410 0.287025 -0.803584
vn -0.677218 0.287651 -0.677224
vn -0.803577 0.287049 -0.521408
vn -0.894157 0.287044 -0.343640
vn -0.945944 0.287648 -0.149826
vn -0.957807 0.287413 -0.000001
vn -0.945944 0.287650 0.149826
vn -0.894157 0.287053 0.343634
vn -0.803579 0.287051 0.521405
vn -0.677222 0.287658 0.677217
vn -0.521410 0.287046 0.803577
vn -0.295979 0.287405 0.910931
vn 0.491913 -0.428114 0.758116
vn 0.528097 -0.242286 0.813886
vn 0.299789 -0.242608 0.922642
vn 0.279197 -0.428602 0.859273
vn 0.543413 -0.057655 0.837484
vn 0.308498 -0.057741 0.949471
vn -0.000001 -0.428600 0.903494
vn -0.279196 -0.428619 0.859265
vn -0.491911 -0.428139 0.758103
vn -0.639519 -0.426665 0.639510
vn -0.758108 -0.428129 0.491912
vn -0.843576 -0.428114 0.324189
vn -0.893288 -0.426637 0.141484
vn -0.903495 -0.428599 -0.000002
vn -0.893277 -0.426662 -0.141480
vn -0.843571 -0.428120 -0.324193
vn -0.758117 -0.428115 -0.491911
vn -0.639513 -0.426662 -0.639517
vn -0.491918 -0.428112 -0.758114
vn -0.279198 -0.428606 -0.859270
vn -0.000001 -0.428625 -0.903483
vn 0.279189 -0.428610 -0.859271
vn 0.491906 -0.428120 -0.758117
vn 0.639515 -0.426667 -0.639512
vn 0.758117 -0.428111 -0.491914
vn 0.843576 -0.428111 -0.324191
vn 0.893280 -0.426657 -0.141474
vn 0.903489 -0.428611 0.000003
vn 0.893275 -0.426665 0.141483
vn 0.843567 -0.428128 0.324192
vn 0.758115 -0.428123 0.491907
vn 0.639522 -0.426650 0.639517
vn -0.000003 -0.057730 0.998332
vn -0.308500 -0.057700 0.949473
vn -0.543409 -0.057600 0.837489
vn -0.837486 -0.057626 0.543412
vn -0.705945 -0.057332 0.705942
vn -0.931890 -0.057638 0.358132
vn -0.998332 -0.057727 0.000000
vn -0.986061 -0.057376 0.156179
vn -0.931890 -0.057624 -0.358135
vn -0.986061 -0.057380 -0.156179
vn -0.837489 -0.057635 -0.543406
vn -0.543410 -0.057602 -0.837489
vn -0.705941 -0.057377 -0.705943
vn -0.308511 -0.057729 -0.949467
vn 0.000000 -0.057771 -0.998330
vn 0.308502 -0.057718 -0.949471
vn 0.543417 -0.057606 -0.837484
vn 0.837489 -0.057633 -0.543407
vn 0.705942 -0.057384 -0.705941
vn 0.931890 -0.057624 -0.358135
vn 0.998333 -0.057724 0.000002
vn 0.986062 -0.057378 -0.156169
vn 0.931890 -0.057631 0.358133
vn 0.986061 -0.057377 0.156177
vn 0.837496 -0.057636 0.543395
vn 0.705941 -0.057387 0.705942
vn -0.000003 -0.242606 0.970125
vn -0.299785 -0.242622 0.922639
vn -0.528090 -0.242316 0.813882
vn -0.685954 -0.242797 0.685943
vn -0.813889 -0.242291 0.528091
vn -0.905630 -0.242277 0.348047
vn -0.958143 -0.242757 0.151757
vn -0.970130 -0.242584 0.000001
vn -0.958143 -0.242759 -0.151757
vn -0.905634 -0.242258 -0.348048
vn -0.813883 -0.242280 -0.528106
vn -0.685952 -0.242771 -0.685954
vn -0.528104 -0.242224 -0.813900
vn -0.299785 -0.242609 -0.922643
vn -0.000001 -0.242674 -0.970108
vn 0.299791 -0.242624 -0.922637
vn 0.528105 -0.242256 -0.813890
vn 0.685949 -0.242807 -0.685944
vn 0.813874 -0.242313 -0.528103
vn 0.905626 -0.242288 -0.348048
vn 0.958138 -0.242782 -0.151750
vn 0.970128 -0.242592 0.000002
vn 0.958144 -0.242755 0.151760
vn 0.905635 -0.242266 0.348041
vn 0.813885 -0.242280 0.528102
vn 0.685954 -0.242782 0.685947
vn 0.201982 -0.756818 0.621635
vn 0.356068 -0.756365 0.548751
vn 0.463630 -0.755043 0.463634
vn 0.548752 -0.756369 0.356058
vn 0.610615 -0.756362 0.234660
vn 0.647614 -0.755033 0.102574
vn 0.653639 -0.756807 0.000000
vn 0.647613 -0.755035 -0.102568
vn 0.610618 -0.756358 -0.234665
vn 0.548755 -0.756363 -0.356065
vn 0.463633 -0.755045 -0.463628
vn 0.356072 -0.756360 -0.548755
vn 0.201984 -0.756819 -0.621633
vn 0.000001 -0.756830 -0.653611
vn -0.201982 -0.756822 -0.621629
vn -0.356070 -0.756359 -0.548758
vn -0.463637 -0.755037 -0.463638
vn -0.548755 -0.756365 -0.356062
vn -0.610617 -0.756359 -0.234664
vn -0.647614 -0.755033 -0.102574
vn -0.653639 -0.756807 -0.000000
vn -0.647613 -0.755034 0.102574
vn -0.610616 -0.756360 0.234667
vn -0.548758 -0.756361 0.356066
vn -0.463641 -0.755039 0.463630
vn -0.356064 -0.756366 0.548752
vn -0.201981 -0.756816 0.621638
vn -0.000000 -0.756816 0.653628
vn 0.306231 -0.901358 0.306231
vn 0.235658 -0.901420 0.363191
vn 0.404128 -0.901420 0.155312
vn 0.363189 -0.901420 0.235659
vn 0.427741 -0.901359 0.067748
vn 0.427747 -0.901356 -0.067747
vn 0.432459 -0.901654 0.000001
vn 0.363186 -0.901421 -0.235660
vn 0.404125 -0.901422 -0.155311
vn 0.306234 -0.901356 -0.306233
vn 0.133637 -0.901654 -0.411291
vn 0.235659 -0.901421 -0.363188
vn -0.000000 -0.901652 -0.432462
vn -0.133638 -0.901653 -0.411295
vn -0.235658 -0.901421 -0.363189
vn -0.306230 -0.901357 -0.306234
vn -0.404126 -0.901422 -0.155310
vn -0.363187 -0.901421 -0.235660
vn -0.427742 -0.901358 -0.067748
vn -0.427742 -0.901359 0.067748
vn -0.432456 -0.901655 -0.000000
vn -0.363189 -0.901420 0.235660
vn -0.404126 -0.901421 0.155312
vn -0.306233 -0.901358 0.306228
vn -0.133637 -0.901653 0.411294
vn -0.235660 -0.901419 0.363192
vn -0.000000 -0.901655 0.432456
vn 0.133633 -0.901655 0.411290
vn 0.302367 -0.831517 0.465998
vn 0.391227 -0.832995 0.391230
vn 0.465995 -0.831521 0.302361
vn 0.518523 -0.831520 0.199271
vn 0.546467 -0.832996 0.086554
vn 0.554966 -0.831873 0.000001
vn 0.546473 -0.832993 -0.086549
vn 0.518524 -0.831519 -0.199274
vn 0.465996 -0.831519 -0.302366
vn 0.391231 -0.832993 -0.391230
vn 0.302373 -0.831510 -0.466007
vn 0.171495 -0.831869 -0.527809
vn 0.000000 -0.831875 -0.554964
vn -0.171494 -0.831871 -0.527807
vn -0.302375 -0.831510 -0.466005
vn -0.391232 -0.832990 -0.391235
vn -0.466001 -0.831515 -0.302368
vn -0.518529 -0.831515 -0.199275
vn -0.546467 -0.832996 -0.086553
vn -0.554964 -0.831874 -0.000000
vn -0.546469 -0.832995 0.086554
vn -0.518526 -0.831517 0.199275
vn -0.466000 -0.831516 0.302366
vn -0.391233 -0.832993 0.391228
vn -0.302368 -0.831514 0.466002
vn -0.171494 -0.831870 0.527809
vn -0.000001 -0.831873 0.554966
vn 0.171494 -0.831875 0.527800
vn -0.000002 1.000000 0.000000
vn -0.000001 1.000000 0.000000
vn 0.000000 1.000000 0.000000
vn 0.000002 1.000000 -0.000000
vn 0.000001 1.000000 -0.000000
vn 0.000000 1.000000 0.000000
vn -0.000001 1.000000 0.000000
vn -0.000002 1.000000 0.000000
vn 0.000000 1.000000 0.000000
vn 0.000000 1.000000 0.000000
vn 0.000000 1.000000 0.000000
vn 0.000000 1.000000 0.000000
vn 0.000001 1.000000 -0.000000
vn 0.000000 1.000000 0.000000
vn 0.299552 -0.245613 0.921923
vn 0.527691 -0.245293 0.813249
vn 0.544320 0.000000 0.838878
vn 0.233740 0.000000 0.972299
vn 0.707107 -0.000000 0.707107
vn 0.682086 -0.263663 0.682086
vn 0.813254 -0.245291 0.527685
vn 0.838882 -0.000000 0.544313
vn 0.904925 -0.245292 0.347768
vn 0.933444 0.000000 0.358724
vn 0.987689 0.000001 0.156431
vn 0.952740 -0.263659 0.150902
vn 0.969368 -0.245611 0.000003
vn 1.000000 0.000000 0.000004
vn 0.987689 0.000001 -0.156434
vn 0.952740 -0.263661 -0.150895
vn 0.904924 -0.245292 -0.347770
vn 0.933441 0.000000 -0.358731
vn 0.813251 -0.245292 -0.527688
vn 0.838881 0.000000 -0.544316
vn 0.707107 0.000000 -0.707107
vn 0.682083 -0.263664 -0.682088
vn 0.527686 -0.245294 -0.813252
vn 0.544315 0.000000 -0.838881
vn 0.299552 -0.245612 -0.921924
vn 0.233742 0.000000 -0.972299
vn 0.000000 -0.245610 -0.969369
vn 0.000000 -0.000000 -1.000000
vn -0.299553 -0.245611 -0.921924
vn -0.233743 -0.000001 -0.972298
vn -0.527688 -0.245292 -0.813251
vn -0.544316 0.000000 -0.838880
vn -0.707106 -0.000001 -0.707107
vn -0.682084 -0.263665 -0.682087
vn -0.813250 -0.245294 -0.527689
vn -0.838880 -0.000001 -0.544316
vn -0.904924 -0.245292 -0.347770
vn -0.933443 -0.000000 -0.358727
vn -0.987688 0.000000 -0.156434
vn -0.952740 -0.263661 -0.150897
vn -0.969369 -0.245611 0.000000
vn -1.000000 0.000000 0.000000
vn -0.987688 0.000000 0.156434
vn -0.952740 -0.263660 0.150898
vn -0.904924 -0.245291 0.347771
vn -0.933442 -0.000000 0.358728
vn -0.813251 -0.245291 0.527688
vn -0.838880 -0.000001 0.544317
vn -0.707110 -0.000001 0.707103
vn -0.682093 -0.263660 0.682080
vn -0.527686 -0.245288 0.813254
vn -0.544314 0.000000 0.838881
vn -0.299551 -0.245610 0.921925
vn -0.233742 0.000000 0.972299
vn -0.000003 -0.245612 0.969368
vn -0.000003 0.000000 1.000000
vn 0.197535 -0.931829 0.304427
vn 0.112006 -0.932000 0.344717
vn 0.312705 -0.818508 0.481933
vn 0.346615 -0.771042 0.534183
vn 0.196618 -0.771464 0.605132
vn 0.177368 -0.818878 0.545875
vn 0.215571 -0.918234 0.332227
vn 0.122236 -0.918441 0.376199
vn -0.000003 -0.932000 0.362459
vn -0.000003 -0.771455 0.636284
vn -0.000002 -0.818872 0.573976
vn -0.000004 -0.918439 0.395562
vn 0.259905 -0.930000 0.259905
vn 0.304429 -0.931829 0.197531
vn 0.282654 -0.916630 0.282660
vn 0.403013 -0.821685 0.403008
vn 0.453210 -0.767600 0.453201
vn 0.338746 -0.931828 0.130182
vn 0.332247 -0.918225 0.215579
vn 0.369694 -0.918227 0.142079
vn 0.534179 -0.771052 0.346600
vn 0.481940 -0.818503 0.312708
vn 0.536268 -0.818501 0.206090
vn 0.594392 -0.771049 0.228433
vn 0.363036 -0.929999 0.057501
vn 0.362464 -0.931998 0.000001
vn 0.394809 -0.916633 0.062537
vn 0.562935 -0.821678 0.089162
vn 0.633054 -0.767586 0.100270
vn 0.363033 -0.930001 -0.057497
vn 0.338744 -0.931829 -0.130181
vn 0.395580 -0.918431 0.000000
vn 0.394807 -0.916634 -0.062532
vn 0.636270 -0.771467 -0.000000
vn 0.573972 -0.818875 0.000000
vn 0.562937 -0.821676 -0.089160
vn 0.633057 -0.767584 -0.100268
vn 0.304427 -0.931829 -0.197531
vn 0.369677 -0.918235 -0.142068
vn 0.332216 -0.918240 -0.215565
vn 0.594401 -0.771042 -0.228435
vn 0.536262 -0.818505 -0.206087
vn 0.481938 -0.818505 -0.312707
vn 0.534196 -0.771033 -0.346616
vn 0.259896 -0.930003 -0.259902
vn 0.197530 -0.931829 -0.304427
vn 0.282630 -0.916643 -0.282642
vn 0.403021 -0.821674 -0.403021
vn 0.453234 -0.767570 -0.453228
vn 0.112007 -0.931999 -0.344721
vn 0.215579 -0.918227 -0.332243
vn 0.122242 -0.918428 -0.376227
vn 0.346617 -0.771036 -0.534191
vn 0.312711 -0.818505 -0.481935
vn 0.177366 -0.818875 -0.545880
vn 0.196621 -0.771465 -0.605130
vn 0.000000 -0.931998 -0.362463
vn -0.000001 -0.918433 -0.395577
vn -0.000001 -0.818863 -0.573989
vn -0.000000 -0.771454 -0.636286
vn -0.112007 -0.931999 -0.344721
vn -0.122240 -0.918429 -0.376225
vn -0.177366 -0.818874 -0.545881
vn -0.196617 -0.771475 -0.605118
vn -0.197532 -0.931829 -0.304427
vn -0.215572 -0.918228 -0.332243
vn -0.312711 -0.818506 -0.481934
vn -0.346607 -0.771054 -0.534172
vn -0.259900 -0.930002 -0.259901
vn -0.304426 -0.931830 -0.197532
vn -0.282649 -0.916633 -0.282656
vn -0.403028 -0.821669 -0.403025
vn -0.453230 -0.767575 -0.453224
vn -0.338743 -0.931829 -0.130183
vn -0.332242 -0.918227 -0.215580
vn -0.369688 -0.918229 -0.142077
vn -0.534196 -0.771032 -0.346620
vn -0.481948 -0.818495 -0.312717
vn -0.536268 -0.818500 -0.206093
vn -0.594399 -0.771042 -0.228438
vn -0.363033 -0.930000 -0.057500
vn -0.362464 -0.931998 0.000000
vn -0.394805 -0.916634 -0.062536
vn -0.562934 -0.821678 -0.089162
vn -0.633056 -0.767585 -0.100271
vn -0.363034 -0.930000 0.057500
vn -0.338747 -0.931828 0.130183
vn -0.395580 -0.918432 -0.000000
vn -0.394811 -0.916631 0.062537
vn -0.636271 -0.771465 0.000000
vn -0.573972 -0.818875 0.000000
vn -0.562937 -0.821676 0.089162
vn -0.633056 -0.767585 0.100271
vn -0.304433 -0.931827 0.197532
vn -0.369696 -0.918226 0.142077
vn -0.332245 -0.918226 0.215577
vn -0.594393 -0.771048 0.228433
vn -0.536259 -0.818507 0.206087
vn -0.481927 -0.818514 0.312701
vn -0.534175 -0.771054 0.346603
vn -0.259907 -0.929999 0.259903
vn -0.197531 -0.931828 0.304431
vn -0.282649 -0.916633 0.282654
vn -0.403003 -0.821694 0.402998
vn -0.453206 -0.767603 0.453200
vn -0.112007 -0.931999 0.344721
vn -0.215566 -0.918233 0.332234
vn -0.122239 -0.918435 0.376212
vn -0.346608 -0.771042 0.534189
vn -0.312710 -0.818502 0.481941
vn -0.177371 -0.818873 0.545882
vn -0.196618 -0.771464 0.605133
vn 0.347132 0.770253 0.534985
vn 0.196909 0.770693 0.606019
vn 0.450507 0.770769 0.450509
vn 0.595292 0.770254 0.228771
vn 0.534988 0.770253 0.347129
vn 0.629265 0.770774 0.099668
vn 0.629260 0.770778 -0.099663
vn 0.637208 0.770692 0.000003
vn 0.534980 0.770260 -0.347127
vn 0.595288 0.770256 -0.228774
vn 0.450490 0.770789 -0.450493
vn 0.196906 0.770701 -0.606010
vn 0.347125 0.770261 -0.534979
vn -0.000000 0.770709 -0.637188
vn -0.196907 0.770701 -0.606010
vn -0.347125 0.770264 -0.534975
vn -0.450489 0.770791 -0.450490
vn -0.595292 0.770252 -0.228778
vn -0.534982 0.770258 -0.347128
vn -0.629265 0.770773 -0.099668
vn -0.629265 0.770773 0.099668
vn -0.637210 0.770691 0.000000
vn -0.534984 0.770255 0.347130
vn -0.595294 0.770251 0.228776
vn -0.450498 0.770783 0.450494
vn -0.196906 0.770698 0.606014
vn -0.347123 0.770261 0.534980
vn -0.000000 0.770697 0.637201
vn 0.241444 0.896239 0.372102
vn 0.136917 0.896484 0.421391
vn 0.137301 0.967662 0.211609
vn 0.077848 0.967746 0.239597
vn -0.000001 0.896482 0.443081
vn -0.000001 0.967745 0.251932
vn 0.307213 0.900689 0.307212
vn 0.176854 0.968217 0.176855
vn 0.211615 0.967660 0.137306
vn 0.372111 0.896236 0.241442
vn 0.414053 0.896237 0.159122
vn 0.235471 0.967660 0.090491
vn 0.429106 0.900693 0.067965
vn 0.247033 0.968217 0.039127
vn 0.251919 0.967749 -0.000000
vn 0.443076 0.896484 0.000000
vn 0.429107 0.900693 -0.067962
vn 0.247040 0.968215 -0.039124
vn 0.235473 0.967659 -0.090492
vn 0.414055 0.896235 -0.159125
vn 0.372107 0.896237 -0.241448
vn 0.211617 0.967659 -0.137308
vn 0.307204 0.900694 -0.307206
vn 0.176861 0.968215 -0.176861
vn 0.137307 0.967661 -0.211611
vn 0.241444 0.896240 -0.372101
vn 0.136920 0.896486 -0.421386
vn 0.077853 0.967744 -0.239603
vn 0.000000 0.896486 -0.443073
vn -0.000000 0.967743 -0.251941
vn -0.136920 0.896487 -0.421384
vn -0.077852 0.967744 -0.239603
vn -0.241445 0.896241 -0.372098
vn -0.137309 0.967660 -0.211613
vn -0.307205 0.900694 -0.307206
vn -0.176864 0.968214 -0.176866
vn -0.211612 0.967661 -0.137306
vn -0.372104 0.896239 -0.241441
vn -0.414050 0.896238 -0.159121
vn -0.235465 0.967661 -0.090489
vn -0.429105 0.900694 -0.067965
vn -0.247033 0.968217 -0.039127
vn -0.251917 0.967749 -0.000000
vn -0.443073 0.896486 0.000000
vn -0.429106 0.900693 0.067965
vn -0.247032 0.968217 0.039127
vn -0.235464 0.967661 0.090491
vn -0.414051 0.896237 0.159124
vn -0.372107 0.896238 0.241441
vn -0.211612 0.967661 0.137306
vn -0.307210 0.900692 0.307206
vn -0.176856 0.968216 0.176859
vn -0.137302 0.967661 0.211615
vn -0.241442 0.896240 0.372101
vn -0.136918 0.896484 0.421390
vn -0.077851 0.967745 0.239602
vn 0.306874 0.117750 0.944438
vn 0.540549 0.117572 0.833057
vn 0.541802 -0.096034 0.835002
vn 0.307586 -0.096166 0.946648
vn 0.702427 0.114880 0.702424
vn 0.703978 -0.094008 0.703972
vn 0.833064 0.117564 0.540539
vn 0.926971 0.117548 0.356241
vn 0.929130 -0.096007 0.357072
vn 0.835003 -0.096017 0.541804
vn 0.981155 0.114832 0.155401
vn 0.983318 -0.093973 0.155739
vn 0.993051 0.117685 0.000006
vn 0.981157 0.114815 -0.155396
vn 0.983322 -0.093941 -0.155734
vn 0.995371 -0.096107 0.000006
vn 0.926972 0.117528 -0.356244
vn 0.833064 0.117563 -0.540539
vn 0.835004 -0.096001 -0.541805
vn 0.929131 -0.095979 -0.357075
vn 0.702425 0.114880 -0.702425
vn 0.703976 -0.093996 -0.703976
vn 0.540549 0.117527 -0.833063
vn 0.306873 0.117702 -0.944444
vn 0.307586 -0.096142 -0.946651
vn 0.541803 -0.096025 -0.835002
vn 0.000000 0.117724 -0.993046
vn 0.000000 -0.096140 -0.995368
vn -0.306874 0.117702 -0.944444
vn -0.307583 -0.096142 -0.946652
vn -0.540549 0.117527 -0.833063
vn -0.541800 -0.095986 -0.835009
vn -0.702424 0.114892 -0.702424
vn -0.703972 -0.093997 -0.703980
vn -0.833057 0.117617 -0.540540
vn -0.926966 0.117592 -0.356239
vn -0.929130 -0.096006 -0.357072
vn -0.835001 -0.096025 -0.541805
vn -0.981152 0.114855 -0.155398
vn -0.983318 -0.093972 -0.155742
vn -0.993049 0.117700 0.000000
vn -0.981153 0.114847 0.155398
vn -0.983318 -0.093973 0.155742
vn -0.995369 -0.096124 0.000000
vn -0.926970 0.117558 0.356241
vn -0.833066 0.117556 0.540539
vn -0.835006 -0.096001 0.541802
vn -0.929131 -0.096006 0.357070
vn -0.702432 0.114869 0.702420
vn -0.703982 -0.093950 0.703976
vn -0.540545 0.117572 0.833059
vn -0.306871 0.117725 0.944442
vn -0.307585 -0.096141 0.946651
vn -0.541800 -0.095978 0.835009
vn -0.000000 0.117748 0.993044
vn 0.000000 -0.096165 0.995366
vn 0.140082 -0.891354 0.431122
vn 0.247021 -0.891094 0.380701
vn 0.329251 -0.884979 0.329250
vn 0.380706 -0.891091 0.247024
vn 0.423613 -0.891094 0.162796
vn 0.459880 -0.884989 0.072836
vn 0.453308 -0.891354 0.000001
vn 0.459886 -0.884986 -0.072835
vn 0.423608 -0.891097 -0.162795
vn 0.380691 -0.891099 -0.247018
vn 0.329237 -0.884989 -0.329240
vn 0.247015 -0.891102 -0.380684
vn 0.140078 -0.891364 -0.431101
vn 0.000001 -0.891368 -0.453281
vn -0.140083 -0.891356 -0.431117
vn -0.247020 -0.891093 -0.380703
vn -0.329233 -0.884990 -0.329240
vn -0.380710 -0.891087 -0.247030
vn -0.423629 -0.891085 -0.162805
vn -0.459887 -0.884985 -0.072836
vn -0.453307 -0.891354 -0.000000
vn -0.459892 -0.884983 0.072836
vn -0.423619 -0.891091 0.162799
vn -0.380700 -0.891094 0.247021
vn -0.329247 -0.884983 0.329245
vn -0.247019 -0.891096 0.380696
vn -0.140076 -0.891360 0.431110
vn -0.000004 -0.891363 0.453291
vn 0.142558 0.965096 0.219698
vn 0.080828 0.965186 0.248762
vn 0.194615 0.961379 0.194615
vn 0.244470 0.965095 0.093949
vn 0.219692 0.965098 0.142553
vn 0.271863 0.961372 0.043058
vn 0.271854 0.961375 -0.043057
vn 0.261554 0.965189 0.000001
vn 0.219698 0.965096 -0.142558
vn 0.244470 0.965095 -0.093952
vn 0.194624 0.961376 -0.194620
vn 0.080826 0.965188 -0.248755
vn 0.142568 0.965092 -0.219709
vn -0.000002 0.965191 -0.261545
vn -0.080826 0.965186 -0.248764
vn -0.142573 0.965089 -0.219716
vn -0.194636 0.961371 -0.194637
vn -0.244471 0.965094 -0.093953
vn -0.219702 0.965095 -0.142560
vn -0.271862 0.961373 -0.043058
vn -0.271861 0.961373 0.043058
vn -0.261559 0.965188 0.000000
vn -0.219716 0.965092 0.142559
vn -0.244482 0.965091 0.093954
vn -0.194627 0.961376 0.194621
vn -0.080818 0.965191 0.248747
vn -0.142546 0.965098 0.219696
vn -0.000000 0.965189 0.261555
vn 0.298904 0.835731 0.460663
vn 0.402600 0.822086 0.402602
vn 0.478129 0.477916 0.736877
vn 0.626278 0.464273 0.626281
vn 0.169529 0.836087 0.521746
vn 0.271352 0.478457 0.835133
vn 0.460641 0.835748 0.298890
vn 0.512564 0.835749 0.196983
vn 0.736865 0.477948 0.478116
vn 0.819926 0.477951 0.315093
vn 0.562349 0.822090 0.089063
vn 0.874783 0.464282 0.138551
vn 0.548592 0.836090 0.000001
vn 0.562337 0.822098 -0.089061
vn 0.878117 0.478447 0.000003
vn 0.874797 0.464258 -0.138549
vn 0.512558 0.835752 -0.196985
vn 0.460643 0.835747 -0.298892
vn 0.819928 0.477946 -0.315097
vn 0.736860 0.477955 -0.478118
vn 0.402606 0.822082 -0.402603
vn 0.626276 0.464282 -0.626276
vn 0.298890 0.835747 -0.460642
vn 0.169511 0.836110 -0.521714
vn 0.478131 0.477920 -0.736874
vn 0.271365 0.478417 -0.835152
vn 0.000000 0.836109 -0.548563
vn 0.000001 0.478416 -0.878133
vn -0.169516 0.836108 -0.521717
vn -0.271356 0.478441 -0.835141
vn -0.298887 0.835751 -0.460637
vn -0.478120 0.477956 -0.736858
vn -0.402601 0.822085 -0.402601
vn -0.626264 0.464313 -0.626264
vn -0.460656 0.835736 -0.298900
vn -0.512587 0.835733 -0.196992
vn -0.736857 0.477963 -0.478114
vn -0.819923 0.477952 -0.315101
vn -0.562359 0.822082 -0.089066
vn -0.874781 0.464286 -0.138550
vn -0.548600 0.836085 -0.000000
vn -0.562354 0.822086 0.089067
vn -0.878108 0.478463 -0.000000
vn -0.874782 0.464284 0.138551
vn -0.512578 0.835737 0.196994
vn -0.460658 0.835738 0.298893
vn -0.819930 0.477942 0.315097
vn -0.736868 0.477929 0.478132
vn -0.402603 0.822088 0.402594
vn -0.626286 0.464266 0.626277
vn -0.298900 0.835730 0.460666
vn -0.169527 0.836085 0.521750
vn -0.478131 0.477894 0.736891
vn -0.271356 0.478413 0.835157
vn -0.000001 0.836098 0.548580
vn -0.000002 0.478472 0.878103
vn 0.371917 -0.730166 0.573181
vn 0.210987 -0.730645 0.649340
vn 0.498869 -0.400013 0.768843
vn 0.283151 -0.400480 0.871459
vn 0.000002 -0.730656 0.682746
vn 0.000000 -0.400458 0.916315
vn 0.493117 -0.716708 0.493117
vn 0.651309 -0.389343 0.651312
vn 0.573154 -0.730194 0.371902
vn 0.637763 -0.730195 0.245100
vn 0.768847 -0.400008 0.498867
vn 0.855521 -0.399984 0.328781
vn 0.688777 -0.716717 0.109096
vn 0.909775 -0.389290 0.144096
vn 0.682739 -0.730662 -0.000000
vn 0.688785 -0.716711 -0.109093
vn 0.916328 -0.400429 0.000003
vn 0.909788 -0.389260 -0.144092
vn 0.637773 -0.730183 -0.245108
vn 0.573161 -0.730185 -0.371910
vn 0.855524 -0.399973 -0.328786
vn 0.768843 -0.400008 -0.498874
vn 0.493121 -0.716703 -0.493121
vn 0.651317 -0.389312 -0.651323
vn 0.371912 -0.730167 -0.573181
vn 0.210984 -0.730660 -0.649324
vn 0.498878 -0.399966 -0.768862
vn 0.283155 -0.400418 -0.871486
vn 0.000003 -0.730679 -0.682721
vn 0.000000 -0.400414 -0.916334
vn -0.210983 -0.730668 -0.649315
vn -0.283161 -0.400441 -0.871474
vn -0.371902 -0.730191 -0.573157
vn -0.498883 -0.399969 -0.768857
vn -0.493108 -0.716722 -0.493106
vn -0.651318 -0.389311 -0.651324
vn -0.573154 -0.730192 -0.371907
vn -0.637766 -0.730191 -0.245105
vn -0.768830 -0.400049 -0.498861
vn -0.855498 -0.400034 -0.328778
vn -0.688783 -0.716712 -0.109092
vn -0.909769 -0.389302 -0.144095
vn -0.682740 -0.730661 -0.000000
vn -0.688782 -0.716714 0.109092
vn -0.916319 -0.400449 -0.000000
vn -0.909769 -0.389303 0.144095
vn -0.637774 -0.730183 0.245108
vn -0.573166 -0.730181 0.371908
vn -0.855510 -0.400005 0.328782
vn -0.768840 -0.400014 0.498873
vn -0.493111 -0.716719 0.493108
vn -0.651318 -0.389325 0.651315
vn -0.371893 -0.730203 0.573148
vn -0.210981 -0.730667 0.649317
vn -0.498874 -0.399982 0.768856
vn -0.283154 -0.400435 0.871479
vn 0.000003 1.000000 -0.000000
vn 0.000000 1.000000 0.000000
vn 0.000000 1.000000 0.000000
vn 0.000000 1.000000 0.000000
vn 0.537272 0.160380 0.828020
vn 0.305005 0.160596 0.938712
vn -0.000001 0.160595 0.987020
vn -0.305006 0.160595 0.938712
vn -0.537271 0.160378 0.828021
vn -0.698151 0.158670 0.698147
vn -0.828021 0.160380 0.537271
vn -0.921359 0.160380 0.354086
vn -0.975177 0.158670 0.154449
vn -0.987020 0.160596 0.000000
vn -0.975177 0.158670 -0.154449
vn -0.921358 0.160380 -0.354086
vn -0.828021 0.160380 -0.537270
vn -0.698148 0.158671 -0.698150
vn -0.537271 0.160379 -0.828021
vn -0.305006 0.160596 -0.938712
vn 0.000000 0.160596 -0.987020
vn 0.305005 0.160596 -0.938712
vn 0.537271 0.160380 -0.828021
vn 0.698151 0.158671 -0.698147
vn 0.828022 0.160380 -0.537269
vn 0.921358 0.160379 -0.354089
vn 0.975175 0.158670 -0.154457
vn 0.987020 0.160597 0.000000
vn 0.975175 0.158670 0.154459
vn 0.921358 0.160379 0.354087
vn 0.828023 0.160379 0.537268
vn 0.698150 0.158670 0.698148
vn 0.305006 0.160598 0.938712
vn -0.000000 0.160598 0.987020
vn -0.305007 0.160598 0.938711
vn -0.537270 0.160380 0.828021
vn -0.698152 0.158669 0.698146
vn -0.828023 0.160381 0.537268
vn -0.921358 0.160380 0.354086
vn -0.975176 0.158668 0.154452
vn -0.987020 0.160595 0.000000
vn -0.975176 0.158668 -0.154452
vn -0.921359 0.160379 -0.354086
vn -0.828020 0.160380 -0.537272
vn -0.698147 0.158671 -0.698151
vn -0.537272 0.160380 -0.828020
vn -0.305008 0.160598 -0.938711
vn 0.000000 0.160598 -0.987020
vn 0.305006 0.160599 -0.938712
vn 0.537271 0.160381 -0.828020
vn 0.698150 0.158672 -0.698147
vn 0.828021 0.160380 -0.537270
vn 0.921357 0.160380 -0.354089
vn 0.975175 0.158672 -0.154456
vn 0.987020 0.160598 0.000000
vn 0.975175 0.158669 0.154459
vn 0.921359 0.160379 0.354085
vn 0.828024 0.160380 0.537266
vn 0.698147 0.158670 0.698151
vn 0.537271 0.160380 0.828021
vn 0.308185 0.073353 0.948494
vn -0.000001 0.073355 0.997306
vn -0.308185 0.073356 0.948494
vn -0.542851 0.073253 0.836628
vn -0.705284 0.071833 0.705277
vn -0.836629 0.073252 0.542850
vn -0.930934 0.073253 0.357765
vn -0.985137 0.071835 0.156027
vn -0.997306 0.073355 0.000000
vn -0.985137 0.071836 -0.156027
vn -0.930934 0.073252 -0.357765
vn -0.836625 0.073250 -0.542857
vn -0.705277 0.071832 -0.705283
vn -0.542856 0.073252 -0.836625
vn -0.308186 0.073354 -0.948494
vn 0.000001 0.073352 -0.997306
vn 0.308184 0.073352 -0.948495
vn 0.542854 0.073251 -0.836626
vn 0.705284 0.071833 -0.705277
vn 0.836625 0.073251 -0.542856
vn 0.930933 0.073252 -0.357767
vn 0.985137 0.071835 -0.156029
vn 0.997306 0.073355 -0.000000
vn 0.985137 0.071835 0.156029
vn 0.930935 0.073253 0.357763
vn 0.836628 0.073253 0.542851
vn 0.705280 0.071834 0.705280
vn 0.542855 0.073251 0.836626
vn 0.933397 0.008954 0.358734
vn 0.860562 0.386305 0.331967
vn 0.774392 0.386311 0.501080
vn 0.838863 0.008954 0.544268
vn 0.353192 0.925306 0.138075
vn 0.040725 0.999044 0.015921
vn 0.036820 0.999044 0.023589
vn 0.319319 0.925302 0.204576
vn -0.023948 0.999669 -0.009396
vn -0.353045 0.925295 -0.138524
vn -0.319578 0.925295 -0.204204
vn -0.021678 0.999669 -0.013851
vn -0.860469 0.386288 -0.332229
vn -0.933388 0.009701 -0.358738
vn -0.838858 0.009701 -0.544263
vn -0.774547 0.386283 -0.500862
vn -0.707085 0.006952 0.707095
vn -0.653271 0.382707 0.653279
vn -0.653271 0.382707 0.653279
vn -0.707085 0.006952 0.707095
vn -0.270598 0.923873 0.270620
vn -0.005762 0.997359 0.072405
vn -0.067662 0.997634 0.012218
vn -0.270598 0.923873 0.270620
vn -0.029887 0.997633 0.061927
vn 0.059870 0.923867 0.378002
vn 0.059870 0.923867 0.378002
vn 0.055185 0.997359 0.047225
vn 0.144522 0.382705 0.912497
vn 0.156427 0.006954 0.987665
vn 0.156427 0.006954 0.987665
vn 0.144522 0.382705 0.912497
vn -0.000000 0.008937 -0.999960
vn -0.000000 0.386723 -0.922196
vn 0.144529 0.382661 -0.912514
vn 0.156431 0.006754 -0.987666
vn 0.000000 0.925531 -0.378671
vn -0.000000 0.999029 -0.044063
vn 0.038488 0.998256 -0.044767
vn 0.059869 0.923877 -0.377977
vn 0.000000 0.999666 0.025859
vn 0.000001 0.925529 0.378676
vn 0.117160 0.952772 0.280179
vn 0.018682 0.998826 0.044688
vn 0.000004 0.386725 0.922195
vn 0.000000 0.009678 0.999953
vn -0.156427 0.007394 0.987662
vn -0.144514 0.382706 0.912498
vn 0.067667 0.997633 -0.012218
vn 0.270614 0.923868 -0.270623
vn 0.270614 0.923868 -0.270623
vn 0.005765 0.997359 -0.072407
vn 0.653287 0.382653 -0.653294
vn 0.707085 0.006954 -0.707095
vn 0.707085 0.006954 -0.707095
vn 0.653287 0.382653 -0.653294
vn -0.838861 0.008951 0.544272
vn -0.774415 0.386238 0.501101
vn -0.860580 0.386262 0.331970
vn -0.933395 0.008953 0.358738
vn -0.319312 0.925306 0.204570
vn -0.036817 0.999044 0.023589
vn -0.040723 0.999044 0.015921
vn -0.353183 0.925309 0.138074
vn 0.021680 0.999669 -0.013851
vn 0.319569 0.925301 -0.204192
vn 0.353033 0.925300 -0.138522
vn 0.023950 0.999669 -0.009397
vn 0.774568 0.386243 -0.500860
vn 0.838864 0.009701 -0.544254
vn 0.933385 0.009701 -0.358745
vn 0.860482 0.386258 -0.332229
vn -0.156427 0.006955 -0.987665
vn -0.144518 0.382758 -0.912475
vn -0.144518 0.382758 -0.912475
vn -0.156427 0.006955 -0.987665
vn -0.059870 0.923869 -0.377998
vn -0.055185 0.997359 -0.047224
vn 0.029891 0.997633 -0.061926
vn -0.059870 0.923869 -0.377998
vn -0.000003 0.008938 0.999960
vn -0.000003 0.386724 0.922195
vn -0.144530 0.382664 0.912513
vn -0.156432 0.006754 0.987666
vn 0.000000 0.925538 0.378655
vn -0.000000 0.999029 0.044064
vn -0.038488 0.998256 0.044768
vn -0.059869 0.923879 0.377973
vn 0.000000 0.999666 -0.025859
vn 0.000002 0.925537 -0.378657
vn -0.117154 0.952772 -0.280179
vn -0.018681 0.998826 -0.044689
vn -0.000003 0.386767 -0.922177
vn -0.000000 0.009678 -0.999953
vn 0.156427 0.007393 -0.987662
vn 0.144514 0.382706 -0.912498
vn 0.040725 0.999044 -0.015922
vn -0.023949 0.999669 0.009397
vn 0.036819 0.999044 -0.023589
vn -0.021679 0.999669 0.013851
vn -0.038489 0.998256 -0.044767
vn -0.018683 0.998826 0.044689
vn -0.036819 0.999044 -0.023589
vn 0.021677 0.999669 0.013851
vn -0.040727 0.999043 -0.015922
vn 0.023948 0.999669 0.009397
vn -0.055192 0.997358 0.047225
vn 0.029886 0.997633 0.061927
vn 0.005764 0.997359 0.072404
vn 0.067665 0.997633 0.012219
vn 0.038487 0.998256 0.044766
vn 0.018681 0.998826 -0.044686
vn -0.005764 0.997359 -0.072406
vn -0.067665 0.997633 -0.012219
vn 0.055187 0.997359 -0.047226
vn -0.029892 0.997633 -0.061928
vn -0.933445 -0.000000 -0.358722
vn -0.838878 -0.000001 -0.544319
vn -0.707102 -0.000002 0.707112
vn -0.707102 -0.000002 0.707112
vn 0.707090 0.007014 0.707089
vn -0.707099 -0.000002 -0.707114
vn -0.707082 0.007026 -0.707097
vn 0.987666 0.007017 0.156421
vn 0.156439 0.000001 -0.987688
vn 0.156439 0.000001 -0.987688
vn 0.156435 0.006955 -0.987664
vn 0.156435 0.006955 -0.987664
vn -0.987693 0.000000 -0.156406
vn -0.987668 0.007029 -0.156402
vn 0.156431 -0.000000 0.987689
vn 0.156431 -0.000000 0.987689
vn 0.933394 0.008954 -0.358742
vn 0.987664 0.007014 -0.156433
vn -0.933441 -0.000002 0.358731
vn -0.987689 -0.000003 0.156433
vn -0.987664 0.007024 0.156429
vn -0.933384 0.009699 0.358748
vn 0.838862 0.008953 -0.544271
vn -0.838880 -0.000001 0.544317
vn -0.838860 0.009701 0.544261
vn 0.707092 0.007014 -0.707087
vn -0.707105 0.000000 -0.707109
vn -0.707105 0.000000 -0.707109
vn -0.707088 0.006953 -0.707092
vn -0.707088 0.006953 -0.707092
vn -0.707110 0.000000 0.707103
vn -0.707093 0.007029 0.707086
vn 0.000000 0.000001 1.000000
vn -0.156432 0.000000 0.987689
vn 0.951056 0.000000 0.309018
vn 0.951056 0.000000 0.309018
vn 0.951035 0.006636 0.309011
vn 0.951031 0.007233 0.309010
vn -0.156432 0.006752 -0.987666
vn -0.951053 -0.000003 0.309029
vn -0.951053 -0.000003 0.309029
vn -0.951028 0.007231 0.309020
vn -0.951032 0.006634 0.309021
vn 0.156432 0.000001 0.987689
vn 0.156428 0.007392 0.987662
vn 0.707102 0.000001 -0.707112
vn 0.707102 0.000001 -0.707112
vn -0.838862 0.008952 -0.544270
vn -0.707090 0.007012 -0.707089
vn 0.838877 0.000002 0.544322
vn 0.707106 0.000002 0.707108
vn 0.707088 0.007029 0.707090
vn 0.838857 0.009701 0.544265
vn -0.933396 0.008952 -0.358737
vn 0.933442 0.000002 0.358728
vn 0.933385 0.009702 0.358745
vn -0.987664 0.007012 -0.156432
vn -0.156431 0.000000 0.987689
vn -0.156431 0.000000 0.987689
vn -0.156427 0.006954 0.987665
vn -0.156427 0.006954 0.987665
vn 0.987691 0.000001 0.156415
vn 0.987667 0.007030 0.156411
vn 0.838884 0.000000 -0.544311
vn 0.933442 0.000000 -0.358728
vn -0.707090 0.007011 0.707089
vn 0.707107 0.000003 0.707107
vn 0.707107 0.000003 0.707107
vn 0.707090 0.006957 0.707090
vn 0.707090 0.006957 0.707090
vn 0.707119 0.000001 -0.707094
vn 0.707102 0.007029 -0.707077
vn -0.156431 0.000000 -0.987689
vn -0.156431 0.000000 -0.987689
vn -0.987664 0.007014 0.156432
vn 0.987689 0.000000 -0.156433
vn 0.987664 0.007029 -0.156429
vn -0.000000 0.000000 -1.000000
vn 0.156432 0.000000 -0.987689
vn -0.951058 0.000000 -0.309012
vn -0.951058 0.000000 -0.309012
vn -0.951037 0.006637 -0.309005
vn -0.951033 0.007235 -0.309004
vn 0.156426 0.006754 0.987667
vn 0.951055 0.000000 -0.309021
vn 0.951055 0.000000 -0.309021
vn 0.951030 0.007234 -0.309012
vn 0.951034 0.006637 -0.309014
vn -0.156432 0.000000 -0.987689
vn -0.156428 0.007393 -0.987662
vn 0.377968 0.923881 0.059866
vn 0.912501 0.382691 0.144531
vn 0.653270 0.382708 0.653279
vn 0.270618 0.923868 0.270618
vn -0.270603 0.923873 -0.270616
vn -0.653268 0.382690 -0.653291
vn 0.059870 0.923870 -0.377994
vn 0.059870 0.923870 -0.377994
vn 0.144529 0.382704 -0.912496
vn 0.144529 0.382704 -0.912496
vn -0.912502 0.382703 -0.144496
vn -0.377993 0.923871 -0.059859
vn -0.912531 0.382624 0.144517
vn -0.860481 0.386262 0.332225
vn -0.377945 0.923890 0.059866
vn -0.353055 0.925291 0.138525
vn 0.377968 0.923881 -0.059866
vn 0.353200 0.925301 -0.138085
vn 0.912509 0.382676 -0.144523
vn 0.860570 0.386277 -0.331976
vn 0.319328 0.925298 -0.204582
vn 0.774406 0.386280 -0.501082
vn -0.774545 0.386295 0.500855
vn -0.319599 0.925288 0.204201
vn 0.270619 0.923871 -0.270608
vn 0.653276 0.382685 -0.653286
vn -0.270614 0.923869 -0.270619
vn -0.270614 0.923869 -0.270619
vn -0.653283 0.382651 -0.653299
vn -0.653283 0.382651 -0.653299
vn -0.653269 0.382724 0.653269
vn -0.270590 0.923880 0.270603
vn -0.059873 0.923865 -0.378007
vn -0.144530 0.382664 -0.912513
vn 0.878691 0.382610 0.285504
vn 0.878691 0.382610 0.285504
vn 0.363957 0.923879 0.118249
vn -0.363974 0.923871 0.118259
vn -0.117143 0.952768 0.280198
vn -0.878672 0.382664 0.285490
vn -0.878672 0.382664 0.285490
vn 0.144524 0.382624 0.912530
vn 0.653298 0.382647 0.653286
vn 0.774574 0.386215 0.500872
vn 0.270577 0.923886 0.270596
vn 0.319551 0.925309 0.204184
vn -0.270619 0.923871 -0.270608
vn -0.319320 0.925302 -0.204575
vn -0.653268 0.382745 -0.653259
vn -0.774394 0.386299 -0.501086
vn -0.353201 0.925301 -0.138081
vn -0.860576 0.386263 -0.331979
vn 0.860495 0.386225 0.332234
vn 0.353011 0.925309 0.138514
vn -0.378000 0.923868 -0.059864
vn -0.912526 0.382635 -0.144525
vn -0.059866 0.923879 0.377974
vn -0.059866 0.923879 0.377974
vn -0.144522 0.382705 0.912497
vn -0.144522 0.382705 0.912497
vn 0.912511 0.382675 0.144514
vn 0.377950 0.923889 0.059867
vn -0.270618 0.923869 0.270613
vn -0.653299 0.382622 0.653299
vn 0.270606 0.923875 0.270606
vn 0.270606 0.923875 0.270606
vn 0.653271 0.382707 0.653279
vn 0.653271 0.382707 0.653279
vn 0.653303 0.382650 -0.653280
vn 0.270604 0.923876 -0.270604
vn -0.912501 0.382694 0.144525
vn -0.377968 0.923881 0.059871
vn 0.377989 0.923872 -0.059875
vn 0.912501 0.382694 -0.144524
vn 0.059869 0.923876 0.377979
vn 0.144526 0.382664 0.912513
vn -0.878661 0.382690 -0.285486
vn -0.878661 0.382690 -0.285486
vn -0.363957 0.923880 -0.118245
vn 0.363949 0.923880 -0.118267
vn 0.117119 0.952774 -0.280187
vn 0.878672 0.382666 -0.285487
vn 0.878672 0.382666 -0.285487
vn -0.144521 0.382708 -0.912496
s 1
g chessPieces_KIT rook_Model
usemtl initialShadingGroup
f 1/2/1 2/1/2 22/3371/3 21/3381/4
f 2/1/2 2452/12/5 2453/3384/6 22/3371/3
f 3/7/7 4/16/8 24/3372/9 23/3383/10
f 4/16/8 2565/3401/11 2566/3386/12 24/3372/9
f 5/11/13 2683/24/14 2684/3388/15 25/3385/16
f 6/15/17 7/26/18 27/3373/19 26/3387/20
f 7/26/18 2795/30/21 2796/3390/22 27/3373/19
f 8/20/23 9/33/24 29/3374/25 28/3389/26
f 9/33/24 10/36/27 30/3375/28 29/3374/25
f 10/36/27 11/40/29 31/3376/30 30/3375/28
f 11/40/29 12/43/31 32/3377/32 31/3376/30
f 12/43/31 2907/48/33 2908/3392/34 32/3377/32
f 13/29/35 14/50/36 34/3378/37 33/3391/38
f 14/50/36 3019/3404/39 3020/3394/40 34/3378/37
f 15/35/41 3131/3403/42 3132/3396/43 35/3393/44
f 16/39/45 17/3402/46 37/3379/47 36/3395/48
f 17/3402/46 3243/3405/49 3244/3398/50 37/3379/47
f 18/45/51 19/3400/52 39/3380/53 38/3397/54
f 19/3400/52 20/3399/55 40/3382/56 39/3380/53
f 20/3399/55 1/2/1 21/3381/4 40/3382/56
f 2/1/57 1/2/58 41/5/59
f 3/7/60 2452/12/61 41/5/59
f 4/16/62 3/7/60 41/5/59
f 5/11/63 2565/3401/64 41/5/59
f 6/15/65 2683/24/66 41/5/59
f 7/26/67 6/15/65 41/5/59
f 8/20/68 2795/30/69 41/5/59
f 9/33/70 8/20/68 41/5/59
f 10/36/71 9/33/70 41/5/59
f 11/40/72 10/36/71 41/5/59
f 12/43/73 11/40/72 41/5/59
f 13/29/74 2907/48/75 41/5/59
f 14/50/76 13/29/74 41/5/59
f 15/35/77 3019/3404/78 41/5/59
f 16/39/79 3131/3403/80 41/5/59
f 17/3402/81 16/39/79 41/5/59
f 18/45/82 3243/3405/83 41/5/59
f 19/3400/84 18/45/82 41/5/59
f 20/3399/85 19/3400/84 41/5/59
f 1/2/58 20/3399/85 41/5/59
f 21/3/4 22/4/3 47/6/86 42/8/87
f 22/4/3 2453/9/6 2454/10/88 47/6/86
f 23/13/10 24/14/9 57/17/89 52/18/90
f 24/14/9 2566/19/12 2567/21/91 57/17/89
f 25/22/16 2684/23/15 2685/25/92 62/27/93
f 26/28/20 27/31/19 72/32/94 67/34/95
f 27/31/19 2796/37/22 2797/38/96 72/32/94
f 28/41/26 29/42/25 82/44/97 77/46/98
f 29/42/25 30/47/28 87/49/99 82/44/97
f 30/47/28 31/51/30 92/52/100 87/49/99
f 31/51/30 32/53/32 97/54/101 92/52/100
f 32/53/32 2908/55/34 2909/56/102 97/54/101
f 33/57/38 34/58/37 107/59/103 102/60/104
f 34/58/37 3020/61/40 3021/62/105 107/59/103
f 35/63/44 3132/64/43 3133/65/106 112/66/107
f 36/67/48 37/68/47 122/69/108 117/70/109
f 37/68/47 3244/71/50 3245/72/110 122/69/108
f 38/73/54 39/74/53 132/75/111 127/76/112
f 39/74/53 40/77/56 137/78/113 132/75/111
f 40/77/56 21/3/4 42/8/87 137/78/113
f 45/79/114 46/80/115 141/81/116 140/82/117
f 44/83/118 45/79/114 140/82/117 139/84/119
f 42/8/87 43/85/120 138/86/121 137/78/113
f 43/85/120 44/83/118 139/84/119 138/86/121
f 46/80/115 45/79/114 50/87/122 51/88/123
f 45/79/114 44/83/118 49/89/124 50/87/122
f 44/83/118 43/85/120 48/90/125 49/89/124
f 43/85/120 42/8/87 47/6/86 48/90/125
f 51/88/123 50/87/122 2457/91/126 2458/92/127
f 50/87/122 49/89/124 2456/93/128 2457/91/126
f 49/89/124 48/90/125 2455/94/129 2456/93/128
f 48/90/125 47/6/86 2454/10/88 2455/94/129
f 56/95/130 55/96/131 60/97/132 61/98/133
f 55/96/131 54/99/134 59/100/135 60/97/132
f 54/99/134 53/101/136 58/102/137 59/100/135
f 53/101/136 52/18/90 57/17/89 58/102/137
f 61/98/133 60/97/132 2570/103/138 2571/104/139
f 60/97/132 59/100/135 2569/105/140 2570/103/138
f 59/100/135 58/102/137 2568/106/141 2569/105/140
f 58/102/137 57/17/89 2567/21/91 2568/106/141
f 66/107/142 65/108/143 2688/109/144 2689/110/145
f 65/108/143 64/111/146 2687/112/147 2688/109/144
f 64/111/146 63/113/148 2686/114/149 2687/112/147
f 63/113/148 62/27/93 2685/25/92 2686/114/149
f 71/115/150 70/116/151 75/117/152 76/118/153
f 70/116/151 69/119/154 74/120/155 75/117/152
f 69/119/154 68/121/156 73/122/157 74/120/155
f 68/121/156 67/34/95 72/32/94 73/122/157
f 76/118/153 75/117/152 2800/123/158 2801/124/159
f 75/117/152 74/120/155 2799/125/160 2800/123/158
f 74/120/155 73/122/157 2798/126/161 2799/125/160
f 73/122/157 72/32/94 2797/38/96 2798/126/161
f 81/127/162 80/128/163 85/129/164 86/130/165
f 80/128/163 79/131/166 84/132/167 85/129/164
f 79/131/166 78/133/168 83/134/169 84/132/167
f 78/133/168 77/46/98 82/44/97 83/134/169
f 86/130/165 85/129/164 90/135/170 91/136/171
f 85/129/164 84/132/167 89/137/172 90/135/170
f 84/132/167 83/134/169 88/138/173 89/137/172
f 83/134/169 82/44/97 87/49/99 88/138/173
f 91/136/171 90/135/170 95/139/174 96/140/175
f 90/135/170 89/137/172 94/141/176 95/139/174
f 89/137/172 88/138/173 93/142/177 94/141/176
f 88/138/173 87/49/99 92/52/100 93/142/177
f 96/140/175 95/139/174 100/143/178 101/144/179
f 95/139/174 94/141/176 99/145/180 100/143/178
f 94/141/176 93/142/177 98/146/181 99/145/180
f 93/142/177 92/52/100 97/54/101 98/146/181
f 101/144/179 100/143/178 2912/147/182 2913/148/183
f 100/143/178 99/145/180 2911/149/184 2912/147/182
f 99/145/180 98/146/181 2910/150/185 2911/149/184
f 98/146/181 97/54/101 2909/56/102 2910/150/185
f 106/151/186 105/152/187 110/153/188 111/154/189
f 105/152/187 104/155/190 109/156/191 110/153/188
f 104/155/190 103/157/192 108/158/193 109/156/191
f 103/157/192 102/60/104 107/59/103 108/158/193
f 111/154/189 110/153/188 3024/159/194 3025/160/195
f 110/153/188 109/156/191 3023/161/196 3024/159/194
f 109/156/191 108/158/193 3022/162/197 3023/161/196
f 108/158/193 107/59/103 3021/62/105 3022/162/197
f 116/163/198 115/164/199 3136/165/200 3137/166/201
f 115/164/199 114/167/202 3135/168/203 3136/165/200
f 114/167/202 113/169/204 3134/170/205 3135/168/203
f 113/169/204 112/66/107 3133/65/106 3134/170/205
f 121/171/206 120/172/207 125/173/208 126/174/209
f 120/172/207 119/175/210 124/176/211 125/173/208
f 119/175/210 118/177/212 123/178/213 124/176/211
f 118/177/212 117/70/109 122/69/108 123/178/213
f 126/174/209 125/173/208 3248/179/214 3249/180/215
f 125/173/208 124/176/211 3247/181/216 3248/179/214
f 124/176/211 123/178/213 3246/182/217 3247/181/216
f 123/178/213 122/69/108 3245/72/110 3246/182/217
f 131/183/218 130/184/219 135/185/220 136/186/221
f 130/184/219 129/187/222 134/188/223 135/185/220
f 129/187/222 128/189/224 133/190/225 134/188/223
f 128/189/224 127/76/112 132/75/111 133/190/225
f 136/186/221 135/185/220 140/82/117 141/81/116
f 135/185/220 134/188/223 139/84/119 140/82/117
f 134/188/223 133/190/225 138/86/121 139/84/119
f 133/190/225 132/75/111 137/78/113 138/86/121
f 147/191/226 148/192/227 281/193/228 280/194/229
f 146/195/230 147/191/226 280/194/229 279/196/231
f 145/197/232 146/195/230 279/196/231 278/198/233
f 144/199/234 145/197/232 278/198/233 277/200/235
f 142/201/236 143/202/237 276/203/238 275/204/239
f 143/202/237 144/199/234 277/200/235 276/203/238
f 148/192/227 147/191/226 154/205/240 155/206/241
f 147/191/226 146/195/230 153/207/242 154/205/240
f 146/195/230 145/197/232 152/208/243 153/207/242
f 145/197/232 144/199/234 151/209/244 152/208/243
f 144/199/234 143/202/237 150/210/245 151/209/244
f 143/202/237 142/201/236 149/211/246 150/210/245
f 155/206/241 154/205/240 2472/212/247 2473/214/248
f 154/205/240 153/207/242 2471/215/249 2472/212/247
f 153/207/242 152/208/243 2470/216/250 2471/215/249
f 152/208/243 151/209/244 2469/217/251 2470/216/250
f 151/209/244 150/210/245 2468/218/252 2469/217/251
f 150/210/245 149/211/246 2467/219/253 2468/218/252
f 162/220/254 161/221/255 168/222/256 169/223/257
f 161/221/255 160/224/258 167/225/259 168/222/256
f 160/224/258 159/226/260 166/227/261 167/225/259
f 159/226/260 158/228/262 165/229/263 166/227/261
f 158/228/262 157/230/264 164/231/265 165/229/263
f 157/230/264 156/232/266 163/233/267 164/231/265
f 169/223/257 168/222/256 2585/234/268 2586/235/269
f 168/222/256 167/225/259 2584/236/270 2585/234/268
f 167/225/259 166/227/261 2583/237/271 2584/236/270
f 166/227/261 165/229/263 2582/238/272 2583/237/271
f 165/229/263 164/231/265 2581/239/273 2582/238/272
f 164/231/265 163/233/267 2580/240/274 2581/239/273
f 176/241/275 175/242/276 2703/243/277 2704/244/278
f 175/242/276 174/245/279 2702/246/280 2703/243/277
f 174/245/279 173/247/281 2701/248/282 2702/246/280
f 173/247/281 172/249/283 2700/250/284 2701/248/282
f 172/249/283 171/251/285 2699/252/286 2700/250/284
f 171/251/285 170/253/287 2698/254/288 2699/252/286
f 183/255/289 182/256/290 189/257/291 190/258/292
f 182/256/290 181/259/293 188/260/294 189/257/291
f 181/259/293 180/261/295 187/262/296 188/260/294
f 180/261/295 179/263/297 186/264/298 187/262/296
f 179/263/297 178/265/299 185/266/300 186/264/298
f 178/265/299 177/267/301 184/268/302 185/266/300
f 190/258/292 189/257/291 2815/269/303 2816/270/304
f 189/257/291 188/260/294 2814/271/305 2815/269/303
f 188/260/294 187/262/296 2813/272/306 2814/271/305
f 187/262/296 186/264/298 2812/273/307 2813/272/306
f 186/264/298 185/266/300 2811/274/308 2812/273/307
f 185/266/300 184/268/302 2810/275/309 2811/274/308
f 197/276/310 196/277/311 203/278/312 204/279/313
f 196/277/311 195/280/314 202/281/315 203/278/312
f 195/280/314 194/282/316 201/283/317 202/281/315
f 194/282/316 193/284/318 200/285/319 201/283/317
f 193/284/318 192/286/320 199/287/321 200/285/319
f 192/286/320 191/288/322 198/289/323 199/287/321
f 204/279/313 203/278/312 210/290/324 211/291/325
f 203/278/312 202/281/315 209/292/326 210/290/324
f 202/281/315 201/283/317 208/293/327 209/292/326
f 201/283/317 200/285/319 207/294/328 208/293/327
f 200/285/319 199/287/321 206/295/329 207/294/328
f 199/287/321 198/289/323 205/296/330 206/295/329
f 211/291/325 210/290/324 217/297/331 218/298/332
f 210/290/324 209/292/326 216/299/333 217/297/331
f 209/292/326 208/293/327 215/300/334 216/299/333
f 208/293/327 207/294/328 214/301/335 215/300/334
f 207/294/328 206/295/329 213/302/336 214/301/335
f 206/295/329 205/296/330 212/303/337 213/302/336
f 218/298/332 217/297/331 224/304/338 225/305/339
f 217/297/331 216/299/333 223/306/340 224/304/338
f 216/299/333 215/300/334 222/307/341 223/306/340
f 215/300/334 214/301/335 221/308/342 222/307/341
f 214/301/335 213/302/336 220/309/343 221/308/342
f 213/302/336 212/303/337 219/310/344 220/309/343
f 225/305/339 224/304/338 2927/311/345 2928/312/346
f 224/304/338 223/306/340 2926/313/347 2927/311/345
f 223/306/340 222/307/341 2925/314/348 2926/313/347
f 222/307/341 221/308/342 2924/315/349 2925/314/348
f 221/308/342 220/309/343 2923/316/350 2924/315/349
f 220/309/343 219/310/344 2922/317/351 2923/316/350
f 232/318/352 231/319/353 238/320/354 239/321/355
f 231/319/353 230/322/356 237/323/357 238/320/354
f 230/322/356 229/324/358 236/325/359 237/323/357
f 229/324/358 228/326/360 235/327/361 236/325/359
f 228/326/360 227/328/362 234/329/363 235/327/361
f 227/328/362 226/330/364 233/331/365 234/329/363
f 239/321/355 238/320/354 3039/332/366 3040/333/367
f 238/320/354 237/323/357 3038/334/368 3039/332/366
f 237/323/357 236/325/359 3037/335/369 3038/334/368
f 236/325/359 235/327/361 3036/336/370 3037/335/369
f 235/327/361 234/329/363 3035/337/371 3036/336/370
f 234/329/363 233/331/365 3034/338/372 3035/337/371
f 246/339/373 245/340/374 3151/341/375 3152/342/376
f 245/340/374 244/343/377 3150/344/378 3151/341/375
f 244/343/377 243/345/379 3149/346/380 3150/344/378
f 243/345/379 242/347/381 3148/348/382 3149/346/380
f 242/347/381 241/349/383 3147/350/384 3148/348/382
f 241/349/383 240/351/385 3146/352/386 3147/350/384
f 253/353/387 252/354/388 259/355/389 260/356/390
f 252/354/388 251/357/391 258/358/392 259/355/389
f 251/357/391 250/359/393 257/360/394 258/358/392
f 250/359/393 249/361/395 256/362/396 257/360/394
f 249/361/395 248/363/397 255/364/398 256/362/396
f 248/363/397 247/365/399 254/366/400 255/364/398
f 260/356/390 259/355/389 3263/367/401 3264/368/402
f 259/355/389 258/358/392 3262/369/403 3263/367/401
f 258/358/392 257/360/394 3261/370/404 3262/369/403
f 257/360/394 256/362/396 3260/371/405 3261/370/404
f 256/362/396 255/364/398 3259/372/406 3260/371/405
f 255/364/398 254/366/400 3258/373/407 3259/372/406
f 267/374/408 266/375/409 273/376/410 274/377/411
f 266/375/409 265/378/412 272/379/413 273/376/410
f 265/378/412 264/380/414 271/381/415 272/379/413
f 264/380/414 263/382/416 270/383/417 271/381/415
f 263/382/416 262/384/418 269/385/419 270/383/417
f 262/384/418 261/386/420 268/387/421 269/385/419
f 274/377/411 273/376/410 280/194/229 281/193/228
f 273/376/410 272/379/413 279/196/231 280/194/229
f 272/379/413 271/381/415 278/198/233 279/196/231
f 271/381/415 270/383/417 277/200/235 278/198/233
f 270/383/417 269/385/419 276/203/238 277/200/235
f 269/385/419 268/387/421 275/204/239 276/203/238
f 1903/3555/422 1902/1855/423 1904/213/424
f 1902/1855/423 2228/3359/425 1904/213/424
f 1905/3567/426 1906/3548/427 1904/213/424
f 1904/213/424 2233/3547/428 1907/1857/429
f 1904/213/424 2237/3360/430 1908/3565/431
f 1908/3565/431 1909/3552/432 1904/213/424
f 1904/213/424 2225/3551/433 1910/1860/434
f 1910/1860/434 1911/3361/435 1904/213/424
f 1911/3361/435 1912/3563/436 1904/213/424
f 1912/3563/436 1913/3562/437 1904/213/424
f 1913/3562/437 1914/1864/438 1904/213/424
f 1904/213/424 2229/3364/439 1915/3560/440
f 1915/3560/440 1916/3550/441 1904/213/424
f 1916/3550/441 2232/3549/442 1904/213/424
f 1917/1867/443 2236/3362/444 1904/213/424
f 1918/3558/445 1919/3554/446 1904/213/424
f 1919/3554/446 2224/3553/447 1904/213/424
f 1920/1870/448 1921/3363/449 1904/213/424
f 1921/3363/449 1922/3556/450 1904/213/424
f 1922/3556/450 1903/3555/422 1904/213/424
f 148/192/227 155/206/241 289/388/451 285/389/452
f 155/206/241 2473/214/248 2474/390/453 289/388/451
f 162/220/254 169/223/257 297/391/454 293/392/455
f 169/223/257 2586/235/269 2587/393/456 297/391/454
f 176/241/275 2704/244/278 2705/394/457 301/395/458
f 183/255/289 190/258/292 309/396/459 305/397/460
f 190/258/292 2816/270/304 2817/398/461 309/396/459
f 197/276/310 204/279/313 317/399/462 313/400/463
f 204/279/313 211/291/325 321/401/464 317/399/462
f 211/291/325 218/298/332 325/402/465 321/401/464
f 218/298/332 225/305/339 329/403/466 325/402/465
f 225/305/339 2928/312/346 2929/404/467 329/403/466
f 232/318/352 239/321/355 337/405/468 333/406/469
f 239/321/355 3040/333/367 3041/407/470 337/405/468
f 246/339/373 3152/342/376 3153/408/471 341/409/472
f 253/353/387 260/356/390 349/410/473 345/411/474
f 260/356/390 3264/368/402 3265/412/475 349/410/473
f 267/374/408 274/377/411 357/413/476 353/414/477
f 274/377/411 281/193/228 361/415/478 357/413/476
f 281/193/228 148/192/227 285/389/452 361/415/478
f 282/416/479 283/417/480 287/418/481 286/419/482
f 283/417/480 284/420/483 288/421/484 287/418/481
f 286/419/482 287/418/481 2479/422/485 2480/423/486
f 287/418/481 288/421/484 2478/424/487 2479/422/485
f 290/425/488 291/426/489 295/427/490 294/428/491
f 291/426/489 292/429/492 296/430/493 295/427/490
f 294/428/491 295/427/490 2592/431/494 2593/432/495
f 295/427/490 296/430/493 2591/433/496 2592/431/494
f 298/434/497 299/435/498 2710/436/499 2711/437/500
f 299/435/498 300/438/501 2709/439/502 2710/436/499
f 302/440/503 303/441/504 307/442/505 306/443/506
f 303/441/504 304/444/507 308/445/508 307/442/505
f 306/443/506 307/442/505 2822/446/509 2823/447/510
f 307/442/505 308/445/508 2821/448/511 2822/446/509
f 310/449/512 311/450/513 315/451/514 314/452/515
f 311/450/513 312/453/516 316/454/517 315/451/514
f 314/452/515 315/451/514 319/455/518 318/456/519
f 315/451/514 316/454/517 320/457/520 319/455/518
f 318/456/519 319/455/518 323/458/521 322/459/522
f 319/455/518 320/457/520 324/460/523 323/458/521
f 322/459/522 323/458/521 327/461/524 326/462/525
f 323/458/521 324/460/523 328/463/526 327/461/524
f 326/462/525 327/461/524 2934/464/527 2935/465/528
f 327/461/524 328/463/526 2933/466/529 2934/464/527
f 330/467/530 331/468/531 335/469/532 334/470/533
f 331/468/531 332/471/534 336/472/535 335/469/532
f 334/470/533 335/469/532 3046/473/536 3047/474/537
f 335/469/532 336/472/535 3045/475/538 3046/473/536
f 338/476/539 339/477/540 3158/478/541 3159/479/542
f 339/477/540 340/480/543 3157/481/544 3158/478/541
f 342/482/545 343/483/546 347/484/547 346/485/548
f 343/483/546 344/486/549 348/487/550 347/484/547
f 346/485/548 347/484/547 3270/488/551 3271/489/552
f 347/484/547 348/487/550 3269/490/553 3270/488/551
f 350/491/554 351/492/555 355/493/556 354/494/557
f 351/492/555 352/495/558 356/496/559 355/493/556
f 354/494/557 355/493/556 359/497/560 358/498/561
f 355/493/556 356/496/559 360/499/562 359/497/560
f 284/420/483 283/417/480 359/497/560 360/499/562
f 283/417/480 282/416/479 358/498/561 359/497/560
f 282/416/479 286/419/482 382/500/563 387/501/564
f 286/419/482 2480/423/486 2481/502/565 382/500/563
f 290/425/488 294/428/491 397/503/566 392/504/567
f 294/428/491 2593/432/495 2594/505/568 397/503/566
f 298/434/497 2711/437/500 2712/506/569 402/507/570
f 302/440/503 306/443/506 412/508/571 407/509/572
f 306/443/506 2823/447/510 2824/510/573 412/508/571
f 310/449/512 314/452/515 422/511/574 417/512/575
f 314/452/515 318/456/519 427/513/576 422/511/574
f 318/456/519 322/459/522 432/514/577 427/513/576
f 322/459/522 326/462/525 437/515/578 432/514/577
f 326/462/525 2935/465/528 2936/516/579 437/515/578
f 330/467/530 334/470/533 447/517/580 442/518/581
f 334/470/533 3047/474/537 3048/519/582 447/517/580
f 338/476/539 3159/479/542 3160/520/583 452/521/584
f 342/482/545 346/485/548 462/522/585 457/523/586
f 346/485/548 3271/489/552 3272/524/587 462/522/585
f 350/491/554 354/494/557 472/525/588 467/526/589
f 354/494/557 358/498/561 477/527/590 472/525/588
f 358/498/561 282/416/479 387/501/564 477/527/590
f 385/528/591 386/529/592 391/530/593 390/531/594
f 384/532/595 385/528/591 390/531/594 389/533/596
f 382/500/563 383/534/597 388/535/598 387/501/564
f 383/534/597 384/532/595 389/533/596 388/535/598
f 390/531/594 391/530/593 481/536/599 480/537/600
f 389/533/596 390/531/594 480/537/600 479/538/601
f 387/501/564 388/535/598 478/539/602 477/527/590
f 388/535/598 389/533/596 479/538/601 478/539/602
f 386/529/592 385/528/591 2484/540/603 2485/541/604
f 385/528/591 384/532/595 2483/542/605 2484/540/603
f 384/532/595 383/534/597 2482/543/606 2483/542/605
f 383/534/597 382/500/563 2481/502/565 2482/543/606
f 396/544/607 395/545/608 400/546/609 401/547/610
f 395/545/608 394/548/611 399/549/612 400/546/609
f 394/548/611 393/550/613 398/551/614 399/549/612
f 393/550/613 392/504/567 397/503/566 398/551/614
f 401/547/610 400/546/609 2597/552/615 2598/553/616
f 400/546/609 399/549/612 2596/554/617 2597/552/615
f 399/549/612 398/551/614 2595/555/618 2596/554/617
f 398/551/614 397/503/566 2594/505/568 2595/555/618
f 406/556/619 405/557/620 2715/558/621 2716/559/622
f 405/557/620 404/560/623 2714/561/624 2715/558/621
f 404/560/623 403/562/625 2713/563/626 2714/561/624
f 403/562/625 402/507/570 2712/506/569 2713/563/626
f 411/564/627 410/565/628 415/566/629 416/567/630
f 410/565/628 409/568/631 414/569/632 415/566/629
f 409/568/631 408/570/633 413/571/634 414/569/632
f 408/570/633 407/509/572 412/508/571 413/571/634
f 416/567/630 415/566/629 2827/572/635 2828/573/636
f 415/566/629 414/569/632 2826/574/637 2827/572/635
f 414/569/632 413/571/634 2825/575/638 2826/574/637
f 413/571/634 412/508/571 2824/510/573 2825/575/638
f 421/576/639 420/577/640 425/578/641 426/579/642
f 420/577/640 419/580/643 424/581/644 425/578/641
f 419/580/643 418/582/645 423/583/646 424/581/644
f 418/582/645 417/512/575 422/511/574 423/583/646
f 426/579/642 425/578/641 430/584/647 431/585/648
f 425/578/641 424/581/644 429/586/649 430/584/647
f 424/581/644 423/583/646 428/587/650 429/586/649
f 423/583/646 422/511/574 427/513/576 428/587/650
f 431/585/648 430/584/647 435/588/651 436/589/652
f 430/584/647 429/586/649 434/590/653 435/588/651
f 429/586/649 428/587/650 433/591/654 434/590/653
f 428/587/650 427/513/576 432/514/577 433/591/654
f 436/589/652 435/588/651 440/592/655 441/593/656
f 435/588/651 434/590/653 439/594/657 440/592/655
f 434/590/653 433/591/654 438/595/658 439/594/657
f 433/591/654 432/514/577 437/515/578 438/595/658
f 441/593/656 440/592/655 2939/596/659 2940/597/660
f 440/592/655 439/594/657 2938/598/661 2939/596/659
f 439/594/657 438/595/658 2937/599/662 2938/598/661
f 438/595/658 437/515/578 2936/516/579 2937/599/662
f 446/600/663 445/601/664 450/602/665 451/603/666
f 445/601/664 444/604/667 449/605/668 450/602/665
f 444/604/667 443/606/669 448/607/670 449/605/668
f 443/606/669 442/518/581 447/517/580 448/607/670
f 451/603/666 450/602/665 3051/608/671 3052/609/672
f 450/602/665 449/605/668 3050/610/673 3051/608/671
f 449/605/668 448/607/670 3049/611/674 3050/610/673
f 448/607/670 447/517/580 3048/519/582 3049/611/674
f 456/612/675 455/613/676 3163/614/677 3164/615/678
f 455/613/676 454/616/679 3162/617/680 3163/614/677
f 454/616/679 453/618/681 3161/619/682 3162/617/680
f 453/618/681 452/521/584 3160/520/583 3161/619/682
f 461/620/683 460/621/684 465/622/685 466/623/686
f 460/621/684 459/624/687 464/625/688 465/622/685
f 459/624/687 458/626/689 463/627/690 464/625/688
f 458/626/689 457/523/586 462/522/585 463/627/690
f 466/623/686 465/622/685 3275/628/691 3276/629/692
f 465/622/685 464/625/688 3274/630/693 3275/628/691
f 464/625/688 463/627/690 3273/631/694 3274/630/693
f 463/627/690 462/522/585 3272/524/587 3273/631/694
f 471/632/695 470/633/696 475/634/697 476/635/698
f 470/633/696 469/636/699 474/637/700 475/634/697
f 469/636/699 468/638/701 473/639/702 474/637/700
f 468/638/701 467/526/589 472/525/588 473/639/702
f 476/635/698 475/634/697 480/537/600 481/536/599
f 475/634/697 474/637/700 479/538/601 480/537/600
f 474/637/700 473/639/702 478/539/602 479/538/601
f 473/639/702 472/525/588 477/527/590 478/539/602
f 484/640/703 485/641/704 489/642/705 488/643/706
f 482/644/707 483/645/708 487/646/709 486/647/710
f 483/645/708 484/640/703 488/643/706 487/646/709
f 488/643/706 489/642/705 561/648/711 560/649/712
f 486/647/710 487/646/709 559/650/713 558/651/714
f 487/646/709 488/643/706 560/649/712 559/650/713
f 485/641/704 484/640/703 2494/652/715 2495/653/716
f 484/640/703 483/645/708 2493/654/717 2494/652/715
f 483/645/708 482/644/707 2492/655/718 2493/654/717
f 493/656/719 492/657/720 496/658/721 497/659/722
f 492/657/720 491/660/723 495/661/724 496/658/721
f 491/660/723 490/662/725 494/663/726 495/661/724
f 497/659/722 496/658/721 2607/664/727 2608/665/728
f 496/658/721 495/661/724 2606/666/729 2607/664/727
f 495/661/724 494/663/726 2605/667/730 2606/666/729
f 501/668/731 500/669/732 2725/670/733 2726/671/734
f 500/669/732 499/672/735 2724/673/736 2725/670/733
f 499/672/735 498/674/737 2723/675/738 2724/673/736
f 505/676/739 504/677/740 508/678/741 509/679/742
f 504/677/740 503/680/743 507/681/744 508/678/741
f 503/680/743 502/682/745 506/683/746 507/681/744
f 509/679/742 508/678/741 2837/684/747 2838/685/748
f 508/678/741 507/681/744 2836/686/749 2837/684/747
f 507/681/744 506/683/746 2835/687/750 2836/686/749
f 513/688/751 512/689/752 516/690/753 517/691/754
f 512/689/752 511/692/755 515/693/756 516/690/753
f 511/692/755 510/694/757 514/695/758 515/693/756
f 517/691/754 516/690/753 520/696/759 521/697/760
f 516/690/753 515/693/756 519/698/761 520/696/759
f 515/693/756 514/695/758 518/699/762 519/698/761
f 521/697/760 520/696/759 524/700/763 525/701/764
f 520/696/759 519/698/761 523/702/765 524/700/763
f 519/698/761 518/699/762 522/703/766 523/702/765
f 525/701/764 524/700/763 528/704/767 529/705/768
f 524/700/763 523/702/765 527/706/769 528/704/767
f 523/702/765 522/703/766 526/707/770 527/706/769
f 529/705/768 528/704/767 2949/708/771 2950/709/772
f 528/704/767 527/706/769 2948/710/773 2949/708/771
f 527/706/769 526/707/770 2947/711/774 2948/710/773
f 533/712/775 532/713/776 536/714/777 537/715/778
f 532/713/776 531/716/779 535/717/780 536/714/777
f 531/716/779 530/718/781 534/719/782 535/717/780
f 537/715/778 536/714/777 3061/720/783 3062/721/784
f 536/714/777 535/717/780 3060/722/785 3061/720/783
f 535/717/780 534/719/782 3059/723/786 3060/722/785
f 541/724/787 540/725/788 3173/726/789 3174/727/790
f 540/725/788 539/728/791 3172/729/792 3173/726/789
f 539/728/791 538/730/793 3171/731/794 3172/729/792
f 545/732/795 544/733/796 548/734/797 549/735/798
f 544/733/796 543/736/799 547/737/800 548/734/797
f 543/736/799 542/738/801 546/739/802 547/737/800
f 549/735/798 548/734/797 3285/740/803 3286/741/804
f 548/734/797 547/737/800 3284/742/805 3285/740/803
f 547/737/800 546/739/802 3283/743/806 3284/742/805
f 553/744/807 552/745/808 556/746/809 557/747/810
f 552/745/808 551/748/811 555/749/812 556/746/809
f 551/748/811 550/750/813 554/751/814 555/749/812
f 557/747/810 556/746/809 560/649/712 561/648/711
f 556/746/809 555/749/812 559/650/713 560/649/712
f 555/749/812 554/751/814 558/651/714 559/650/713
f 564/752/815 565/753/816 569/754/817 568/755/818
f 562/756/819 563/757/820 567/758/821 566/759/822
f 563/757/820 564/752/815 568/755/818 567/758/821
f 568/755/818 569/754/817 641/760/823 640/761/824
f 566/759/822 567/758/821 639/762/825 638/763/826
f 567/758/821 568/755/818 640/761/824 639/762/825
f 565/753/816 564/752/815 2506/764/827 2507/765/828
f 564/752/815 563/757/820 2505/766/829 2506/764/827
f 563/757/820 562/756/819 2504/767/830 2505/766/829
f 573/768/831 572/769/832 576/770/833 577/771/834
f 572/769/832 571/772/835 575/773/836 576/770/833
f 571/772/835 570/774/837 574/775/838 575/773/836
f 577/771/834 576/770/833 2619/776/839 2620/777/840
f 576/770/833 575/773/836 2618/778/841 2619/776/839
f 575/773/836 574/775/838 2617/779/842 2618/778/841
f 581/780/843 580/781/844 2737/782/845 2738/783/846
f 580/781/844 579/784/847 2736/785/848 2737/782/845
f 579/784/847 578/786/849 2735/787/850 2736/785/848
f 585/788/851 584/789/852 588/790/853 589/791/854
f 584/789/852 583/792/855 587/793/856 588/790/853
f 583/792/855 582/794/857 586/795/858 587/793/856
f 589/791/854 588/790/853 2849/796/859 2850/797/860
f 588/790/853 587/793/856 2848/798/861 2849/796/859
f 587/793/856 586/795/858 2847/799/862 2848/798/861
f 593/800/863 592/801/864 596/802/865 597/803/866
f 592/801/864 591/804/867 595/805/868 596/802/865
f 591/804/867 590/806/869 594/807/870 595/805/868
f 597/803/866 596/802/865 600/808/871 601/809/872
f 596/802/865 595/805/868 599/810/873 600/808/871
f 595/805/868 594/807/870 598/811/874 599/810/873
f 601/809/872 600/808/871 604/812/875 605/813/876
f 600/808/871 599/810/873 603/814/877 604/812/875
f 599/810/873 598/811/874 602/815/878 603/814/877
f 605/813/876 604/812/875 608/816/879 609/817/880
f 604/812/875 603/814/877 607/818/881 608/816/879
f 603/814/877 602/815/878 606/819/882 607/818/881
f 609/817/880 608/816/879 2961/820/883 2962/821/884
f 608/816/879 607/818/881 2960/822/885 2961/820/883
f 607/818/881 606/819/882 2959/823/886 2960/822/885
f 613/824/887 612/825/888 616/826/889 617/827/890
f 612/825/888 611/828/891 615/829/892 616/826/889
f 611/828/891 610/830/893 614/831/894 615/829/892
f 617/827/890 616/826/889 3073/832/895 3074/833/896
f 616/826/889 615/829/892 3072/834/897 3073/832/895
f 615/829/892 614/831/894 3071/835/898 3072/834/897
f 621/836/899 620/837/900 3185/838/901 3186/839/902
f 620/837/900 619/840/903 3184/841/904 3185/838/901
f 619/840/903 618/842/905 3183/843/906 3184/841/904
f 625/844/907 624/845/908 628/846/909 629/847/910
f 624/845/908 623/848/911 627/849/912 628/846/909
f 623/848/911 622/850/913 626/851/914 627/849/912
f 629/847/910 628/846/909 3297/852/915 3298/853/916
f 628/846/909 627/849/912 3296/854/917 3297/852/915
f 627/849/912 626/851/914 3295/855/918 3296/854/917
f 633/856/919 632/857/920 636/858/921 637/859/922
f 632/857/920 631/860/923 635/861/924 636/858/921
f 631/860/923 630/862/925 634/863/926 635/861/924
f 637/859/922 636/858/921 640/761/824 641/760/823
f 636/858/921 635/861/924 639/762/825 640/761/824
f 635/861/924 634/863/926 638/763/826 639/762/825
f 645/864/927 642/865/928 702/866/929 705/867/930
f 642/865/928 2488/868/931 2489/869/932 702/866/929
f 648/870/933 651/871/934 711/872/935 708/873/936
f 651/871/934 2601/874/937 2602/875/938 711/872/935
f 654/876/939 2719/877/940 2720/878/941 714/879/942
f 657/880/943 660/881/944 720/882/945 717/883/946
f 660/881/944 2831/884/947 2832/885/948 720/882/945
f 663/886/949 666/887/950 726/888/951 723/889/952
f 666/887/950 669/890/953 729/891/954 726/888/951
f 669/890/953 672/892/955 732/893/956 729/891/954
f 672/892/955 675/894/957 735/895/958 732/893/956
f 675/894/957 2943/896/959 2944/897/960 735/895/958
f 678/898/961 681/899/962 741/900/963 738/901/964
f 681/899/962 3055/902/965 3056/903/966 741/900/963
f 684/904/967 3167/905/968 3168/906/969 744/907/970
f 687/908/971 690/909/972 750/910/973 747/911/974
f 690/909/972 3279/912/975 3280/913/976 750/910/973
f 693/914/977 696/915/978 756/916/979 753/917/980
f 696/915/978 699/918/981 759/919/982 756/916/979
f 699/918/981 645/864/927 705/867/930 759/919/982
f 765/920/983 762/921/984 822/922/985 825/923/986
f 762/921/984 2510/924/987 2511/925/988 822/922/985
f 768/926/989 771/927/990 831/928/991 828/929/992
f 771/927/990 2623/930/993 2624/931/994 831/928/991
f 774/932/995 2741/933/996 2742/934/997 834/935/998
f 777/936/999 780/937/1000 840/938/1001 837/939/1002
f 780/937/1000 2853/940/1003 2854/941/1004 840/938/1001
f 783/942/1005 786/943/1006 846/944/1007 843/945/1008
f 786/943/1006 789/946/1009 849/947/1010 846/944/1007
f 789/946/1009 792/948/1011 852/949/1012 849/947/1010
f 792/948/1011 795/950/1013 855/951/1014 852/949/1012
f 795/950/1013 2965/952/1015 2966/953/1016 855/951/1014
f 798/954/1017 801/955/1018 861/956/1019 858/957/1020
f 801/955/1018 3077/958/1021 3078/959/1022 861/956/1019
f 804/960/1023 3189/961/1024 3190/962/1025 864/963/1026
f 807/964/1027 810/965/1028 870/966/1029 867/967/1030
f 810/965/1028 3301/968/1031 3302/969/1032 870/966/1029
f 813/970/1033 816/971/1034 876/972/1035 873/973/1036
f 816/971/1034 819/974/1037 879/975/1038 876/972/1035
f 819/974/1037 765/920/983 825/923/986 879/975/1038
f 827/976/1039 824/977/1040 362/978/1041 363/979/1042
f 824/977/1040 2513/980/1043 2514/981/1044 362/978/1041
f 830/982/1045 833/983/1046 365/984/1047 364/985/1048
f 833/983/1046 2626/986/1049 2627/987/1050 365/984/1047
f 836/988/1051 2744/989/1052 2745/990/1053 366/991/1054
f 839/992/1055 842/993/1056 368/994/1057 367/995/1058
f 842/993/1056 2856/996/1059 2857/997/1060 368/994/1057
f 845/998/1061 848/999/1062 370/1000/1063 369/1001/1064
f 848/999/1062 851/1002/1065 371/1003/1066 370/1000/1063
f 851/1002/1065 854/1004/1067 372/1005/1068 371/1003/1066
f 854/1004/1067 857/1006/1069 373/1007/1070 372/1005/1068
f 857/1006/1069 2968/1008/1071 2969/1009/1072 373/1007/1070
f 860/1010/1073 863/1011/1074 375/1012/1075 374/1013/1076
f 863/1011/1074 3080/1014/1077 3081/1015/1078 375/1012/1075
f 866/1016/1079 3192/1017/1080 3193/1018/1081 376/1019/1082
f 869/1020/1083 872/1021/1084 378/1022/1085 377/1023/1086
f 872/1021/1084 3304/1024/1087 3305/1025/1088 378/1022/1085
f 875/1026/1089 878/1027/1090 380/1028/1091 379/1029/1092
f 878/1027/1090 881/1030/1093 381/1031/1094 380/1028/1091
f 881/1030/1093 827/976/1039 363/979/1042 381/1031/1094
f 391/530/593 386/529/592 644/1032/1095 647/1033/1096
f 386/529/592 2485/541/604 2486/1034/1097 644/1032/1095
f 396/544/607 401/547/610 653/1035/1098 650/1036/1099
f 401/547/610 2598/553/616 2599/1037/1100 653/1035/1098
f 406/556/619 2716/559/622 2717/1038/1101 656/1039/1102
f 411/564/627 416/567/630 662/1040/1103 659/1041/1104
f 416/567/630 2828/573/636 2829/1042/1105 662/1040/1103
f 421/576/639 426/579/642 668/1043/1106 665/1044/1107
f 426/579/642 431/585/648 671/1045/1108 668/1043/1106
f 431/585/648 436/589/652 674/1046/1109 671/1045/1108
f 436/589/652 441/593/656 677/1047/1110 674/1046/1109
f 441/593/656 2940/597/660 2941/1048/1111 677/1047/1110
f 446/600/663 451/603/666 683/1049/1112 680/1050/1113
f 451/603/666 3052/609/672 3053/1051/1114 683/1049/1112
f 456/612/675 3164/615/678 3165/1052/1115 686/1053/1116
f 461/620/683 466/623/686 692/1054/1117 689/1055/1118
f 466/623/686 3276/629/692 3277/1056/1119 692/1054/1117
f 471/632/695 476/635/698 698/1057/1120 695/1058/1121
f 476/635/698 481/536/599 701/1059/1122 698/1057/1120
f 481/536/599 391/530/593 647/1033/1096 701/1059/1122
f 707/1060/1123 704/1061/1124 482/644/707 486/647/710
f 704/1061/1124 2491/1062/1125 2492/655/718 482/644/707
f 710/1063/1126 713/1064/1127 494/663/726 490/662/725
f 713/1064/1127 2604/1065/1128 2605/667/730 494/663/726
f 716/1066/1129 2722/1067/1130 2723/675/738 498/674/737
f 719/1068/1131 722/1069/1132 506/683/746 502/682/745
f 722/1069/1132 2834/1070/1133 2835/687/750 506/683/746
f 725/1071/1134 728/1072/1135 514/695/758 510/694/757
f 728/1072/1135 731/1073/1136 518/699/762 514/695/758
f 731/1073/1136 734/1074/1137 522/703/766 518/699/762
f 734/1074/1137 737/1075/1138 526/707/770 522/703/766
f 737/1075/1138 2946/1076/1139 2947/711/774 526/707/770
f 740/1077/1140 743/1078/1141 534/719/782 530/718/781
f 743/1078/1141 3058/1079/1142 3059/723/786 534/719/782
f 746/1080/1143 3170/1081/1144 3171/731/794 538/730/793
f 749/1082/1145 752/1083/1146 546/739/802 542/738/801
f 752/1083/1146 3282/1084/1147 3283/743/806 546/739/802
f 755/1085/1148 758/1086/1149 554/751/814 550/750/813
f 758/1086/1149 761/1087/1150 558/651/714 554/751/814
f 761/1087/1150 707/1060/1123 486/647/710 558/651/714
f 569/754/817 565/753/816 764/1088/1151 767/1089/1152
f 565/753/816 2507/765/828 2508/1090/1153 764/1088/1151
f 573/768/831 577/771/834 773/1091/1154 770/1092/1155
f 577/771/834 2620/777/840 2621/1093/1156 773/1091/1154
f 581/780/843 2738/783/846 2739/1094/1157 776/1095/1158
f 585/788/851 589/791/854 782/1096/1159 779/1097/1160
f 589/791/854 2850/797/860 2851/1098/1161 782/1096/1159
f 593/800/863 597/803/866 788/1099/1162 785/1100/1163
f 597/803/866 601/809/872 791/1101/1164 788/1099/1162
f 601/809/872 605/813/876 794/1102/1165 791/1101/1164
f 605/813/876 609/817/880 797/1103/1166 794/1102/1165
f 609/817/880 2962/821/884 2963/1104/1167 797/1103/1166
f 613/824/887 617/827/890 803/1105/1168 800/1106/1169
f 617/827/890 3074/833/896 3075/1107/1170 803/1105/1168
f 621/836/899 3186/839/902 3187/1108/1171 806/1109/1172
f 625/844/907 629/847/910 812/1110/1173 809/1111/1174
f 629/847/910 3298/853/916 3299/1112/1175 812/1110/1173
f 633/856/919 637/859/922 818/1113/1176 815/1114/1177
f 637/859/922 641/760/823 821/1115/1178 818/1113/1176
f 641/760/823 569/754/817 767/1089/1152 821/1115/1178
f 642/865/928 643/1116/1179 2487/1117/1180 2488/868/931
f 643/1116/1179 644/1032/1095 2486/1034/1097 2487/1117/1180
f 644/1032/1095 643/1116/1179 646/1118/1181 647/1033/1096
f 643/1116/1179 642/865/928 645/864/927 646/1118/1181
f 648/870/933 649/1119/1182 652/1120/1183 651/871/934
f 649/1119/1182 650/1036/1099 653/1035/1098 652/1120/1183
f 651/871/934 652/1120/1183 2600/1121/1184 2601/874/937
f 652/1120/1183 653/1035/1098 2599/1037/1100 2600/1121/1184
f 654/876/939 655/1122/1185 2718/1123/1186 2719/877/940
f 655/1122/1185 656/1039/1102 2717/1038/1101 2718/1123/1186
f 657/880/943 658/1124/1187 661/1125/1188 660/881/944
f 658/1124/1187 659/1041/1104 662/1040/1103 661/1125/1188
f 660/881/944 661/1125/1188 2830/1126/1189 2831/884/947
f 661/1125/1188 662/1040/1103 2829/1042/1105 2830/1126/1189
f 663/886/949 664/1127/1190 667/1128/1191 666/887/950
f 664/1127/1190 665/1044/1107 668/1043/1106 667/1128/1191
f 666/887/950 667/1128/1191 670/1129/1192 669/890/953
f 667/1128/1191 668/1043/1106 671/1045/1108 670/1129/1192
f 669/890/953 670/1129/1192 673/1130/1193 672/892/955
f 670/1129/1192 671/1045/1108 674/1046/1109 673/1130/1193
f 672/892/955 673/1130/1193 676/1131/1194 675/894/957
f 673/1130/1193 674/1046/1109 677/1047/1110 676/1131/1194
f 675/894/957 676/1131/1194 2942/1132/1195 2943/896/959
f 676/1131/1194 677/1047/1110 2941/1048/1111 2942/1132/1195
f 678/898/961 679/1133/1196 682/1134/1197 681/899/962
f 679/1133/1196 680/1050/1113 683/1049/1112 682/1134/1197
f 681/899/962 682/1134/1197 3054/1135/1198 3055/902/965
f 682/1134/1197 683/1049/1112 3053/1051/1114 3054/1135/1198
f 684/904/967 685/1136/1199 3166/1137/1200 3167/905/968
f 685/1136/1199 686/1053/1116 3165/1052/1115 3166/1137/1200
f 687/908/971 688/1138/1201 691/1139/1202 690/909/972
f 688/1138/1201 689/1055/1118 692/1054/1117 691/1139/1202
f 690/909/972 691/1139/1202 3278/1140/1203 3279/912/975
f 691/1139/1202 692/1054/1117 3277/1056/1119 3278/1140/1203
f 693/914/977 694/1141/1204 697/1142/1205 696/915/978
f 694/1141/1204 695/1058/1121 698/1057/1120 697/1142/1205
f 696/915/978 697/1142/1205 700/1143/1206 699/918/981
f 697/1142/1205 698/1057/1120 701/1059/1122 700/1143/1206
f 647/1033/1096 646/1118/1181 700/1143/1206 701/1059/1122
f 646/1118/1181 645/864/927 699/918/981 700/1143/1206
f 702/866/929 703/1144/1207 706/1145/1208 705/867/930
f 703/1144/1207 704/1061/1124 707/1060/1123 706/1145/1208
f 705/867/930 706/1145/1208 760/1146/1209 759/919/982
f 706/1145/1208 707/1060/1123 761/1087/1150 760/1146/1209
f 704/1061/1124 703/1144/1207 2490/1147/1210 2491/1062/1125
f 703/1144/1207 702/866/929 2489/869/932 2490/1147/1210
f 710/1063/1126 709/1148/1211 712/1149/1212 713/1064/1127
f 709/1148/1211 708/873/936 711/872/935 712/1149/1212
f 713/1064/1127 712/1149/1212 2603/1150/1213 2604/1065/1128
f 712/1149/1212 711/872/935 2602/875/938 2603/1150/1213
f 716/1066/1129 715/1151/1214 2721/1152/1215 2722/1067/1130
f 715/1151/1214 714/879/942 2720/878/941 2721/1152/1215
f 719/1068/1131 718/1153/1216 721/1154/1217 722/1069/1132
f 718/1153/1216 717/883/946 720/882/945 721/1154/1217
f 722/1069/1132 721/1154/1217 2833/1155/1218 2834/1070/1133
f 721/1154/1217 720/882/945 2832/885/948 2833/1155/1218
f 725/1071/1134 724/1156/1219 727/1157/1220 728/1072/1135
f 724/1156/1219 723/889/952 726/888/951 727/1157/1220
f 728/1072/1135 727/1157/1220 730/1158/1221 731/1073/1136
f 727/1157/1220 726/888/951 729/891/954 730/1158/1221
f 731/1073/1136 730/1158/1221 733/1159/1222 734/1074/1137
f 730/1158/1221 729/891/954 732/893/956 733/1159/1222
f 734/1074/1137 733/1159/1222 736/1160/1223 737/1075/1138
f 733/1159/1222 732/893/956 735/895/958 736/1160/1223
f 737/1075/1138 736/1160/1223 2945/1161/1224 2946/1076/1139
f 736/1160/1223 735/895/958 2944/897/960 2945/1161/1224
f 740/1077/1140 739/1162/1225 742/1163/1226 743/1078/1141
f 739/1162/1225 738/901/964 741/900/963 742/1163/1226
f 743/1078/1141 742/1163/1226 3057/1164/1227 3058/1079/1142
f 742/1163/1226 741/900/963 3056/903/966 3057/1164/1227
f 746/1080/1143 745/1165/1228 3169/1166/1229 3170/1081/1144
f 745/1165/1228 744/907/970 3168/906/969 3169/1166/1229
f 749/1082/1145 748/1167/1230 751/1168/1231 752/1083/1146
f 748/1167/1230 747/911/974 750/910/973 751/1168/1231
f 752/1083/1146 751/1168/1231 3281/1169/1232 3282/1084/1147
f 751/1168/1231 750/910/973 3280/913/976 3281/1169/1232
f 755/1085/1148 754/1170/1233 757/1171/1234 758/1086/1149
f 754/1170/1233 753/917/980 756/916/979 757/1171/1234
f 758/1086/1149 757/1171/1234 760/1146/1209 761/1087/1150
f 757/1171/1234 756/916/979 759/919/982 760/1146/1209
f 762/921/984 763/1172/1235 2509/1173/1236 2510/924/987
f 763/1172/1235 764/1088/1151 2508/1090/1153 2509/1173/1236
f 764/1088/1151 763/1172/1235 766/1174/1237 767/1089/1152
f 763/1172/1235 762/921/984 765/920/983 766/1174/1237
f 768/926/989 769/1175/1238 772/1176/1239 771/927/990
f 769/1175/1238 770/1092/1155 773/1091/1154 772/1176/1239
f 771/927/990 772/1176/1239 2622/1177/1240 2623/930/993
f 772/1176/1239 773/1091/1154 2621/1093/1156 2622/1177/1240
f 774/932/995 775/1178/1241 2740/1179/1242 2741/933/996
f 775/1178/1241 776/1095/1158 2739/1094/1157 2740/1179/1242
f 777/936/999 778/1180/1243 781/1181/1244 780/937/1000
f 778/1180/1243 779/1097/1160 782/1096/1159 781/1181/1244
f 780/937/1000 781/1181/1244 2852/1182/1245 2853/940/1003
f 781/1181/1244 782/1096/1159 2851/1098/1161 2852/1182/1245
f 783/942/1005 784/1183/1246 787/1184/1247 786/943/1006
f 784/1183/1246 785/1100/1163 788/1099/1162 787/1184/1247
f 786/943/1006 787/1184/1247 790/1185/1248 789/946/1009
f 787/1184/1247 788/1099/1162 791/1101/1164 790/1185/1248
f 789/946/1009 790/1185/1248 793/1186/1249 792/948/1011
f 790/1185/1248 791/1101/1164 794/1102/1165 793/1186/1249
f 792/948/1011 793/1186/1249 796/1187/1250 795/950/1013
f 793/1186/1249 794/1102/1165 797/1103/1166 796/1187/1250
f 795/950/1013 796/1187/1250 2964/1188/1251 2965/952/1015
f 796/1187/1250 797/1103/1166 2963/1104/1167 2964/1188/1251
f 798/954/1017 799/1189/1252 802/1190/1253 801/955/1018
f 799/1189/1252 800/1106/1169 803/1105/1168 802/1190/1253
f 801/955/1018 802/1190/1253 3076/1191/1254 3077/958/1021
f 802/1190/1253 803/1105/1168 3075/1107/1170 3076/1191/1254
f 804/960/1023 805/1192/1255 3188/1193/1256 3189/961/1024
f 805/1192/1255 806/1109/1172 3187/1108/1171 3188/1193/1256
f 807/964/1027 808/1194/1257 811/1195/1258 810/965/1028
f 808/1194/1257 809/1111/1174 812/1110/1173 811/1195/1258
f 810/965/1028 811/1195/1258 3300/1196/1259 3301/968/1031
f 811/1195/1258 812/1110/1173 3299/1112/1175 3300/1196/1259
f 813/970/1033 814/1197/1260 817/1198/1261 816/971/1034
f 814/1197/1260 815/1114/1177 818/1113/1176 817/1198/1261
f 816/971/1034 817/1198/1261 820/1199/1262 819/974/1037
f 817/1198/1261 818/1113/1176 821/1115/1178 820/1199/1262
f 767/1089/1152 766/1174/1237 820/1199/1262 821/1115/1178
f 766/1174/1237 765/920/983 819/974/1037 820/1199/1262
f 822/922/985 823/1200/1263 826/1201/1264 825/923/986
f 823/1200/1263 824/977/1040 827/976/1039 826/1201/1264
f 825/923/986 826/1201/1264 880/1202/1265 879/975/1038
f 826/1201/1264 827/976/1039 881/1030/1093 880/1202/1265
f 824/977/1040 823/1200/1263 2512/1203/1266 2513/980/1043
f 823/1200/1263 822/922/985 2511/925/988 2512/1203/1266
f 830/982/1045 829/1204/1267 832/1205/1268 833/983/1046
f 829/1204/1267 828/929/992 831/928/991 832/1205/1268
f 833/983/1046 832/1205/1268 2625/1206/1269 2626/986/1049
f 832/1205/1268 831/928/991 2624/931/994 2625/1206/1269
f 836/988/1051 835/1207/1270 2743/1208/1271 2744/989/1052
f 835/1207/1270 834/935/998 2742/934/997 2743/1208/1271
f 839/992/1055 838/1209/1272 841/1210/1273 842/993/1056
f 838/1209/1272 837/939/1002 840/938/1001 841/1210/1273
f 842/993/1056 841/1210/1273 2855/1211/1274 2856/996/1059
f 841/1210/1273 840/938/1001 2854/941/1004 2855/1211/1274
f 845/998/1061 844/1212/1275 847/1213/1276 848/999/1062
f 844/1212/1275 843/945/1008 846/944/1007 847/1213/1276
f 848/999/1062 847/1213/1276 850/1214/1277 851/1002/1065
f 847/1213/1276 846/944/1007 849/947/1010 850/1214/1277
f 851/1002/1065 850/1214/1277 853/1215/1278 854/1004/1067
f 850/1214/1277 849/947/1010 852/949/1012 853/1215/1278
f 854/1004/1067 853/1215/1278 856/1216/1279 857/1006/1069
f 853/1215/1278 852/949/1012 855/951/1014 856/1216/1279
f 857/1006/1069 856/1216/1279 2967/1217/1280 2968/1008/1071
f 856/1216/1279 855/951/1014 2966/953/1016 2967/1217/1280
f 860/1010/1073 859/1218/1281 862/1219/1282 863/1011/1074
f 859/1218/1281 858/957/1020 861/956/1019 862/1219/1282
f 863/1011/1074 862/1219/1282 3079/1220/1283 3080/1014/1077
f 862/1219/1282 861/956/1019 3078/959/1022 3079/1220/1283
f 866/1016/1079 865/1221/1284 3191/1222/1285 3192/1017/1080
f 865/1221/1284 864/963/1026 3190/962/1025 3191/1222/1285
f 869/1020/1083 868/1223/1286 871/1224/1287 872/1021/1084
f 868/1223/1286 867/967/1030 870/966/1029 871/1224/1287
f 872/1021/1084 871/1224/1287 3303/1225/1288 3304/1024/1087
f 871/1224/1287 870/966/1029 3302/969/1032 3303/1225/1288
f 875/1026/1089 874/1226/1289 877/1227/1290 878/1027/1090
f 874/1226/1289 873/973/1036 876/972/1035 877/1227/1290
f 878/1027/1090 877/1227/1290 880/1202/1265 881/1030/1093
f 877/1227/1290 876/972/1035 879/975/1038 880/1202/1265
f 886/1228/1291 882/1229/1292 962/1230/1293 966/1231/1294
f 882/1229/1292 2499/1232/1295 2500/1233/1296 962/1230/1293
f 890/1234/1297 894/1235/1298 974/1236/1299 970/1237/1300
f 894/1235/1298 2612/1238/1301 2613/1239/1302 974/1236/1299
f 898/1240/1303 2730/1241/1304 2731/1242/1305 978/1243/1306
f 902/1244/1307 906/1245/1308 986/1246/1309 982/1247/1310
f 906/1245/1308 2842/1248/1311 2843/1249/1312 986/1246/1309
f 910/1250/1313 914/1251/1314 994/1252/1315 990/1253/1316
f 914/1251/1314 918/1254/1317 998/1255/1318 994/1252/1315
f 918/1254/1317 922/1256/1319 1002/1257/1320 998/1255/1318
f 922/1256/1319 926/1258/1321 1006/1259/1322 1002/1257/1320
f 926/1258/1321 2954/1260/1323 2955/1261/1324 1006/1259/1322
f 930/1262/1325 934/1263/1326 1014/1264/1327 1010/1265/1328
f 934/1263/1326 3066/1266/1329 3067/1267/1330 1014/1264/1327
f 938/1268/1331 3178/1269/1332 3179/1270/1333 1018/1271/1334
f 942/1272/1335 946/1273/1336 1026/1274/1337 1022/1275/1338
f 946/1273/1336 3290/1276/1339 3291/1277/1340 1026/1274/1337
f 950/1278/1341 954/1279/1342 1034/1280/1343 1030/1281/1344
f 954/1279/1342 958/1282/1345 1038/1283/1346 1034/1280/1343
f 958/1282/1345 886/1228/1291 966/1231/1294 1038/1283/1346
f 489/642/705 485/641/704 885/1284/1347 889/1285/1348
f 485/641/704 2495/653/716 2496/1286/1349 885/1284/1347
f 493/656/719 497/659/722 897/1287/1350 893/1288/1351
f 497/659/722 2608/665/728 2609/1289/1352 897/1287/1350
f 501/668/731 2726/671/734 2727/1290/1353 901/1291/1354
f 505/676/739 509/679/742 909/1292/1355 905/1293/1356
f 509/679/742 2838/685/748 2839/1294/1357 909/1292/1355
f 513/688/751 517/691/754 917/1295/1358 913/1296/1359
f 517/691/754 521/697/760 921/1297/1360 917/1295/1358
f 521/697/760 525/701/764 925/1298/1361 921/1297/1360
f 525/701/764 529/705/768 929/1299/1362 925/1298/1361
f 529/705/768 2950/709/772 2951/1300/1363 929/1299/1362
f 533/712/775 537/715/778 937/1301/1364 933/1302/1365
f 537/715/778 3062/721/784 3063/1303/1366 937/1301/1364
f 541/724/787 3174/727/790 3175/1304/1367 941/1305/1368
f 545/732/795 549/735/798 949/1306/1369 945/1307/1370
f 549/735/798 3286/741/804 3287/1308/1371 949/1306/1369
f 553/744/807 557/747/810 957/1309/1372 953/1310/1373
f 557/747/810 561/648/711 961/1311/1374 957/1309/1372
f 561/648/711 489/642/705 889/1285/1348 961/1311/1374
f 969/1312/1375 965/1313/1376 562/756/819 566/759/822
f 965/1313/1376 2503/1314/1377 2504/767/830 562/756/819
f 973/1315/1378 977/1316/1379 574/775/838 570/774/837
f 977/1316/1379 2616/1317/1380 2617/779/842 574/775/838
f 981/1318/1381 2734/1319/1382 2735/787/850 578/786/849
f 985/1320/1383 989/1321/1384 586/795/858 582/794/857
f 989/1321/1384 2846/1322/1385 2847/799/862 586/795/858
f 993/1323/1386 997/1324/1387 594/807/870 590/806/869
f 997/1324/1387 1001/1325/1388 598/811/874 594/807/870
f 1001/1325/1388 1005/1326/1389 602/815/878 598/811/874
f 1005/1326/1389 1009/1327/1390 606/819/882 602/815/878
f 1009/1327/1390 2958/1328/1391 2959/823/886 606/819/882
f 1013/1329/1392 1017/1330/1393 614/831/894 610/830/893
f 1017/1330/1393 3070/1331/1394 3071/835/898 614/831/894
f 1021/1332/1395 3182/1333/1396 3183/843/906 618/842/905
f 1025/1334/1397 1029/1335/1398 626/851/914 622/850/913
f 1029/1335/1398 3294/1336/1399 3295/855/918 626/851/914
f 1033/1337/1400 1037/1338/1401 634/863/926 630/862/925
f 1037/1338/1401 1041/1339/1402 638/763/826 634/863/926
f 1041/1339/1402 969/1312/1375 566/759/822 638/763/826
f 884/1340/1403 885/1284/1347 2496/1286/1349 2497/1341/1404
f 882/1229/1292 883/1342/1405 2498/1343/1406 2499/1232/1295
f 883/1342/1405 884/1340/1403 2497/1341/1404 2498/1343/1406
f 885/1284/1347 884/1340/1403 888/1344/1407 889/1285/1348
f 884/1340/1403 883/1342/1405 887/1345/1408 888/1344/1407
f 883/1342/1405 882/1229/1292 886/1228/1291 887/1345/1408
f 892/1346/1409 893/1288/1351 897/1287/1350 896/1347/1410
f 890/1234/1297 891/1348/1411 895/1349/1412 894/1235/1298
f 891/1348/1411 892/1346/1409 896/1347/1410 895/1349/1412
f 896/1347/1410 897/1287/1350 2609/1289/1352 2610/1350/1413
f 894/1235/1298 895/1349/1412 2611/1351/1414 2612/1238/1301
f 895/1349/1412 896/1347/1410 2610/1350/1413 2611/1351/1414
f 900/1352/1415 901/1291/1354 2727/1290/1353 2728/1353/1416
f 898/1240/1303 899/1354/1417 2729/1355/1418 2730/1241/1304
f 899/1354/1417 900/1352/1415 2728/1353/1416 2729/1355/1418
f 904/1356/1419 905/1293/1356 909/1292/1355 908/1357/1420
f 902/1244/1307 903/1358/1421 907/1359/1422 906/1245/1308
f 903/1358/1421 904/1356/1419 908/1357/1420 907/1359/1422
f 908/1357/1420 909/1292/1355 2839/1294/1357 2840/1360/1423
f 906/1245/1308 907/1359/1422 2841/1361/1424 2842/1248/1311
f 907/1359/1422 908/1357/1420 2840/1360/1423 2841/1361/1424
f 912/1362/1425 913/1296/1359 917/1295/1358 916/1363/1426
f 910/1250/1313 911/1364/1427 915/1365/1428 914/1251/1314
f 911/1364/1427 912/1362/1425 916/1363/1426 915/1365/1428
f 916/1363/1426 917/1295/1358 921/1297/1360 920/1366/1429
f 914/1251/1314 915/1365/1428 919/1367/1430 918/1254/1317
f 915/1365/1428 916/1363/1426 920/1366/1429 919/1367/1430
f 920/1366/1429 921/1297/1360 925/1298/1361 924/1368/1431
f 918/1254/1317 919/1367/1430 923/1369/1432 922/1256/1319
f 919/1367/1430 920/1366/1429 924/1368/1431 923/1369/1432
f 924/1368/1431 925/1298/1361 929/1299/1362 928/1370/1433
f 922/1256/1319 923/1369/1432 927/1371/1434 926/1258/1321
f 923/1369/1432 924/1368/1431 928/1370/1433 927/1371/1434
f 928/1370/1433 929/1299/1362 2951/1300/1363 2952/1372/1435
f 926/1258/1321 927/1371/1434 2953/1373/1436 2954/1260/1323
f 927/1371/1434 928/1370/1433 2952/1372/1435 2953/1373/1436
f 932/1374/1437 933/1302/1365 937/1301/1364 936/1375/1438
f 930/1262/1325 931/1376/1439 935/1377/1440 934/1263/1326
f 931/1376/1439 932/1374/1437 936/1375/1438 935/1377/1440
f 936/1375/1438 937/1301/1364 3063/1303/1366 3064/1378/1441
f 934/1263/1326 935/1377/1440 3065/1379/1442 3066/1266/1329
f 935/1377/1440 936/1375/1438 3064/1378/1441 3065/1379/1442
f 940/1380/1443 941/1305/1368 3175/1304/1367 3176/1381/1444
f 938/1268/1331 939/1382/1445 3177/1383/1446 3178/1269/1332
f 939/1382/1445 940/1380/1443 3176/1381/1444 3177/1383/1446
f 944/1384/1447 945/1307/1370 949/1306/1369 948/1385/1448
f 942/1272/1335 943/1386/1449 947/1387/1450 946/1273/1336
f 943/1386/1449 944/1384/1447 948/1385/1448 947/1387/1450
f 948/1385/1448 949/1306/1369 3287/1308/1371 3288/1388/1451
f 946/1273/1336 947/1387/1450 3289/1389/1452 3290/1276/1339
f 947/1387/1450 948/1385/1448 3288/1388/1451 3289/1389/1452
f 952/1390/1453 953/1310/1373 957/1309/1372 956/1391/1454
f 950/1278/1341 951/1392/1455 955/1393/1456 954/1279/1342
f 951/1392/1455 952/1390/1453 956/1391/1454 955/1393/1456
f 956/1391/1454 957/1309/1372 961/1311/1374 960/1394/1457
f 954/1279/1342 955/1393/1456 959/1395/1458 958/1282/1345
f 955/1393/1456 956/1391/1454 960/1394/1457 959/1395/1458
f 889/1285/1348 888/1344/1407 960/1394/1457 961/1311/1374
f 888/1344/1407 887/1345/1408 959/1395/1458 960/1394/1457
f 887/1345/1408 886/1228/1291 958/1282/1345 959/1395/1458
f 964/1396/1459 965/1313/1376 969/1312/1375 968/1397/1460
f 962/1230/1293 963/1398/1461 967/1399/1462 966/1231/1294
f 963/1398/1461 964/1396/1459 968/1397/1460 967/1399/1462
f 968/1397/1460 969/1312/1375 1041/1339/1402 1040/1400/1463
f 966/1231/1294 967/1399/1462 1039/1401/1464 1038/1283/1346
f 967/1399/1462 968/1397/1460 1040/1400/1463 1039/1401/1464
f 965/1313/1376 964/1396/1459 2502/1402/1465 2503/1314/1377
f 964/1396/1459 963/1398/1461 2501/1403/1466 2502/1402/1465
f 963/1398/1461 962/1230/1293 2500/1233/1296 2501/1403/1466
f 973/1315/1378 972/1404/1467 976/1405/1468 977/1316/1379
f 972/1404/1467 971/1406/1469 975/1407/1470 976/1405/1468
f 971/1406/1469 970/1237/1300 974/1236/1299 975/1407/1470
f 977/1316/1379 976/1405/1468 2615/1408/1471 2616/1317/1380
f 976/1405/1468 975/1407/1470 2614/1409/1472 2615/1408/1471
f 975/1407/1470 974/1236/1299 2613/1239/1302 2614/1409/1472
f 981/1318/1381 980/1410/1473 2733/1411/1474 2734/1319/1382
f 980/1410/1473 979/1412/1475 2732/1413/1476 2733/1411/1474
f 979/1412/1475 978/1243/1306 2731/1242/1305 2732/1413/1476
f 985/1320/1383 984/1414/1477 988/1415/1478 989/1321/1384
f 984/1414/1477 983/1416/1479 987/1417/1480 988/1415/1478
f 983/1416/1479 982/1247/1310 986/1246/1309 987/1417/1480
f 989/1321/1384 988/1415/1478 2845/1418/1481 2846/1322/1385
f 988/1415/1478 987/1417/1480 2844/1419/1482 2845/1418/1481
f 987/1417/1480 986/1246/1309 2843/1249/1312 2844/1419/1482
f 993/1323/1386 992/1420/1483 996/1421/1484 997/1324/1387
f 992/1420/1483 991/1422/1485 995/1423/1486 996/1421/1484
f 991/1422/1485 990/1253/1316 994/1252/1315 995/1423/1486
f 997/1324/1387 996/1421/1484 1000/1424/1487 1001/1325/1388
f 996/1421/1484 995/1423/1486 999/1425/1488 1000/1424/1487
f 995/1423/1486 994/1252/1315 998/1255/1318 999/1425/1488
f 1001/1325/1388 1000/1424/1487 1004/1426/1489 1005/1326/1389
f 1000/1424/1487 999/1425/1488 1003/1427/1490 1004/1426/1489
f 999/1425/1488 998/1255/1318 1002/1257/1320 1003/1427/1490
f 1005/1326/1389 1004/1426/1489 1008/1428/1491 1009/1327/1390
f 1004/1426/1489 1003/1427/1490 1007/1429/1492 1008/1428/1491
f 1003/1427/1490 1002/1257/1320 1006/1259/1322 1007/1429/1492
f 1009/1327/1390 1008/1428/1491 2957/1430/1493 2958/1328/1391
f 1008/1428/1491 1007/1429/1492 2956/1431/1494 2957/1430/1493
f 1007/1429/1492 1006/1259/1322 2955/1261/1324 2956/1431/1494
f 1013/1329/1392 1012/1432/1495 1016/1433/1496 1017/1330/1393
f 1012/1432/1495 1011/1434/1497 1015/1435/1498 1016/1433/1496
f 1011/1434/1497 1010/1265/1328 1014/1264/1327 1015/1435/1498
f 1017/1330/1393 1016/1433/1496 3069/1436/1499 3070/1331/1394
f 1016/1433/1496 1015/1435/1498 3068/1437/1500 3069/1436/1499
f 1015/1435/1498 1014/1264/1327 3067/1267/1330 3068/1437/1500
f 1021/1332/1395 1020/1438/1501 3181/1439/1502 3182/1333/1396
f 1020/1438/1501 1019/1440/1503 3180/1441/1504 3181/1439/1502
f 1019/1440/1503 1018/1271/1334 3179/1270/1333 3180/1441/1504
f 1025/1334/1397 1024/1442/1505 1028/1443/1506 1029/1335/1398
f 1024/1442/1505 1023/1444/1507 1027/1445/1508 1028/1443/1506
f 1023/1444/1507 1022/1275/1338 1026/1274/1337 1027/1445/1508
f 1029/1335/1398 1028/1443/1506 3293/1446/1509 3294/1336/1399
f 1028/1443/1506 1027/1445/1508 3292/1447/1510 3293/1446/1509
f 1027/1445/1508 1026/1274/1337 3291/1277/1340 3292/1447/1510
f 1033/1337/1400 1032/1448/1511 1036/1449/1512 1037/1338/1401
f 1032/1448/1511 1031/1450/1513 1035/1451/1514 1036/1449/1512
f 1031/1450/1513 1030/1281/1344 1034/1280/1343 1035/1451/1514
f 1037/1338/1401 1036/1449/1512 1040/1400/1463 1041/1339/1402
f 1036/1449/1512 1035/1451/1514 1039/1401/1464 1040/1400/1463
f 1035/1451/1514 1034/1280/1343 1038/1283/1346 1039/1401/1464
f 1042/1452/1515 1046/1453/1516 1126/1454/1517 1122/1455/1518
f 1046/1453/1516 2462/1456/1519 2463/1457/1520 1126/1454/1517
f 1050/1458/1521 1054/1459/1522 1134/1460/1523 1130/1461/1524
f 1054/1459/1522 2575/1462/1525 2576/1463/1526 1134/1460/1523
f 1058/1464/1527 2693/1465/1528 2694/1466/1529 1138/1467/1530
f 1062/1468/1531 1066/1469/1532 1146/1470/1533 1142/1471/1534
f 1066/1469/1532 2805/1472/1535 2806/1473/1536 1146/1470/1533
f 1070/1474/1537 1074/1475/1538 1154/1476/1539 1150/1477/1540
f 1074/1475/1538 1078/1478/1541 1158/1479/1542 1154/1476/1539
f 1078/1478/1541 1082/1480/1543 1162/1481/1544 1158/1479/1542
f 1082/1480/1543 1086/1482/1545 1166/1483/1546 1162/1481/1544
f 1086/1482/1545 2917/1484/1547 2918/1485/1548 1166/1483/1546
f 1090/1486/1549 1094/1487/1550 1174/1488/1551 1170/1489/1552
f 1094/1487/1550 3029/1490/1553 3030/1491/1554 1174/1488/1551
f 1098/1492/1555 3141/1493/1556 3142/1494/1557 1178/1495/1558
f 1102/1496/1559 1106/1497/1560 1186/1498/1561 1182/1499/1562
f 1106/1497/1560 3253/1500/1563 3254/1501/1564 1186/1498/1561
f 1110/1502/1565 1114/1503/1566 1194/1504/1567 1190/1505/1568
f 1114/1503/1566 1118/1506/1569 1198/1507/1570 1194/1504/1567
f 1118/1506/1569 1042/1452/1515 1122/1455/1518 1198/1507/1570
f 46/80/115 51/88/123 1049/1508/1571 1045/1509/1572
f 51/88/123 2458/92/127 2459/1510/1573 1049/1508/1571
f 56/95/130 61/98/133 1057/1511/1574 1053/1512/1575
f 61/98/133 2571/104/139 2572/1513/1576 1057/1511/1574
f 66/107/142 2689/110/145 2690/1514/1577 1061/1515/1578
f 71/115/150 76/118/153 1069/1516/1579 1065/1517/1580
f 76/118/153 2801/124/159 2802/1518/1581 1069/1516/1579
f 81/127/162 86/130/165 1077/1519/1582 1073/1520/1583
f 86/130/165 91/136/171 1081/1521/1584 1077/1519/1582
f 91/136/171 96/140/175 1085/1522/1585 1081/1521/1584
f 96/140/175 101/144/179 1089/1523/1586 1085/1522/1585
f 101/144/179 2913/148/183 2914/1524/1587 1089/1523/1586
f 106/151/186 111/154/189 1097/1525/1588 1093/1526/1589
f 111/154/189 3025/160/195 3026/1527/1590 1097/1525/1588
f 116/163/198 3137/166/201 3138/1528/1591 1101/1529/1592
f 121/171/206 126/174/209 1109/1530/1593 1105/1531/1594
f 126/174/209 3249/180/215 3250/1532/1595 1109/1530/1593
f 131/183/218 136/186/221 1117/1533/1596 1113/1534/1597
f 136/186/221 141/81/116 1121/1535/1598 1117/1533/1596
f 141/81/116 46/80/115 1045/1509/1572 1121/1535/1598
f 1125/1536/1599 1129/1537/1600 149/211/246 142/201/236
f 1129/1537/1600 2466/1538/1601 2467/219/253 149/211/246
f 1133/1539/1602 1137/1540/1603 163/233/267 156/232/266
f 1137/1540/1603 2579/1541/1604 2580/240/274 163/233/267
f 1141/1542/1605 2697/1543/1606 2698/254/288 170/253/287
f 1145/1544/1607 1149/1545/1608 184/268/302 177/267/301
f 1149/1545/1608 2809/1546/1609 2810/275/309 184/268/302
f 1153/1547/1610 1157/1548/1611 198/289/323 191/288/322
f 1157/1548/1611 1161/1549/1612 205/296/330 198/289/323
f 1161/1549/1612 1165/1550/1613 212/303/337 205/296/330
f 1165/1550/1613 1169/1551/1614 219/310/344 212/303/337
f 1169/1551/1614 2921/1552/1615 2922/317/351 219/310/344
f 1173/1553/1616 1177/1554/1617 233/331/365 226/330/364
f 1177/1554/1617 3033/1555/1618 3034/338/372 233/331/365
f 1181/1556/1619 3145/1557/1620 3146/352/386 240/351/385
f 1185/1558/1621 1189/1559/1622 254/366/400 247/365/399
f 1189/1559/1622 3257/1560/1623 3258/373/407 254/366/400
f 1193/1561/1624 1197/1562/1625 268/387/421 261/386/420
f 1197/1562/1625 1201/1563/1626 275/204/239 268/387/421
f 1201/1563/1626 1125/1536/1599 142/201/236 275/204/239
f 1044/1564/1627 1045/1509/1572 1049/1508/1571 1048/1565/1628
f 1042/1452/1515 1043/1566/1629 1047/1567/1630 1046/1453/1516
f 1043/1566/1629 1044/1564/1627 1048/1565/1628 1047/1567/1630
f 1048/1565/1628 1049/1508/1571 2459/1510/1573 2460/1568/1631
f 1046/1453/1516 1047/1567/1630 2461/1569/1632 2462/1456/1519
f 1047/1567/1630 1048/1565/1628 2460/1568/1631 2461/1569/1633
f 1052/1570/1634 1053/1512/1575 1057/1511/1574 1056/1571/1635
f 1050/1458/1521 1051/1572/1636 1055/1573/1637 1054/1459/1522
f 1051/1572/1636 1052/1570/1634 1056/1571/1635 1055/1573/1637
f 1056/1571/1635 1057/1511/1574 2572/1513/1576 2573/1574/1638
f 1054/1459/1522 1055/1573/1637 2574/1575/1639 2575/1462/1525
f 1055/1573/1637 1056/1571/1635 2573/1574/1638 2574/1575/1639
f 1060/1576/1640 1061/1515/1578 2690/1514/1577 2691/1577/1641
f 1058/1464/1527 1059/1578/1642 2692/1579/1643 2693/1465/1528
f 1059/1578/1642 1060/1576/1640 2691/1577/1641 2692/1579/1644
f 1064/1580/1645 1065/1517/1580 1069/1516/1579 1068/1581/1646
f 1062/1468/1531 1063/1582/1647 1067/1583/1648 1066/1469/1532
f 1063/1582/1649 1064/1580/1645 1068/1581/1646 1067/1583/1650
f 1068/1581/1646 1069/1516/1579 2802/1518/1581 2803/1584/1651
f 1066/1469/1532 1067/1583/1648 2804/1585/1652 2805/1472/1535
f 1067/1583/1650 1068/1581/1646 2803/1584/1651 2804/1585/1653
f 1072/1586/1654 1073/1520/1583 1077/1519/1582 1076/1587/1655
f 1070/1474/1537 1071/1588/1656 1075/1589/1657 1074/1475/1538
f 1071/1588/1658 1072/1586/1654 1076/1587/1655 1075/1589/1659
f 1076/1587/1655 1077/1519/1582 1081/1521/1584 1080/1590/1660
f 1074/1475/1538 1075/1589/1657 1079/1591/1661 1078/1478/1541
f 1075/1589/1659 1076/1587/1655 1080/1590/1660 1079/1591/1661
f 1080/1590/1660 1081/1521/1584 1085/1522/1585 1084/1592/1662
f 1078/1478/1541 1079/1591/1661 1083/1593/1663 1082/1480/1543
f 1079/1591/1661 1080/1590/1660 1084/1592/1662 1083/1593/1663
f 1084/1592/1662 1085/1522/1585 1089/1523/1586 1088/1594/1664
f 1082/1480/1543 1083/1593/1663 1087/1595/1665 1086/1482/1545
f 1083/1593/1663 1084/1592/1662 1088/1594/1664 1087/1595/1666
f 1088/1594/1664 1089/1523/1586 2914/1524/1587 2915/1596/1667
f 1086/1482/1545 1087/1595/1665 2916/1597/1668 2917/1484/1547
f 1087/1595/1666 1088/1594/1664 2915/1596/1667 2916/1597/1669
f 1092/1598/1670 1093/1526/1589 1097/1525/1588 1096/1599/1671
f 1090/1486/1549 1091/1600/1672 1095/1601/1673 1094/1487/1550
f 1091/1600/1674 1092/1598/1670 1096/1599/1671 1095/1601/1673
f 1096/1599/1671 1097/1525/1588 3026/1527/1590 3027/1602/1675
f 1094/1487/1550 1095/1601/1673 3028/1603/1676 3029/1490/1553
f 1095/1601/1673 1096/1599/1671 3027/1602/1675 3028/1603/1676
f 1100/1604/1677 1101/1529/1592 3138/1528/1591 3139/1605/1678
f 1098/1492/1555 1099/1606/1679 3140/1607/1680 3141/1493/1556
f 1099/1606/1679 1100/1604/1677 3139/1605/1678 3140/1607/1680
f 1104/1608/1681 1105/1531/1594 1109/1530/1593 1108/1609/1682
f 1102/1496/1559 1103/1610/1683 1107/1611/1684 1106/1497/1560
f 1103/1610/1683 1104/1608/1681 1108/1609/1682 1107/1611/1684
f 1108/1609/1682 1109/1530/1593 3250/1532/1595 3251/1612/1685
f 1106/1497/1560 1107/1611/1684 3252/1613/1686 3253/1500/1563
f 1107/1611/1684 1108/1609/1682 3251/1612/1685 3252/1613/1687
f 1112/1614/1688 1113/1534/1597 1117/1533/1596 1116/1615/1689
f 1110/1502/1565 1111/1616/1690 1115/1617/1691 1114/1503/1566
f 1111/1616/1692 1112/1614/1688 1116/1615/1689 1115/1617/1691
f 1116/1615/1689 1117/1533/1596 1121/1535/1598 1120/1618/1693
f 1114/1503/1566 1115/1617/1691 1119/1619/1694 1118/1506/1569
f 1115/1617/1691 1116/1615/1689 1120/1618/1693 1119/1619/1694
f 1045/1509/1572 1044/1564/1627 1120/1618/1693 1121/1535/1598
f 1044/1564/1627 1043/1566/1629 1119/1619/1694 1120/1618/1693
f 1043/1566/1629 1042/1452/1515 1118/1506/1569 1119/1619/1694
f 1124/1620/1695 1125/1536/1599 1201/1563/1626 1200/1621/1696
f 1122/1455/1518 1123/1622/1697 1199/1623/1698 1198/1507/1570
f 1123/1622/1697 1124/1620/1695 1200/1621/1696 1199/1623/1698
f 1125/1536/1599 1124/1620/1695 1128/1624/1699 1129/1537/1600
f 1124/1620/1695 1123/1622/1697 1127/1625/1700 1128/1624/1699
f 1123/1622/1697 1122/1455/1518 1126/1454/1517 1127/1625/1700
f 1129/1537/1600 1128/1624/1699 2465/1626/1701 2466/1538/1601
f 1128/1624/1699 1127/1625/1700 2464/1627/1702 2465/1626/1701
f 1127/1625/1700 1126/1454/1517 2463/1457/1520 2464/1627/1702
f 1133/1539/1602 1132/1628/1703 1136/1629/1704 1137/1540/1603
f 1132/1628/1703 1131/1630/1705 1135/1631/1706 1136/1629/1704
f 1131/1630/1705 1130/1461/1524 1134/1460/1523 1135/1631/1706
f 1137/1540/1603 1136/1629/1704 2578/1632/1707 2579/1541/1604
f 1136/1629/1704 1135/1631/1706 2577/1633/1708 2578/1632/1707
f 1135/1631/1706 1134/1460/1523 2576/1463/1526 2577/1633/1708
f 1141/1542/1605 1140/1634/1709 2696/1635/1710 2697/1543/1606
f 1140/1634/1709 1139/1636/1711 2695/1637/1712 2696/1635/1710
f 1139/1636/1711 1138/1467/1530 2694/1466/1529 2695/1637/1712
f 1145/1544/1607 1144/1638/1713 1148/1639/1714 1149/1545/1608
f 1144/1638/1713 1143/1640/1715 1147/1641/1716 1148/1639/1714
f 1143/1640/1715 1142/1471/1534 1146/1470/1533 1147/1641/1716
f 1149/1545/1608 1148/1639/1714 2808/1642/1717 2809/1546/1609
f 1148/1639/1714 1147/1641/1716 2807/1643/1718 2808/1642/1717
f 1147/1641/1716 1146/1470/1533 2806/1473/1536 2807/1643/1718
f 1153/1547/1610 1152/1644/1719 1156/1645/1720 1157/1548/1611
f 1152/1644/1719 1151/1646/1721 1155/1647/1722 1156/1645/1720
f 1151/1646/1721 1150/1477/1540 1154/1476/1539 1155/1647/1722
f 1157/1548/1611 1156/1645/1720 1160/1648/1723 1161/1549/1612
f 1156/1645/1720 1155/1647/1722 1159/1649/1724 1160/1648/1723
f 1155/1647/1722 1154/1476/1539 1158/1479/1542 1159/1649/1724
f 1161/1549/1612 1160/1648/1723 1164/1650/1725 1165/1550/1613
f 1160/1648/1723 1159/1649/1724 1163/1651/1726 1164/1650/1725
f 1159/1649/1724 1158/1479/1542 1162/1481/1544 1163/1651/1726
f 1165/1550/1613 1164/1650/1725 1168/1652/1727 1169/1551/1614
f 1164/1650/1725 1163/1651/1726 1167/1653/1728 1168/1652/1727
f 1163/1651/1726 1162/1481/1544 1166/1483/1546 1167/1653/1728
f 1169/1551/1614 1168/1652/1727 2920/1654/1729 2921/1552/1615
f 1168/1652/1727 1167/1653/1728 2919/1655/1730 2920/1654/1729
f 1167/1653/1728 1166/1483/1546 2918/1485/1548 2919/1655/1730
f 1173/1553/1616 1172/1656/1731 1176/1657/1732 1177/1554/1617
f 1172/1656/1731 1171/1658/1733 1175/1659/1734 1176/1657/1732
f 1171/1658/1733 1170/1489/1552 1174/1488/1551 1175/1659/1734
f 1177/1554/1617 1176/1657/1732 3032/1660/1735 3033/1555/1618
f 1176/1657/1732 1175/1659/1734 3031/1661/1736 3032/1660/1735
f 1175/1659/1734 1174/1488/1551 3030/1491/1554 3031/1661/1736
f 1181/1556/1619 1180/1662/1737 3144/1663/1738 3145/1557/1620
f 1180/1662/1737 1179/1664/1739 3143/1665/1740 3144/1663/1738
f 1179/1664/1739 1178/1495/1558 3142/1494/1557 3143/1665/1740
f 1185/1558/1621 1184/1666/1741 1188/1667/1742 1189/1559/1622
f 1184/1666/1741 1183/1668/1743 1187/1669/1744 1188/1667/1742
f 1183/1668/1743 1182/1499/1562 1186/1498/1561 1187/1669/1744
f 1189/1559/1622 1188/1667/1742 3256/1670/1745 3257/1560/1623
f 1188/1667/1742 1187/1669/1744 3255/1671/1746 3256/1670/1745
f 1187/1669/1744 1186/1498/1561 3254/1501/1564 3255/1671/1746
f 1193/1561/1624 1192/1672/1747 1196/1673/1748 1197/1562/1625
f 1192/1672/1747 1191/1674/1749 1195/1675/1750 1196/1673/1748
f 1191/1674/1749 1190/1505/1568 1194/1504/1567 1195/1675/1750
f 1197/1562/1625 1196/1673/1748 1200/1621/1696 1201/1563/1626
f 1196/1673/1748 1195/1675/1750 1199/1623/1698 1200/1621/1696
f 1195/1675/1750 1194/1504/1567 1198/1507/1570 1199/1623/1698
f 1204/1676/1751 1203/1677/1752 1206/1678/1753 1205/1679/1754
f 1203/1677/1752 1202/1680/1755 1207/1681/1756 1206/1678/1753
f 1202/1680/1755 285/389/452 289/388/451 1207/1681/1756
f 284/420/483 1204/1676/1751 1205/1679/1754 288/421/484
f 1207/1681/1756 289/388/451 2474/390/453 2475/1682/1757
f 288/421/484 1205/1679/1754 2477/1683/1758 2478/424/487
f 1210/1684/1759 293/392/455 297/391/454 1213/1685/1760
f 292/429/492 1208/1686/1761 1211/1687/1762 296/430/493
f 1213/1685/1760 297/391/454 2587/393/456 2588/1688/1763
f 296/430/493 1211/1687/1762 2590/1689/1764 2591/433/496
f 1216/1690/1765 301/395/458 2705/394/457 2706/1691/1766
f 300/438/501 1214/1692/1767 2708/1693/1768 2709/439/502
f 1219/1694/1769 305/397/460 309/396/459 1222/1695/1770
f 304/444/507 1217/1696/1771 1220/1697/1772 308/445/508
f 1222/1695/1770 309/396/459 2817/398/461 2818/1698/1773
f 308/445/508 1220/1697/1772 2820/1699/1774 2821/448/511
f 1225/1700/1775 313/400/463 317/399/462 1228/1701/1776
f 312/453/516 1223/1702/1777 1226/1703/1778 316/454/517
f 1228/1701/1776 317/399/462 321/401/464 1231/1704/1779
f 316/454/517 1226/1703/1778 1229/1705/1780 320/457/520
f 1231/1704/1779 321/401/464 325/402/465 1234/1706/1781
f 320/457/520 1229/1705/1780 1232/1707/1782 324/460/523
f 1234/1706/1781 325/402/465 329/403/466 1237/1708/1783
f 324/460/523 1232/1707/1782 1235/1709/1784 328/463/526
f 1237/1708/1783 329/403/466 2929/404/467 2930/1710/1785
f 328/463/526 1235/1709/1784 2932/1711/1786 2933/466/529
f 1240/1712/1787 333/406/469 337/405/468 1243/1713/1788
f 332/471/534 1238/1714/1789 1241/1715/1790 336/472/535
f 1243/1713/1788 337/405/468 3041/407/470 3042/1716/1791
f 336/472/535 1241/1715/1790 3044/1717/1792 3045/475/538
f 1246/1718/1793 341/409/472 3153/408/471 3154/1719/1794
f 340/480/543 1244/1720/1795 3156/1721/1796 3157/481/544
f 1249/1722/1797 345/411/474 349/410/473 1252/1723/1798
f 344/486/549 1247/1724/1799 1250/1725/1800 348/487/550
f 1252/1723/1798 349/410/473 3265/412/475 3266/1726/1801
f 348/487/550 1250/1725/1800 3268/1727/1802 3269/490/553
f 1255/1728/1803 353/414/477 357/413/476 1258/1729/1804
f 352/495/558 1253/1730/1805 1256/1731/1806 356/496/559
f 1258/1729/1804 357/413/476 361/415/478 1261/1732/1807
f 356/496/559 1256/1731/1806 1259/1733/1808 360/499/562
f 285/389/452 1202/1680/1755 1261/1732/1807 361/415/478
f 1204/1676/1751 284/420/483 360/499/562 1259/1733/1808
f 1205/1679/1754 1206/1678/1753 2476/1734/1809 2477/1683/1758
f 1206/1678/1753 1207/1681/1756 2475/1682/1757 2476/1734/1809
f 1208/1686/1761 1209/1735/1810 1212/1736/1811 1211/1687/1762
f 1209/1735/1810 1210/1684/1759 1213/1685/1760 1212/1736/1811
f 1211/1687/1762 1212/1736/1811 2589/1737/1812 2590/1689/1764
f 1212/1736/1811 1213/1685/1760 2588/1688/1763 2589/1737/1812
f 1214/1692/1767 1215/1738/1813 2707/1739/1814 2708/1693/1768
f 1215/1738/1813 1216/1690/1765 2706/1691/1766 2707/1739/1814
f 1217/1696/1771 1218/1740/1815 1221/1741/1816 1220/1697/1772
f 1218/1740/1815 1219/1694/1769 1222/1695/1770 1221/1741/1816
f 1220/1697/1772 1221/1741/1816 2819/1742/1817 2820/1699/1774
f 1221/1741/1816 1222/1695/1770 2818/1698/1773 2819/1742/1817
f 1223/1702/1777 1224/1743/1818 1227/1744/1819 1226/1703/1778
f 1224/1743/1818 1225/1700/1775 1228/1701/1776 1227/1744/1819
f 1226/1703/1778 1227/1744/1819 1230/1745/1820 1229/1705/1780
f 1227/1744/1819 1228/1701/1776 1231/1704/1779 1230/1745/1820
f 1229/1705/1780 1230/1745/1820 1233/1746/1821 1232/1707/1782
f 1230/1745/1820 1231/1704/1779 1234/1706/1781 1233/1746/1821
f 1232/1707/1782 1233/1746/1821 1236/1747/1822 1235/1709/1784
f 1233/1746/1821 1234/1706/1781 1237/1708/1783 1236/1747/1822
f 1235/1709/1784 1236/1747/1822 2931/1748/1823 2932/1711/1786
f 1236/1747/1822 1237/1708/1783 2930/1710/1785 2931/1748/1823
f 1238/1714/1789 1239/1749/1824 1242/1750/1825 1241/1715/1790
f 1239/1749/1824 1240/1712/1787 1243/1713/1788 1242/1750/1825
f 1241/1715/1790 1242/1750/1825 3043/1751/1826 3044/1717/1792
f 1242/1750/1825 1243/1713/1788 3042/1716/1791 3043/1751/1826
f 1244/1720/1795 1245/1752/1827 3155/1753/1828 3156/1721/1796
f 1245/1752/1827 1246/1718/1793 3154/1719/1794 3155/1753/1828
f 1247/1724/1799 1248/1754/1829 1251/1755/1830 1250/1725/1800
f 1248/1754/1829 1249/1722/1797 1252/1723/1798 1251/1755/1830
f 1250/1725/1800 1251/1755/1830 3267/1756/1831 3268/1727/1802
f 1251/1755/1830 1252/1723/1798 3266/1726/1801 3267/1756/1831
f 1253/1730/1805 1254/1757/1832 1257/1758/1833 1256/1731/1806
f 1254/1757/1832 1255/1728/1803 1258/1729/1804 1257/1758/1833
f 1256/1731/1806 1257/1758/1833 1260/1759/1834 1259/1733/1808
f 1257/1758/1833 1258/1729/1804 1261/1732/1807 1260/1759/1834
f 1202/1680/1755 1203/1677/1752 1260/1759/1834 1261/1732/1807
f 1203/1677/1752 1204/1676/1751 1259/1733/1808 1260/1759/1834
f 363/979/1835 362/978/1836 2239/1760/1837 2240/1761/1838
f 362/978/1836 2514/981/1839 2515/1762/1840 2239/1760/1837
f 364/985/1841 365/984/1842 2257/1763/1843 2258/1764/1844
f 365/984/1842 2627/987/1845 2628/1765/1846 2257/1763/1843
f 366/991/1847 2745/990/1848 2746/1766/1849 2256/1767/1850
f 367/995/1851 368/994/1852 2254/1768/1853 2255/1769/1854
f 368/994/1852 2857/997/1855 2858/1770/1856 2254/1768/1853
f 369/1001/1857 370/1000/1858 2252/1771/1859 2253/1772/1860
f 370/1000/1858 371/1003/1861 2251/1773/1862 2252/1771/1859
f 371/1003/1861 372/1005/1863 2250/1774/1864 2251/1773/1862
f 372/1005/1863 373/1007/1865 2249/1775/1866 2250/1774/1864
f 373/1007/1865 2969/1009/1867 2970/1776/1868 2249/1775/1866
f 374/1013/1869 375/1012/1870 2247/1777/1871 2248/1778/1872
f 375/1012/1870 3081/1015/1873 3082/1779/1874 2247/1777/1871
f 376/1019/1875 3193/1018/1876 3194/1780/1877 2246/1781/1878
f 377/1023/1879 378/1022/1880 2244/1782/1881 2245/1783/1882
f 378/1022/1880 3305/1025/1883 3306/1784/1884 2244/1782/1881
f 379/1029/1885 380/1028/1886 2242/1785/1887 2243/1786/1888
f 380/1028/1886 381/1031/1889 2241/1787/1890 2242/1785/1887
f 381/1031/1889 363/979/1835 2240/1761/1838 2241/1787/1890
f 1282/1788/1891 1283/1789/1892 1286/1790/1893 1285/1791/1894
f 1283/1789/1892 1284/1792/1895 1287/1793/1896 1286/1790/1893
f 1285/1791/1894 1286/1790/1893 1340/1794/1897 1339/1795/1898
f 1286/1790/1893 1287/1793/1896 1341/1796/1899 1340/1794/1897
f 1284/1792/1895 1283/1789/1892 2520/1797/1900 2521/1798/1901
f 1283/1789/1892 1282/1788/1891 2519/1799/1902 2520/1797/1900
f 1290/1800/1903 1289/1801/1904 1292/1802/1905 1293/1803/1906
f 1289/1801/1904 1288/1804/1907 1291/1805/1908 1292/1802/1905
f 1293/1803/1906 1292/1802/1905 2633/1806/1909 2634/1807/1910
f 1292/1802/1905 1291/1805/1908 2632/1808/1911 2633/1806/1909
f 1296/1809/1912 1295/1810/1913 2751/1811/1914 2752/1812/1915
f 1295/1810/1913 1294/1813/1916 2750/1814/1917 2751/1811/1914
f 1299/1815/1918 1298/1816/1919 1301/1817/1920 1302/1818/1921
f 1298/1816/1919 1297/1819/1922 1300/1820/1923 1301/1817/1920
f 1302/1818/1921 1301/1817/1920 2863/1821/1924 2864/1822/1925
f 1301/1817/1920 1300/1820/1923 2862/1823/1926 2863/1821/1924
f 1305/1824/1927 1304/1825/1928 1307/1826/1929 1308/1827/1930
f 1304/1825/1928 1303/1828/1931 1306/1829/1932 1307/1826/1929
f 1308/1827/1930 1307/1826/1929 1310/1830/1933 1311/1831/1934
f 1307/1826/1929 1306/1829/1932 1309/1832/1935 1310/1830/1933
f 1311/1831/1934 1310/1830/1933 1313/1833/1936 1314/1834/1937
f 1310/1830/1933 1309/1832/1935 1312/1835/1938 1313/1833/1936
f 1314/1834/1937 1313/1833/1936 1316/1836/1939 1317/1837/1940
f 1313/1833/1936 1312/1835/1938 1315/1838/1941 1316/1836/1939
f 1317/1837/1940 1316/1836/1939 2975/1839/1942 2976/1840/1943
f 1316/1836/1939 1315/1838/1941 2974/1841/1944 2975/1839/1942
f 1320/1842/1945 1319/1843/1946 1322/1844/1947 1323/1845/1948
f 1319/1843/1946 1318/1846/1949 1321/1847/1950 1322/1844/1947
f 1323/1845/1948 1322/1844/1947 3087/1848/1951 3088/1849/1952
f 1322/1844/1947 1321/1847/1950 3086/1850/1953 3087/1848/1951
f 1326/1851/1954 1325/1852/1955 3199/1853/1956 3200/1861/1957
f 1325/1852/1955 1324/1871/1958 3198/1873/1959 3199/1853/1956
f 1329/1874/1960 1328/1875/1961 1331/1876/1962 1332/1877/1963
f 1328/1875/1961 1327/1878/1964 1330/1879/1965 1331/1876/1962
f 1332/1877/1963 1331/1876/1962 3311/1880/1966 3312/1881/1967
f 1331/1876/1962 1330/1879/1965 3310/1882/1968 3311/1880/1966
f 1335/1883/1969 1334/1884/1970 1337/1885/1971 1338/1886/1972
f 1334/1884/1970 1333/1887/1973 1336/1888/1974 1337/1885/1971
f 1338/1886/1972 1337/1885/1971 1340/1794/1897 1341/1796/1899
f 1337/1885/1971 1336/1888/1974 1339/1795/1898 1340/1794/1897
f 1287/1793/1896 1284/1792/1895 1346/1889/1975 1351/1890/1976
f 1284/1792/1895 2521/1798/1901 2522/1891/1977 1346/1889/1975
f 1290/1800/1903 1293/1803/1906 1361/1892/1978 1356/1893/1979
f 1293/1803/1906 2634/1807/1910 2635/1894/1980 1361/1892/1978
f 1296/1809/1912 2752/1812/1915 2753/1895/1981 1366/1896/1982
f 1299/1815/1918 1302/1818/1921 1376/1897/1983 1371/1898/1984
f 1302/1818/1921 2864/1822/1925 2865/1899/1985 1376/1897/1983
f 1305/1824/1927 1308/1827/1930 1386/1900/1986 1381/1901/1987
f 1308/1827/1930 1311/1831/1934 1391/1902/1988 1386/1900/1986
f 1311/1831/1934 1314/1834/1937 1396/1903/1989 1391/1902/1988
f 1314/1834/1937 1317/1837/1940 1401/1904/1990 1396/1903/1989
f 1317/1837/1940 2976/1840/1943 2977/1905/1991 1401/1904/1990
f 1320/1842/1945 1323/1845/1948 1411/1906/1992 1406/1907/1993
f 1323/1845/1948 3088/1849/1952 3089/1908/1994 1411/1906/1992
f 1326/1851/1954 3200/1861/1957 3201/1909/1995 1416/1910/1996
f 1329/1874/1960 1332/1877/1963 1426/1911/1997 1421/1912/1998
f 1332/1877/1963 3312/1881/1967 3313/1913/1999 1426/1911/1997
f 1335/1883/1969 1338/1886/1972 1436/1914/2000 1431/1915/2001
f 1338/1886/1972 1341/1796/1899 1441/1916/2002 1436/1914/2000
f 1341/1796/1899 1287/1793/1896 1351/1890/1976 1441/1916/2002
f 1345/1917/2003 1346/1889/1975 2522/1891/1977 2523/1918/2004
f 1344/1919/2005 1345/1917/2003 2523/1918/2004 2524/1920/2006
f 1343/1921/2007 1344/1919/2005 2524/1920/2006 2525/1922/2008
f 1342/1923/2009 1343/1921/2007 2525/1922/2008 2526/1924/2010
f 1346/1889/1975 1345/1917/2003 1350/1925/2011 1351/1890/1976
f 1345/1917/2003 1344/1919/2005 1349/1926/2012 1350/1925/2011
f 1344/1919/2005 1343/1921/2007 1348/1927/2013 1349/1926/2012
f 1343/1921/2007 1342/1923/2009 1347/1928/2014 1348/1927/2013
f 1355/1929/2015 1356/1893/1979 1361/1892/1978 1360/1930/2016
f 1354/1931/2017 1355/1929/2015 1360/1930/2016 1359/1932/2018
f 1353/1933/2019 1354/1931/2017 1359/1932/2018 1358/1934/2020
f 1352/1935/2021 1353/1933/2019 1358/1934/2020 1357/1936/2022
f 1360/1930/2016 1361/1892/1978 2635/1894/1980 2636/1937/2023
f 1359/1932/2018 1360/1930/2016 2636/1937/2023 2637/1938/2024
f 1358/1934/2020 1359/1932/2018 2637/1938/2024 2638/1939/2025
f 1357/1936/2022 1358/1934/2020 2638/1939/2025 2639/1940/2026
f 1365/1941/2027 1366/1896/1982 2753/1895/1981 2754/1942/2028
f 1364/1943/2029 1365/1941/2027 2754/1942/2028 2755/1944/2030
f 1363/1945/2031 1364/1943/2029 2755/1944/2030 2756/1946/2032
f 1362/1947/2033 1363/1945/2031 2756/1946/2032 2757/1948/2034
f 1370/1949/2035 1371/1898/1984 1376/1897/1983 1375/1950/2036
f 1369/1951/2037 1370/1949/2035 1375/1950/2036 1374/1952/2038
f 1368/1953/2039 1369/1951/2037 1374/1952/2038 1373/1954/2040
f 1367/1955/2041 1368/1953/2039 1373/1954/2040 1372/1956/2042
f 1375/1950/2036 1376/1897/1983 2865/1899/1985 2866/1957/2043
f 1374/1952/2038 1375/1950/2036 2866/1957/2043 2867/1958/2044
f 1373/1954/2040 1374/1952/2038 2867/1958/2044 2868/1959/2045
f 1372/1956/2042 1373/1954/2040 2868/1959/2045 2869/1960/2046
f 1380/1961/2047 1381/1901/1987 1386/1900/1986 1385/1962/2048
f 1379/1963/2049 1380/1961/2047 1385/1962/2048 1384/1964/2050
f 1378/1965/2051 1379/1963/2049 1384/1964/2050 1383/1966/2052
f 1377/1967/2053 1378/1965/2051 1383/1966/2052 1382/1968/2054
f 1385/1962/2048 1386/1900/1986 1391/1902/1988 1390/1969/2055
f 1384/1964/2050 1385/1962/2048 1390/1969/2055 1389/1970/2056
f 1383/1966/2052 1384/1964/2050 1389/1970/2056 1388/1971/2057
f 1382/1968/2054 1383/1966/2052 1388/1971/2057 1387/1972/2058
f 1390/1969/2055 1391/1902/1988 1396/1903/1989 1395/1973/2059
f 1389/1970/2056 1390/1969/2055 1395/1973/2059 1394/1974/2060
f 1388/1971/2057 1389/1970/2056 1394/1974/2060 1393/1975/2061
f 1387/1972/2058 1388/1971/2057 1393/1975/2061 1392/1976/2062
f 1395/1973/2059 1396/1903/1989 1401/1904/1990 1400/1977/2063
f 1394/1974/2060 1395/1973/2059 1400/1977/2063 1399/1978/2064
f 1393/1975/2061 1394/1974/2060 1399/1978/2064 1398/1979/2065
f 1392/1976/2062 1393/1975/2061 1398/1979/2065 1397/1980/2066
f 1400/1977/2063 1401/1904/1990 2977/1905/1991 2978/1981/2067
f 1399/1978/2064 1400/1977/2063 2978/1981/2067 2979/1982/2068
f 1398/1979/2065 1399/1978/2064 2979/1982/2068 2980/1983/2069
f 1397/1980/2066 1398/1979/2065 2980/1983/2069 2981/1984/2070
f 1405/1985/2071 1406/1907/1993 1411/1906/1992 1410/1986/2072
f 1404/1987/2073 1405/1985/2071 1410/1986/2072 1409/1988/2074
f 1403/1989/2075 1404/1987/2073 1409/1988/2074 1408/1990/2076
f 1402/1991/2077 1403/1989/2075 1408/1990/2076 1407/1992/2078
f 1410/1986/2072 1411/1906/1992 3089/1908/1994 3090/1993/2079
f 1409/1988/2074 1410/1986/2072 3090/1993/2079 3091/1994/2080
f 1408/1990/2076 1409/1988/2074 3091/1994/2080 3092/1995/2081
f 1407/1992/2078 1408/1990/2076 3092/1995/2081 3093/1996/2082
f 1415/1997/2083 1416/1910/1996 3201/1909/1995 3202/1998/2084
f 1414/1999/2085 1415/1997/2083 3202/1998/2084 3203/2000/2086
f 1413/2001/2087 1414/1999/2085 3203/2000/2086 3204/2002/2088
f 1412/2003/2089 1413/2001/2087 3204/2002/2088 3205/2004/2090
f 1420/2005/2091 1421/1912/1998 1426/1911/1997 1425/2006/2092
f 1419/2007/2093 1420/2005/2091 1425/2006/2092 1424/2008/2094
f 1418/2009/2095 1419/2007/2093 1424/2008/2094 1423/2010/2096
f 1417/2011/2097 1418/2009/2095 1423/2010/2096 1422/2012/2098
f 1425/2006/2092 1426/1911/1997 3313/1913/1999 3314/2013/2099
f 1424/2008/2094 1425/2006/2092 3314/2013/2099 3315/2014/2100
f 1423/2010/2096 1424/2008/2094 3315/2014/2100 3316/2015/2101
f 1422/2012/2098 1423/2010/2096 3316/2015/2101 3317/2016/2102
f 1430/2017/2103 1431/1915/2001 1436/1914/2000 1435/2018/2104
f 1429/2019/2105 1430/2017/2103 1435/2018/2104 1434/2020/2106
f 1428/2021/2107 1429/2019/2105 1434/2020/2106 1433/2022/2108
f 1427/2023/2109 1428/2021/2107 1433/2022/2108 1432/2024/2110
f 1435/2018/2104 1436/1914/2000 1441/1916/2002 1440/2025/2111
f 1434/2020/2106 1435/2018/2104 1440/2025/2111 1439/2026/2112
f 1433/2022/2108 1434/2020/2106 1439/2026/2112 1438/2027/2113
f 1432/2024/2110 1433/2022/2108 1438/2027/2113 1437/2028/2114
f 1351/1890/1976 1350/1925/2011 1440/2025/2111 1441/1916/2002
f 1350/1925/2011 1349/1926/2012 1439/2026/2112 1440/2025/2111
f 1349/1926/2012 1348/1927/2013 1438/2027/2113 1439/2026/2112
f 1348/1927/2013 1347/1928/2014 1437/2028/2114 1438/2027/2113
f 1443/2029/2115 1442/2030/2116 1462/2031/2117 1463/2032/2118
f 1444/2033/2119 1443/2029/2115 1463/2032/2118 1464/2034/2120
f 1445/2035/2121 1444/2033/2119 1464/2034/2120 1465/2036/2122
f 1446/2037/2123 1445/2035/2121 1465/2036/2122 1466/2038/2124
f 1447/2039/2125 3330/2040/2126 3331/2041/2127 1467/2042/2128
f 1448/2043/2129 1447/2039/2125 1467/2042/2128 1468/2044/2130
f 1449/2045/2131 3218/2046/2132 3219/2047/2133 1469/2048/2134
f 1450/2049/2135 3106/2050/2136 3107/2051/2137 1470/2052/2138
f 1451/2053/2139 1450/2049/2135 1470/2052/2138 1471/2054/2140
f 1452/2055/2141 2994/2056/2142 2995/2057/2143 1472/2058/2144
f 1453/2059/2145 1452/2055/2141 1472/2058/2144 1473/2060/2146
f 1454/2061/2147 1453/2059/2145 1473/2060/2146 1474/2062/2148
f 1455/2063/2149 1454/2061/2147 1474/2062/2148 1475/2064/2150
f 1456/2065/2151 1455/2063/2149 1475/2064/2150 1476/2066/2152
f 1457/2067/2153 2882/2068/2154 2883/2069/2155 1477/2070/2156
f 1458/2071/2157 1457/2067/2153 1477/2070/2156 1478/2072/2158
f 1459/2073/2159 2770/2074/2160 2771/2075/2161 1479/2076/2162
f 1460/2077/2163 2652/2078/2164 2653/2079/2165 1480/2080/2166
f 1461/2081/2167 1460/2077/2163 1480/2080/2166 1481/2082/2168
f 1442/2030/2116 2539/2083/2169 2540/2084/2170 1462/2031/2117
f 1485/2085/2171 1486/2086/2172 2531/2087/2173 2532/2088/2174
f 1484/2089/2175 1485/2085/2176 2532/2088/2177 2533/2090/2178
f 1482/2091/2179 1483/2092/2180 2534/2093/2181 2535/2094/2182
f 1483/2092/2183 1484/2089/2184 2533/2090/2185 2534/2093/2186
f 1486/2086/2172 1485/2085/2171 1490/2095/2187 1491/2096/2188
f 1485/2085/2176 1484/2089/2175 1489/2097/2189 1490/2095/2190
f 1484/2089/2184 1483/2092/2183 1488/2098/2191 1489/2097/2192
f 1483/2092/2180 1482/2091/2179 1487/2099/2193 1488/2098/2194
f 1495/2100/2195 1496/2101/2196 1501/2102/2197 1500/2103/2198
f 1494/2104/2199 1495/2100/2200 1500/2103/2201 1499/2105/2202
f 1492/2106/2203 1493/2107/2204 1498/2108/2205 1497/2109/2206
f 1493/2107/2207 1494/2104/2208 1499/2105/2209 1498/2108/2210
f 1500/2103/2198 1501/2102/2197 2644/2110/2211 2645/2111/2212
f 1499/2105/2202 1500/2103/2201 2645/2111/2213 2646/2112/2214
f 1497/2109/2206 1498/2108/2205 2647/2113/2215 2648/2114/2216
f 1498/2108/2210 1499/2105/2209 2646/2112/2217 2647/2113/2218
f 1505/2115/2219 1506/2116/2220 2762/2117/2221 2763/2118/2222
f 1504/2119/2223 1505/2115/2224 2763/2118/2225 2764/2120/2226
f 1502/2121/2227 1503/2122/2228 2765/2123/2229 2766/2124/2230
f 1503/2122/2231 1504/2119/2232 2764/2120/2233 2765/2123/2234
f 1510/2125/2235 1511/2126/2236 1516/2127/2237 1515/2128/2238
f 1509/2129/2239 1510/2125/2240 1515/2128/2241 1514/2130/2242
f 1507/2131/2243 1508/2132/2244 1513/2133/2245 1512/2134/2246
f 1508/2132/2247 1509/2129/2248 1514/2130/2249 1513/2133/2250
f 1515/2128/2238 1516/2127/2237 2874/2135/2251 2875/2136/2252
f 1514/2130/2242 1515/2128/2241 2875/2136/2253 2876/2137/2254
f 1512/2134/2246 1513/2133/2245 2877/2138/2255 2878/2139/2256
f 1513/2133/2250 1514/2130/2249 2876/2137/2257 2877/2138/2258
f 1520/2140/2259 1521/2141/2260 1526/2142/2261 1525/2143/2262
f 1519/2144/2263 1520/2140/2264 1525/2143/2265 1524/2145/2266
f 1517/2146/2267 1518/2147/2268 1523/2148/2269 1522/2149/2270
f 1518/2147/2271 1519/2144/2272 1524/2145/2273 1523/2148/2274
f 1525/2143/2262 1526/2142/2261 1531/2150/2275 1530/2151/2276
f 1524/2145/2266 1525/2143/2265 1530/2151/2277 1529/2152/2278
f 1522/2149/2270 1523/2148/2269 1528/2153/2279 1527/2154/2280
f 1523/2148/2274 1524/2145/2273 1529/2152/2281 1528/2153/2282
f 1530/2151/2276 1531/2150/2275 1536/2155/2283 1535/2156/2284
f 1529/2152/2278 1530/2151/2277 1535/2156/2285 1534/2157/2286
f 1527/2154/2280 1528/2153/2279 1533/2158/2287 1532/2159/2288
f 1528/2153/2282 1529/2152/2281 1534/2157/2289 1533/2158/2290
f 1535/2156/2284 1536/2155/2283 1541/2160/2291 1540/2161/2292
f 1534/2157/2286 1535/2156/2285 1540/2161/2293 1539/2162/2294
f 1532/2159/2288 1533/2158/2287 1538/2163/2295 1537/2164/2296
f 1533/2158/2290 1534/2157/2289 1539/2162/2297 1538/2163/2298
f 1540/2161/2292 1541/2160/2291 2986/2165/2299 2987/2166/2300
f 1539/2162/2294 1540/2161/2293 2987/2166/2301 2988/2167/2302
f 1537/2164/2296 1538/2163/2295 2989/2168/2303 2990/2169/2304
f 1538/2163/2298 1539/2162/2297 2988/2167/2305 2989/2168/2306
f 1545/2170/2307 1546/2171/2308 1551/2172/2309 1550/2173/2310
f 1544/2174/2311 1545/2170/2312 1550/2173/2313 1549/2175/2314
f 1542/2176/2315 1543/2177/2316 1548/2178/2317 1547/2179/2318
f 1543/2177/2319 1544/2174/2320 1549/2175/2321 1548/2178/2322
f 1550/2173/2310 1551/2172/2309 3098/2180/2323 3099/2181/2324
f 1549/2175/2314 1550/2173/2313 3099/2181/2325 3100/2182/2326
f 1547/2179/2318 1548/2178/2317 3101/2183/2327 3102/2184/2328
f 1548/2178/2322 1549/2175/2321 3100/2182/2329 3101/2183/2330
f 1555/2185/2331 1556/2186/2332 3210/2187/2333 3211/2188/2334
f 1554/2189/2335 1555/2185/2336 3211/2188/2337 3212/2190/2338
f 1552/2191/2339 1553/2192/2340 3213/2193/2341 3214/2194/2342
f 1553/2192/2343 1554/2189/2344 3212/2190/2345 3213/2193/2346
f 1560/2195/2347 1561/2196/2348 1566/2197/2349 1565/2198/2350
f 1559/2199/2351 1560/2195/2352 1565/2198/2353 1564/2200/2354
f 1557/2201/2355 1558/2202/2356 1563/2203/2357 1562/2204/2358
f 1558/2202/2359 1559/2199/2360 1564/2200/2361 1563/2203/2362
f 1565/2198/2350 1566/2197/2349 3322/2205/2363 3323/2206/2364
f 1564/2200/2354 1565/2198/2353 3323/2206/2365 3324/2207/2366
f 1562/2204/2358 1563/2203/2357 3325/2208/2367 3326/2209/2368
f 1563/2203/2362 1564/2200/2361 3324/2207/2369 3325/2208/2370
f 1570/2210/2371 1571/2211/2372 1576/2212/2373 1575/2215/2374
f 1569/2216/2375 1570/2210/2376 1575/2215/2377 1574/2217/2378
f 1567/2218/2379 1568/2219/2380 1573/2220/2381 1572/2223/2382
f 1568/2219/2383 1569/2216/2384 1574/2217/2385 1573/2220/2386
f 1575/2215/2374 1576/2212/2373 1581/2224/2387 1580/2225/2388
f 1574/2217/2378 1575/2215/2377 1580/2225/2389 1579/2226/2390
f 1572/2223/2382 1573/2220/2381 1578/2227/2391 1577/2228/2392
f 1573/2220/2386 1574/2217/2385 1579/2226/2393 1578/2227/2394
f 1491/2096/2188 1490/2095/2187 1580/2225/2388 1581/2224/2387
f 1490/2095/2190 1489/2097/2189 1579/2226/2390 1580/2225/2389
f 1489/2097/2192 1488/2098/2191 1578/2227/2394 1579/2226/2393
f 1488/2098/2194 1487/2099/2193 1577/2228/2392 1578/2227/2391
f 1582/2229/2395 1342/1923/2009 2526/1924/2010 2527/2230/2396
f 1342/1923/2009 1582/2229/2395 1590/2231/2397 1347/1928/2014
f 1586/2232/2398 1352/1935/2021 1357/1936/2022 1598/2233/2399
f 1598/2233/2399 1357/1936/2022 2639/1940/2026 2640/2234/2400
f 1602/2235/2401 1362/1947/2033 2757/1948/2034 2758/2236/2402
f 1606/2237/2403 1367/1955/2041 1372/1956/2042 1610/2238/2404
f 1610/2238/2404 1372/1956/2042 2869/1960/2046 2870/2239/2405
f 1614/2240/2406 1377/1967/2053 1382/1968/2054 1618/2241/2407
f 1618/2241/2407 1382/1968/2054 1387/1972/2058 1622/2242/2408
f 1622/2242/2408 1387/1972/2058 1392/1976/2062 1626/2243/2409
f 1626/2243/2409 1392/1976/2062 1397/1980/2066 1630/2244/2410
f 1630/2244/2410 1397/1980/2066 2981/1984/2070 2982/2245/2411
f 1634/2246/2412 1402/1991/2077 1407/1992/2078 1638/2247/2413
f 1638/2247/2413 1407/1992/2078 3093/1996/2082 3094/2248/2414
f 1642/2249/2415 1412/2003/2089 3205/2004/2090 3206/2250/2416
f 1646/2251/2417 1417/2011/2097 1422/2012/2098 1650/2252/2418
f 1650/2252/2418 1422/2012/2098 3317/2016/2102 3318/2253/2419
f 1654/2254/2420 1427/2023/2109 1432/2024/2110 1658/2255/2421
f 1658/2255/2421 1432/2024/2110 1437/2028/2114 1594/2256/2422
f 1347/1928/2014 1590/2231/2397 1594/2256/2422 1437/2028/2114
f 1593/2257/2423 1585/2258/2424 1486/2086/2172 1491/2096/2188
f 1585/2258/2424 2530/2259/2425 2531/2087/2173 1486/2086/2172
f 1589/2260/2426 1601/2261/2427 1501/2102/2197 1496/2101/2196
f 1601/2261/2427 2643/2262/2428 2644/2110/2211 1501/2102/2197
f 1605/2263/2429 2761/2264/2430 2762/2117/2221 1506/2116/2220
f 1609/2265/2431 1613/2266/2432 1516/2127/2237 1511/2126/2236
f 1613/2266/2432 2873/2267/2433 2874/2135/2251 1516/2127/2237
f 1617/2268/2434 1621/2269/2435 1526/2142/2261 1521/2141/2260
f 1621/2269/2435 1625/2270/2436 1531/2150/2275 1526/2142/2261
f 1625/2270/2436 1629/2271/2437 1536/2155/2283 1531/2150/2275
f 1629/2271/2437 1633/2272/2438 1541/2160/2291 1536/2155/2283
f 1633/2272/2438 2985/2273/2439 2986/2165/2299 1541/2160/2291
f 1637/2274/2440 1641/2275/2441 1551/2172/2309 1546/2171/2308
f 1641/2275/2441 3097/2276/2442 3098/2180/2323 1551/2172/2309
f 1645/2277/2443 3209/2278/2444 3210/2187/2333 1556/2186/2332
f 1649/2279/2445 1653/2280/2446 1566/2197/2349 1561/2196/2348
f 1653/2280/2446 3321/2281/2447 3322/2205/2363 1566/2197/2349
f 1657/2282/2448 1661/2283/2449 1576/2212/2373 1571/2211/2372
f 1661/2283/2449 1597/2284/2450 1581/2224/2387 1576/2212/2373
f 1597/2284/2450 1593/2257/2423 1491/2096/2188 1581/2224/2387
f 1584/2285/2451 1585/2258/2424 1593/2257/2423 1592/2286/2452
f 1582/2229/2395 1583/2287/2453 1591/2288/2454 1590/2231/2397
f 1583/2287/2453 1584/2285/2451 1592/2286/2452 1591/2288/2454
f 1585/2258/2424 1584/2285/2451 2529/2289/2455 2530/2259/2425
f 1584/2285/2451 1583/2287/2453 2528/2290/2456 2529/2289/2455
f 1583/2287/2453 1582/2229/2395 2527/2230/2396 2528/2290/2456
f 1592/2286/2452 1593/2257/2423 1597/2284/2450 1596/2291/2457
f 1590/2231/2397 1591/2288/2454 1595/2292/2458 1594/2256/2422
f 1591/2288/2454 1592/2286/2452 1596/2291/2457 1595/2292/2458
f 1596/2291/2457 1597/2284/2450 1661/2283/2449 1660/2293/2459
f 1594/2256/2422 1595/2292/2458 1659/2294/2460 1658/2255/2421
f 1595/2292/2458 1596/2291/2457 1660/2293/2459 1659/2294/2460
f 1589/2260/2426 1588/2295/2461 1600/2296/2462 1601/2261/2427
f 1588/2295/2461 1587/2297/2463 1599/2298/2464 1600/2296/2462
f 1587/2297/2463 1586/2232/2398 1598/2233/2399 1599/2298/2464
f 1601/2261/2427 1600/2296/2462 2642/2299/2465 2643/2262/2428
f 1600/2296/2462 1599/2298/2464 2641/2300/2466 2642/2299/2465
f 1599/2298/2464 1598/2233/2399 2640/2234/2400 2641/2300/2466
f 1605/2263/2429 1604/2301/2467 2760/2302/2468 2761/2264/2430
f 1604/2301/2467 1603/2303/2469 2759/2304/2470 2760/2302/2468
f 1603/2303/2469 1602/2235/2401 2758/2236/2402 2759/2304/2470
f 1609/2265/2431 1608/2305/2471 1612/2306/2472 1613/2266/2432
f 1608/2305/2471 1607/2307/2473 1611/2308/2474 1612/2306/2472
f 1607/2307/2473 1606/2237/2403 1610/2238/2404 1611/2308/2474
f 1613/2266/2432 1612/2306/2472 2872/2312/2475 2873/2267/2433
f 1612/2306/2472 1611/2308/2474 2871/2315/2476 2872/2312/2475
f 1611/2308/2474 1610/2238/2404 2870/2239/2405 2871/2315/2476
f 1617/2268/2434 1616/2316/2477 1620/2320/2478 1621/2269/2435
f 1616/2316/2477 1615/2352/2479 1619/2353/2480 1620/2320/2478
f 1615/2352/2479 1614/2240/2406 1618/2241/2407 1619/2353/2480
f 1621/2269/2435 1620/2320/2478 1624/2357/2481 1625/2270/2436
f 1620/2320/2478 1619/2353/2480 1623/2358/2482 1624/2357/2481
f 1619/2353/2480 1618/2241/2407 1622/2242/2408 1623/2358/2482
f 1625/2270/2436 1624/2357/2481 1628/2359/2483 1629/2271/2437
f 1624/2357/2481 1623/2358/2482 1627/2361/2484 1628/2359/2483
f 1623/2358/2482 1622/2242/2408 1626/2243/2409 1627/2361/2484
f 1629/2271/2437 1628/2359/2483 1632/2363/2485 1633/2272/2438
f 1628/2359/2483 1627/2361/2484 1631/2365/2486 1632/2363/2485
f 1627/2361/2484 1626/2243/2409 1630/2244/2410 1631/2365/2486
f 1633/2272/2438 1632/2363/2485 2984/2366/2487 2985/2273/2439
f 1632/2363/2485 1631/2365/2486 2983/2367/2488 2984/2366/2487
f 1631/2365/2486 1630/2244/2410 2982/2245/2411 2983/2367/2488
f 1637/2274/2440 1636/2368/2489 1640/2370/2490 1641/2275/2441
f 1636/2368/2489 1635/2371/2491 1639/2374/2492 1640/2370/2490
f 1635/2371/2491 1634/2246/2412 1638/2247/2413 1639/2374/2492
f 1641/2275/2441 1640/2370/2490 3096/2376/2493 3097/2276/2442
f 1640/2370/2490 1639/2374/2492 3095/2377/2494 3096/2376/2493
f 1639/2374/2492 1638/2247/2413 3094/2248/2414 3095/2377/2494
f 1645/2277/2443 1644/2378/2495 3208/2379/2496 3209/2278/2444
f 1644/2378/2495 1643/2381/2497 3207/2382/2498 3208/2379/2496
f 1643/2381/2497 1642/2249/2415 3206/2250/2416 3207/2382/2498
f 1649/2279/2445 1648/2384/2499 1652/2385/2500 1653/2280/2446
f 1648/2384/2499 1647/2388/2501 1651/2389/2502 1652/2385/2500
f 1647/2388/2501 1646/2251/2417 1650/2252/2418 1651/2389/2502
f 1653/2280/2446 1652/2385/2500 3320/2442/2503 3321/2281/2447
f 1652/2385/2500 1651/2389/2502 3319/2443/2504 3320/2442/2503
f 1651/2389/2502 1650/2252/2418 3318/2253/2419 3319/2443/2504
f 1657/2282/2448 1656/2444/2505 1660/2293/2459 1661/2283/2449
f 1656/2444/2505 1655/2445/2506 1659/2294/2460 1660/2293/2459
f 1655/2445/2506 1654/2254/2420 1658/2255/2421 1659/2294/2460
f 1663/2446/2507 1662/2447/2508 1682/2448/2509 1683/2449/2510
f 1662/2447/2508 2548/2450/2511 2549/2451/2512 1682/2448/2509
f 1664/2452/2513 1665/2453/2514 1685/2454/2515 1684/2455/2516
f 1665/2453/2514 2661/2456/2517 2662/2457/2518 1685/2454/2515
f 1666/2458/2519 2779/2459/2520 2780/2460/2521 1686/2461/2522
f 1667/2462/2523 1668/2463/2524 1688/2464/2525 1687/2465/2526
f 1668/2463/2524 2891/2466/2527 2892/2467/2528 1688/2464/2525
f 1669/2468/2529 1670/2469/2530 1690/2470/2531 1689/2471/2532
f 1670/2469/2530 1671/2472/2533 1691/2473/2534 1690/2470/2531
f 1671/2472/2533 1672/2474/2535 1692/2475/2536 1691/2473/2534
f 1672/2474/2535 1673/2476/2537 1693/2477/2538 1692/2475/2536
f 1673/2476/2537 3003/2478/2539 3004/2479/2540 1693/2477/2538
f 1674/2480/2541 1675/2481/2542 1695/2482/2543 1694/2483/2544
f 1675/2481/2542 3115/2484/2545 3116/2485/2546 1695/2482/2543
f 1676/2486/2547 3227/2487/2548 3228/2488/2549 1696/2489/2550
f 1677/2490/2551 1678/2491/2552 1698/2492/2553 1697/2493/2554
f 1678/2491/2552 3339/2494/2555 3340/2495/2556 1698/2492/2553
f 1679/2496/2557 1680/2497/2558 1700/2498/2559 1699/2499/2560
f 1680/2497/2558 1681/2500/2561 1701/2501/2562 1700/2498/2559
f 1681/2500/2561 1663/2446/2507 1683/2449/2510 1701/2501/2562
f 1263/2502/2563 1262/2503/2564 1702/2504/2565 1705/2505/2566
f 1262/2503/2564 2544/2506/2567 2545/2507/2568 1702/2504/2565
f 1264/2508/2569 1265/2509/2570 1711/2510/2571 1708/2511/2572
f 1265/2509/2570 2657/2512/2573 2658/2513/2574 1711/2510/2571
f 1266/2514/2575 2775/2515/2576 2776/2516/2577 1714/2517/2578
f 1267/2518/2579 1268/2519/2580 1720/2520/2581 1717/2521/2582
f 1268/2519/2580 2887/2522/2583 2888/2523/2584 1720/2520/2581
f 1269/2524/2585 1270/2525/2586 1726/2526/2587 1723/2527/2588
f 1270/2525/2586 1271/2528/2589 1729/2529/2590 1726/2526/2587
f 1271/2528/2589 1272/2530/2591 1732/2531/2592 1729/2529/2590
f 1272/2530/2591 1273/2532/2593 1735/2533/2594 1732/2531/2592
f 1273/2532/2593 2999/2534/2595 3000/2535/2596 1735/2533/2594
f 1274/2536/2597 1275/2537/2598 1741/2538/2599 1738/2539/2600
f 1275/2537/2598 3111/2540/2601 3112/2541/2602 1741/2538/2599
f 1276/2542/2603 3223/2543/2604 3224/2544/2605 1744/2545/2606
f 1277/2546/2607 1278/2547/2608 1750/2548/2609 1747/2549/2610
f 1278/2547/2608 3335/2550/2611 3336/2551/2612 1750/2548/2609
f 1279/2552/2613 1280/2553/2614 1756/2554/2615 1753/2555/2616
f 1280/2553/2614 1281/2556/2617 1759/2557/2618 1756/2554/2615
f 1281/2556/2617 1263/2502/2563 1705/2505/2566 1759/2557/2618
f 1707/2558/2619 1704/2559/2620 1662/2447/2508 1663/2446/2507
f 1704/2559/2620 2547/2560/2621 2548/2450/2511 1662/2447/2508
f 1710/2561/2622 1713/2562/2623 1665/2453/2514 1664/2452/2513
f 1713/2562/2623 2660/2563/2624 2661/2456/2517 1665/2453/2514
f 1716/2564/2625 2778/2565/2626 2779/2459/2520 1666/2458/2519
f 1719/2566/2627 1722/2567/2628 1668/2463/2524 1667/2462/2523
f 1722/2567/2628 2890/2568/2629 2891/2466/2527 1668/2463/2524
f 1725/2569/2630 1728/2570/2631 1670/2469/2530 1669/2468/2529
f 1728/2570/2631 1731/2571/2632 1671/2472/2533 1670/2469/2530
f 1731/2571/2632 1734/2572/2633 1672/2474/2535 1671/2472/2533
f 1734/2572/2633 1737/2573/2634 1673/2476/2537 1672/2474/2535
f 1737/2573/2634 3002/2574/2635 3003/2478/2539 1673/2476/2537
f 1740/2575/2636 1743/2576/2637 1675/2481/2542 1674/2480/2541
f 1743/2576/2637 3114/2577/2638 3115/2484/2545 1675/2481/2542
f 1746/2578/2639 3226/2579/2640 3227/2487/2548 1676/2486/2547
f 1749/2580/2641 1752/2581/2642 1678/2491/2552 1677/2490/2551
f 1752/2581/2642 3338/2582/2643 3339/2494/2555 1678/2491/2552
f 1755/2583/2644 1758/2584/2645 1680/2497/2558 1679/2496/2557
f 1758/2584/2645 1761/2585/2646 1681/2500/2561 1680/2497/2558
f 1761/2585/2646 1707/2558/2619 1663/2446/2507 1681/2500/2561
f 1702/2504/2565 1703/2586/2647 1706/2587/2648 1705/2505/2566
f 1703/2586/2647 1704/2559/2620 1707/2558/2619 1706/2587/2648
f 1705/2505/2566 1706/2587/2648 1760/2588/2649 1759/2557/2618
f 1706/2587/2648 1707/2558/2619 1761/2585/2646 1760/2588/2649
f 1704/2559/2620 1703/2586/2647 2546/2589/2650 2547/2560/2621
f 1703/2586/2647 1702/2504/2565 2545/2507/2568 2546/2589/2650
f 1710/2561/2622 1709/2590/2651 1712/2591/2652 1713/2562/2623
f 1709/2590/2651 1708/2511/2572 1711/2510/2571 1712/2591/2652
f 1713/2562/2623 1712/2591/2652 2659/2592/2653 2660/2563/2624
f 1712/2591/2652 1711/2510/2571 2658/2513/2574 2659/2592/2653
f 1716/2564/2625 1715/2593/2654 2777/2594/2655 2778/2565/2626
f 1715/2593/2654 1714/2517/2578 2776/2516/2577 2777/2594/2655
f 1719/2566/2627 1718/2595/2656 1721/2596/2657 1722/2567/2628
f 1718/2595/2656 1717/2521/2582 1720/2520/2581 1721/2596/2657
f 1722/2567/2628 1721/2596/2657 2889/2597/2658 2890/2568/2629
f 1721/2596/2657 1720/2520/2581 2888/2523/2584 2889/2597/2658
f 1725/2569/2630 1724/2598/2659 1727/2599/2660 1728/2570/2631
f 1724/2598/2659 1723/2527/2588 1726/2526/2587 1727/2599/2660
f 1728/2570/2631 1727/2599/2660 1730/2600/2661 1731/2571/2632
f 1727/2599/2660 1726/2526/2587 1729/2529/2590 1730/2600/2661
f 1731/2571/2632 1730/2600/2661 1733/2601/2662 1734/2572/2633
f 1730/2600/2661 1729/2529/2590 1732/2531/2592 1733/2601/2662
f 1734/2572/2633 1733/2601/2662 1736/2602/2663 1737/2573/2634
f 1733/2601/2662 1732/2531/2592 1735/2533/2594 1736/2602/2663
f 1737/2573/2634 1736/2602/2663 3001/2603/2664 3002/2574/2635
f 1736/2602/2663 1735/2533/2594 3000/2535/2596 3001/2603/2664
f 1740/2575/2636 1739/2604/2665 1742/2605/2666 1743/2576/2637
f 1739/2604/2665 1738/2539/2600 1741/2538/2599 1742/2605/2666
f 1743/2576/2637 1742/2605/2666 3113/2606/2667 3114/2577/2638
f 1742/2605/2666 1741/2538/2599 3112/2541/2602 3113/2606/2667
f 1746/2578/2639 1745/2607/2668 3225/2608/2669 3226/2579/2640
f 1745/2607/2668 1744/2545/2606 3224/2544/2605 3225/2608/2669
f 1749/2580/2641 1748/2609/2670 1751/2610/2671 1752/2581/2642
f 1748/2609/2670 1747/2549/2610 1750/2548/2609 1751/2610/2671
f 1752/2581/2642 1751/2610/2671 3337/2611/2672 3338/2582/2643
f 1751/2610/2671 1750/2548/2609 3336/2551/2612 3337/2611/2672
f 1755/2583/2644 1754/2612/2673 1757/2613/2674 1758/2584/2645
f 1754/2612/2673 1753/2555/2616 1756/2554/2615 1757/2613/2674
f 1758/2584/2645 1757/2613/2674 1760/2588/2649 1761/2585/2646
f 1757/2613/2674 1756/2554/2615 1759/2557/2618 1760/2588/2649
f 1764/2614/2675 1763/2615/2676 1766/2616/2677 1765/2617/2678
f 1763/2615/2676 1762/2618/2679 1767/2619/2680 1766/2616/2677
f 1463/2032/2118 1462/2031/2117 1764/2614/2675 1765/2617/2678
f 1464/2034/2120 1463/2032/2118 1765/2617/2678 1768/2620/2681
f 1465/2036/2122 1464/2034/2120 1768/2620/2681 1771/2621/2682
f 1466/2038/2124 1465/2036/2122 1771/2621/2682 1774/2622/2683
f 1467/2042/2128 3331/2041/2127 3332/2623/2684 1777/2624/2685
f 1468/2044/2130 1467/2042/2128 1777/2624/2685 1780/2625/2686
f 1469/2048/2134 3219/2047/2133 3220/2626/2687 1783/2627/2688
f 1470/2052/2138 3107/2051/2137 3108/2628/2689 1786/2629/2690
f 1471/2054/2140 1470/2052/2138 1786/2629/2690 1789/2630/2691
f 1472/2058/2144 2995/2057/2143 2996/2631/2692 1792/2632/2693
f 1473/2060/2146 1472/2058/2144 1792/2632/2693 1795/2633/2694
f 1474/2062/2148 1473/2060/2146 1795/2633/2694 1798/2634/2695
f 1475/2064/2150 1474/2062/2148 1798/2634/2695 1801/2635/2696
f 1476/2066/2152 1475/2064/2150 1801/2635/2696 1804/2636/2697
f 1477/2070/2156 2883/2069/2155 2884/2637/2698 1807/2638/2699
f 1478/2072/2158 1477/2070/2156 1807/2638/2699 1810/2639/2700
f 1479/2076/2162 2771/2075/2161 2772/2640/2701 1813/2641/2702
f 1480/2080/2166 2653/2079/2165 2654/2642/2703 1816/2643/2704
f 1481/2082/2168 1480/2080/2166 1816/2643/2704 1819/2644/2705
f 1462/2031/2117 2540/2084/2170 2541/2645/2706 1764/2614/2675
f 1767/2619/2680 1762/2618/2679 1262/2503/2564 1263/2502/2563
f 1770/2646/2707 1767/2619/2680 1263/2502/2563 1281/2556/2617
f 1773/2647/2708 1770/2646/2707 1281/2556/2617 1280/2553/2614
f 1776/2648/2709 1773/2647/2708 1280/2553/2614 1279/2552/2613
f 1779/2649/2710 3334/2650/2711 3335/2550/2611 1278/2547/2608
f 1782/2651/2712 1779/2649/2710 1278/2547/2608 1277/2546/2607
f 1785/2652/2713 3222/2653/2714 3223/2543/2604 1276/2542/2603
f 1788/2654/2715 3110/2655/2716 3111/2540/2601 1275/2537/2598
f 1791/2656/2717 1788/2654/2715 1275/2537/2598 1274/2536/2597
f 1794/2657/2718 2998/2658/2719 2999/2534/2595 1273/2532/2593
f 1797/2659/2720 1794/2657/2718 1273/2532/2593 1272/2530/2591
f 1800/2660/2721 1797/2659/2720 1272/2530/2591 1271/2528/2589
f 1803/2661/2722 1800/2660/2721 1271/2528/2589 1270/2525/2586
f 1806/2662/2723 1803/2661/2722 1270/2525/2586 1269/2524/2585
f 1809/2663/2724 2886/2664/2725 2887/2522/2583 1268/2519/2580
f 1812/2665/2726 1809/2663/2724 1268/2519/2580 1267/2518/2579
f 1815/2666/2727 2774/2667/2728 2775/2515/2576 1266/2514/2575
f 1818/2668/2729 2656/2669/2730 2657/2512/2573 1265/2509/2570
f 1821/2670/2731 1818/2668/2729 1265/2509/2570 1264/2508/2569
f 1762/2618/2679 2543/2671/2732 2544/2506/2567 1262/2503/2564
f 1765/2617/2678 1766/2616/2677 1769/2672/2733 1768/2620/2681
f 1766/2616/2677 1767/2619/2680 1770/2646/2707 1769/2672/2733
f 1768/2620/2681 1769/2672/2733 1772/2673/2734 1771/2621/2682
f 1769/2672/2733 1770/2646/2707 1773/2647/2708 1772/2673/2734
f 1771/2621/2682 1772/2673/2734 1775/2674/2735 1774/2622/2683
f 1772/2673/2734 1773/2647/2708 1776/2648/2709 1775/2674/2735
f 3332/2623/2684 3333/2675/2736 1778/2676/2737 1777/2624/2685
f 3333/2675/2736 3334/2650/2711 1779/2649/2710 1778/2676/2737
f 1777/2624/2685 1778/2676/2737 1781/2677/2738 1780/2625/2686
f 1778/2676/2737 1779/2649/2710 1782/2651/2712 1781/2677/2738
f 3220/2626/2687 3221/2678/2739 1784/2679/2740 1783/2627/2688
f 3221/2678/2739 3222/2653/2714 1785/2652/2713 1784/2679/2740
f 3108/2628/2689 3109/2680/2741 1787/2681/2742 1786/2629/2690
f 3109/2680/2741 3110/2655/2716 1788/2654/2715 1787/2681/2742
f 1786/2629/2690 1787/2681/2742 1790/2682/2743 1789/2630/2691
f 1787/2681/2742 1788/2654/2715 1791/2656/2717 1790/2682/2743
f 2996/2631/2692 2997/2683/2744 1793/2684/2745 1792/2632/2693
f 2997/2683/2744 2998/2658/2719 1794/2657/2718 1793/2684/2745
f 1792/2632/2693 1793/2684/2745 1796/2685/2746 1795/2633/2694
f 1793/2684/2745 1794/2657/2718 1797/2659/2720 1796/2685/2746
f 1795/2633/2694 1796/2685/2746 1799/2686/2747 1798/2634/2695
f 1796/2685/2746 1797/2659/2720 1800/2660/2721 1799/2686/2747
f 1798/2634/2695 1799/2686/2747 1802/2687/2748 1801/2635/2696
f 1799/2686/2747 1800/2660/2721 1803/2661/2722 1802/2687/2748
f 1801/2635/2696 1802/2687/2748 1805/2688/2749 1804/2636/2697
f 1802/2687/2748 1803/2661/2722 1806/2662/2723 1805/2688/2749
f 2884/2637/2698 2885/2689/2750 1808/2690/2751 1807/2638/2699
f 2885/2689/2750 2886/2664/2725 1809/2663/2724 1808/2690/2751
f 1807/2638/2699 1808/2690/2751 1811/2691/2752 1810/2639/2700
f 1808/2690/2751 1809/2663/2724 1812/2665/2726 1811/2691/2752
f 2772/2640/2701 2773/2692/2753 1814/2693/2754 1813/2641/2702
f 2773/2692/2753 2774/2667/2728 1815/2666/2727 1814/2693/2754
f 2654/2642/2703 2655/2694/2755 1817/2695/2756 1816/2643/2704
f 2655/2694/2755 2656/2669/2730 1818/2668/2729 1817/2695/2756
f 1816/2643/2704 1817/2695/2756 1820/2696/2757 1819/2644/2705
f 1817/2695/2756 1818/2668/2729 1821/2670/2731 1820/2696/2757
f 1762/2618/2679 1763/2615/2676 2542/2697/2758 2543/2671/2732
f 1763/2615/2676 1764/2614/2675 2541/2645/2706 2542/2697/2758
f 1879/2698/2759 1822/2699/2760 1442/2030/2116 1443/2029/2115
f 1822/2699/2760 2538/2700/2761 2539/2083/2169 1442/2030/2116
f 1825/2701/2762 1828/2702/2763 1460/2077/2163 1461/2081/2167
f 1828/2702/2763 2651/2703/2764 2652/2078/2164 1460/2077/2163
f 1831/2704/2765 2769/2705/2766 2770/2074/2160 1459/2073/2159
f 1834/2706/2767 1837/2707/2768 1457/2067/2153 1458/2071/2157
f 1837/2707/2768 2881/2708/2769 2882/2068/2154 1457/2067/2153
f 1840/2709/2770 1843/2710/2771 1455/2063/2149 1456/2065/2151
f 1843/2710/2771 1846/2711/2772 1454/2061/2147 1455/2063/2149
f 1846/2711/2772 1849/2712/2773 1453/2059/2145 1454/2061/2147
f 1849/2712/2773 1852/2713/2774 1452/2055/2141 1453/2059/2145
f 1852/2713/2774 2993/2714/2775 2994/2056/2142 1452/2055/2141
f 1855/2715/2776 1858/2716/2777 1450/2049/2135 1451/2053/2139
f 1858/2716/2777 3105/2717/2778 3106/2050/2136 1450/2049/2135
f 1861/2718/2779 3217/2719/2780 3218/2046/2132 1449/2045/2131
f 1864/2720/2781 1867/2721/2782 1447/2039/2125 1448/2043/2129
f 1867/2721/2782 3329/2722/2783 3330/2040/2126 1447/2039/2125
f 1870/2723/2784 1873/2724/2785 1445/2035/2121 1446/2037/2123
f 1873/2724/2785 1876/2725/2786 1444/2033/2119 1445/2035/2121
f 1876/2725/2786 1879/2698/2759 1443/2029/2115 1444/2033/2119
f 1482/2091/2179 2535/2094/2182 2536/2726/2787 1824/2727/2788
f 1492/2106/2203 1497/2109/2206 1830/2728/2789 1827/2729/2790
f 1497/2109/2206 2648/2114/2216 2649/2730/2791 1830/2728/2789
f 1502/2121/2227 2766/2124/2230 2767/2731/2792 1833/2732/2793
f 1507/2131/2243 1512/2134/2246 1839/2733/2794 1836/2734/2795
f 1512/2134/2246 2878/2139/2256 2879/2735/2796 1839/2733/2794
f 1517/2146/2267 1522/2149/2270 1845/2736/2797 1842/2737/2798
f 1522/2149/2270 1527/2154/2280 1848/2738/2799 1845/2736/2797
f 1527/2154/2280 1532/2159/2288 1851/2739/2800 1848/2738/2799
f 1532/2159/2288 1537/2164/2296 1854/2740/2801 1851/2739/2800
f 1537/2164/2296 2990/2169/2304 2991/2741/2802 1854/2740/2801
f 1542/2176/2315 1547/2179/2318 1860/2742/2803 1857/2743/2804
f 1547/2179/2318 3102/2184/2328 3103/2744/2805 1860/2742/2803
f 1552/2191/2339 3214/2194/2342 3215/2745/2806 1863/2746/2807
f 1557/2201/2355 1562/2204/2358 1869/2747/2808 1866/2748/2809
f 1562/2204/2358 3326/2209/2368 3327/2749/2810 1869/2747/2808
f 1567/2218/2379 1572/2223/2382 1875/2750/2811 1872/2751/2812
f 1572/2223/2382 1577/2228/2392 1878/2752/2813 1875/2750/2811
f 1577/2228/2392 1487/2099/2193 1881/2753/2814 1878/2752/2813
f 1487/2099/2193 1482/2091/2179 1824/2727/2788 1881/2753/2814
f 1822/2699/2760 1823/2754/2815 2537/2755/2816 2538/2700/2761
f 1823/2754/2815 1824/2727/2788 2536/2726/2787 2537/2755/2816
f 1825/2701/2762 1826/2756/2817 1829/2757/2818 1828/2702/2763
f 1826/2756/2817 1827/2729/2790 1830/2728/2789 1829/2757/2818
f 1828/2702/2763 1829/2757/2818 2650/2758/2819 2651/2703/2764
f 1829/2757/2818 1830/2728/2789 2649/2730/2791 2650/2758/2819
f 1831/2704/2765 1832/2759/2820 2768/2760/2821 2769/2705/2766
f 1832/2759/2820 1833/2732/2793 2767/2731/2792 2768/2760/2821
f 1834/2706/2767 1835/2761/2822 1838/2762/2823 1837/2707/2768
f 1835/2761/2822 1836/2734/2795 1839/2733/2794 1838/2762/2823
f 1837/2707/2768 1838/2762/2823 2880/2763/2824 2881/2708/2769
f 1838/2762/2823 1839/2733/2794 2879/2735/2796 2880/2763/2824
f 1840/2709/2770 1841/2764/2825 1844/2765/2826 1843/2710/2771
f 1841/2764/2825 1842/2737/2798 1845/2736/2797 1844/2765/2826
f 1843/2710/2771 1844/2765/2826 1847/2766/2827 1846/2711/2772
f 1844/2765/2826 1845/2736/2797 1848/2738/2799 1847/2766/2827
f 1846/2711/2772 1847/2766/2827 1850/2767/2828 1849/2712/2773
f 1847/2766/2827 1848/2738/2799 1851/2739/2800 1850/2767/2828
f 1849/2712/2773 1850/2767/2828 1853/2768/2829 1852/2713/2774
f 1850/2767/2828 1851/2739/2800 1854/2740/2801 1853/2768/2829
f 1852/2713/2774 1853/2768/2829 2992/2769/2830 2993/2714/2775
f 1853/2768/2829 1854/2740/2801 2991/2741/2802 2992/2769/2830
f 1855/2715/2776 1856/2770/2831 1859/2771/2832 1858/2716/2777
f 1856/2770/2831 1857/2743/2804 1860/2742/2803 1859/2771/2832
f 1858/2716/2777 1859/2771/2832 3104/2772/2833 3105/2717/2778
f 1859/2771/2832 1860/2742/2803 3103/2744/2805 3104/2772/2833
f 1861/2718/2779 1862/2773/2834 3216/2774/2835 3217/2719/2780
f 1862/2773/2834 1863/2746/2807 3215/2745/2806 3216/2774/2835
f 1864/2720/2781 1865/2775/2836 1868/2776/2837 1867/2721/2782
f 1865/2775/2836 1866/2748/2809 1869/2747/2808 1868/2776/2837
f 1867/2721/2782 1868/2776/2837 3328/2777/2838 3329/2722/2783
f 1868/2776/2837 1869/2747/2808 3327/2749/2810 3328/2777/2838
f 1870/2723/2784 1871/2778/2839 1874/2779/2840 1873/2724/2785
f 1871/2778/2839 1872/2751/2812 1875/2750/2811 1874/2779/2840
f 1873/2724/2785 1874/2779/2840 1877/2780/2841 1876/2725/2786
f 1874/2779/2840 1875/2750/2811 1878/2752/2813 1877/2780/2841
f 1876/2725/2786 1877/2780/2841 1880/2781/2842 1879/2698/2759
f 1877/2780/2841 1878/2752/2813 1881/2753/2814 1880/2781/2842
f 1824/2727/2788 1823/2754/2815 1880/2781/2842 1881/2753/2814
f 1823/2754/2815 1822/2699/2760 1879/2698/2759 1880/2781/2842
f 1883/3591/2843 1882/2784/2844 1902/1855/423 1903/3555/422
f 1882/2784/2844 2227/2786/2845 2228/3359/425 1902/1855/423
f 2233/3547/428 2234/3581/2846 1886/2793/2847 1907/1857/429
f 2225/3551/433 2226/3577/2848 1889/2803/2849 1910/1860/434
f 1889/2803/2849 1890/3590/2850 1911/3361/435 1910/1860/434
f 1892/3588/2851 1893/2811/2852 1914/1864/438 1913/3562/437
f 1896/2821/2853 2235/2822/2854 2236/3362/444 1917/1867/443
f 1899/2831/2855 1900/3586/2856 1921/3363/449 1920/1870/448
f 1930/2782/2857 1926/3534/2858 1882/2784/2859 1883/3591/2860
f 2227/3583/2861 2451/3584/2862 1934/2788/2863 1884/2789/2864
f 1934/2788/2863 1938/3532/2865 1885/2791/2866 1884/2789/2864
f 2234/3581/2867 2564/3582/2868 1942/3530/2869 1886/2793/2870
f 2238/3579/2871 2677/3580/2872 1946/2796/2873 1887/2797/2874
f 1946/2796/2873 1950/3528/2875 1888/2799/2876 1887/2797/2874
f 2226/3577/2877 2678/3578/2878 1954/2802/2879 1889/2803/2880
f 1954/2802/2879 1958/3589/2881 1890/3590/2882 1889/2803/2880
f 1958/2804/2881 1962/2806/2883 1891/2807/2884 1890/2805/2882
f 1962/2806/2883 1966/3587/2885 1892/2809/2886 1891/2807/2884
f 1966/2808/2885 1970/3526/2887 1893/2811/2888 1892/3588/2886
f 2230/3575/2889 2679/3576/2890 1974/2814/2891 1894/2815/2892
f 1974/2814/2891 1978/3524/2893 1895/2817/2894 1894/2815/2892
f 2231/3573/2895 2680/3574/2896 1982/3522/2897 1896/2821/2898
f 2235/3571/2899 2681/3572/2900 1986/2824/2901 1897/2825/2902
f 1986/2824/2901 1990/3520/2903 1898/2827/2904 1897/2825/2902
f 2223/3569/2905 2682/3570/2906 1994/2830/2907 1899/2831/2908
f 1994/2830/2907 1998/3585/2909 1900/3586/2910 1899/2831/2908
f 1998/2832/2909 2002/2834/2911 1901/2835/2912 1900/2833/2910
f 2002/2834/2911 1930/3592/2857 1883/2785/2860 1901/2835/2912
f 1925/2836/2913 1926/2783/2858 1930/3546/2857 1929/2837/2914
f 1923/2838/2915 1924/2839/2916 1928/2840/2917 1927/2841/2918
f 1924/2839/2919 1925/2836/2913 1929/2837/2914 1928/2840/2920
f 1929/2837/2914 1930/3546/2857 2002/3535/2911 2001/2842/2921
f 1927/2841/2918 1928/2840/2917 2000/2843/2922 1999/2844/2923
f 1928/2840/2920 1929/2837/2914 2001/2842/2921 2000/2843/2924
f 2451/2787/2862 2563/2845/2925 1933/2846/2926 1934/3545/2863
f 1925/2836/2913 1924/2839/2919 2562/2847/2927 2563/2845/2925
f 1924/2839/2916 1923/2838/2915 2561/2848/2928 2562/2847/2929
f 1934/3545/2863 1933/2846/2926 1937/2849/2930 1938/2790/2865
f 1933/2846/2926 1932/2850/2931 1936/2851/2932 1937/2849/2930
f 1932/2850/2933 1931/2852/2934 1935/2853/2935 1936/2851/2936
f 2564/3407/2868 2676/2854/2937 1941/3518/2938 1942/3406/2869
f 1937/2849/2930 1936/2851/2932 2675/2856/2939 2676/2854/2937
f 1936/2851/2936 1935/2853/2935 2674/2857/2940 2675/2856/2941
f 2677/2795/2872 2794/2858/2942 1945/2859/2943 1946/3544/2873
f 1941/2855/2938 1940/2860/2944 2793/2861/2945 2794/2858/2942
f 1940/2860/2946 1939/2862/2947 2792/2863/2948 2793/2861/2949
f 1946/3544/2873 1945/2859/2943 1949/2864/2950 1950/2798/2875
f 1945/2859/2943 1944/2865/2951 1948/2866/2952 1949/2864/2950
f 1944/2865/2953 1943/2867/2954 1947/2868/2955 1948/2866/2956
f 2678/2801/2878 2906/2869/2957 1953/2870/2958 1954/3543/2879
f 1949/2864/2950 1948/2866/2952 2905/2871/2959 2906/2869/2957
f 1948/2866/2956 1947/2868/2955 2904/2872/2960 2905/2871/2961
f 1954/3543/2879 1953/2870/2958 1957/2873/2962 1958/3542/2881
f 1953/2870/2958 1952/2874/2963 1956/2875/2964 1957/2873/2962
f 1952/2874/2965 1951/2876/2966 1955/2877/2967 1956/2875/2968
f 1958/3542/2881 1957/2873/2962 1961/2878/2969 1962/3541/2883
f 1957/2873/2962 1956/2875/2964 1960/2879/2970 1961/2878/2969
f 1956/2875/2968 1955/2877/2967 1959/2880/2971 1960/2879/2972
f 1962/3541/2883 1961/2878/2969 1965/2881/2973 1966/3540/2885
f 1961/2878/2969 1960/2879/2970 1964/2882/2974 1965/2881/2973
f 1960/2879/2972 1959/2880/2971 1963/2883/2975 1964/2882/2976
f 1966/3540/2885 1965/2881/2973 1969/2884/2977 1970/2810/2887
f 1965/2881/2973 1964/2882/2974 1968/2885/2978 1969/2884/2977
f 1964/2882/2976 1963/2883/2975 1967/2886/2979 1968/2885/2980
f 2679/2813/2890 3018/2887/2981 1973/2888/2982 1974/3539/2891
f 1969/2884/2977 1968/2885/2978 3017/2889/2983 3018/2887/2981
f 1968/2885/2980 1967/2886/2979 3016/2890/2984 3017/2889/2985
f 1974/3539/2891 1973/2888/2982 1977/2891/2986 1978/2816/2893
f 1973/2888/2982 1972/2892/2987 1976/2893/2988 1977/2891/2986
f 1972/2892/2989 1971/2894/2990 1975/2895/2991 1976/2893/2992
f 2680/2819/2896 3130/2896/2993 1981/2897/2994 1982/2820/2897
f 1977/2891/2986 1976/2893/2988 3129/2898/2995 3130/2896/2993
f 1976/2893/2992 1975/2895/2991 3128/2899/2996 3129/2898/2997
f 2681/2823/2900 3242/2900/2998 1985/2901/2999 1986/3538/2901
f 1981/2897/2994 1980/2902/3000 3241/2903/3001 3242/2900/2998
f 1980/2902/3002 1979/2904/3003 3240/2905/3004 3241/2903/3005
f 1986/3538/2901 1985/2901/2999 1989/2906/3006 1990/2826/2903
f 1985/2901/2999 1984/2907/3007 1988/2908/3008 1989/2906/3006
f 1984/2907/3009 1983/2909/3010 1987/2910/3011 1988/2908/3012
f 2682/2829/2906 3354/2911/3013 1993/2912/3014 1994/3537/2907
f 1989/2906/3006 1988/2908/3008 3353/2913/3015 3354/2911/3013
f 1988/2908/3012 1987/2910/3011 3352/2914/3016 3353/2913/3017
f 1994/3537/2907 1993/2912/3014 1997/2915/3018 1998/3536/2909
f 1993/2912/3014 1992/2916/3019 1996/2917/3020 1997/2915/3018
f 1992/2916/3021 1991/2918/3022 1995/2919/3023 1996/2917/3024
f 1998/3536/2909 1997/2915/3018 2001/2842/2921 2002/3535/2911
f 1997/2915/3018 1996/2917/3020 2000/2843/2924 2001/2842/2921
f 1996/2917/3024 1995/2919/3023 1999/2844/2923 2000/2843/2922
f 1683/2449/2510 1682/2448/2509 2003/2920/3025 2006/2921/3026
f 1682/2448/2509 2549/2451/2512 2550/2922/3027 2003/2920/3025
f 1684/2455/2516 1685/2454/2515 2012/2923/3028 2009/2924/3029
f 1685/2454/2515 2662/2457/2518 2663/2925/3030 2012/2923/3028
f 1686/2461/2522 2780/2460/2521 2781/2926/3031 2015/2927/3032
f 1687/2465/2526 1688/2464/2525 2021/2928/3033 2018/2929/3034
f 1688/2464/2525 2892/2467/2528 2893/2930/3035 2021/2928/3033
f 1689/2471/2532 1690/2470/2531 2027/2931/3036 2024/2932/3037
f 1690/2470/2531 1691/2473/2534 2030/2933/3038 2027/2931/3036
f 1691/2473/2534 1692/2475/2536 2033/2934/3039 2030/2933/3038
f 1692/2475/2536 1693/2477/2538 2036/2935/3040 2033/2934/3039
f 1693/2477/2538 3004/2479/2540 3005/2936/3041 2036/2935/3040
f 1694/2483/2544 1695/2482/2543 2042/2937/3042 2039/2938/3043
f 1695/2482/2543 3116/2485/2546 3117/2939/3044 2042/2937/3042
f 1696/2489/2550 3228/2488/2549 3229/2940/3045 2045/2941/3046
f 1697/2493/2554 1698/2492/2553 2051/2942/3047 2048/2943/3048
f 1698/2492/2553 3340/2495/2556 3341/2944/3049 2051/2942/3047
f 1699/2499/2560 1700/2498/2559 2057/2945/3050 2054/2946/3051
f 1700/2498/2559 1701/2501/2562 2060/2947/3052 2057/2945/3050
f 1701/2501/2562 1683/2449/2510 2006/2921/3026 2060/2947/3052
f 2003/2920/3025 2004/2948/3053 2007/2949/3054 2006/2921/3026
f 2004/2948/3053 2005/2950/3055 2008/2951/3056 2007/2949/3054
f 2006/2921/3026 2007/2949/3054 2061/2952/3057 2060/2947/3052
f 2007/2949/3054 2008/2951/3056 2062/2953/3058 2061/2952/3057
f 2005/2950/3055 2004/2948/3053 2551/2954/3059 2552/2955/3060
f 2004/2948/3053 2003/2920/3025 2550/2922/3027 2551/2954/3059
f 2011/2956/3061 2010/2957/3062 2013/2958/3063 2014/2959/3064
f 2010/2957/3062 2009/2924/3029 2012/2923/3028 2013/2958/3063
f 2014/2959/3064 2013/2958/3063 2664/2960/3065 2665/2961/3066
f 2013/2958/3063 2012/2923/3028 2663/2925/3030 2664/2960/3065
f 2017/2962/3067 2016/2963/3068 2782/2964/3069 2783/2965/3070
f 2016/2963/3068 2015/2927/3032 2781/2926/3031 2782/2964/3069
f 2020/2966/3071 2019/2967/3072 2022/2968/3073 2023/2969/3074
f 2019/2967/3072 2018/2929/3034 2021/2928/3033 2022/2968/3073
f 2023/2969/3074 2022/2968/3073 2894/2970/3075 2895/2971/3076
f 2022/2968/3073 2021/2928/3033 2893/2930/3035 2894/2970/3075
f 2026/2972/3077 2025/2973/3078 2028/2974/3079 2029/2975/3080
f 2025/2973/3078 2024/2932/3037 2027/2931/3036 2028/2974/3079
f 2029/2975/3080 2028/2974/3079 2031/2976/3081 2032/2977/3082
f 2028/2974/3079 2027/2931/3036 2030/2933/3038 2031/2976/3081
f 2032/2977/3082 2031/2976/3081 2034/2978/3083 2035/2979/3084
f 2031/2976/3081 2030/2933/3038 2033/2934/3039 2034/2978/3083
f 2035/2979/3084 2034/2978/3083 2037/2980/3085 2038/2981/3086
f 2034/2978/3083 2033/2934/3039 2036/2935/3040 2037/2980/3085
f 2038/2981/3086 2037/2980/3085 3006/2982/3087 3007/2983/3088
f 2037/2980/3085 2036/2935/3040 3005/2936/3041 3006/2982/3087
f 2041/2984/3089 2040/2985/3090 2043/2986/3091 2044/2987/3092
f 2040/2985/3090 2039/2938/3043 2042/2937/3042 2043/2986/3091
f 2044/2987/3092 2043/2986/3091 3118/2988/3093 3119/2989/3094
f 2043/2986/3091 2042/2937/3042 3117/2939/3044 3118/2988/3093
f 2047/2990/3095 2046/2991/3096 3230/2992/3097 3231/2993/3098
f 2046/2991/3096 2045/2941/3046 3229/2940/3045 3230/2992/3097
f 2050/2994/3099 2049/2995/3100 2052/2996/3101 2053/2997/3102
f 2049/2995/3100 2048/2943/3048 2051/2942/3047 2052/2996/3101
f 2053/2997/3102 2052/2996/3101 3342/2998/3103 3343/2999/3104
f 2052/2996/3101 2051/2942/3047 3341/2944/3049 3342/2998/3103
f 2056/3000/3105 2055/3001/3106 2058/3002/3107 2059/3003/3108
f 2055/3001/3106 2054/2946/3051 2057/2945/3050 2058/3002/3107
f 2059/3003/3108 2058/3002/3107 2061/2952/3057 2062/2953/3058
f 2058/3002/3107 2057/2945/3050 2060/2947/3052 2061/2952/3057
f 2067/3004/3109 2063/3005/3110 2143/3006/3111 2147/3007/3112
f 2063/3005/3110 2556/3008/3113 2557/3009/3114 2143/3006/3111
f 2071/3010/3115 2075/3011/3116 2155/3012/3117 2151/3013/3118
f 2075/3011/3116 2669/3014/3119 2670/3015/3120 2155/3012/3117
f 2079/3016/3121 2787/3017/3122 2788/3018/3123 2159/3019/3124
f 2083/3020/3125 2087/3021/3126 2167/3022/3127 2163/3023/3128
f 2087/3021/3126 2899/3024/3129 2900/3025/3130 2167/3022/3127
f 2091/3026/3131 2095/3027/3132 2175/3028/3133 2171/3029/3134
f 2095/3027/3132 2099/3030/3135 2179/3031/3136 2175/3028/3133
f 2099/3030/3135 2103/3032/3137 2183/3033/3138 2179/3031/3136
f 2103/3032/3137 2107/3034/3139 2187/3035/3140 2183/3033/3138
f 2107/3034/3139 3011/3036/3141 3012/3037/3142 2187/3035/3140
f 2111/3038/3143 2115/3039/3144 2195/3040/3145 2191/3041/3146
f 2115/3039/3144 3123/3042/3147 3124/3043/3148 2195/3040/3145
f 2119/3044/3149 3235/3045/3150 3236/3046/3151 2199/3047/3152
f 2123/3048/3153 2127/3049/3154 2207/3050/3155 2203/3051/3156
f 2127/3049/3154 3347/3052/3157 3348/3053/3158 2207/3050/3155
f 2131/3054/3159 2135/3055/3160 2215/3056/3161 2211/3057/3162
f 2135/3055/3160 2139/3058/3163 2219/3059/3164 2215/3056/3161
f 2139/3058/3163 2067/3004/3109 2147/3007/3112 2219/3059/3164
f 2150/3060/3165 2146/3061/3166 1923/2838/2915 1927/2841/2918
f 2146/3061/3166 2560/3062/3167 2561/2848/2928 1923/2838/2915
f 2154/3063/3168 2158/3064/3169 1935/2853/2935 1931/2852/2934
f 2158/3064/3169 2673/3065/3170 2674/2857/2940 1935/2853/2935
f 2162/3066/3171 2791/3067/3172 2792/2863/2948 1939/2862/2947
f 2166/3068/3173 2170/3069/3174 1947/2868/2955 1943/2867/2954
f 2170/3069/3174 2903/3070/3175 2904/2872/2960 1947/2868/2955
f 2174/3071/3176 2178/3072/3177 1955/2877/2967 1951/2876/2966
f 2178/3072/3177 2182/3073/3178 1959/2880/2971 1955/2877/2967
f 2182/3073/3178 2186/3074/3179 1963/2883/2975 1959/2880/2971
f 2186/3074/3179 2190/3075/3180 1967/2886/2979 1963/2883/2975
f 2190/3075/3180 3015/3076/3181 3016/2890/2984 1967/2886/2979
f 2194/3077/3182 2198/3078/3183 1975/2895/2991 1971/2894/2990
f 2198/3078/3183 3127/3079/3184 3128/2899/2996 1975/2895/2991
f 2202/3080/3185 3239/3081/3186 3240/2905/3004 1979/2904/3003
f 2206/3082/3187 2210/3083/3188 1987/2910/3011 1983/2909/3010
f 2210/3083/3188 3351/3084/3189 3352/2914/3016 1987/2910/3011
f 2214/3085/3190 2218/3086/3191 1995/2919/3023 1991/2918/3022
f 2218/3086/3191 2222/3087/3192 1999/2844/2923 1995/2919/3023
f 2222/3087/3192 2150/3060/3165 1927/2841/2918 1999/2844/2923
f 2008/2951/3056 2005/2950/3055 2066/3088/3193 2070/3089/3194
f 2005/2950/3055 2552/2955/3060 2553/3090/3195 2066/3088/3193
f 2011/2956/3061 2014/2959/3064 2078/3091/3196 2074/3092/3197
f 2014/2959/3064 2665/2961/3066 2666/3093/3198 2078/3091/3196
f 2017/2962/3067 2783/2965/3070 2784/3094/3199 2082/3095/3200
f 2020/2966/3071 2023/2969/3074 2090/3096/3201 2086/3097/3202
f 2023/2969/3074 2895/2971/3076 2896/3098/3203 2090/3096/3201
f 2026/2972/3077 2029/2975/3080 2098/3099/3204 2094/3100/3205
f 2029/2975/3080 2032/2977/3082 2102/3101/3206 2098/3099/3204
f 2032/2977/3082 2035/2979/3084 2106/3102/3207 2102/3101/3206
f 2035/2979/3084 2038/2981/3086 2110/3103/3208 2106/3102/3207
f 2038/2981/3086 3007/2983/3088 3008/3104/3209 2110/3103/3208
f 2041/2984/3089 2044/2987/3092 2118/3105/3210 2114/3106/3211
f 2044/2987/3092 3119/2989/3094 3120/3107/3212 2118/3105/3210
f 2047/2990/3095 3231/2993/3098 3232/3108/3213 2122/3109/3214
f 2050/2994/3099 2053/2997/3102 2130/3110/3215 2126/3111/3216
f 2053/2997/3102 3343/2999/3104 3344/3112/3217 2130/3110/3215
f 2056/3000/3105 2059/3003/3108 2138/3113/3218 2134/3114/3219
f 2059/3003/3108 2062/2953/3058 2142/3115/3220 2138/3113/3218
f 2062/2953/3058 2008/2951/3056 2070/3089/3194 2142/3115/3220
f 2065/3116/3221 2066/3088/3193 2553/3090/3195 2554/3117/3222
f 2063/3005/3110 2064/3118/3223 2555/3119/3224 2556/3008/3113
f 2064/3118/3223 2065/3116/3221 2554/3117/3222 2555/3119/3224
f 2066/3088/3193 2065/3116/3221 2069/3120/3225 2070/3089/3194
f 2065/3116/3221 2064/3118/3223 2068/3121/3226 2069/3120/3225
f 2064/3118/3223 2063/3005/3110 2067/3004/3109 2068/3121/3226
f 2073/3122/3227 2074/3092/3197 2078/3091/3196 2077/3123/3228
f 2071/3010/3115 2072/3124/3229 2076/3125/3230 2075/3011/3116
f 2072/3124/3229 2073/3122/3227 2077/3123/3228 2076/3125/3230
f 2077/3123/3228 2078/3091/3196 2666/3093/3198 2667/3126/3231
f 2075/3011/3116 2076/3125/3230 2668/3127/3232 2669/3014/3119
f 2076/3125/3230 2077/3123/3228 2667/3126/3231 2668/3127/3232
f 2081/3128/3233 2082/3095/3200 2784/3094/3199 2785/3129/3234
f 2079/3016/3121 2080/3130/3235 2786/3131/3236 2787/3017/3122
f 2080/3130/3235 2081/3128/3233 2785/3129/3234 2786/3131/3236
f 2085/3132/3237 2086/3097/3202 2090/3096/3201 2089/3133/3238
f 2083/3020/3125 2084/3134/3239 2088/3135/3240 2087/3021/3126
f 2084/3134/3239 2085/3132/3237 2089/3133/3238 2088/3135/3240
f 2089/3133/3238 2090/3096/3201 2896/3098/3203 2897/3136/3241
f 2087/3021/3126 2088/3135/3240 2898/3137/3242 2899/3024/3129
f 2088/3135/3240 2089/3133/3238 2897/3136/3241 2898/3137/3242
f 2093/3138/3243 2094/3100/3205 2098/3099/3204 2097/3139/3244
f 2091/3026/3131 2092/3140/3245 2096/3141/3246 2095/3027/3132
f 2092/3140/3245 2093/3138/3243 2097/3139/3244 2096/3141/3246
f 2097/3139/3244 2098/3099/3204 2102/3101/3206 2101/3142/3247
f 2095/3027/3132 2096/3141/3246 2100/3143/3248 2099/3030/3135
f 2096/3141/3246 2097/3139/3244 2101/3142/3247 2100/3143/3248
f 2101/3142/3247 2102/3101/3206 2106/3102/3207 2105/3144/3249
f 2099/3030/3135 2100/3143/3248 2104/3145/3250 2103/3032/3137
f 2100/3143/3248 2101/3142/3247 2105/3144/3249 2104/3145/3250
f 2105/3144/3249 2106/3102/3207 2110/3103/3208 2109/3146/3251
f 2103/3032/3137 2104/3145/3250 2108/3147/3252 2107/3034/3139
f 2104/3145/3250 2105/3144/3249 2109/3146/3251 2108/3147/3252
f 2109/3146/3251 2110/3103/3208 3008/3104/3209 3009/3148/3253
f 2107/3034/3139 2108/3147/3252 3010/3149/3254 3011/3036/3141
f 2108/3147/3252 2109/3146/3251 3009/3148/3253 3010/3149/3254
f 2113/3150/3255 2114/3106/3211 2118/3105/3210 2117/3151/3256
f 2111/3038/3143 2112/3152/3257 2116/3153/3258 2115/3039/3144
f 2112/3152/3257 2113/3150/3255 2117/3151/3256 2116/3153/3258
f 2117/3151/3256 2118/3105/3210 3120/3107/3212 3121/3154/3259
f 2115/3039/3144 2116/3153/3258 3122/3155/3260 3123/3042/3147
f 2116/3153/3258 2117/3151/3256 3121/3154/3259 3122/3155/3260
f 2121/3156/3261 2122/3109/3214 3232/3108/3213 3233/3157/3262
f 2119/3044/3149 2120/3158/3263 3234/3159/3264 3235/3045/3150
f 2120/3158/3263 2121/3156/3261 3233/3157/3262 3234/3159/3264
f 2125/3160/3265 2126/3111/3216 2130/3110/3215 2129/3161/3266
f 2123/3048/3153 2124/3162/3267 2128/3163/3268 2127/3049/3154
f 2124/3162/3267 2125/3160/3265 2129/3161/3266 2128/3163/3268
f 2129/3161/3266 2130/3110/3215 3344/3112/3217 3345/3164/3269
f 2127/3049/3154 2128/3163/3268 3346/3165/3270 3347/3052/3157
f 2128/3163/3268 2129/3161/3266 3345/3164/3269 3346/3165/3270
f 2133/3166/3271 2134/3114/3219 2138/3113/3218 2137/3167/3272
f 2131/3054/3159 2132/3168/3273 2136/3169/3274 2135/3055/3160
f 2132/3168/3273 2133/3166/3271 2137/3167/3272 2136/3169/3274
f 2137/3167/3272 2138/3113/3218 2142/3115/3220 2141/3170/3275
f 2135/3055/3160 2136/3169/3274 2140/3171/3276 2139/3058/3163
f 2136/3169/3274 2137/3167/3272 2141/3170/3275 2140/3171/3276
f 2070/3089/3194 2069/3120/3225 2141/3170/3275 2142/3115/3220
f 2069/3120/3225 2068/3121/3226 2140/3171/3276 2141/3170/3275
f 2068/3121/3226 2067/3004/3109 2139/3058/3163 2140/3171/3276
f 2145/3172/3277 2146/3061/3166 2150/3060/3165 2149/3173/3278
f 2143/3006/3111 2144/3174/3279 2148/3175/3280 2147/3007/3112
f 2144/3174/3279 2145/3172/3277 2149/3173/3278 2148/3175/3280
f 2149/3173/3278 2150/3060/3165 2222/3087/3192 2221/3176/3281
f 2147/3007/3112 2148/3175/3280 2220/3177/3282 2219/3059/3164
f 2148/3175/3280 2149/3173/3278 2221/3176/3281 2220/3177/3282
f 2146/3061/3166 2145/3172/3277 2559/3178/3283 2560/3062/3167
f 2145/3172/3277 2144/3174/3279 2558/3179/3284 2559/3178/3283
f 2144/3174/3279 2143/3006/3111 2557/3009/3114 2558/3179/3284
f 2154/3063/3168 2153/3180/3285 2157/3181/3286 2158/3064/3169
f 2153/3180/3285 2152/3182/3287 2156/3183/3288 2157/3181/3286
f 2152/3182/3287 2151/3013/3118 2155/3012/3117 2156/3183/3288
f 2158/3064/3169 2157/3181/3286 2672/3184/3289 2673/3065/3170
f 2157/3181/3286 2156/3183/3288 2671/3185/3290 2672/3184/3289
f 2156/3183/3288 2155/3012/3117 2670/3015/3120 2671/3185/3290
f 2162/3066/3171 2161/3186/3291 2790/3187/3292 2791/3067/3172
f 2161/3186/3291 2160/3188/3293 2789/3189/3294 2790/3187/3292
f 2160/3188/3293 2159/3019/3124 2788/3018/3123 2789/3189/3294
f 2166/3068/3173 2165/3190/3295 2169/3191/3296 2170/3069/3174
f 2165/3190/3295 2164/3192/3297 2168/3193/3298 2169/3191/3296
f 2164/3192/3297 2163/3023/3128 2167/3022/3127 2168/3193/3298
f 2170/3069/3174 2169/3191/3296 2902/3194/3299 2903/3070/3175
f 2169/3191/3296 2168/3193/3298 2901/3195/3300 2902/3194/3299
f 2168/3193/3298 2167/3022/3127 2900/3025/3130 2901/3195/3300
f 2174/3071/3176 2173/3196/3301 2177/3197/3302 2178/3072/3177
f 2173/3196/3301 2172/3198/3303 2176/3199/3304 2177/3197/3302
f 2172/3198/3303 2171/3029/3134 2175/3028/3133 2176/3199/3304
f 2178/3072/3177 2177/3197/3302 2181/3200/3305 2182/3073/3178
f 2177/3197/3302 2176/3199/3304 2180/3201/3306 2181/3200/3305
f 2176/3199/3304 2175/3028/3133 2179/3031/3136 2180/3201/3306
f 2182/3073/3178 2181/3200/3305 2185/3202/3307 2186/3074/3179
f 2181/3200/3305 2180/3201/3306 2184/3203/3308 2185/3202/3307
f 2180/3201/3306 2179/3031/3136 2183/3033/3138 2184/3203/3308
f 2186/3074/3179 2185/3202/3307 2189/3204/3309 2190/3075/3180
f 2185/3202/3307 2184/3203/3308 2188/3205/3310 2189/3204/3309
f 2184/3203/3308 2183/3033/3138 2187/3035/3140 2188/3205/3310
f 2190/3075/3180 2189/3204/3309 3014/3206/3311 3015/3076/3181
f 2189/3204/3309 2188/3205/3310 3013/3207/3312 3014/3206/3311
f 2188/3205/3310 2187/3035/3140 3012/3037/3142 3013/3207/3312
f 2194/3077/3182 2193/3208/3313 2197/3209/3314 2198/3078/3183
f 2193/3208/3313 2192/3210/3315 2196/3211/3316 2197/3209/3314
f 2192/3210/3315 2191/3041/3146 2195/3040/3145 2196/3211/3316
f 2198/3078/3183 2197/3209/3314 3126/3212/3317 3127/3079/3184
f 2197/3209/3314 2196/3211/3316 3125/3213/3318 3126/3212/3317
f 2196/3211/3316 2195/3040/3145 3124/3043/3148 3125/3213/3318
f 2202/3080/3185 2201/3214/3319 3238/3215/3320 3239/3081/3186
f 2201/3214/3319 2200/3216/3321 3237/3217/3322 3238/3215/3320
f 2200/3216/3321 2199/3047/3152 3236/3046/3151 3237/3217/3322
f 2206/3082/3187 2205/3218/3323 2209/3219/3324 2210/3083/3188
f 2205/3218/3323 2204/3220/3325 2208/3221/3326 2209/3219/3324
f 2204/3220/3325 2203/3051/3156 2207/3050/3155 2208/3221/3326
f 2210/3083/3188 2209/3219/3324 3350/3222/3327 3351/3084/3189
f 2209/3219/3324 2208/3221/3326 3349/3223/3328 3350/3222/3327
f 2208/3221/3326 2207/3050/3155 3348/3053/3158 3349/3223/3328
f 2214/3085/3190 2213/3224/3329 2217/3225/3330 2218/3086/3191
f 2213/3224/3329 2212/3226/3331 2216/3227/3332 2217/3225/3330
f 2212/3226/3331 2211/3057/3162 2215/3056/3161 2216/3227/3332
f 2218/3086/3191 2217/3225/3330 2221/3176/3281 2222/3087/3192
f 2217/3225/3330 2216/3227/3332 2220/3177/3282 2221/3176/3281
f 2216/3227/3332 2215/3056/3161 2219/3059/3164 2220/3177/3282
f 2224/3553/447 2223/3569/3333 1899/2831/2855 1920/1870/448
f 1904/213/424 2224/3553/447 1920/1870/448
f 1909/3552/432 2225/3551/433 1904/213/424
f 1904/213/424 2228/3359/425 1905/3567/426
f 1914/1864/438 2229/3364/439 1904/213/424
f 1893/2811/2852 2230/2812/3334 2229/3364/439 1914/1864/438
f 2232/3549/442 2231/3573/3335 1896/2821/2853 1917/1867/443
f 1904/213/424 2232/3549/442 1917/1867/443
f 1906/3548/427 2233/3547/428 1904/213/424
f 1904/213/424 2236/3362/444 1918/3558/445
f 1907/1857/429 2237/3360/430 1904/213/424
f 1886/2793/2847 2238/2794/3336 2237/3360/430 1907/1857/429
f 2240/1761/1838 2239/1760/1837 2278/3228/3337 2259/3229/3338
f 2241/1787/1890 2240/1761/1838 2259/3229/3338 2260/3230/3339
f 2242/1785/1887 2241/1787/1890 2260/3230/3339 2261/3231/3340
f 2243/1786/1888 2242/1785/1887 2261/3231/3340 2262/3232/3341
f 2244/1782/1881 3306/1784/1884 3307/3233/3342 2263/3234/3343
f 2245/1783/1882 2244/1782/1881 2263/3234/3343 2264/3235/3344
f 2246/1781/1878 3194/1780/1877 3195/3236/3345 2265/3237/3346
f 2247/1777/1871 3082/1779/1874 3083/3238/3347 2266/3239/3348
f 2248/1778/1872 2247/1777/1871 2266/3239/3348 2267/3240/3349
f 2249/1775/1866 2970/1776/1868 2971/3241/3350 2268/3242/3351
f 2250/1774/1864 2249/1775/1866 2268/3242/3351 2269/3243/3352
f 2251/1773/1862 2250/1774/1864 2269/3243/3352 2270/3244/3353
f 2252/1771/1859 2251/1773/1862 2270/3244/3353 2271/3245/3354
f 2253/1772/1860 2252/1771/1859 2271/3245/3354 2272/3246/3355
f 2254/1768/1853 2858/1770/1856 2859/3247/3356 2273/3248/3357
f 2255/1769/1854 2254/1768/1853 2273/3248/3357 2274/3249/3358
f 2256/1767/1850 2746/1766/1849 2747/3250/3359 2275/3251/3360
f 2257/1763/1843 2628/1765/1846 2629/3252/3361 2276/3253/3362
f 2258/1764/1844 2257/1763/1843 2276/3253/3362 2277/3254/3363
f 2239/1760/1837 2515/1762/1840 2516/3255/3364 2278/3228/3337
f 2260/3230/3339 2259/3229/3338 2279/3256/3365 2280/3257/3366
f 2261/3231/3340 2260/3230/3339 2280/3257/3366 2281/3258/3367
f 2262/3232/3341 2261/3231/3340 2281/3258/3367 2282/3259/3368
f 2263/3234/3343 3307/3233/3342 3308/3260/3369 2283/3261/3370
f 2264/3235/3344 2263/3234/3343 2283/3261/3370 2284/3262/3371
f 2265/3237/3346 3195/3236/3345 3196/3263/3372 2285/3264/3373
f 2266/3239/3348 3083/3238/3347 3084/3265/3374 2286/3266/3375
f 2267/3240/3349 2266/3239/3348 2286/3266/3375 2287/3267/3376
f 2268/3242/3351 2971/3241/3350 2972/3268/3377 2288/3269/3378
f 2269/3243/3352 2268/3242/3351 2288/3269/3378 2289/3270/3379
f 2270/3244/3353 2269/3243/3352 2289/3270/3379 2290/3271/3380
f 2271/3245/3354 2270/3244/3353 2290/3271/3380 2291/3272/3381
f 2272/3246/3355 2271/3245/3354 2291/3272/3381 2292/3273/3382
f 2273/3248/3357 2859/3247/3356 2860/3274/3383 2293/3275/3384
f 2274/3249/3358 2273/3248/3357 2293/3275/3384 2294/3276/3385
f 2275/3251/3360 2747/3250/3359 2748/3277/3386 2295/3278/3387
f 2276/3253/3362 2629/3252/3361 2630/3279/3388 2296/3280/3389
f 2277/3254/3363 2276/3253/3362 2296/3280/3389 2297/3281/3390
f 2278/3228/3337 2516/3255/3364 2517/3282/3391 2298/3283/3392
f 2259/3229/3338 2278/3228/3337 2298/3283/3392 2279/3256/3365
f 2280/3257/3366 2279/3256/3365 2299/3284/3393 2300/3285/3394
f 2281/3258/3367 2280/3257/3366 2300/3285/3394 2301/3286/3395
f 2282/3259/3368 2281/3258/3367 2301/3286/3395 2302/3287/3396
f 2283/3261/3370 3308/3260/3369 3309/3288/3397 2303/3289/3398
f 2284/3262/3371 2283/3261/3370 2303/3289/3398 2304/3290/3399
f 2285/3264/3373 3196/3263/3372 3197/3291/3400 2305/3292/3401
f 2286/3266/3375 3084/3265/3374 3085/3293/3402 2306/3294/3403
f 2287/3267/3376 2286/3266/3375 2306/3294/3403 2307/3295/3404
f 2288/3269/3378 2972/3268/3377 2973/3296/3405 2308/3297/3406
f 2289/3270/3379 2288/3269/3378 2308/3297/3406 2309/3298/3407
f 2290/3271/3380 2289/3270/3379 2309/3298/3407 2310/3299/3408
f 2291/3272/3381 2290/3271/3380 2310/3299/3408 2311/3300/3409
f 2292/3273/3382 2291/3272/3381 2311/3300/3409 2312/3301/3410
f 2293/3275/3384 2860/3274/3383 2861/3302/3411 2313/3303/3412
f 2294/3276/3385 2293/3275/3384 2313/3303/3412 2314/3304/3413
f 2295/3278/3387 2748/3277/3386 2749/3305/3414 2315/3306/3415
f 2296/3280/3389 2630/3279/3388 2631/3307/3416 2316/3308/3417
f 2297/3281/3390 2296/3280/3389 2316/3308/3417 2317/3309/3418
f 2298/3283/3392 2517/3282/3391 2518/3310/3419 2318/3311/3420
f 2279/3256/3365 2298/3283/3392 2318/3311/3420 2299/3284/3393
f 2300/3285/3394 2299/3284/3393 1285/1791/1894 1339/1795/1898
f 2301/3286/3395 2300/3285/3394 1339/1795/1898 1336/1888/1974
f 2302/3287/3396 2301/3286/3395 1336/1888/1974 1333/1887/1973
f 2303/3289/3398 3309/3288/3397 3310/1882/1968 1330/1879/1965
f 2304/3290/3399 2303/3289/3398 1330/1879/1965 1327/1878/1964
f 2305/3292/3401 3197/3291/3400 3198/1873/1959 1324/1871/1958
f 2306/3294/3403 3085/3293/3402 3086/1850/1953 1321/1847/1950
f 2307/3295/3404 2306/3294/3403 1321/1847/1950 1318/1846/1949
f 2308/3297/3406 2973/3296/3405 2974/1841/1944 1315/1838/1941
f 2309/3298/3407 2308/3297/3406 1315/1838/1941 1312/1835/1938
f 2310/3299/3408 2309/3298/3407 1312/1835/1938 1309/1832/1935
f 2311/3300/3409 2310/3299/3408 1309/1832/1935 1306/1829/1932
f 2312/3301/3410 2311/3300/3409 1306/1829/1932 1303/1828/1931
f 2313/3303/3412 2861/3302/3411 2862/1823/1926 1300/1820/1923
f 2314/3304/3413 2313/3303/3412 1300/1820/1923 1297/1819/1922
f 2315/3306/3415 2749/3305/3414 2750/1814/1917 1294/1813/1916
f 2316/3308/3417 2631/3307/3416 2632/1808/1911 1291/1805/1908
f 2317/3309/3418 2316/3308/3417 1291/1805/1908 1288/1804/1907
f 2318/3311/3420 2518/3310/3419 2519/1799/1902 1282/1788/1891
f 2299/3284/3393 2318/3311/3420 1282/1788/1891 1285/1791/1894
f 2321/3312/3421 2320/2398/3422 2323/2399/3423 2322/3313/3424
f 2320/2398/3425 2319/2322/3426 2324/2348/3427 2323/2399/3428
f 2327/2350/3429 2326/2400/3430 2329/2401/3431 2328/2323/3432
f 2326/2400/3433 2325/2355/3434 2330/2309/3435 2329/2401/3436
f 2333/3315/3437 2332/2402/3438 2335/2403/3439 2334/2356/3440
f 2332/2402/3441 2331/2310/3442 2336/2311/3443 2335/2403/3444
f 2345/2324/3445 2344/2406/3446 2347/2407/3447 2346/2325/3448
f 2344/2406/3449 2343/2360/3450 2348/3321/3451 2347/2407/3452
f 2369/3328/3453 2368/2414/3454 2371/2415/3455 2370/3329/3456
f 2368/2414/3457 2367/2329/3458 2372/2392/3459 2371/2415/3460
f 2375/2331/3461 2374/2416/3462 2377/2417/3463 2376/2313/3464
f 2374/2416/3465 2373/2369/3466 2378/2314/3467 2377/2417/3468
f 2387/2332/3469 2386/2420/3470 2389/2421/3471 2388/2333/3472
f 2386/2420/3473 2385/2372/3474 2390/3336/3475 2389/2421/3476
f 2411/3343/3477 2410/2428/3478 2413/2429/3479 2412/3344/3480
f 2410/2428/3481 2409/2339/3482 2414/2351/3483 2413/2429/3484
f 2417/2342/3485 2416/2430/3486 2419/2431/3487 2418/2340/3488
f 2416/2430/3489 2415/2380/3490 2420/2317/3491 2419/2431/3492
f 2429/3349/3493 2428/2434/3494 2431/2435/3495 2430/2383/3496
f 2428/2434/3497 2427/2318/3498 2432/2319/3499 2431/2435/3500
f 2435/3351/3501 2434/2436/3502 2437/2437/3503 2436/3352/3504
f 2434/2436/3505 2433/2343/3506 2438/2396/3507 2437/2437/3508
f 2441/2345/3509 2440/2438/3510 2443/2439/3511 2442/2321/3512
f 2440/2438/3513 2439/2386/3514 2444/2387/3515 2443/2439/3516
f 2324/2348/3427 2319/2322/3426 2327/2350/3429 2328/2323/3432
f 2345/2324/3445 2346/2325/3448 2349/2326/3517 2354/2328/3518
f 2349/2326/3517 2355/2327/3519 2360/2347/3520 2354/2328/3518
f 2372/2392/3459 2367/2329/3458 2375/2331/3461 2376/2313/3464
f 2367/2329/3458 2379/2330/3521 2382/2393/3522 2375/2331/3461
f 2387/2332/3469 2388/2333/3472 2391/2334/3523 2396/2336/3524
f 2391/2334/3523 2397/2335/3525 2402/2338/3526 2396/2336/3524
f 2397/2335/3525 2403/2337/3527 2406/2394/3528 2402/2338/3526
f 2414/2351/3483 2409/2339/3482 2417/2342/3485 2418/2340/3488
f 2409/2339/3482 2421/2341/3529 2424/2395/3530 2417/2342/3485
f 2438/2396/3507 2433/2343/3506 2441/2345/3509 2442/2321/3512
f 2433/2343/3506 2445/2344/3531 2448/2397/3532 2441/2345/3509
f 2355/2327/3519 2361/2346/3533 2364/2391/3534 2360/2347/3520
f 2336/2311/3443 2331/2310/3442 2324/2348/3427 2328/2323/3432
f 2319/2322/3426 2337/2349/3535 2340/2390/3536 2327/2350/3429
f 2432/2319/3499 2427/2318/3498 2414/2351/3483 2418/2340/3488
f 1884/2789/2864 1885/2791/2866 2321/3312/3421 2322/3313/3424
f 1906/1856/3537 1905/2354/3538 2330/2309/3435 2325/2355/3434
f 2228/3314/3539 2227/3583/3540 2333/3315/3437 2334/3316/3440
f 2227/3583/2861 1884/2789/2864 2322/3313/3424 2333/3315/3541
f 1905/2354/3538 2228/3568/3542 2334/2356/3543 2330/2309/3435
f 1885/2791/2866 2234/3366/2867 2339/3317/3544 2321/3312/3421
f 2234/3366/3545 2233/3318/3546 2342/3319/3547 2339/3317/3548
f 2233/2222/3549 1906/1856/3537 2325/2355/3434 2342/3356/3550
f 2237/3320/3551 2238/3579/3552 2348/3321/3451 2343/3322/3450
f 2238/3579/2871 1887/2797/2874 2351/3323/3553 2348/3321/3554
f 1908/1858/3555 2237/3566/3556 2343/2360/3557 2352/2362/3558
f 1887/2797/2874 1888/2799/2876 2357/3324/3559 2351/3323/3553
f 1909/1859/3560 1908/1858/3555 2352/2362/3558 2358/2364/3561
f 1888/2799/2876 2226/2800/2877 2363/3325/3562 2357/3324/3559
f 2226/2800/3563 2225/3326/3564 2366/3327/3565 2363/3325/3566
f 2225/2214/3567 1909/1859/3560 2358/2364/3561 2366/3357/3568
f 1890/2805/2882 1891/2807/2884 2369/3328/3453 2370/3329/3456
f 1912/1862/3569 1911/3564/3570 2378/2314/3467 2373/2369/3466
f 1911/3330/3571 1890/2805/3572 2370/3329/3573 2378/3331/3574
f 1891/2807/2884 1892/2809/2886 2381/3332/3575 2369/3328/3453
f 1892/2809/3576 1913/3333/3577 2384/3334/3578 2381/3332/3579
f 1913/1863/3580 1912/1862/3569 2373/2369/3466 2384/3358/3581
f 2229/3335/3582 2230/3575/3583 2390/3336/3475 2385/3337/3474
f 2230/3575/2889 1894/2815/2892 2393/3338/3584 2390/3336/3585
f 1915/1865/3586 2229/3561/3587 2385/2372/3588 2394/2373/3589
f 1894/2815/2892 1895/2817/2894 2399/3339/3590 2393/3338/3584
f 1916/1866/3591 1915/1865/3586 2394/2373/3589 2400/2375/3592
f 1895/2817/2894 2231/2818/2895 2405/3340/3593 2399/3339/3590
f 2231/2818/3594 2232/3341/3595 2408/3342/3596 2405/3340/3597
f 2232/2221/3598 1916/1866/3591 2400/2375/3592 2408/3365/3599
f 1897/2825/2902 1898/2827/2904 2411/3343/3477 2412/3344/3480
f 1919/1869/3600 1918/1868/3601 2420/2317/3491 2415/2380/3490
f 1898/2827/2904 2223/2828/2905 2423/3345/3602 2411/3343/3477
f 2223/2828/3603 2224/3346/3604 2426/3347/3605 2423/3345/3606
f 2224/2213/3607 1919/1869/3600 2415/2380/3490 2426/3353/3608
f 2236/3348/3609 2235/3571/3610 2429/3349/3493 2430/3350/3496
f 2235/3571/2899 1897/2825/2902 2412/3344/3480 2429/3349/3611
f 1918/1868/3601 2236/3559/3612 2430/2383/3613 2420/2317/3491
f 1900/2833/2910 1901/2835/2912 2435/3351/3501 2436/3352/3504
f 1922/1872/3614 1921/3557/3615 2444/2387/3515 2439/2386/3514
f 1921/3367/3616 1900/2833/3617 2436/3352/3618 2444/3368/3619
f 1901/2835/2912 1883/2785/2860 2447/3355/3620 2435/3351/3501
f 1883/2785/3621 1903/3369/3622 2450/3370/3623 2447/3355/3624
f 1903/1854/3625 1922/1872/3614 2439/2386/3514 2450/3354/3626
f 2319/2322/3426 2320/2398/3425 2338/2404/3627 2337/2349/3535
f 2320/2398/3422 2321/3312/3421 2339/3317/3544 2338/2404/3628
f 2322/3313/3424 2323/2399/3423 2332/2402/3629 2333/3315/3541
f 2323/2399/3428 2324/2348/3427 2331/2310/3442 2332/2402/3630
f 2328/2323/3432 2329/2401/3431 2335/2403/3631 2336/2311/3443
f 2329/2401/3436 2330/2309/3435 2334/2356/3543 2335/2403/3632
f 2337/2349/3535 2338/2404/3633 2341/2405/3634 2340/2390/3536
f 2338/2404/3635 2339/3317/3548 2342/3356/3547 2341/2405/3636
f 2325/2355/3434 2326/2400/3433 2341/2405/3637 2342/3356/3550
f 2326/2400/3430 2327/2350/3429 2340/2390/3536 2341/2405/3638
f 2343/2360/3557 2344/2406/3639 2353/2409/3640 2352/2362/3558
f 2344/2406/3641 2345/2324/3445 2354/2328/3518 2353/2409/3642
f 2346/2325/3448 2347/2407/3643 2350/2408/3644 2349/2326/3517
f 2347/2407/3645 2348/3321/3554 2351/3323/3553 2350/2408/3646
f 2349/2326/3517 2350/2408/3644 2356/2410/3647 2355/2327/3519
f 2350/2408/3646 2351/3323/3553 2357/3324/3559 2356/2410/3648
f 2352/2362/3558 2353/2409/3640 2359/2411/3649 2358/2364/3561
f 2353/2409/3642 2354/2328/3518 2360/2347/3520 2359/2411/3650
f 2355/2327/3519 2356/2410/3647 2362/2412/3651 2361/2346/3533
f 2356/2410/3648 2357/3324/3559 2363/3325/3562 2362/2412/3652
f 2361/2346/3533 2362/2412/3653 2365/2413/3654 2364/2391/3534
f 2362/2412/3655 2363/3325/3566 2366/3357/3565 2365/2413/3656
f 2358/2364/3561 2359/2411/3649 2365/2413/3657 2366/3357/3568
f 2359/2411/3650 2360/2347/3520 2364/2391/3534 2365/2413/3658
f 2367/2329/3458 2368/2414/3457 2380/2418/3659 2379/2330/3521
f 2368/2414/3454 2369/3328/3453 2381/3332/3575 2380/2418/3660
f 2370/3329/3573 2371/2415/3661 2377/2417/3662 2378/2314/3574
f 2371/2415/3663 2372/2392/3459 2376/2313/3464 2377/2417/3463
f 2379/2330/3521 2380/2418/3664 2383/2419/3665 2382/2393/3522
f 2380/2418/3666 2381/3332/3579 2384/3358/3578 2383/2419/3667
f 2373/2369/3466 2374/2416/3465 2383/2419/3668 2384/3358/3581
f 2374/2416/3462 2375/2331/3461 2382/2393/3522 2383/2419/3665
f 2385/2372/3588 2386/2420/3669 2395/2423/3670 2394/2373/3589
f 2386/2420/3671 2387/2332/3469 2396/2336/3524 2395/2423/3672
f 2388/2333/3472 2389/2421/3673 2392/2422/3674 2391/2334/3523
f 2389/2421/3675 2390/3336/3585 2393/3338/3584 2392/2422/3676
f 2391/2334/3523 2392/2422/3674 2398/2424/3677 2397/2335/3525
f 2392/2422/3676 2393/3338/3584 2399/3339/3590 2398/2424/3678
f 2394/2373/3589 2395/2423/3670 2401/2425/3679 2400/2375/3592
f 2395/2423/3672 2396/2336/3524 2402/2338/3526 2401/2425/3680
f 2397/2335/3525 2398/2424/3677 2404/2426/3681 2403/2337/3527
f 2398/2424/3678 2399/3339/3590 2405/3340/3593 2404/2426/3682
f 2403/2337/3527 2404/2426/3683 2407/2427/3684 2406/2394/3528
f 2404/2426/3685 2405/3340/3597 2408/3365/3596 2407/2427/3686
f 2400/2375/3592 2401/2425/3679 2407/2427/3687 2408/3365/3599
f 2401/2425/3680 2402/2338/3526 2406/2394/3528 2407/2427/3688
f 2409/2339/3482 2410/2428/3481 2422/2432/3689 2421/2341/3529
f 2410/2428/3478 2411/3343/3477 2423/3345/3602 2422/2432/3690
f 2421/2341/3529 2422/2432/3691 2425/2433/3692 2424/2395/3530
f 2422/2432/3693 2423/3345/3606 2426/3353/3605 2425/2433/3694
f 2415/2380/3490 2416/2430/3489 2425/2433/3695 2426/3353/3608
f 2416/2430/3486 2417/2342/3485 2424/2395/3530 2425/2433/3696
f 2412/3344/3480 2413/2429/3479 2428/2434/3697 2429/3349/3611
f 2413/2429/3484 2414/2351/3483 2427/2318/3498 2428/2434/3698
f 2418/2340/3488 2419/2431/3487 2431/2435/3699 2432/2319/3499
f 2419/2431/3492 2420/2317/3491 2430/2383/3613 2431/2435/3700
f 2433/2343/3506 2434/2436/3505 2446/2440/3701 2445/2344/3531
f 2434/2436/3502 2435/3351/3501 2447/3355/3620 2446/2440/3702
f 2436/3352/3618 2437/2437/3703 2443/2439/3704 2444/2387/3619
f 2437/2437/3705 2438/2396/3507 2442/2321/3512 2443/2439/3511
f 2445/2344/3531 2446/2440/3706 2449/2441/3707 2448/2397/3532
f 2446/2440/3708 2447/3355/3624 2450/3354/3623 2449/2441/3709
f 2439/2386/3514 2440/2438/3513 2449/2441/3710 2450/3354/3626
f 2440/2438/3510 2441/2345/3509 2448/2397/3532 2449/2441/3707
f 1926/3534/2858 2451/3533/2862 2227/2786/2861 1882/2784/2859
f 2453/3384/6 2452/12/5 3/7/7 23/3383/10
f 2454/10/88 2453/9/6 23/13/10 52/18/90
f 2455/94/129 2454/10/88 52/18/90 53/101/136
f 2456/93/128 2455/94/129 53/101/136 54/99/134
f 2457/91/126 2456/93/128 54/99/134 55/96/131
f 2458/92/127 2457/91/126 55/96/131 56/95/130
f 2459/1510/1573 2458/92/127 56/95/130 1053/1512/1575
f 2460/1568/1631 2459/1510/1573 1053/1512/1575 1052/1570/1634
f 2461/1569/1633 2460/1568/1631 1052/1570/1634 1051/1572/1636
f 2462/1456/1519 2461/1569/1632 1051/1572/1636 1050/1458/1521
f 2463/1457/1520 2462/1456/1519 1050/1458/1521 1130/1461/1524
f 2464/1627/1702 2463/1457/1520 1130/1461/1524 1131/1630/1705
f 2465/1626/1701 2464/1627/1702 1131/1630/1705 1132/1628/1703
f 2466/1538/1601 2465/1626/1701 1132/1628/1703 1133/1539/1602
f 2467/219/253 2466/1538/1601 1133/1539/1602 156/232/266
f 2468/218/252 2467/219/253 156/232/266 157/230/264
f 2469/217/251 2468/218/252 157/230/264 158/228/262
f 2470/216/250 2469/217/251 158/228/262 159/226/260
f 2471/215/249 2470/216/250 159/226/260 160/224/258
f 2472/212/247 2471/215/249 160/224/258 161/221/255
f 2473/214/248 2472/212/247 161/221/255 162/220/254
f 2474/390/453 2473/214/248 162/220/254 293/392/455
f 2475/1682/1757 2474/390/453 293/392/455 1210/1684/1759
f 2476/1734/1809 2475/1682/1757 1210/1684/1759 1209/1735/1810
f 2477/1683/1758 2476/1734/1809 1209/1735/1810 1208/1686/1761
f 2478/424/487 2477/1683/1758 1208/1686/1761 292/429/492
f 2479/422/485 2478/424/487 292/429/492 291/426/489
f 2480/423/486 2479/422/485 291/426/489 290/425/488
f 2481/502/565 2480/423/486 290/425/488 392/504/567
f 2482/543/606 2481/502/565 392/504/567 393/550/613
f 2483/542/605 2482/543/606 393/550/613 394/548/611
f 2484/540/603 2483/542/605 394/548/611 395/545/608
f 2485/541/604 2484/540/603 395/545/608 396/544/607
f 2486/1034/1097 2485/541/604 396/544/607 650/1036/1099
f 2487/1117/1180 2486/1034/1097 650/1036/1099 649/1119/1182
f 2488/868/931 2487/1117/1180 649/1119/1182 648/870/933
f 2489/869/932 2488/868/931 648/870/933 708/873/936
f 2490/1147/1210 2489/869/932 708/873/936 709/1148/1211
f 2491/1062/1125 2490/1147/1210 709/1148/1211 710/1063/1126
f 2492/655/718 2491/1062/1125 710/1063/1126 490/662/725
f 2493/654/717 2492/655/718 490/662/725 491/660/723
f 2494/652/715 2493/654/717 491/660/723 492/657/720
f 2495/653/716 2494/652/715 492/657/720 493/656/719
f 2496/1286/1349 2495/653/716 493/656/719 893/1288/1351
f 2497/1341/1404 2496/1286/1349 893/1288/1351 892/1346/1409
f 2498/1343/1406 2497/1341/1404 892/1346/1409 891/1348/1411
f 2499/1232/1295 2498/1343/1406 891/1348/1411 890/1234/1297
f 2500/1233/1296 2499/1232/1295 890/1234/1297 970/1237/1300
f 2501/1403/1466 2500/1233/1296 970/1237/1300 971/1406/1469
f 2502/1402/1465 2501/1403/1466 971/1406/1469 972/1404/1467
f 2503/1314/1377 2502/1402/1465 972/1404/1467 973/1315/1378
f 2504/767/830 2503/1314/1377 973/1315/1378 570/774/837
f 2505/766/829 2504/767/830 570/774/837 571/772/835
f 2506/764/827 2505/766/829 571/772/835 572/769/832
f 2507/765/828 2506/764/827 572/769/832 573/768/831
f 2508/1090/1153 2507/765/828 573/768/831 770/1092/1155
f 2509/1173/1236 2508/1090/1153 770/1092/1155 769/1175/1238
f 2510/924/987 2509/1173/1236 769/1175/1238 768/926/989
f 2511/925/988 2510/924/987 768/926/989 828/929/992
f 2512/1203/1266 2511/925/988 828/929/992 829/1204/1267
f 2513/980/1043 2512/1203/1266 829/1204/1267 830/982/1045
f 2514/981/1044 2513/980/1043 830/982/1045 364/985/1048
f 2515/1762/1840 2514/981/1839 364/985/1841 2258/1764/1844
f 2516/3255/3364 2515/1762/1840 2258/1764/1844 2277/3254/3363
f 2517/3282/3391 2516/3255/3364 2277/3254/3363 2297/3281/3390
f 2518/3310/3419 2517/3282/3391 2297/3281/3390 2317/3309/3418
f 2519/1799/1902 2518/3310/3419 2317/3309/3418 1288/1804/1907
f 2520/1797/1900 2519/1799/1902 1288/1804/1907 1289/1801/1904
f 2521/1798/1901 2520/1797/1900 1289/1801/1904 1290/1800/1903
f 2522/1891/1977 2521/1798/1901 1290/1800/1903 1356/1893/1979
f 2523/1918/2004 2522/1891/1977 1356/1893/1979 1355/1929/2015
f 2524/1920/2006 2523/1918/2004 1355/1929/2015 1354/1931/2017
f 2525/1922/2008 2524/1920/2006 1354/1931/2017 1353/1933/2019
f 2526/1924/2010 2525/1922/2008 1353/1933/2019 1352/1935/2021
f 2527/2230/2396 2526/1924/2010 1352/1935/2021 1586/2232/2398
f 2528/2290/2456 2527/2230/2396 1586/2232/2398 1587/2297/2463
f 2529/2289/2455 2528/2290/2456 1587/2297/2463 1588/2295/2461
f 2530/2259/2425 2529/2289/2455 1588/2295/2461 1589/2260/2426
f 2531/2087/2173 2530/2259/2425 1589/2260/2426 1496/2101/2196
f 2532/2088/2174 2531/2087/2173 1496/2101/2196 1495/2100/2195
f 2533/2090/2178 2532/2088/2177 1495/2100/2200 1494/2104/2199
f 2534/2093/2186 2533/2090/2185 1494/2104/2208 1493/2107/2207
f 2535/2094/2182 2534/2093/2181 1493/2107/2204 1492/2106/2203
f 2536/2726/2787 2535/2094/2182 1492/2106/2203 1827/2729/2790
f 2537/2755/2816 2536/2726/2787 1827/2729/2790 1826/2756/2817
f 2538/2700/2761 2537/2755/2816 1826/2756/2817 1825/2701/2762
f 2539/2083/2169 2538/2700/2761 1825/2701/2762 1461/2081/2167
f 2540/2084/2170 2539/2083/2169 1461/2081/2167 1481/2082/2168
f 2541/2645/2706 2540/2084/2170 1481/2082/2168 1819/2644/2705
f 2542/2697/2758 2541/2645/2706 1819/2644/2705 1820/2696/2757
f 2543/2671/2732 2542/2697/2758 1820/2696/2757 1821/2670/2731
f 2544/2506/2567 2543/2671/2732 1821/2670/2731 1264/2508/2569
f 2545/2507/2568 2544/2506/2567 1264/2508/2569 1708/2511/2572
f 2546/2589/2650 2545/2507/2568 1708/2511/2572 1709/2590/2651
f 2547/2560/2621 2546/2589/2650 1709/2590/2651 1710/2561/2622
f 2548/2450/2511 2547/2560/2621 1710/2561/2622 1664/2452/2513
f 2549/2451/2512 2548/2450/2511 1664/2452/2513 1684/2455/2516
f 2550/2922/3027 2549/2451/2512 1684/2455/2516 2009/2924/3029
f 2551/2954/3059 2550/2922/3027 2009/2924/3029 2010/2957/3062
f 2552/2955/3060 2551/2954/3059 2010/2957/3062 2011/2956/3061
f 2553/3090/3195 2552/2955/3060 2011/2956/3061 2074/3092/3197
f 2554/3117/3222 2553/3090/3195 2074/3092/3197 2073/3122/3227
f 2555/3119/3224 2554/3117/3222 2073/3122/3227 2072/3124/3229
f 2556/3008/3113 2555/3119/3224 2072/3124/3229 2071/3010/3115
f 2557/3009/3114 2556/3008/3113 2071/3010/3115 2151/3013/3118
f 2558/3179/3284 2557/3009/3114 2151/3013/3118 2152/3182/3287
f 2559/3178/3283 2558/3179/3284 2152/3182/3287 2153/3180/3285
f 2560/3062/3167 2559/3178/3283 2153/3180/3285 2154/3063/3168
f 2561/2848/2928 2560/3062/3167 2154/3063/3168 1931/2852/2934
f 2562/2847/2929 2561/2848/2928 1931/2852/2934 1932/2850/2933
f 2563/2845/2925 2562/2847/2927 1932/2850/2931 1933/2846/2926
f 1926/2783/2858 1925/2836/2913 2563/2845/2925 2451/2787/2862
f 41/5/59 2452/12/61 2/1/57
f 1938/3532/2865 2564/3531/2868 2234/3366/2867 1885/2791/2866
f 2566/3386/12 2565/3401/11 5/11/13 25/3385/16
f 2567/21/91 2566/19/12 25/3408/16 62/3409/93
f 2568/106/141 2567/21/91 62/3409/93 63/3410/148
f 2569/105/140 2568/106/141 63/3410/148 64/3411/146
f 2570/103/138 2569/105/140 64/3411/146 65/3412/143
f 2571/104/139 2570/103/138 65/3412/143 66/3413/142
f 2572/1513/1576 2571/104/139 66/3413/142 1061/3414/1578
f 2573/1574/1638 2572/1513/1576 1061/3414/1578 1060/3415/1640
f 2574/1575/1639 2573/1574/1638 1060/3415/1640 1059/3416/1642
f 2575/1462/1525 2574/1575/1639 1059/3416/1642 1058/3417/1527
f 2576/1463/1526 2575/1462/1525 1058/3417/1527 1138/3418/1530
f 2577/1633/1708 2576/1463/1526 1138/3418/1530 1139/3419/1711
f 2578/1632/1707 2577/1633/1708 1139/3419/1711 1140/3420/1709
f 2579/1541/1604 2578/1632/1707 1140/3420/1709 1141/3421/1605
f 2580/240/274 2579/1541/1604 1141/3421/1605 170/3422/287
f 2581/239/273 2580/240/274 170/3422/287 171/3423/285
f 2582/238/272 2581/239/273 171/3423/285 172/3424/283
f 2583/237/271 2582/238/272 172/3424/283 173/3425/281
f 2584/236/270 2583/237/271 173/3425/281 174/3426/279
f 2585/234/268 2584/236/270 174/3426/279 175/3427/276
f 2586/235/269 2585/234/268 175/3427/276 176/3428/275
f 2587/393/456 2586/235/269 176/3428/275 301/3429/458
f 2588/1688/1763 2587/393/456 301/3429/458 1216/3430/1765
f 2589/1737/1812 2588/1688/1763 1216/3430/1765 1215/3431/1813
f 2590/1689/1764 2589/1737/1812 1215/3431/1813 1214/3432/1767
f 2591/433/496 2590/1689/1764 1214/3432/1767 300/3433/501
f 2592/431/494 2591/433/496 300/3433/501 299/3434/498
f 2593/432/495 2592/431/494 299/3434/498 298/3435/497
f 2594/505/568 2593/432/495 298/3435/497 402/3436/570
f 2595/555/618 2594/505/568 402/3436/570 403/3437/625
f 2596/554/617 2595/555/618 403/3437/625 404/3438/623
f 2597/552/615 2596/554/617 404/3438/623 405/3439/620
f 2598/553/616 2597/552/615 405/3439/620 406/3440/619
f 2599/1037/1100 2598/553/616 406/3440/619 656/3441/1102
f 2600/1121/1184 2599/1037/1100 656/3441/1102 655/3442/1185
f 2601/874/937 2600/1121/1184 655/3442/1185 654/3443/939
f 2602/875/938 2601/874/937 654/3443/939 714/3444/942
f 2603/1150/1213 2602/875/938 714/3444/942 715/3445/1214
f 2604/1065/1128 2603/1150/1213 715/3445/1214 716/3446/1129
f 2605/667/730 2604/1065/1128 716/3446/1129 498/3447/737
f 2606/666/729 2605/667/730 498/3447/737 499/3448/735
f 2607/664/727 2606/666/729 499/3448/735 500/3449/732
f 2608/665/728 2607/664/727 500/3449/732 501/3450/731
f 2609/1289/1352 2608/665/728 501/3450/731 901/3451/1354
f 2610/1350/1413 2609/1289/1352 901/3451/1354 900/3452/1415
f 2611/1351/1414 2610/1350/1413 900/3452/1415 899/3453/1417
f 2612/1238/1301 2611/1351/1414 899/3453/1417 898/3454/1303
f 2613/1239/1302 2612/1238/1301 898/3454/1303 978/3455/1306
f 2614/1409/1472 2613/1239/1302 978/3455/1306 979/3456/1475
f 2615/1408/1471 2614/1409/1472 979/3456/1475 980/3457/1473
f 2616/1317/1380 2615/1408/1471 980/3457/1473 981/3458/1381
f 2617/779/842 2616/1317/1380 981/3458/1381 578/3459/849
f 2618/778/841 2617/779/842 578/3459/849 579/3460/847
f 2619/776/839 2618/778/841 579/3460/847 580/3461/844
f 2620/777/840 2619/776/839 580/3461/844 581/3462/843
f 2621/1093/1156 2620/777/840 581/3462/843 776/3463/1158
f 2622/1177/1240 2621/1093/1156 776/3463/1158 775/3464/1241
f 2623/930/993 2622/1177/1240 775/3464/1241 774/3465/995
f 2624/931/994 2623/930/993 774/3465/995 834/3466/998
f 2625/1206/1269 2624/931/994 834/3466/998 835/3467/1270
f 2626/986/1049 2625/1206/1269 835/3467/1270 836/3468/1051
f 2627/987/1050 2626/986/1049 836/3468/1051 366/3469/1054
f 2628/1765/1846 2627/987/1845 366/3469/1847 2256/3470/1850
f 2629/3252/3361 2628/1765/1846 2256/3470/1850 2275/3471/3360
f 2630/3279/3388 2629/3252/3361 2275/3471/3360 2295/3472/3387
f 2631/3307/3416 2630/3279/3388 2295/3472/3387 2315/3473/3415
f 2632/1808/1911 2631/3307/3416 2315/3473/3415 1294/3474/1916
f 2633/1806/1909 2632/1808/1911 1294/3474/1916 1295/3475/1913
f 2634/1807/1910 2633/1806/1909 1295/3475/1913 1296/3476/1912
f 2635/1894/1980 2634/1807/1910 1296/3476/1912 1366/3477/1982
f 2636/1937/2023 2635/1894/1980 1366/3477/1982 1365/3478/2027
f 2637/1938/2024 2636/1937/2023 1365/3478/2027 1364/3479/2029
f 2638/1939/2025 2637/1938/2024 1364/3479/2029 1363/3480/2031
f 2639/1940/2026 2638/1939/2025 1363/3480/2031 1362/3481/2033
f 2640/2234/2400 2639/1940/2026 1362/3481/2033 1602/3482/2401
f 2641/2300/2466 2640/2234/2400 1602/3482/2401 1603/3483/2469
f 2642/2299/2465 2641/2300/2466 1603/3483/2469 1604/3484/2467
f 2643/2262/2428 2642/2299/2465 1604/3484/2467 1605/3485/2429
f 2644/2110/2211 2643/2262/2428 1605/3485/2429 1506/3486/2220
f 2645/2111/2212 2644/2110/2211 1506/3486/2220 1505/3487/2219
f 2646/2112/2214 2645/2111/2213 1505/3487/2224 1504/3488/2223
f 2647/2113/2218 2646/2112/2217 1504/3488/2232 1503/3489/2231
f 2648/2114/2216 2647/2113/2215 1503/3489/2228 1502/3490/2227
f 2649/2730/2791 2648/2114/2216 1502/3490/2227 1833/3491/2793
f 2650/2758/2819 2649/2730/2791 1833/3491/2793 1832/3492/2820
f 2651/2703/2764 2650/2758/2819 1832/3492/2820 1831/3493/2765
f 2652/2078/2164 2651/2703/2764 1831/3493/2765 1459/3494/2159
f 2653/2079/2165 2652/2078/2164 1459/3494/2159 1479/3495/2162
f 2654/2642/2703 2653/2079/2165 1479/3495/2162 1813/3496/2702
f 1813/3496/2702 1814/3497/2754 2655/2694/2755 2654/2642/2703
f 1814/3497/2754 1815/3498/2727 2656/2669/2730 2655/2694/2755
f 2657/2512/2573 2656/2669/2730 1815/3498/2727 1266/3499/2575
f 2658/2513/2574 2657/2512/2573 1266/3499/2575 1714/3500/2578
f 2659/2592/2653 2658/2513/2574 1714/3500/2578 1715/3501/2654
f 2660/2563/2624 2659/2592/2653 1715/3501/2654 1716/3502/2625
f 2661/2456/2517 2660/2563/2624 1716/3502/2625 1666/3503/2519
f 2662/2457/2518 2661/2456/2517 1666/3503/2519 1686/3504/2522
f 2663/2925/3030 2662/2457/2518 1686/3504/2522 2015/3505/3032
f 2664/2960/3065 2663/2925/3030 2015/3505/3032 2016/3506/3068
f 2665/2961/3066 2664/2960/3065 2016/3506/3068 2017/3507/3067
f 2666/3093/3198 2665/2961/3066 2017/3507/3067 2082/3508/3200
f 2667/3126/3231 2666/3093/3198 2082/3508/3200 2081/3509/3233
f 2668/3127/3232 2667/3126/3231 2081/3509/3233 2080/3510/3235
f 2669/3014/3119 2668/3127/3232 2080/3510/3235 2079/3511/3121
f 2670/3015/3120 2669/3014/3119 2079/3511/3121 2159/3512/3124
f 2671/3185/3290 2670/3015/3120 2159/3512/3124 2160/3513/3293
f 2672/3184/3289 2671/3185/3290 2160/3513/3293 2161/3514/3291
f 2673/3065/3170 2672/3184/3289 2161/3514/3291 2162/3515/3171
f 2674/2857/2940 2673/3065/3170 2162/3515/3171 1939/3516/2947
f 2675/2856/2941 2674/2857/2940 1939/3516/2947 1940/3517/2946
f 2676/2854/2937 2675/2856/2939 1940/3517/2944 1941/3518/2938
f 1938/2790/2865 1937/2849/2930 2676/2854/2937 2564/3407/2868
f 1942/3530/2869 2677/3529/2872 2238/2794/2871 1886/2793/2870
f 1950/3528/2875 2678/3527/2878 2226/2800/2877 1888/2799/2876
f 1970/3526/2887 2679/3525/2890 2230/2812/2889 1893/2811/2888
f 1978/3524/2893 2680/3523/2896 2231/2818/2895 1895/2817/2894
f 1982/3522/2897 2681/3521/2900 2235/2822/2899 1896/2821/2898
f 1990/3520/2903 2682/3519/2906 2223/2828/2905 1898/2827/2904
f 2684/3388/15 2683/24/14 6/15/17 26/3387/20
f 2685/25/92 2684/23/15 26/28/20 67/34/95
f 2686/114/149 2685/25/92 67/34/95 68/121/156
f 2687/112/147 2686/114/149 68/121/156 69/119/154
f 2688/109/144 2687/112/147 69/119/154 70/116/151
f 2689/110/145 2688/109/144 70/116/151 71/115/150
f 2690/1514/1577 2689/110/145 71/115/150 1065/1517/1580
f 2691/1577/1641 2690/1514/1577 1065/1517/1580 1064/1580/1645
f 2692/1579/1644 2691/1577/1641 1064/1580/1645 1063/1582/1649
f 2693/1465/1528 2692/1579/1643 1063/1582/1647 1062/1468/1531
f 2694/1466/1529 2693/1465/1528 1062/1468/1531 1142/1471/1534
f 2695/1637/1712 2694/1466/1529 1142/1471/1534 1143/1640/1715
f 2696/1635/1710 2695/1637/1712 1143/1640/1715 1144/1638/1713
f 2697/1543/1606 2696/1635/1710 1144/1638/1713 1145/1544/1607
f 2698/254/288 2697/1543/1606 1145/1544/1607 177/267/301
f 2699/252/286 2698/254/288 177/267/301 178/265/299
f 2700/250/284 2699/252/286 178/265/299 179/263/297
f 2701/248/282 2700/250/284 179/263/297 180/261/295
f 2702/246/280 2701/248/282 180/261/295 181/259/293
f 2703/243/277 2702/246/280 181/259/293 182/256/290
f 2704/244/278 2703/243/277 182/256/290 183/255/289
f 2705/394/457 2704/244/278 183/255/289 305/397/460
f 2706/1691/1766 2705/394/457 305/397/460 1219/1694/1769
f 2707/1739/1814 2706/1691/1766 1219/1694/1769 1218/1740/1815
f 2708/1693/1768 2707/1739/1814 1218/1740/1815 1217/1696/1771
f 2709/439/502 2708/1693/1768 1217/1696/1771 304/444/507
f 2710/436/499 2709/439/502 304/444/507 303/441/504
f 2711/437/500 2710/436/499 303/441/504 302/440/503
f 2712/506/569 2711/437/500 302/440/503 407/509/572
f 2713/563/626 2712/506/569 407/509/572 408/570/633
f 2714/561/624 2713/563/626 408/570/633 409/568/631
f 2715/558/621 2714/561/624 409/568/631 410/565/628
f 2716/559/622 2715/558/621 410/565/628 411/564/627
f 2717/1038/1101 2716/559/622 411/564/627 659/1041/1104
f 2718/1123/1186 2717/1038/1101 659/1041/1104 658/1124/1187
f 2719/877/940 2718/1123/1186 658/1124/1187 657/880/943
f 2720/878/941 2719/877/940 657/880/943 717/883/946
f 2721/1152/1215 2720/878/941 717/883/946 718/1153/1216
f 2722/1067/1130 2721/1152/1215 718/1153/1216 719/1068/1131
f 2723/675/738 2722/1067/1130 719/1068/1131 502/682/745
f 2724/673/736 2723/675/738 502/682/745 503/680/743
f 2725/670/733 2724/673/736 503/680/743 504/677/740
f 2726/671/734 2725/670/733 504/677/740 505/676/739
f 2727/1290/1353 2726/671/734 505/676/739 905/1293/1356
f 2728/1353/1416 2727/1290/1353 905/1293/1356 904/1356/1419
f 2729/1355/1418 2728/1353/1416 904/1356/1419 903/1358/1421
f 2730/1241/1304 2729/1355/1418 903/1358/1421 902/1244/1307
f 2731/1242/1305 2730/1241/1304 902/1244/1307 982/1247/1310
f 2732/1413/1476 2731/1242/1305 982/1247/1310 983/1416/1479
f 2733/1411/1474 2732/1413/1476 983/1416/1479 984/1414/1477
f 2734/1319/1382 2733/1411/1474 984/1414/1477 985/1320/1383
f 2735/787/850 2734/1319/1382 985/1320/1383 582/794/857
f 2736/785/848 2735/787/850 582/794/857 583/792/855
f 2737/782/845 2736/785/848 583/792/855 584/789/852
f 2738/783/846 2737/782/845 584/789/852 585/788/851
f 2739/1094/1157 2738/783/846 585/788/851 779/1097/1160
f 2740/1179/1242 2739/1094/1157 779/1097/1160 778/1180/1243
f 2741/933/996 2740/1179/1242 778/1180/1243 777/936/999
f 2742/934/997 2741/933/996 777/936/999 837/939/1002
f 2743/1208/1271 2742/934/997 837/939/1002 838/1209/1272
f 2744/989/1052 2743/1208/1271 838/1209/1272 839/992/1055
f 2745/990/1053 2744/989/1052 839/992/1055 367/995/1058
f 2746/1766/1849 2745/990/1848 367/995/1851 2255/1769/1854
f 2747/3250/3359 2746/1766/1849 2255/1769/1854 2274/3249/3358
f 2748/3277/3386 2747/3250/3359 2274/3249/3358 2294/3276/3385
f 2749/3305/3414 2748/3277/3386 2294/3276/3385 2314/3304/3413
f 2750/1814/1917 2749/3305/3414 2314/3304/3413 1297/1819/1922
f 2751/1811/1914 2750/1814/1917 1297/1819/1922 1298/1816/1919
f 2752/1812/1915 2751/1811/1914 1298/1816/1919 1299/1815/1918
f 2753/1895/1981 2752/1812/1915 1299/1815/1918 1371/1898/1984
f 2754/1942/2028 2753/1895/1981 1371/1898/1984 1370/1949/2035
f 2755/1944/2030 2754/1942/2028 1370/1949/2035 1369/1951/2037
f 2756/1946/2032 2755/1944/2030 1369/1951/2037 1368/1953/2039
f 2757/1948/2034 2756/1946/2032 1368/1953/2039 1367/1955/2041
f 2758/2236/2402 2757/1948/2034 1367/1955/2041 1606/2237/2403
f 2759/2304/2470 2758/2236/2402 1606/2237/2403 1607/2307/2473
f 2760/2302/2468 2759/2304/2470 1607/2307/2473 1608/2305/2471
f 2761/2264/2430 2760/2302/2468 1608/2305/2471 1609/2265/2431
f 2762/2117/2221 2761/2264/2430 1609/2265/2431 1511/2126/2236
f 2763/2118/2222 2762/2117/2221 1511/2126/2236 1510/2125/2235
f 2764/2120/2226 2763/2118/2225 1510/2125/2240 1509/2129/2239
f 2765/2123/2234 2764/2120/2233 1509/2129/2248 1508/2132/2247
f 2766/2124/2230 2765/2123/2229 1508/2132/2244 1507/2131/2243
f 2767/2731/2792 2766/2124/2230 1507/2131/2243 1836/2734/2795
f 2768/2760/2821 2767/2731/2792 1836/2734/2795 1835/2761/2822
f 2769/2705/2766 2768/2760/2821 1835/2761/2822 1834/2706/2767
f 2770/2074/2160 2769/2705/2766 1834/2706/2767 1458/2071/2157
f 2771/2075/2161 2770/2074/2160 1458/2071/2157 1478/2072/2158
f 2772/2640/2701 2771/2075/2161 1478/2072/2158 1810/2639/2700
f 1810/2639/2700 1811/2691/2752 2773/2692/2753 2772/2640/2701
f 1811/2691/2752 1812/2665/2726 2774/2667/2728 2773/2692/2753
f 2775/2515/2576 2774/2667/2728 1812/2665/2726 1267/2518/2579
f 2776/2516/2577 2775/2515/2576 1267/2518/2579 1717/2521/2582
f 2777/2594/2655 2776/2516/2577 1717/2521/2582 1718/2595/2656
f 2778/2565/2626 2777/2594/2655 1718/2595/2656 1719/2566/2627
f 2779/2459/2520 2778/2565/2626 1719/2566/2627 1667/2462/2523
f 2780/2460/2521 2779/2459/2520 1667/2462/2523 1687/2465/2526
f 2781/2926/3031 2780/2460/2521 1687/2465/2526 2018/2929/3034
f 2782/2964/3069 2781/2926/3031 2018/2929/3034 2019/2967/3072
f 2783/2965/3070 2782/2964/3069 2019/2967/3072 2020/2966/3071
f 2784/3094/3199 2783/2965/3070 2020/2966/3071 2086/3097/3202
f 2785/3129/3234 2784/3094/3199 2086/3097/3202 2085/3132/3237
f 2786/3131/3236 2785/3129/3234 2085/3132/3237 2084/3134/3239
f 2787/3017/3122 2786/3131/3236 2084/3134/3239 2083/3020/3125
f 2788/3018/3123 2787/3017/3122 2083/3020/3125 2163/3023/3128
f 2789/3189/3294 2788/3018/3123 2163/3023/3128 2164/3192/3297
f 2790/3187/3292 2789/3189/3294 2164/3192/3297 2165/3190/3295
f 2791/3067/3172 2790/3187/3292 2165/3190/3295 2166/3068/3173
f 2792/2863/2948 2791/3067/3172 2166/3068/3173 1943/2867/2954
f 2793/2861/2949 2792/2863/2948 1943/2867/2954 1944/2865/2953
f 2794/2858/2942 2793/2861/2945 1944/2865/2951 1945/2859/2943
f 1942/2792/2869 1941/2855/2938 2794/2858/2942 2677/2795/2872
f 2796/3390/22 2795/30/21 8/20/23 28/3389/26
f 2797/38/96 2796/37/22 28/41/26 77/46/98
f 2798/126/161 2797/38/96 77/46/98 78/133/168
f 2799/125/160 2798/126/161 78/133/168 79/131/166
f 2800/123/158 2799/125/160 79/131/166 80/128/163
f 2801/124/159 2800/123/158 80/128/163 81/127/162
f 2802/1518/1581 2801/124/159 81/127/162 1073/1520/1583
f 2803/1584/1651 2802/1518/1581 1073/1520/1583 1072/1586/1654
f 2804/1585/1653 2803/1584/1651 1072/1586/1654 1071/1588/1658
f 2805/1472/1535 2804/1585/1652 1071/1588/1656 1070/1474/1537
f 2806/1473/1536 2805/1472/1535 1070/1474/1537 1150/1477/1540
f 2807/1643/1718 2806/1473/1536 1150/1477/1540 1151/1646/1721
f 2808/1642/1717 2807/1643/1718 1151/1646/1721 1152/1644/1719
f 2809/1546/1609 2808/1642/1717 1152/1644/1719 1153/1547/1610
f 2810/275/309 2809/1546/1609 1153/1547/1610 191/288/322
f 2811/274/308 2810/275/309 191/288/322 192/286/320
f 2812/273/307 2811/274/308 192/286/320 193/284/318
f 2813/272/306 2812/273/307 193/284/318 194/282/316
f 2814/271/305 2813/272/306 194/282/316 195/280/314
f 2815/269/303 2814/271/305 195/280/314 196/277/311
f 2816/270/304 2815/269/303 196/277/311 197/276/310
f 2817/398/461 2816/270/304 197/276/310 313/400/463
f 2818/1698/1773 2817/398/461 313/400/463 1225/1700/1775
f 2819/1742/1817 2818/1698/1773 1225/1700/1775 1224/1743/1818
f 2820/1699/1774 2819/1742/1817 1224/1743/1818 1223/1702/1777
f 2821/448/511 2820/1699/1774 1223/1702/1777 312/453/516
f 2822/446/509 2821/448/511 312/453/516 311/450/513
f 2823/447/510 2822/446/509 311/450/513 310/449/512
f 2824/510/573 2823/447/510 310/449/512 417/512/575
f 2825/575/638 2824/510/573 417/512/575 418/582/645
f 2826/574/637 2825/575/638 418/582/645 419/580/643
f 2827/572/635 2826/574/637 419/580/643 420/577/640
f 2828/573/636 2827/572/635 420/577/640 421/576/639
f 2829/1042/1105 2828/573/636 421/576/639 665/1044/1107
f 2830/1126/1189 2829/1042/1105 665/1044/1107 664/1127/1190
f 2831/884/947 2830/1126/1189 664/1127/1190 663/886/949
f 2832/885/948 2831/884/947 663/886/949 723/889/952
f 2833/1155/1218 2832/885/948 723/889/952 724/1156/1219
f 2834/1070/1133 2833/1155/1218 724/1156/1219 725/1071/1134
f 2835/687/750 2834/1070/1133 725/1071/1134 510/694/757
f 2836/686/749 2835/687/750 510/694/757 511/692/755
f 2837/684/747 2836/686/749 511/692/755 512/689/752
f 2838/685/748 2837/684/747 512/689/752 513/688/751
f 2839/1294/1357 2838/685/748 513/688/751 913/1296/1359
f 2840/1360/1423 2839/1294/1357 913/1296/1359 912/1362/1425
f 2841/1361/1424 2840/1360/1423 912/1362/1425 911/1364/1427
f 2842/1248/1311 2841/1361/1424 911/1364/1427 910/1250/1313
f 2843/1249/1312 2842/1248/1311 910/1250/1313 990/1253/1316
f 2844/1419/1482 2843/1249/1312 990/1253/1316 991/1422/1485
f 2845/1418/1481 2844/1419/1482 991/1422/1485 992/1420/1483
f 2846/1322/1385 2845/1418/1481 992/1420/1483 993/1323/1386
f 2847/799/862 2846/1322/1385 993/1323/1386 590/806/869
f 2848/798/861 2847/799/862 590/806/869 591/804/867
f 2849/796/859 2848/798/861 591/804/867 592/801/864
f 2850/797/860 2849/796/859 592/801/864 593/800/863
f 2851/1098/1161 2850/797/860 593/800/863 785/1100/1163
f 2852/1182/1245 2851/1098/1161 785/1100/1163 784/1183/1246
f 2853/940/1003 2852/1182/1245 784/1183/1246 783/942/1005
f 2854/941/1004 2853/940/1003 783/942/1005 843/945/1008
f 2855/1211/1274 2854/941/1004 843/945/1008 844/1212/1275
f 2856/996/1059 2855/1211/1274 844/1212/1275 845/998/1061
f 2857/997/1060 2856/996/1059 845/998/1061 369/1001/1064
f 2858/1770/1856 2857/997/1855 369/1001/1857 2253/1772/1860
f 2859/3247/3356 2858/1770/1856 2253/1772/1860 2272/3246/3355
f 2860/3274/3383 2859/3247/3356 2272/3246/3355 2292/3273/3382
f 2861/3302/3411 2860/3274/3383 2292/3273/3382 2312/3301/3410
f 2862/1823/1926 2861/3302/3411 2312/3301/3410 1303/1828/1931
f 2863/1821/1924 2862/1823/1926 1303/1828/1931 1304/1825/1928
f 2864/1822/1925 2863/1821/1924 1304/1825/1928 1305/1824/1927
f 2865/1899/1985 2864/1822/1925 1305/1824/1927 1381/1901/1987
f 2866/1957/2043 2865/1899/1985 1381/1901/1987 1380/1961/2047
f 2867/1958/2044 2866/1957/2043 1380/1961/2047 1379/1963/2049
f 2868/1959/2045 2867/1958/2044 1379/1963/2049 1378/1965/2051
f 2869/1960/2046 2868/1959/2045 1378/1965/2051 1377/1967/2053
f 2870/2239/2405 2869/1960/2046 1377/1967/2053 1614/2240/2406
f 2871/2315/2476 2870/2239/2405 1614/2240/2406 1615/2352/2479
f 2872/2312/2475 2871/2315/2476 1615/2352/2479 1616/2316/2477
f 2873/2267/2433 2872/2312/2475 1616/2316/2477 1617/2268/2434
f 2874/2135/2251 2873/2267/2433 1617/2268/2434 1521/2141/2260
f 2875/2136/2252 2874/2135/2251 1521/2141/2260 1520/2140/2259
f 2876/2137/2254 2875/2136/2253 1520/2140/2264 1519/2144/2263
f 2877/2138/2258 2876/2137/2257 1519/2144/2272 1518/2147/2271
f 2878/2139/2256 2877/2138/2255 1518/2147/2268 1517/2146/2267
f 2879/2735/2796 2878/2139/2256 1517/2146/2267 1842/2737/2798
f 2880/2763/2824 2879/2735/2796 1842/2737/2798 1841/2764/2825
f 2881/2708/2769 2880/2763/2824 1841/2764/2825 1840/2709/2770
f 2882/2068/2154 2881/2708/2769 1840/2709/2770 1456/2065/2151
f 2883/2069/2155 2882/2068/2154 1456/2065/2151 1476/2066/2152
f 2884/2637/2698 2883/2069/2155 1476/2066/2152 1804/2636/2697
f 1804/2636/2697 1805/2688/2749 2885/2689/2750 2884/2637/2698
f 1805/2688/2749 1806/2662/2723 2886/2664/2725 2885/2689/2750
f 2887/2522/2583 2886/2664/2725 1806/2662/2723 1269/2524/2585
f 2888/2523/2584 2887/2522/2583 1269/2524/2585 1723/2527/2588
f 2889/2597/2658 2888/2523/2584 1723/2527/2588 1724/2598/2659
f 2890/2568/2629 2889/2597/2658 1724/2598/2659 1725/2569/2630
f 2891/2466/2527 2890/2568/2629 1725/2569/2630 1669/2468/2529
f 2892/2467/2528 2891/2466/2527 1669/2468/2529 1689/2471/2532
f 2893/2930/3035 2892/2467/2528 1689/2471/2532 2024/2932/3037
f 2894/2970/3075 2893/2930/3035 2024/2932/3037 2025/2973/3078
f 2895/2971/3076 2894/2970/3075 2025/2973/3078 2026/2972/3077
f 2896/3098/3203 2895/2971/3076 2026/2972/3077 2094/3100/3205
f 2897/3136/3241 2896/3098/3203 2094/3100/3205 2093/3138/3243
f 2898/3137/3242 2897/3136/3241 2093/3138/3243 2092/3140/3245
f 2899/3024/3129 2898/3137/3242 2092/3140/3245 2091/3026/3131
f 2900/3025/3130 2899/3024/3129 2091/3026/3131 2171/3029/3134
f 2901/3195/3300 2900/3025/3130 2171/3029/3134 2172/3198/3303
f 2902/3194/3299 2901/3195/3300 2172/3198/3303 2173/3196/3301
f 2903/3070/3175 2902/3194/3299 2173/3196/3301 2174/3071/3176
f 2904/2872/2960 2903/3070/3175 2174/3071/3176 1951/2876/2966
f 2905/2871/2961 2904/2872/2960 1951/2876/2966 1952/2874/2965
f 2906/2869/2957 2905/2871/2959 1952/2874/2963 1953/2870/2958
f 1950/2798/2875 1949/2864/2950 2906/2869/2957 2678/2801/2878
f 2908/3392/34 2907/48/33 13/29/35 33/3391/38
f 2909/56/102 2908/55/34 33/57/38 102/60/104
f 2910/150/185 2909/56/102 102/60/104 103/157/192
f 2911/149/184 2910/150/185 103/157/192 104/155/190
f 2912/147/182 2911/149/184 104/155/190 105/152/187
f 2913/148/183 2912/147/182 105/152/187 106/151/186
f 2914/1524/1587 2913/148/183 106/151/186 1093/1526/1589
f 2915/1596/1667 2914/1524/1587 1093/1526/1589 1092/1598/1670
f 2916/1597/1669 2915/1596/1667 1092/1598/1670 1091/1600/1674
f 2917/1484/1547 2916/1597/1668 1091/1600/1672 1090/1486/1549
f 2918/1485/1548 2917/1484/1547 1090/1486/1549 1170/1489/1552
f 2919/1655/1730 2918/1485/1548 1170/1489/1552 1171/1658/1733
f 2920/1654/1729 2919/1655/1730 1171/1658/1733 1172/1656/1731
f 2921/1552/1615 2920/1654/1729 1172/1656/1731 1173/1553/1616
f 2922/317/351 2921/1552/1615 1173/1553/1616 226/330/364
f 2923/316/350 2922/317/351 226/330/364 227/328/362
f 2924/315/349 2923/316/350 227/328/362 228/326/360
f 2925/314/348 2924/315/349 228/326/360 229/324/358
f 2926/313/347 2925/314/348 229/324/358 230/322/356
f 2927/311/345 2926/313/347 230/322/356 231/319/353
f 2928/312/346 2927/311/345 231/319/353 232/318/352
f 2929/404/467 2928/312/346 232/318/352 333/406/469
f 2930/1710/1785 2929/404/467 333/406/469 1240/1712/1787
f 2931/1748/1823 2930/1710/1785 1240/1712/1787 1239/1749/1824
f 2932/1711/1786 2931/1748/1823 1239/1749/1824 1238/1714/1789
f 2933/466/529 2932/1711/1786 1238/1714/1789 332/471/534
f 2934/464/527 2933/466/529 332/471/534 331/468/531
f 2935/465/528 2934/464/527 331/468/531 330/467/530
f 2936/516/579 2935/465/528 330/467/530 442/518/581
f 2937/599/662 2936/516/579 442/518/581 443/606/669
f 2938/598/661 2937/599/662 443/606/669 444/604/667
f 2939/596/659 2938/598/661 444/604/667 445/601/664
f 2940/597/660 2939/596/659 445/601/664 446/600/663
f 2941/1048/1111 2940/597/660 446/600/663 680/1050/1113
f 2942/1132/1195 2941/1048/1111 680/1050/1113 679/1133/1196
f 2943/896/959 2942/1132/1195 679/1133/1196 678/898/961
f 2944/897/960 2943/896/959 678/898/961 738/901/964
f 2945/1161/1224 2944/897/960 738/901/964 739/1162/1225
f 2946/1076/1139 2945/1161/1224 739/1162/1225 740/1077/1140
f 2947/711/774 2946/1076/1139 740/1077/1140 530/718/781
f 2948/710/773 2947/711/774 530/718/781 531/716/779
f 2949/708/771 2948/710/773 531/716/779 532/713/776
f 2950/709/772 2949/708/771 532/713/776 533/712/775
f 2951/1300/1363 2950/709/772 533/712/775 933/1302/1365
f 2952/1372/1435 2951/1300/1363 933/1302/1365 932/1374/1437
f 2953/1373/1436 2952/1372/1435 932/1374/1437 931/1376/1439
f 2954/1260/1323 2953/1373/1436 931/1376/1439 930/1262/1325
f 2955/1261/1324 2954/1260/1323 930/1262/1325 1010/1265/1328
f 2956/1431/1494 2955/1261/1324 1010/1265/1328 1011/1434/1497
f 2957/1430/1493 2956/1431/1494 1011/1434/1497 1012/1432/1495
f 2958/1328/1391 2957/1430/1493 1012/1432/1495 1013/1329/1392
f 2959/823/886 2958/1328/1391 1013/1329/1392 610/830/893
f 2960/822/885 2959/823/886 610/830/893 611/828/891
f 2961/820/883 2960/822/885 611/828/891 612/825/888
f 2962/821/884 2961/820/883 612/825/888 613/824/887
f 2963/1104/1167 2962/821/884 613/824/887 800/1106/1169
f 2964/1188/1251 2963/1104/1167 800/1106/1169 799/1189/1252
f 2965/952/1015 2964/1188/1251 799/1189/1252 798/954/1017
f 2966/953/1016 2965/952/1015 798/954/1017 858/957/1020
f 2967/1217/1280 2966/953/1016 858/957/1020 859/1218/1281
f 2968/1008/1071 2967/1217/1280 859/1218/1281 860/1010/1073
f 2969/1009/1072 2968/1008/1071 860/1010/1073 374/1013/1076
f 2970/1776/1868 2969/1009/1867 374/1013/1869 2248/1778/1872
f 2971/3241/3350 2970/1776/1868 2248/1778/1872 2267/3240/3349
f 2972/3268/3377 2971/3241/3350 2267/3240/3349 2287/3267/3376
f 2973/3296/3405 2972/3268/3377 2287/3267/3376 2307/3295/3404
f 2974/1841/1944 2973/3296/3405 2307/3295/3404 1318/1846/1949
f 2975/1839/1942 2974/1841/1944 1318/1846/1949 1319/1843/1946
f 2976/1840/1943 2975/1839/1942 1319/1843/1946 1320/1842/1945
f 2977/1905/1991 2976/1840/1943 1320/1842/1945 1406/1907/1993
f 2978/1981/2067 2977/1905/1991 1406/1907/1993 1405/1985/2071
f 2979/1982/2068 2978/1981/2067 1405/1985/2071 1404/1987/2073
f 2980/1983/2069 2979/1982/2068 1404/1987/2073 1403/1989/2075
f 2981/1984/2070 2980/1983/2069 1403/1989/2075 1402/1991/2077
f 2982/2245/2411 2981/1984/2070 1402/1991/2077 1634/2246/2412
f 2983/2367/2488 2982/2245/2411 1634/2246/2412 1635/2371/2491
f 2984/2366/2487 2983/2367/2488 1635/2371/2491 1636/2368/2489
f 2985/2273/2439 2984/2366/2487 1636/2368/2489 1637/2274/2440
f 2986/2165/2299 2985/2273/2439 1637/2274/2440 1546/2171/2308
f 2987/2166/2300 2986/2165/2299 1546/2171/2308 1545/2170/2307
f 2988/2167/2302 2987/2166/2301 1545/2170/2312 1544/2174/2311
f 2989/2168/2306 2988/2167/2305 1544/2174/2320 1543/2177/2319
f 2990/2169/2304 2989/2168/2303 1543/2177/2316 1542/2176/2315
f 2991/2741/2802 2990/2169/2304 1542/2176/2315 1857/2743/2804
f 2992/2769/2830 2991/2741/2802 1857/2743/2804 1856/2770/2831
f 2993/2714/2775 2992/2769/2830 1856/2770/2831 1855/2715/2776
f 2994/2056/2142 2993/2714/2775 1855/2715/2776 1451/2053/2139
f 2995/2057/2143 2994/2056/2142 1451/2053/2139 1471/2054/2140
f 2996/2631/2692 2995/2057/2143 1471/2054/2140 1789/2630/2691
f 1789/2630/2691 1790/2682/2743 2997/2683/2744 2996/2631/2692
f 1790/2682/2743 1791/2656/2717 2998/2658/2719 2997/2683/2744
f 2999/2534/2595 2998/2658/2719 1791/2656/2717 1274/2536/2597
f 3000/2535/2596 2999/2534/2595 1274/2536/2597 1738/2539/2600
f 3001/2603/2664 3000/2535/2596 1738/2539/2600 1739/2604/2665
f 3002/2574/2635 3001/2603/2664 1739/2604/2665 1740/2575/2636
f 3003/2478/2539 3002/2574/2635 1740/2575/2636 1674/2480/2541
f 3004/2479/2540 3003/2478/2539 1674/2480/2541 1694/2483/2544
f 3005/2936/3041 3004/2479/2540 1694/2483/2544 2039/2938/3043
f 3006/2982/3087 3005/2936/3041 2039/2938/3043 2040/2985/3090
f 3007/2983/3088 3006/2982/3087 2040/2985/3090 2041/2984/3089
f 3008/3104/3209 3007/2983/3088 2041/2984/3089 2114/3106/3211
f 3009/3148/3253 3008/3104/3209 2114/3106/3211 2113/3150/3255
f 3010/3149/3254 3009/3148/3253 2113/3150/3255 2112/3152/3257
f 3011/3036/3141 3010/3149/3254 2112/3152/3257 2111/3038/3143
f 3012/3037/3142 3011/3036/3141 2111/3038/3143 2191/3041/3146
f 3013/3207/3312 3012/3037/3142 2191/3041/3146 2192/3210/3315
f 3014/3206/3311 3013/3207/3312 2192/3210/3315 2193/3208/3313
f 3015/3076/3181 3014/3206/3311 2193/3208/3313 2194/3077/3182
f 3016/2890/2984 3015/3076/3181 2194/3077/3182 1971/2894/2990
f 3017/2889/2985 3016/2890/2984 1971/2894/2990 1972/2892/2989
f 3018/2887/2981 3017/2889/2983 1972/2892/2987 1973/2888/2982
f 1970/2810/2887 1969/2884/2977 3018/2887/2981 2679/2813/2890
f 3020/3394/40 3019/3404/39 15/35/41 35/3393/44
f 3021/62/105 3020/61/40 35/63/44 112/66/107
f 3022/162/197 3021/62/105 112/66/107 113/169/204
f 3023/161/196 3022/162/197 113/169/204 114/167/202
f 3024/159/194 3023/161/196 114/167/202 115/164/199
f 3025/160/195 3024/159/194 115/164/199 116/163/198
f 3026/1527/1590 3025/160/195 116/163/198 1101/1529/1592
f 3027/1602/1675 3026/1527/1590 1101/1529/1592 1100/1604/1677
f 3028/1603/1676 3027/1602/1675 1100/1604/1677 1099/1606/1679
f 3029/1490/1553 3028/1603/1676 1099/1606/1679 1098/1492/1555
f 3030/1491/1554 3029/1490/1553 1098/1492/1555 1178/1495/1558
f 3031/1661/1736 3030/1491/1554 1178/1495/1558 1179/1664/1739
f 3032/1660/1735 3031/1661/1736 1179/1664/1739 1180/1662/1737
f 3033/1555/1618 3032/1660/1735 1180/1662/1737 1181/1556/1619
f 3034/338/372 3033/1555/1618 1181/1556/1619 240/351/385
f 3035/337/371 3034/338/372 240/351/385 241/349/383
f 3036/336/370 3035/337/371 241/349/383 242/347/381
f 3037/335/369 3036/336/370 242/347/381 243/345/379
f 3038/334/368 3037/335/369 243/345/379 244/343/377
f 3039/332/366 3038/334/368 244/343/377 245/340/374
f 3040/333/367 3039/332/366 245/340/374 246/339/373
f 3041/407/470 3040/333/367 246/339/373 341/409/472
f 3042/1716/1791 3041/407/470 341/409/472 1246/1718/1793
f 3043/1751/1826 3042/1716/1791 1246/1718/1793 1245/1752/1827
f 3044/1717/1792 3043/1751/1826 1245/1752/1827 1244/1720/1795
f 3045/475/538 3044/1717/1792 1244/1720/1795 340/480/543
f 3046/473/536 3045/475/538 340/480/543 339/477/540
f 3047/474/537 3046/473/536 339/477/540 338/476/539
f 3048/519/582 3047/474/537 338/476/539 452/521/584
f 3049/611/674 3048/519/582 452/521/584 453/618/681
f 3050/610/673 3049/611/674 453/618/681 454/616/679
f 3051/608/671 3050/610/673 454/616/679 455/613/676
f 3052/609/672 3051/608/671 455/613/676 456/612/675
f 3053/1051/1114 3052/609/672 456/612/675 686/1053/1116
f 3054/1135/1198 3053/1051/1114 686/1053/1116 685/1136/1199
f 3055/902/965 3054/1135/1198 685/1136/1199 684/904/967
f 3056/903/966 3055/902/965 684/904/967 744/907/970
f 3057/1164/1227 3056/903/966 744/907/970 745/1165/1228
f 3058/1079/1142 3057/1164/1227 745/1165/1228 746/1080/1143
f 3059/723/786 3058/1079/1142 746/1080/1143 538/730/793
f 3060/722/785 3059/723/786 538/730/793 539/728/791
f 3061/720/783 3060/722/785 539/728/791 540/725/788
f 3062/721/784 3061/720/783 540/725/788 541/724/787
f 3063/1303/1366 3062/721/784 541/724/787 941/1305/1368
f 3064/1378/1441 3063/1303/1366 941/1305/1368 940/1380/1443
f 3065/1379/1442 3064/1378/1441 940/1380/1443 939/1382/1445
f 3066/1266/1329 3065/1379/1442 939/1382/1445 938/1268/1331
f 3067/1267/1330 3066/1266/1329 938/1268/1331 1018/1271/1334
f 3068/1437/1500 3067/1267/1330 1018/1271/1334 1019/1440/1503
f 3069/1436/1499 3068/1437/1500 1019/1440/1503 1020/1438/1501
f 3070/1331/1394 3069/1436/1499 1020/1438/1501 1021/1332/1395
f 3071/835/898 3070/1331/1394 1021/1332/1395 618/842/905
f 3072/834/897 3071/835/898 618/842/905 619/840/903
f 3073/832/895 3072/834/897 619/840/903 620/837/900
f 3074/833/896 3073/832/895 620/837/900 621/836/899
f 3075/1107/1170 3074/833/896 621/836/899 806/1109/1172
f 3076/1191/1254 3075/1107/1170 806/1109/1172 805/1192/1255
f 3077/958/1021 3076/1191/1254 805/1192/1255 804/960/1023
f 3078/959/1022 3077/958/1021 804/960/1023 864/963/1026
f 3079/1220/1283 3078/959/1022 864/963/1026 865/1221/1284
f 3080/1014/1077 3079/1220/1283 865/1221/1284 866/1016/1079
f 3081/1015/1078 3080/1014/1077 866/1016/1079 376/1019/1082
f 3082/1779/1874 3081/1015/1873 376/1019/1875 2246/1781/1878
f 3083/3238/3347 3082/1779/1874 2246/1781/1878 2265/3237/3346
f 3084/3265/3374 3083/3238/3347 2265/3237/3346 2285/3264/3373
f 3085/3293/3402 3084/3265/3374 2285/3264/3373 2305/3292/3401
f 3086/1850/1953 3085/3293/3402 2305/3292/3401 1324/1871/1958
f 3087/1848/1951 3086/1850/1953 1324/1871/1958 1325/1852/1955
f 3088/1849/1952 3087/1848/1951 1325/1852/1955 1326/1851/1954
f 3089/1908/1994 3088/1849/1952 1326/1851/1954 1416/1910/1996
f 3090/1993/2079 3089/1908/1994 1416/1910/1996 1415/1997/2083
f 3091/1994/2080 3090/1993/2079 1415/1997/2083 1414/1999/2085
f 3092/1995/2081 3091/1994/2080 1414/1999/2085 1413/2001/2087
f 3093/1996/2082 3092/1995/2081 1413/2001/2087 1412/2003/2089
f 3094/2248/2414 3093/1996/2082 1412/2003/2089 1642/2249/2415
f 3095/2377/2494 3094/2248/2414 1642/2249/2415 1643/2381/2497
f 3096/2376/2493 3095/2377/2494 1643/2381/2497 1644/2378/2495
f 3097/2276/2442 3096/2376/2493 1644/2378/2495 1645/2277/2443
f 3098/2180/2323 3097/2276/2442 1645/2277/2443 1556/2186/2332
f 3099/2181/2324 3098/2180/2323 1556/2186/2332 1555/2185/2331
f 3100/2182/2326 3099/2181/2325 1555/2185/2336 1554/2189/2335
f 3101/2183/2330 3100/2182/2329 1554/2189/2344 1553/2192/2343
f 3102/2184/2328 3101/2183/2327 1553/2192/2340 1552/2191/2339
f 3103/2744/2805 3102/2184/2328 1552/2191/2339 1863/2746/2807
f 3104/2772/2833 3103/2744/2805 1863/2746/2807 1862/2773/2834
f 3105/2717/2778 3104/2772/2833 1862/2773/2834 1861/2718/2779
f 3106/2050/2136 3105/2717/2778 1861/2718/2779 1449/2045/2131
f 3107/2051/2137 3106/2050/2136 1449/2045/2131 1469/2048/2134
f 3108/2628/2689 3107/2051/2137 1469/2048/2134 1783/2627/2688
f 1783/2627/2688 1784/2679/2740 3109/2680/2741 3108/2628/2689
f 1784/2679/2740 1785/2652/2713 3110/2655/2716 3109/2680/2741
f 3111/2540/2601 3110/2655/2716 1785/2652/2713 1276/2542/2603
f 3112/2541/2602 3111/2540/2601 1276/2542/2603 1744/2545/2606
f 3113/2606/2667 3112/2541/2602 1744/2545/2606 1745/2607/2668
f 3114/2577/2638 3113/2606/2667 1745/2607/2668 1746/2578/2639
f 3115/2484/2545 3114/2577/2638 1746/2578/2639 1676/2486/2547
f 3116/2485/2546 3115/2484/2545 1676/2486/2547 1696/2489/2550
f 3117/2939/3044 3116/2485/2546 1696/2489/2550 2045/2941/3046
f 3118/2988/3093 3117/2939/3044 2045/2941/3046 2046/2991/3096
f 3119/2989/3094 3118/2988/3093 2046/2991/3096 2047/2990/3095
f 3120/3107/3212 3119/2989/3094 2047/2990/3095 2122/3109/3214
f 3121/3154/3259 3120/3107/3212 2122/3109/3214 2121/3156/3261
f 3122/3155/3260 3121/3154/3259 2121/3156/3261 2120/3158/3263
f 3123/3042/3147 3122/3155/3260 2120/3158/3263 2119/3044/3149
f 3124/3043/3148 3123/3042/3147 2119/3044/3149 2199/3047/3152
f 3125/3213/3318 3124/3043/3148 2199/3047/3152 2200/3216/3321
f 3126/3212/3317 3125/3213/3318 2200/3216/3321 2201/3214/3319
f 3127/3079/3184 3126/3212/3317 2201/3214/3319 2202/3080/3185
f 3128/2899/2996 3127/3079/3184 2202/3080/3185 1979/2904/3003
f 3129/2898/2997 3128/2899/2996 1979/2904/3003 1980/2902/3002
f 3130/2896/2993 3129/2898/2995 1980/2902/3000 1981/2897/2994
f 1978/2816/2893 1977/2891/2986 3130/2896/2993 2680/2819/2896
f 3132/3396/43 3131/3403/42 16/39/45 36/3395/48
f 3133/65/106 3132/64/43 36/67/48 117/70/109
f 3134/170/205 3133/65/106 117/70/109 118/177/212
f 3135/168/203 3134/170/205 118/177/212 119/175/210
f 3136/165/200 3135/168/203 119/175/210 120/172/207
f 3137/166/201 3136/165/200 120/172/207 121/171/206
f 3138/1528/1591 3137/166/201 121/171/206 1105/1531/1594
f 3139/1605/1678 3138/1528/1591 1105/1531/1594 1104/1608/1681
f 3140/1607/1680 3139/1605/1678 1104/1608/1681 1103/1610/1683
f 3141/1493/1556 3140/1607/1680 1103/1610/1683 1102/1496/1559
f 3142/1494/1557 3141/1493/1556 1102/1496/1559 1182/1499/1562
f 3143/1665/1740 3142/1494/1557 1182/1499/1562 1183/1668/1743
f 3144/1663/1738 3143/1665/1740 1183/1668/1743 1184/1666/1741
f 3145/1557/1620 3144/1663/1738 1184/1666/1741 1185/1558/1621
f 3146/352/386 3145/1557/1620 1185/1558/1621 247/365/399
f 3147/350/384 3146/352/386 247/365/399 248/363/397
f 3148/348/382 3147/350/384 248/363/397 249/361/395
f 3149/346/380 3148/348/382 249/361/395 250/359/393
f 3150/344/378 3149/346/380 250/359/393 251/357/391
f 3151/341/375 3150/344/378 251/357/391 252/354/388
f 3152/342/376 3151/341/375 252/354/388 253/353/387
f 3153/408/471 3152/342/376 253/353/387 345/411/474
f 3154/1719/1794 3153/408/471 345/411/474 1249/1722/1797
f 3155/1753/1828 3154/1719/1794 1249/1722/1797 1248/1754/1829
f 3156/1721/1796 3155/1753/1828 1248/1754/1829 1247/1724/1799
f 3157/481/544 3156/1721/1796 1247/1724/1799 344/486/549
f 3158/478/541 3157/481/544 344/486/549 343/483/546
f 3159/479/542 3158/478/541 343/483/546 342/482/545
f 3160/520/583 3159/479/542 342/482/545 457/523/586
f 3161/619/682 3160/520/583 457/523/586 458/626/689
f 3162/617/680 3161/619/682 458/626/689 459/624/687
f 3163/614/677 3162/617/680 459/624/687 460/621/684
f 3164/615/678 3163/614/677 460/621/684 461/620/683
f 3165/1052/1115 3164/615/678 461/620/683 689/1055/1118
f 3166/1137/1200 3165/1052/1115 689/1055/1118 688/1138/1201
f 3167/905/968 3166/1137/1200 688/1138/1201 687/908/971
f 3168/906/969 3167/905/968 687/908/971 747/911/974
f 3169/1166/1229 3168/906/969 747/911/974 748/1167/1230
f 3170/1081/1144 3169/1166/1229 748/1167/1230 749/1082/1145
f 3171/731/794 3170/1081/1144 749/1082/1145 542/738/801
f 3172/729/792 3171/731/794 542/738/801 543/736/799
f 3173/726/789 3172/729/792 543/736/799 544/733/796
f 3174/727/790 3173/726/789 544/733/796 545/732/795
f 3175/1304/1367 3174/727/790 545/732/795 945/1307/1370
f 3176/1381/1444 3175/1304/1367 945/1307/1370 944/1384/1447
f 3177/1383/1446 3176/1381/1444 944/1384/1447 943/1386/1449
f 3178/1269/1332 3177/1383/1446 943/1386/1449 942/1272/1335
f 3179/1270/1333 3178/1269/1332 942/1272/1335 1022/1275/1338
f 3180/1441/1504 3179/1270/1333 1022/1275/1338 1023/1444/1507
f 3181/1439/1502 3180/1441/1504 1023/1444/1507 1024/1442/1505
f 3182/1333/1396 3181/1439/1502 1024/1442/1505 1025/1334/1397
f 3183/843/906 3182/1333/1396 1025/1334/1397 622/850/913
f 3184/841/904 3183/843/906 622/850/913 623/848/911
f 3185/838/901 3184/841/904 623/848/911 624/845/908
f 3186/839/902 3185/838/901 624/845/908 625/844/907
f 3187/1108/1171 3186/839/902 625/844/907 809/1111/1174
f 3188/1193/1256 3187/1108/1171 809/1111/1174 808/1194/1257
f 3189/961/1024 3188/1193/1256 808/1194/1257 807/964/1027
f 3190/962/1025 3189/961/1024 807/964/1027 867/967/1030
f 3191/1222/1285 3190/962/1025 867/967/1030 868/1223/1286
f 3192/1017/1080 3191/1222/1285 868/1223/1286 869/1020/1083
f 3193/1018/1081 3192/1017/1080 869/1020/1083 377/1023/1086
f 3194/1780/1877 3193/1018/1876 377/1023/1879 2245/1783/1882
f 3195/3236/3345 3194/1780/1877 2245/1783/1882 2264/3235/3344
f 3196/3263/3372 3195/3236/3345 2264/3235/3344 2284/3262/3371
f 3197/3291/3400 3196/3263/3372 2284/3262/3371 2304/3290/3399
f 3198/1873/1959 3197/3291/3400 2304/3290/3399 1327/1878/1964
f 3199/1853/1956 3198/1873/1959 1327/1878/1964 1328/1875/1961
f 3200/1861/1957 3199/1853/1956 1328/1875/1961 1329/1874/1960
f 3201/1909/1995 3200/1861/1957 1329/1874/1960 1421/1912/1998
f 3202/1998/2084 3201/1909/1995 1421/1912/1998 1420/2005/2091
f 3203/2000/2086 3202/1998/2084 1420/2005/2091 1419/2007/2093
f 3204/2002/2088 3203/2000/2086 1419/2007/2093 1418/2009/2095
f 3205/2004/2090 3204/2002/2088 1418/2009/2095 1417/2011/2097
f 3206/2250/2416 3205/2004/2090 1417/2011/2097 1646/2251/2417
f 3207/2382/2498 3206/2250/2416 1646/2251/2417 1647/2388/2501
f 3208/2379/2496 3207/2382/2498 1647/2388/2501 1648/2384/2499
f 3209/2278/2444 3208/2379/2496 1648/2384/2499 1649/2279/2445
f 3210/2187/2333 3209/2278/2444 1649/2279/2445 1561/2196/2348
f 3211/2188/2334 3210/2187/2333 1561/2196/2348 1560/2195/2347
f 3212/2190/2338 3211/2188/2337 1560/2195/2352 1559/2199/2351
f 3213/2193/2346 3212/2190/2345 1559/2199/2360 1558/2202/2359
f 3214/2194/2342 3213/2193/2341 1558/2202/2356 1557/2201/2355
f 3215/2745/2806 3214/2194/2342 1557/2201/2355 1866/2748/2809
f 3216/2774/2835 3215/2745/2806 1866/2748/2809 1865/2775/2836
f 3217/2719/2780 3216/2774/2835 1865/2775/2836 1864/2720/2781
f 3218/2046/2132 3217/2719/2780 1864/2720/2781 1448/2043/2129
f 3219/2047/2133 3218/2046/2132 1448/2043/2129 1468/2044/2130
f 3220/2626/2687 3219/2047/2133 1468/2044/2130 1780/2625/2686
f 1780/2625/2686 1781/2677/2738 3221/2678/2739 3220/2626/2687
f 1781/2677/2738 1782/2651/2712 3222/2653/2714 3221/2678/2739
f 3223/2543/2604 3222/2653/2714 1782/2651/2712 1277/2546/2607
f 3224/2544/2605 3223/2543/2604 1277/2546/2607 1747/2549/2610
f 3225/2608/2669 3224/2544/2605 1747/2549/2610 1748/2609/2670
f 3226/2579/2640 3225/2608/2669 1748/2609/2670 1749/2580/2641
f 3227/2487/2548 3226/2579/2640 1749/2580/2641 1677/2490/2551
f 3228/2488/2549 3227/2487/2548 1677/2490/2551 1697/2493/2554
f 3229/2940/3045 3228/2488/2549 1697/2493/2554 2048/2943/3048
f 3230/2992/3097 3229/2940/3045 2048/2943/3048 2049/2995/3100
f 3231/2993/3098 3230/2992/3097 2049/2995/3100 2050/2994/3099
f 3232/3108/3213 3231/2993/3098 2050/2994/3099 2126/3111/3216
f 3233/3157/3262 3232/3108/3213 2126/3111/3216 2125/3160/3265
f 3234/3159/3264 3233/3157/3262 2125/3160/3265 2124/3162/3267
f 3235/3045/3150 3234/3159/3264 2124/3162/3267 2123/3048/3153
f 3236/3046/3151 3235/3045/3150 2123/3048/3153 2203/3051/3156
f 3237/3217/3322 3236/3046/3151 2203/3051/3156 2204/3220/3325
f 3238/3215/3320 3237/3217/3322 2204/3220/3325 2205/3218/3323
f 3239/3081/3186 3238/3215/3320 2205/3218/3323 2206/3082/3187
f 3240/2905/3004 3239/3081/3186 2206/3082/3187 1983/2909/3010
f 3241/2903/3005 3240/2905/3004 1983/2909/3010 1984/2907/3009
f 3242/2900/2998 3241/2903/3001 1984/2907/3007 1985/2901/2999
f 1982/2820/2897 1981/2897/2994 3242/2900/2998 2681/2823/2900
f 3244/3398/50 3243/3405/49 18/45/51 38/3397/54
f 3245/72/110 3244/71/50 38/73/54 127/76/112
f 3246/182/217 3245/72/110 127/76/112 128/189/224
f 3247/181/216 3246/182/217 128/189/224 129/187/222
f 3248/179/214 3247/181/216 129/187/222 130/184/219
f 3249/180/215 3248/179/214 130/184/219 131/183/218
f 3250/1532/1595 3249/180/215 131/183/218 1113/1534/1597
f 3251/1612/1685 3250/1532/1595 1113/1534/1597 1112/1614/1688
f 3252/1613/1687 3251/1612/1685 1112/1614/1688 1111/1616/1692
f 3253/1500/1563 3252/1613/1686 1111/1616/1690 1110/1502/1565
f 3254/1501/1564 3253/1500/1563 1110/1502/1565 1190/1505/1568
f 3255/1671/1746 3254/1501/1564 1190/1505/1568 1191/1674/1749
f 3256/1670/1745 3255/1671/1746 1191/1674/1749 1192/1672/1747
f 3257/1560/1623 3256/1670/1745 1192/1672/1747 1193/1561/1624
f 3258/373/407 3257/1560/1623 1193/1561/1624 261/386/420
f 3259/372/406 3258/373/407 261/386/420 262/384/418
f 3260/371/405 3259/372/406 262/384/418 263/382/416
f 3261/370/404 3260/371/405 263/382/416 264/380/414
f 3262/369/403 3261/370/404 264/380/414 265/378/412
f 3263/367/401 3262/369/403 265/378/412 266/375/409
f 3264/368/402 3263/367/401 266/375/409 267/374/408
f 3265/412/475 3264/368/402 267/374/408 353/414/477
f 3266/1726/1801 3265/412/475 353/414/477 1255/1728/1803
f 3267/1756/1831 3266/1726/1801 1255/1728/1803 1254/1757/1832
f 3268/1727/1802 3267/1756/1831 1254/1757/1832 1253/1730/1805
f 3269/490/553 3268/1727/1802 1253/1730/1805 352/495/558
f 3270/488/551 3269/490/553 352/495/558 351/492/555
f 3271/489/552 3270/488/551 351/492/555 350/491/554
f 3272/524/587 3271/489/552 350/491/554 467/526/589
f 3273/631/694 3272/524/587 467/526/589 468/638/701
f 3274/630/693 3273/631/694 468/638/701 469/636/699
f 3275/628/691 3274/630/693 469/636/699 470/633/696
f 3276/629/692 3275/628/691 470/633/696 471/632/695
f 3277/1056/1119 3276/629/692 471/632/695 695/1058/1121
f 3278/1140/1203 3277/1056/1119 695/1058/1121 694/1141/1204
f 3279/912/975 3278/1140/1203 694/1141/1204 693/914/977
f 3280/913/976 3279/912/975 693/914/977 753/917/980
f 3281/1169/1232 3280/913/976 753/917/980 754/1170/1233
f 3282/1084/1147 3281/1169/1232 754/1170/1233 755/1085/1148
f 3283/743/806 3282/1084/1147 755/1085/1148 550/750/813
f 3284/742/805 3283/743/806 550/750/813 551/748/811
f 3285/740/803 3284/742/805 551/748/811 552/745/808
f 3286/741/804 3285/740/803 552/745/808 553/744/807
f 3287/1308/1371 3286/741/804 553/744/807 953/1310/1373
f 3288/1388/1451 3287/1308/1371 953/1310/1373 952/1390/1453
f 3289/1389/1452 3288/1388/1451 952/1390/1453 951/1392/1455
f 3290/1276/1339 3289/1389/1452 951/1392/1455 950/1278/1341
f 3291/1277/1340 3290/1276/1339 950/1278/1341 1030/1281/1344
f 3292/1447/1510 3291/1277/1340 1030/1281/1344 1031/1450/1513
f 3293/1446/1509 3292/1447/1510 1031/1450/1513 1032/1448/1511
f 3294/1336/1399 3293/1446/1509 1032/1448/1511 1033/1337/1400
f 3295/855/918 3294/1336/1399 1033/1337/1400 630/862/925
f 3296/854/917 3295/855/918 630/862/925 631/860/923
f 3297/852/915 3296/854/917 631/860/923 632/857/920
f 3298/853/916 3297/852/915 632/857/920 633/856/919
f 3299/1112/1175 3298/853/916 633/856/919 815/1114/1177
f 3300/1196/1259 3299/1112/1175 815/1114/1177 814/1197/1260
f 3301/968/1031 3300/1196/1259 814/1197/1260 813/970/1033
f 3302/969/1032 3301/968/1031 813/970/1033 873/973/1036
f 3303/1225/1288 3302/969/1032 873/973/1036 874/1226/1289
f 3304/1024/1087 3303/1225/1288 874/1226/1289 875/1026/1089
f 3305/1025/1088 3304/1024/1087 875/1026/1089 379/1029/1092
f 3306/1784/1884 3305/1025/1883 379/1029/1885 2243/1786/1888
f 3307/3233/3342 3306/1784/1884 2243/1786/1888 2262/3232/3341
f 3308/3260/3369 3307/3233/3342 2262/3232/3341 2282/3259/3368
f 3309/3288/3397 3308/3260/3369 2282/3259/3368 2302/3287/3396
f 3310/1882/1968 3309/3288/3397 2302/3287/3396 1333/1887/1973
f 3311/1880/1966 3310/1882/1968 1333/1887/1973 1334/1884/1970
f 3312/1881/1967 3311/1880/1966 1334/1884/1970 1335/1883/1969
f 3313/1913/1999 3312/1881/1967 1335/1883/1969 1431/1915/2001
f 3314/2013/2099 3313/1913/1999 1431/1915/2001 1430/2017/2103
f 3315/2014/2100 3314/2013/2099 1430/2017/2103 1429/2019/2105
f 3316/2015/2101 3315/2014/2100 1429/2019/2105 1428/2021/2107
f 3317/2016/2102 3316/2015/2101 1428/2021/2107 1427/2023/2109
f 3318/2253/2419 3317/2016/2102 1427/2023/2109 1654/2254/2420
f 3319/2443/2504 3318/2253/2419 1654/2254/2420 1655/2445/2506
f 3320/2442/2503 3319/2443/2504 1655/2445/2506 1656/2444/2505
f 3321/2281/2447 3320/2442/2503 1656/2444/2505 1657/2282/2448
f 3322/2205/2363 3321/2281/2447 1657/2282/2448 1571/2211/2372
f 3323/2206/2364 3322/2205/2363 1571/2211/2372 1570/2210/2371
f 3324/2207/2366 3323/2206/2365 1570/2210/2376 1569/2216/2375
f 3325/2208/2370 3324/2207/2369 1569/2216/2384 1568/2219/2383
f 3326/2209/2368 3325/2208/2367 1568/2219/2380 1567/2218/2379
f 3327/2749/2810 3326/2209/2368 1567/2218/2379 1872/2751/2812
f 3328/2777/2838 3327/2749/2810 1872/2751/2812 1871/2778/2839
f 3329/2722/2783 3328/2777/2838 1871/2778/2839 1870/2723/2784
f 3330/2040/2126 3329/2722/2783 1870/2723/2784 1446/2037/2123
f 3331/2041/2127 3330/2040/2126 1446/2037/2123 1466/2038/2124
f 3332/2623/2684 3331/2041/2127 1466/2038/2124 1774/2622/2683
f 1774/2622/2683 1775/2674/2735 3333/2675/2736 3332/2623/2684
f 1775/2674/2735 1776/2648/2709 3334/2650/2711 3333/2675/2736
f 3335/2550/2611 3334/2650/2711 1776/2648/2709 1279/2552/2613
f 3336/2551/2612 3335/2550/2611 1279/2552/2613 1753/2555/2616
f 3337/2611/2672 3336/2551/2612 1753/2555/2616 1754/2612/2673
f 3338/2582/2643 3337/2611/2672 1754/2612/2673 1755/2583/2644
f 3339/2494/2555 3338/2582/2643 1755/2583/2644 1679/2496/2557
f 3340/2495/2556 3339/2494/2555 1679/2496/2557 1699/2499/2560
f 3341/2944/3049 3340/2495/2556 1699/2499/2560 2054/2946/3051
f 3342/2998/3103 3341/2944/3049 2054/2946/3051 2055/3001/3106
f 3343/2999/3104 3342/2998/3103 2055/3001/3106 2056/3000/3105
f 3344/3112/3217 3343/2999/3104 2056/3000/3105 2134/3114/3219
f 3345/3164/3269 3344/3112/3217 2134/3114/3219 2133/3166/3271
f 3346/3165/3270 3345/3164/3269 2133/3166/3271 2132/3168/3273
f 3347/3052/3157 3346/3165/3270 2132/3168/3273 2131/3054/3159
f 3348/3053/3158 3347/3052/3157 2131/3054/3159 2211/3057/3162
f 3349/3223/3328 3348/3053/3158 2211/3057/3162 2212/3226/3331
f 3350/3222/3327 3349/3223/3328 2212/3226/3331 2213/3224/3329
f 3351/3084/3189 3350/3222/3327 2213/3224/3329 2214/3085/3190
f 3352/2914/3016 3351/3084/3189 2214/3085/3190 1991/2918/3022
f 3353/2913/3017 3352/2914/3016 1991/2918/3022 1992/2916/3021
f 3354/2911/3013 3353/2913/3015 1992/2916/3019 1993/2912/3014
f 1990/2826/2903 1989/2906/3006 3354/2911/3013 2682/2829/2906
f 41/5/59 3243/3405/83 17/3402/81
f 41/5/59 3131/3403/80 15/35/77
f 41/5/59 3019/3404/78 14/50/76
f 41/5/59 2907/48/75 12/43/73
f 41/5/59 2795/30/69 7/26/67
f 41/5/59 2683/24/66 5/11/63
f 41/5/59 2565/3401/64 4/16/62